101,AAMUYÖ,M,MEL52X,
10CC,DREADLOCK HOLIDAY,C,ZOOM,25.04.2022
10CC,GOOD MORNING JUDGE,K,XP2,
10CC,I'M NOT IN LOVE,C,KARAFUN,26.05.2021
2 MAANANTAI,MIXET TAHDO OLLA MUN KAA,M,SAT03,
2 UNLIMITED,NO LIMIT,C,KARAFUN,25.04.2022
22 PISTEPIRKKO,BIRDY,C,KUNINGAS,05.11.2025
2QUICK START,NEIU MUSTAS KLEIDIS (EST),M_U,EST2,
2QUICK START,OLEN LOOBUDA SUST SOOVINUD (EST),M_U,EST2,
2QUICK START,ÛHEGA MILJONEIST (EST),M_U,EST1,
3 DOORS DOWN,HERE WITHOUT YOU,C,ZOOM,01.06.2024
3 DOORS DOWN,KRYPTONITE,C,SINGKING,12.04.2023
30 SECONDS TO MARS,THE KILL,C,CCKARAOKE,05.10.2020
38 SPECIAL,CAUGHT UP IN YOU,C,CCKARAOKE,18.04.2023
38 SPECIAL,HOLD ON LOOSELY,C,CCKARAOKE,18.04.2023
38 SPECIAL,ROCKIN' INTO THE NIGHT,C,MRENTERTAINER,08.08.2023
38 SPECIAL,SECOND CHANCE,C,CLOUD,08.08.2023
4 NON BLONDES,WHAT'S UP,K,XP4,
4 NON BLONDES,WHAT'S UP,C,SINGKING,18.08.2024
51 KOODIA,MUSTAT SYDÄMET,M,MEL52X,
51 KOODIA,PUU,M,MEL40,
A AALLON RYTMIORKESTERI,EXODUS,C,FIAT,25.05.2026
A AALLON RYTMIORKESTERI,KOP KOP,M,MG19,20.03.2026
A AALLON RYTMIORKESTERI,MAJAKKA JA MERI,C_O,POY,27.08.2024
A AALLON RYTMIORKESTERI,NAHKAROTSI,M,M60'S,
A AALLON RYTMIORKESTERI,OI VENUS,MF,FIN41B1,
A AALLON RYTMIORKESTERI,SAATTUE MUURMANSKIIN,C_O,POY,10.05.2024
A AALLON RYTMIORKESTERI,SAN BERNADINO (SUN BERNADINO),M,MEL03,
A AALLON RYTMIORKESTERI,TÄHDET MEREN YLLÄ,M,MDV66,
A AALLON RYTMIORKESTERI,TÄHDET MEREN YLLÄ,C,MELPLAY,21.10.2022
A AIMO JA DALLAPE ORKESTERI,ARPISET HAAVAT,MF,FIN29B9,
A AIMO JA DALLAPE ORKESTERI,TAMMERKOSKI,C,FINNKARAOKE,02.07.2024
A-TYYPPI,IHANAA LEIJONAT IHANAA,K,POW13SR3,
AAMUPOJAT,ILLAN VIIMEINEN HIDAS,M,SAT07,
AARNE TENKANEN,EDESTÄ JA TAKAA,M,MEL54,
AARNE TENKANEN,EDESTÄ JA TAKAA,C,FINNISH (POY),28.04.2022
AARNE TENKANEN,HEMAISEVAN SEKSIKÄS PÖRRÖPÄÄ,K,POW01,
AARNE TENKANEN,HEMAISEVAN SEKSIKÄS PÖRRÖPÄÄ,M,MDV58,
AARNE TENKANEN,NÄILLÄ KORTEILLA MENNÄÄN,C,3700,15.11.2025
AARNE TENKANEN,SAAPPAAT JALASSA LÄHDETÄÄN,C,3700,15.11.2025
AARNO RANINEN,ON HETKI,MF,FIN28A3,
AARNO RANINEN,ON HETKI,C,MAURIK,10.09.2022
AARNO RANINEN,ON HETKI,C_O,POY,03.11.2025
AARON,TAKAISIN MUURLAAN,C_O,POY,25.07.2026
ABBA,BANG A BOOMERANG,K,XP3,
ABBA,DANCING QUEEN,K,XP1,
ABBA,DANCING QUEEN,C,CHANNEL,11.12.2020
ABBA,FERNANDO,K,XP3,
ABBA,GIMME GIMME GIMME,C,THUNDERSHARE,13.11.2022
ABBA,HONEY HONEY,C,ZZANG,17.03.2024
ABBA,I DO I DO I DO I DO,K,XP3,
ABBA,KNOWING ME KNOWING YOU,K,XP2,
ABBA,KNOWING ME KNOWING YOU,C,ZOOM,30.09.2014
ABBA,MAMMA MIA,K,XP3,
ABBA,MAMMA MIA,C,HD,29.04.2018
ABBA,SOS,C,ZZANG,08.01.2023
ABBA,SUMMER NIGHT CITY,C,EK,19.04.2025
ABBA,SUPER TROUPER,K,XP4,
ABBA,TAKE A CHANCE ON ME,K,XP3,
ABBA,THANK YOU FOR THE MUSIC,C,SINGKING,14.12.2025
ABBA,THE NAME OF THE GAME,K,XP4,
ABBA,WATERLOO,K,XP1,
ABBA,WINNER TAKES IT ALL,K,XP2,
ABREU,TEIPILLÄ TAI RAKKAUDELLA,C,KUNINGAS,11.05.2026
ACDC,BACK IN BLACK,K,XP2,
ACDC,BACK IN BLACK,C,COLLECTION,01.08.2024
ACDC,DIRTY DEEDS DONE CHEAP,C,ZOOM,03.08.2024
ACDC,FOR THOSE ABOUT TO ROCK WE SALUTE YOU,K,XP2,
ACDC,FOR THOSE ABOUT TO ROCK WE SALUTE YOU,C,SOUNDCHOICE,04.08.2024
ACDC,GIRLS GOT RHYTHM,C,VERSION,12.12.2016
ACDC,HARD AS A ROCK,M,HR1,
ACDC,HAVE A DRINK ON ME,C,KING,05.08.2024
ACDC,HELLS BELLS,C,ROCKS,13.03.2022
ACDC,HIGHWAY TO HELL,M,HR1,
ACDC,HIGHWAY TO HELL,K,XP2,
ACDC,HIGHWAY TO HELL,C,HD,02.07.2024
ACDC,HIGHWAY TO HELL,M,ROCK,
ACDC,IT'S A LONG WAY TO THE TOP (IF YOU WANNA ROCK 'N' ROLL),C,ZOOM,06.08.2024
ACDC,LET THERE BE ROCK,C,ESPADA,30.08.2025
ACDC,MONEY TALKS,C,VOCALSTAR,09.08.2024
ACDC,PROBLEM CHILD (LIVE),C,BIG JOHN,13.08.2024
ACDC,RIDE ON,C,KING,13.08.2024
ACDC,ROCK AND ROLL AIN'T NOISE POLLUTION,C,ZOOM,13.08.2024
ACDC,SHOOT TO THRILL,C,ZOOM,14.08.2024
ACDC,SIN CITY,C,MARIOKAR,14.08.2024
ACDC,SINK THE PINK,C,MARIOKAR,14.08.2024
ACDC,STIFF UPPER LIP,C,GOODSONGS,15.08.2024
ACDC,THUNDERSTRUCK,C,VOCALSTAR,16.08.2024
ACDC,TNT,C,ZOOM,16.08.2024
ACDC,TOUCH TOO MUCH,C,VERSION,30.03.2018
ACDC,WHO MADE WHO,C,ZOOM,18.08.2024
ACDC,WHOLE LOTTA ROSIE,K,XP4,
ACDC,WHOLE LOTTA ROSIE,C,VOCALSTAR,18.08.2024
ACDC,YOU SHOOK ME ALL NIGHT LONG,C,STARLIGHT,18.08.2024
ACE,HOW LONG,K,XP3,
ACE,HOW LONG,C,ZOOM,25.04.2022
ACE FREHLEY,NEW YORK GROOVE,C,GREENPEAR,10.08.2024
ACE OF BASE,ALL THAT SHE WANTS,K,XP1,
ACE OF BASE,ALL THAT SHE WANTS,M,MP&R2,
ADAM & THE ANTS,KINGS OF THE WILD FRONTIER,K,XP2,
ADELE,CHASING PAVEMENTS,K,XP4,
ADELE,HELLO,C,MUSISI,30.03.2024
ADELE,MAKE YOU FEEL MY LOVE,C,ZOOM,09.04.2023
ADELE,ROLLING IN THE DEEP,C,MUSISI,14.11.2022
ADELE,SET FIRE TO THE RAIN,C,ZOOM,12.02.2023
ADELE,SKYFALL,C,KANHKA,25.08.2018
ADELE,SOMEONE LIKE YOU,C,VERSION,25.08.2018
ADRIANO CELENTANO,UNAFESTA SUI PRATI (ITA),C_U,ITA,27.02.2024
AEROSMITH,BACK IN THE SADDLE,C,GOODSONGS,01.08.2024
AEROSMITH,BIG TEN INCH RECORD,C,GOODSONGS,02.08.2024
AEROSMITH,CRAZY,M,HR1,
AEROSMITH,CRYIN',C,ZOOM,03.08.2024
AEROSMITH,DREAM ON,M,HR1,
AEROSMITH,DREAM ON,C,CLOUD,03.08.2024
AEROSMITH,FALLING IN LOVE (IS HARD ON THE KNEES),M,HR1,
AEROSMITH,I DON'T WANT TO MISS A THING,K,XP1,
AEROSMITH,I DON'T WANT TO MISS A THING,C,CHANNEL,02.07.2024
AEROSMITH,LAST CHILD,C,KILLER,08.08.2024
AEROSMITH,LOVE IN AN ELEVATOR,C,ZOOM,09.08.2024
AEROSMITH,SAME OLD SONG AND DANCE,C,ZOOM,14.08.2024
AEROSMITH,SWEET EMOTION,C,ZOOM,15.08.2024
AEROSMITH,TRAIN KEPT A ROLLIN',C,KARAFUN,16.08.2024
AEROSMITH,WALK THIS WAY,K,XP3,
AEROSMITH & RUN DMC,WALK THIS WAY,K,XP4,
AEROSMITH & RUN DMC,WALK THIS WAY,C,MRENTERTAINER,18.08.2024
AFRODITE,NEVER LET IT GO,M,FF,
AGATINO ROMERO JAXOMY RAFFAELLA CARRÀ,PEDRO (ITA),C_U,ITA,24.06.2024
AGENTS,ALLA SATEEN ÖISEN,M,MEL67,
AGENTS,ANTAUDUN,MF,FIN43A3,
AGENTS,ARON LEMPEÄ,M,MEL24X,
AGENTS,EN ANTAA MUUTA VOI,M,MDV12,
AGENTS,ILLAN VARJOON HIMMEÄÄN,MF,FIN44A9,
AGENTS,KUKAT KAUNIIT,M,MEL24X,
AGENTS,SINÄ VAIN,MF,FIN35A3,
AGENTS,TUULI JA ERÄMAA,MF,FIN52,
AGENTS,VALOT,MF,FIN46A10,
AGENTS & J RAITTINEN,C'MON EVERYBODY,M,MEL32X,
AHA,HUNTING HIGH AND LOW,C,CHANNEL,19.02.2021
AHA,TAKE ON ME,C,SINGKING,13.12.2019
AHA,TAKE ON ME,M,MP&R2,
AHTI AKE KARJALAINEN,KUIN JUNAN VESSA,C_O,POY,06.06.2024
AHTI AKE KARJALAINEN,LAULA AKE PARANOID (PARANOID),C_O,POY,17.12.2024
AHTI AKE KARJALAINEN,MÄ OON KUIN IRWINI,C_O,POY,07.06.2026
AHTI JA BEHM,TÄHDET,C,KUNINGAS,05.11.2025
AHTI LAMPI,ELÄMÄN VALTTIKORTIT,MF,FIN2B3,
AHTI LAMPI,ELÄMÄN VALTTIKORTIT,MF,FIN42A15,
AI MUSIC,SINUN RINNALLA (YSTÄVÄNPÄIVÄ LAULU),C,FIAT,25.05.2026
AI_TA,LASIN MUSTA SAKKA,C_O,POY,27.11.2025
AI_TA,VALSSI SYDÄMELLE,C_O,POY,12.06.2026
AI_TA,YÖN VIIMEINEN VALSSI,C_O,POY,23.06.2026
AIKAKONE,ALLA VAAHTERAPUUN,K,LK01,
AIKAKONE,ALLA VAAHTERAPUUN,M,MEL13Z,
AIKAKONE,KELTAINEN,K,POW09SR2,
AIKAKONE,NTI GROOVE,K,POW09SR2,
AIKAKONE,NTI GROOVE,C,POWER,30.07.2016
AIKAKONE,ODOTA,K,LK01,
AIKAKONE,TÄHTIKAAREN TAA,K,LK01,
AIKAKONE,UUDET TUULET,M,MEL27X,
AIKAKONE,VUOSISADAN RAKKAUSTARINA,C,FIAT,25.05.2026
AIKAMIEHET,ILTATUULEN VIESTI,MF,FIN16B3,
AIKAMIEHET,ILTATUULEN VIESTI,M,MELVALS,
AIKAPOLIISI,HALUUTKO SÄ PELATA MUN NINTENDOO,C,FIAT,08.02.2026
AIKAPOLIISI,HERKKUKAUPPA (BAM TSIKI TSIKI),C,FIAT,08.02.2026
AIKAPOLIISI,SINÄ OLET AURINKO,C,FIAT,25.05.2026
AIMO ANDERSSON,ELÄMÄÄ JUOKSUHAUDOISSA,MF,FIN22B10,
AIR SUPPLY,ALL OUT OF LOVE,K,XP3,
AIR SUPPLY,ALL OUT OF LOVE,M,PIO13A9,
AIR SUPPLY,COME WHAT MAY,C,RLUCRA,25.04.2022
AIR SUPPLY,LONELY IS THE NIGHT,C,RLUCRA,25.04.2022
AIR SUPPLY,LOST IN LOVE,M,PIO018,
AIRBOURNE,BREAKIN' OUTTA HELL,C,ESPADA,01.04.2023
AKI HIETALA,EI AIKAA HUOMISEEN,M,SK1B1,
AKI HIETALA,JOS LUOJA SUO,MF,FIN31A4,
AKI HIETALA,OOT KALLEIN,MF,FIN40B8,
AKI SAMULI,EI KUKAAN KETÄÄN,M,MDV66,
AKI SIRKESALO,ENKELEITÄ ONKO HEITÄ,K,POW10,
AKI SIRKESALO,KISSANAINEN,C_O,POY,13.07.2023
AKI SIRKESALO,MULLONIKÄVÄSUA,M,MEL60,
AKI SIRKESALO,NAISPAHOLAINEN,K,POW07,
AKI SIRKESALO,NAISPAHOLAINEN,M,SAT02,
AKI SIRKESALO,PAREMPAA AIKAA,M,MEL50X,
AKI SIRKESALO,PUNATUKKAINEN,M,MEL60,
AKI SIRKESALO,SANANSA MITTAINEN MIES,C_O,POY,09.08.2023
AKI SIRKESALO,SEKSUAALISTA HÄIRINTÄÄ,M,MDV08,
AKI SIRKESALO,TULE NYT,C_O,POY,06.06.2024
AKI SIRKESALO,TURISTIT,C_O,POY,25.06.2024
AKI SIRKESALO & LISA NILSSON,MYSTEERI MYSTERIET,M,MEL52X,
AKNESTIK,SUOMIROKKIA,K,POW05SR1,
AKNESTIK,SUOMIROKKIA,M,MEL62,
AL GREEN,LET'S STAY TOGETHER,M,PIO018,
AL MARTINO,SPANISH EYES,K,XP1,
AL STEWART,YEAR OF THE CAT,C,CLOUD,02.07.2024
ALADDIN,SE ON KUIN YÖ,C,TUOTTAJA,21.01.2026
ALAN JACKSON,CHATTAHOOCHEE,C,ZOOM,25.05.2026
ALAN JACKSON & JIMMY BUFFETT,IT'S FIVE O'CLOCK SOMEWHERE,C,KARAFUN,18.05.2026
ALAN PARSONS PROJECT,SILENCE AND I,C,HD,30.03.2024
ALAN WALKER,ALONE,C,SINGKING,25.04.2022
ALAN WALKER,FADED,C,SINGKING,25.04.2022
ALANIS MORISSETTE,IRONIC,K,XP3,
ALANIS MORISSETTE,YOU OUGHTA KNOW,K,XP4,
ALANIS MORISSETTE,YOU OUGHTA KNOW,C,KARAFUN,18.08.2024
ALANNAH MYLES,BLACK VELVET,K,XP1,
ALANNAH MYLES,BLACK VELVET,C,LETSSING,25.04.2022
ALBERT HAMMOND,IT NEVER RAINS SOUTHERN CALIFORNIA,C,CLOUD,25.04.2022
ALEKSI OJALA,RAKASTAA JA TULLA RAKASTETUKSI,K,LK10,
ALEXANDER RYBAK,FAIRYTALE,C,KARAFUN,11.09.2023
ALEXANDRA BURKE,HALLELUJAH,C,SBI,25.08.2018
ALEXIA,THE SUMMER IS CRAZY,C,HD,25.04.2022
ALEXIA,UH LA LA LA,C,HD,25.04.2022
ALICE COOPER,BE MY LOVER,C,SOUNDCHOICE,02.08.2024
ALICE COOPER,BILLION DOLLAR BABIES,C,CHANNEL,02.08.2024
ALICE COOPER,ELECTED,C,PARTYTYME,04.08.2024
ALICE COOPER,FEED MY FRANKENSTEIN,C,PARTYTYME,04.08.2024
ALICE COOPER,HEY STOOPID,C,SUNFLY,13.03.2022
ALICE COOPER,I'M EIGHTEEN,C,SOUNDCHOICE,06.08.2024
ALICE COOPER,IT'S ME,C,SOUNDCHOICE,06.08.2024
ALICE COOPER,LOVE'S A LOADED GUN,C,ZOLLERTUNES,25.07.2026
ALICE COOPER,NO MORE MISTER NICE GUY,C,KARAFUN,10.08.2024
ALICE COOPER,ONLY WOMEN BLEED,C,GOODSONGS,10.08.2024
ALICE COOPER,POISON,M,HR1,
ALICE COOPER,POISON,C,SINGKING,06.02.2023
ALICE COOPER,POISON,M,ROCK,
ALICE COOPER,SCHOOL'S OUT,M,HR1,
ALICE COOPER,SCHOOL'S OUT,C,CCKARAOKE,19.01.2021
ALICE COOPER,UNDER MY WHEELS,C,SCREAM QUEEN,18.08.2024
ALICE DEEJAY,BETTER OFF ALONE,C,EK,07.12.2022
ALICE IN CHAINS,AGAIN,C,SOUNDCHOICE,01.08.2024
ALICE IN CHAINS,BLEED THE BREAK,C,CCKARAOKE,14.07.2026
ALICE IN CHAINS,MAN IN THE BOX,C,CCKARAOKE,31.07.2026
ALICE IN CHAINS,NO EXCUSES,C,CCKARAOKE,10.08.2024
ALICE IN CHAINS,WOULD,C,CCKARAOKE,14.07.2026
ALICIA KEYS,FALLIN',K,XP1,
ALICIA KEYS,IF I AIN'T GOT YOU,K,XP2,
ALICIA KEYS,KARMA,K,XP2,
ALICIA KEYS,NO ONE,K,XP4,
ALL SAINTS,NEVER EVER,K,XP1,
ALL SAINTS,PURE SHORES,K,XP2,
ALMA,KARMA,C,ZOOM,06.04.2021
ALMA COGAN,TENNESSEE WALTZ,M,TOPHIT27,
ALMA COGAN,TENNESSEE WALTZ (SUOMEKSI),M,SASO12,
ALPHAVILLE,BIG IN JAPAN,M,MP&R3,
ALPHAVILLE,FOREVER YOUNG,C,KAR@OKE80'S,01.01.2020
ALVIN STARDUST,MY COO CA CHOO,M,MP&R1,
ALWARI TUOHITORVI,KROMIKAUNOTAR,C_O,POY,13.05.2024
ALWARI TUOHITORVI,ROKATAAN VAAN,M,M60'S,
ALWARI TUOHITORVI,SINUN LAULUSI,M,MEL53PRO,
ALWARI TUOHITORVI,SINUN LAULUSI,C_O,POY,16.07.2026
ALWARI TUOHITORVI,ÄLÄ ISKE TUIJAA,K,POW09SR2,
ALWARI TUOHITORVI,ÄLÄ ISKE TUIJAA,M,M60'S,
AMANDA,HETKI LYÖ,C_O,POY,29.08.2025
AMEN CORNER,IF PARADISE IS HALF AS NICE,K,XP2,
AMERICA,A HORSE WITH NO NAME,C,CLOUD,06.12.2019
AMERICA,I NEED YOU,C,KARAFUN,25.04.2022
AMERICA,SISTER GOLDEN HAIR,C,ZOOM,05.04.2021
AMERICA,VENTURA HIGHWAY,C,ZOOM,25.04.2022
AMERIE,ONE THING,M_U,EXST 2,
AMI ASPELUND,APINAMIES,MF,FIN20A5,
AMI ASPELUND,APINAMIES,MF,FIN46B3,
AMI ASPELUND,APINAMIES,M,MEL26X,
AMI ASPELUND,FANTASIAA,K,POW11,
AMI ASPELUND,LAPPONIA,MF,FIN47B1,
AMI ASPELUND,NUORUUTENI ON OHI,M,MEL51Z,
AMISPOPPIA,JOULUPUKKI MATKAAN JO KÄY,C,FIAT,02.12.2025
AMORPHIS,AGAINST WINDOWS,C,THORGORATHAOKE,17.09.2023
AMORPHIS,BLACK WINTER DAY,M,HEVI 1,
AMORPHIS,BROTHER AND SISTER,C_O_UK,POY,04.02.2022
AMORPHIS,HOUSE OF SLEEP,C,WRATHAOKE,30.06.2022
AMORPHIS,SILENT WATERS,C,JACKIE,28.09.2026
AMULET,SUOMEN CHICAGO,M,POW30,
AMY DIAMOND,WHAT'S IN IT FOR ME,K,XP2,
AMY MACDONALD,THIS IS THE LIFE,C,HD,25.04.2022
AMY WINEHOUSE,BACK TO BLACK,C,TRACKSPLANET,20.02.2020
AMY WINEHOUSE,REHAB,K,XP4,
AMY WINEHOUSE,TEARS DRY ON THEIR OWN,K,XP4,
AMY WINEHOUSE,VALERIE,C,SINGKING,10.01.2020
AMY WINEHOUSE,YOU KNOW I'M NO GOOD,C,SINGALLSTAR,20.11.2021
ANASTACIA,HEAVY ON MY HEART,M,MP&R1,
ANASTACIA,LEFT OUTSIDE ALONE,M,MP&R2,
ANDREA BOCELLI,BESAME MUCHO (SPA),C_U,SPA,25.04.2022
ANDREA BOCELLI,CON TE PARTIRÒ (ITA),C_U,ITA,08.01.2023
ANDREA BOCELLI & CELINE DION,THE PRAYER,K,XP2,
ANDRES ESTECHE,JUST LIKE A BOOMERANG,M,FF,
ANDREW LLOYD WEBBER,I DON'T KNOW HOW TO LOVE HIM,K,XP3,
ANDREW WK,PARTY HARD,C,CCKARAOKE,10.08.2024
ANDRII KHLYVNIUK (АНДРІЙ ХЛИВНЮК),ОЙ У ЛУЗІ ЧЕРВОНА КАЛИНА (NIITYN PUN RUUSU) (UKR),C_U,UKR,03.12.2022
ANDY KIM,ROCK ME GENTLY,K,XP3,
ANDY SUONSILMÄ,KARRELLE PALANUT ENKELI,C,FINNKARAOKE,01.04.2024
ANDY WILLIAMS,MOON RIVER,K,XP4,
ANDY WILLIAMS,MOON RIVER,M,TOPHIT27,
ANDY WILLIAMS,RED ROSES FOR A BLUE LADY,C,FORUM,25.04.2022
ANDY WILLIAMS,SPEAK SOFTLY LOVE,C,ZOOM,30.03.2024
ANDY WILLIAMS,WHERE DO I BEGIN (THEME FROM LOVE STORY),M,PIO1B7,
ANEKA,JAPANESE BOY,M,MP&R3,
ANI JA VIIVI,LUPAA ET SÄ LÄHET,C,KUNINGAS,05.11.2025
ANITA BAKER,SWEET LOVE,K,XP1,
ANITA HIRVONEN,ANS KATTOO NY,M,KK2,
ANITA HIRVONEN,DE VA KUKKU DE,MF,FIN46A14,
ANITA HIRVONEN,DE VA KUKKU DE (HUONO FONTTI),K,POW15,
ANITA HIRVONEN,ET USKO KUINKA KOSKEEKAAN,MF,FIN24A4,
ANITA HIRVONEN,GIMMA VIITOSTIELTÄ,C_O,POY,04.12.2024
ANITA HIRVONEN,IHANAA ELÄMÄÄ,M,MDV20,
ANITA HIRVONEN,ITKE VAAN JOS HELPOTTAA (TELL THE BOYS),M,COV07,
ANITA HIRVONEN,MAITOLAVAN PRINSESSA,M,COV19,
ANITA HIRVONEN,POIMI MINUT NYT,M,COV19,
ANITA HIRVONEN,RANTAREGGAE,K,POW10,
ANITA HIRVONEN,SYDÄN RAKASTAA,MF,FIN45B14,
ANITA HIRVONEN,SYDÄN RAKASTAA,MF,FIN6B2,
ANITA HIRVONEN,SYDÄN RAKASTAA,M,MDV23,
ANITA HIRVONEN,VILLITSEE MUN,K,POW12,
ANITA HIRVONEN,ÄLÄ TULE MYÖHÄÄN,K,LK02,
ANITA KUUSI,SEITSEMÄN PÄIVÄÄ,M,MEL53PRO,
ANITA PAJUNEN,TULIVUORI,M,MEL54,
ANITA WARD,RING MY BELL,K,XP4,
ANITA WARD,RING MY BELL,C,CHANNEL,25.04.2022
ANJA NISKANEN,KAIPUU,M,MEL52X,
ANJA PIIPPONEN,HAAREMIN RUUSU,M,MEL42Z,
ANKI JA CUMULUS,CHERBOURGIN SATEENVARJOT,MF,FIN10A10,
ANKI JA CUMULUS,KAUNEIN UNI,K,LK17,
ANKI JA CUMULUS,LÄNSITUULI,M,MEL04X,
ANKI JA CUMULUS,PUUVILLAPELLOT,MF,FIN31B9,
ANKI JA CUMULUS,PUUVILLAPELLOT,M,KPP30,
ANKI JA CUMULUS,PUUVILLAPELLOT,M,MEL49Z,
ANKI JA CUMULUS,PUUVILLAPELLOT (COTTON FIELDS),C_O,POY,20.01.2022
ANKI JA CUMULUS,SYYSLAULU,MF,FIN46A7,
ANKI JA CUMULUS,SYYSLAULU,MF,FIN6A10,
ANKI JA CUMULUS,SYYSLAULU,M,MDV11,
ANKI JA CUMULUS,SÄKKIJÄRVEN POLKKA,M,MEL04X,
ANKI JA SUVI TERÄSNISKA,NIIN AIKAISIN (VAR DET DU),M,COV18,
ANKI LINDQVIST,PAHA TYTTÖ,M,M60'S,
ANN-CHRISTINE,LALAIKA,MF,FIN13B2,
ANN-CHRISTINE,PLAYBOY,M,KSF1Z,
ANNA ABREU,BANDANA,M,LK25,
ANNA ABREU,BANDANA,M,SAT16,
ANNA ABREU,HYSTERIA,M,SAT03,
ANNA ABREU,MUSIC EVERYWHERE,K,LK14,
ANNA ABREU,MÄ ANNAN SUT POIS,M,LK23,
ANNA ABREU,OHIKIITÄVÄÄ,M,LK23,
ANNA ERIKSSON,AINA YKSIN,K,POW17,
ANNA ERIKSSON,AJATTELEN SUA,K,POW17,
ANNA ERIKSSON,EI SE MENNYT NIIN,K,LK07,
ANNA ERIKSSON,EI SE MENNYT NIIN,M,MEL38Z,
ANNA ERIKSSON,EI SE MENNYT NIIN,C,KARAOKETÄHTI,02.07.2024
ANNA ERIKSSON,EI SE MENNYT NIIN,M,POW19,20.03.2026
ANNA ERIKSSON,HILJAA HUOKAA YÖ,C,MAGNUM,02.07.2024
ANNA ERIKSSON,HUOJUVA TALO,M,MEL47Z,
ANNA ERIKSSON,ILTA YÖHÖN KULJETTAA,M,MDV06,
ANNA ERIKSSON,ISO IKÄVÄ,C_O,POY,21.04.2026
ANNA ERIKSSON,JOS MULLA OLISI SYDÄN,K,LK18,
ANNA ERIKSSON,JOS MULLA OLISI SYDÄN,M,MDV57,
ANNA ERIKSSON,JULIET JA JOONATAN,K,POW03,
ANNA ERIKSSON,JULIET JA JOONATAN,M,MEL02Z,
ANNA ERIKSSON,JULIET JA JOONATAN,C,KARAOKETÄHTI,02.07.2024
ANNA ERIKSSON,JÄÄ,M,MEL42Z,
ANNA ERIKSSON,KAIKISTA KASVOISTA,K,POW13SR3,
ANNA ERIKSSON,KAIKISTA KASVOISTA,M,MEL29X,
ANNA ERIKSSON,KATSO SUORAAN SILMIIN,MF,FIN53,
ANNA ERIKSSON,KESÄ HENGITTÄÄ,K,POW14,
ANNA ERIKSSON,KESÄ YHDESSÄ,K,POW15,
ANNA ERIKSSON,KESÄ YHDESSÄ,M,MEL07,
ANNA ERIKSSON,KESÄLLÄ KERRAN,M,MEL49Z,
ANNA ERIKSSON,KEVÄTYÖ,K,LK07,
ANNA ERIKSSON,KEVÄTYÖ,M,MEL19Z,
ANNA ERIKSSON,KUN KATSOIT MINUUN,MF,FIN52,
ANNA ERIKSSON,KUN KATSOIT MINUUN,K,LK02,
ANNA ERIKSSON,KUN KATSOIT MINUUN,M,MEL16Z,
ANNA ERIKSSON,KUN KATSOIT MINUUN,C,KARAOKETÄHTI,02.07.2024
ANNA ERIKSSON,LINTU,K,MG06,
ANNA ERIKSSON,LINTU,M,MEL40X,
ANNA ERIKSSON,MITÄ JÄÄ,M,MEL45Z,
ANNA ERIKSSON,MITÄ JÄÄ,M,POW19,20.03.2026
ANNA ERIKSSON,ODOTA MUA,M,MDV12,
ANNA ERIKSSON,ODOTA MUA,C,KARAOKETÄHTI,02.07.2024
ANNA ERIKSSON,OLEN KAUNIS,M,MEL40X,
ANNA ERIKSSON,OOT VOIMANI MUN,M,MDV08,
ANNA ERIKSSON,ORJANTAPPURAN RUUSUT,M,MDV59,
ANNA ERIKSSON,POHJOISEN LILJA,M,MEL47Z,
ANNA ERIKSSON,RAKKAUDEN SAARI,M,MEL16Z,
ANNA ERIKSSON,RAKKAUTTA TÄÄ ON VAIN,M,MDV09,
ANNA ERIKSSON,SEURATAAN JOHTAJAA,M,MEL22X,
ANNA ERIKSSON,SITÄKÖ TÄÄ ON?,K,LK09,
ANNA ERIKSSON,SUMUJEN SILTA,M,MEL19Z,
ANNA ERIKSSON,SUN LUOKSES IKÄVÄ ON,M,MEL24X,
ANNA ERIKSSON,TAHDON POIS,M,MEL27X,
ANNA ERIKSSON,TANSSIN VAAN,M,MEL27X,
ANNA ERIKSSON,TIEN SELVEMMIN NÄÄN,M,MEL24X,
ANNA ERIKSSON,VIE SE POIS,M,MEL30X,
ANNA ERIKSSON,VIERAAT HUONEET,M,MEL16Z,
ANNA ERIKSSON,VIIMEISEN KERRAN,M,MDV57,
ANNA HANSKI,EN OLE RUBINSTEIN,M,SK1,
ANNA HANSKI,JOS ET SÄ SOITA,MF,FIN46B13,
ANNA HANSKI,JOS ET SÄ SOITA,MF,FIN6A6,
ANNA HANSKI,JOS ET SÄ SOITA,K,POW01,
ANNA HANSKI,KOTIVIINI,MF,FIN44A13,
ANNA HANSKI,KOTIVIINI,MF,FIN8A4,
ANNA HANSKI,KOTIVIINI,K,POW02,
ANNA HANSKI,KOTIVIINI,M,MDV11,
ANNA HANSKI,KOTIVIINI,C,POWER,05.03.2020
ANNA HANSKI,LAMBADA,M,MEL04X,
ANNA HANSKI,LAMBADA,C,MELPLAY,30.07.2016
ANNA HANSKI,MELODIAA,M,MEL13Z,
ANNA HANSKI,MELODIAA,C,MELPLAY,29.07.2016
ANNA HANSKI,MINÄ TAHDON SINUT,M,MDV08,
ANNA HANSKI,SINÄ OLET KAUNIS,M,MEL13Z,
ANNA HANSKI,TUNTEISIIN,C,FIAT,25.05.2026
ANNA JÄRVINEN & OLAVI UUSIVIRTA,NUORI JA KAUNIS,K,LK16,
ANNA JÄRVINEN & OLAVI UUSIVIRTA,NUORI JA KAUNIS,M,SAT04,
ANNA NALICK,BREATHE (2 AM),K,XP4,
ANNA PUU,ANTAUDUN,K,LK20,
ANNA PUU,ANTAUDUN,M,MDV59,
ANNA PUU,C'EST LA VIE,M,MEL50X,
ANNA PUU,C'EST LA VIE,C_O,POY,03.10.2023
ANNA PUU,KAUNIS PÄIVÄ,C_O,POY,12.05.2023
ANNA PUU,KOHTA VAPAITA,M,LK25,
ANNA PUU,KOHTA VAPAITA,M,SAT17,
ANNA PUU,KOLME PIENTÄ SANAA,K,LK19,
ANNA PUU,KOLME PIENTÄ SANAA,M,SAT08,
ANNA PUU,LINNUTON PUU,M,MEL51Z,
ANNA PUU,MATKALLA,C_O,POY,22.10.2024
ANNA PUU,ME OLLAAN RUNO,M,LK25,
ANNA PUU,ME OLLAAN RUNO,C,ZOOM,15.05.2022
ANNA PUU,MELANKOLIAN RIEMUT,C_O,POY,25.12.2025
ANNA PUU,NUORI LOIRI,K,LK21,
ANNA PUU,NUORI LOIRI,M,SAT09,
ANNA PUU,OTA MINUT TÄLLAISENA KUIN OON,M,SAT16,
ANNA PUU,RIKO MINUT,M,MEL53PRO,
ANNA PUU,SINÄ OLET MINÄ,K,LK16,
ANNA PUU,SINÄ OLET MINÄ,M,SAT03,
ANNA PUU,SÄÄNNÖT RAKKAUDELLE,K,LK20,
ANNA PUU,SÄÄNNÖT RAKKAUDELLE,M,SAT08,
ANNA PUU & OLAVI UUSIVIRTA,2020,M,COV11,
ANNA PUU & OLAVI UUSIVIRTA,2020,C,RV@EV CHANNEL,29.08.2020
ANNA VISSI,EVERYTHING,K,XP3,
ANNE LINNET,TUSIND STYKKER (SWE),M_U,SWE,
ANNE MATTILA,ASFALTTIVIIDAKKO,MF,FIN52,
ANNE MATTILA,ASFALTTIVIIDAKKO,M,MEL21Z,
ANNE MATTILA,ASVALTTIVIIDAKKO,K,LK02,
ANNE MATTILA,EI KERRO TUULI,M,MEL30X,
ANNE MATTILA,EI KERRO TUULI,C,MAGNUM,02.07.2024
ANNE MATTILA,ENKELEITÄ ONKO HEITÄ,M,KK4,
ANNE MATTILA,ENKELEITÄ ONKO HEITÄ,M,MEL29X,
ANNE MATTILA,IHMINEN,C_O,POY,12.09.2025
ANNE MATTILA,KAIKKI MUU VOI MENNÄ,M,MEL52X,
ANNE MATTILA,KAIPUUNI ON USKOMATON,M,MEL42Z,
ANNE MATTILA,KATSEES KUIN TULTA,M,MEL47Z,
ANNE MATTILA,KAUAN NIIN KAUAN,M,MG17,20.03.2026
ANNE MATTILA,KUN SYNTYY SIELUUN SILTA,MF,FIN53,
ANNE MATTILA,LENNETÄÄN,K,LK21,
ANNE MATTILA,MENNYTTÄ AIKAA,M,COV22,
ANNE MATTILA,NYT VOIMME JATKAA,M,MEL47Z,
ANNE MATTILA,PERUTAAN HÄÄT,K,LK06,
ANNE MATTILA,PERUTAAN HÄÄT,M,MEL37Z,
ANNE MATTILA,PIENEN HETKEN,MF,FIN53,
ANNE MATTILA,PIENEN HETKEN,M,MEL21Z,
ANNE MATTILA,RUMMUT SOI,M,MEL29X,
ANNE MATTILA,SÄRKYNYT SYDÄN JA PALAVA RAKKAUS,M,MEL38Z,
ANNE MATTILA,SÄRKYNYT SYDÄN JA PALAVA RAKKAUS,M,POW19,20.03.2026
ANNE MATTILA,TAIVAAN KARTTA,M,MEL38Z,
ANNE MATTILA,TAIVAAN KARTTA,C,MELPLAY,04.07.2021
ANNE MATTILA,TUHLAAJATYTTÖ PALAA,M,KK4,
ANNE MATTILA,TYYNYYN JÄLJET JÄÄ,M,MEL46Z,
ANNE MATTILA,UNIHIEKKAA,K,POW17,
ANNE MATTILA,UNIHIEKKAA,M,MEL36Z,
ANNE MATTILA,VALOKUVA,MF,FIN52,
ANNE MATTILA,VALOKUVA,M,MEL22X,
ANNE MATTILA,VIE,K,MG06,
ANNE MATTILA,VIELÄ YKSI ELÄMÄ,M,SK1,
ANNE MATTILA,VIILENEE,M,MEL51Z,
ANNE MATTILA,VIIMEINEN KYYNEL,M,POW19,20.03.2026
ANNE MATTILA,VOIMA RAKKAUDEN,M,MEL53PRO,
ANNE MATTILA & JANNE TULKKI,SIELU SALAMOI,M,MEL37Z,
ANNE MATTILA & JANNE TULKKI,SIELU SALAMOI,C,MELPLAY,05.07.2022
ANNE MURRAY,COULD I HAVE THIS DANCE,K,XP4,
ANNELI MATTILA,ETHÄN MEE,M,MEL38Z,
ANNELI MATTILA,ETHÄN MEE,C,MAGNUM,02.07.2024
ANNELI MATTILA,HEI PIANOMIES,M,MEL54,
ANNELI MATTILA,LUOTTAA HUOMISEEN,M,MEL44X,
ANNELI MATTILA,MIKÄ SUN NIMI ON,K,POW17,
ANNELI MATTILA,NE NA NA NA,M,MEL48Z,
ANNELI MATTILA,OON JUURILLAIN,M,MEL48Z,
ANNELI MATTILA,RAKKAUDEN MUISTOMERKKI,M,MEL40X,
ANNELI MATTILA,SEITSEMÄS TAIVAS,M,MG19,20.03.2026
ANNELI MATTILA,SEITSEMÄS TAIVAS,C,MAGNUM (POY),02.07.2024
ANNELI MATTILA,SOITTOASI ODOTAN,K,MG06,
ANNELI MATTILA,SUOJAAN,K,POW17,
ANNELI MATTILA,SUOJAAN,M,MEL37Z,
ANNELI MATTILA,TANSSIN PÄIVÄT TANSSIN YÖT,M,MEL37Z,
ANNELI MATTILA,TULIVUORI SISÄLLÄIN,M,MEL36Z,
ANNELI PASANEN,RAKASTAN JOKAISTA PÄIVÄÄ,M,MDV06,
ANNELI PASANEN,RAKKAUS JÄÄ (EMMANUELLE),M,SASO12,
ANNELI SAARISTO,EVAKON LAULU,M,MEL49Z,
ANNELI SAARISTO,JOS JOSKUS,M,MDV14,
ANNELI SAARISTO,KATKENNUT HELMINAUHA,M,MEL22X,
ANNELI SAARISTO,LA DOLCE VITA,MF,FIN35A10,
ANNELI SAARISTO,LA DOLCE VITA,C,FINNHITS,07.08.2020
ANNELI SAARISTO,LUMPEENKUKKA,M,MEL24X,
ANNELI SAARISTO,TÄMÄ YÖ,M,MDV08,
ANNELI SARI,KIELLETYT LEIKIT,M,MDV17,
ANNELI SARI,LIIAN NUORI RAKKAUTEEN,MF,FIN42A8,
ANNELI SARI,MENIN RAITEILTAIN,M,MEL16Z,
ANNELI SARI,MUISTOJENI RUUSUT,MF,FIN35B5,
ANNELI SARI,OSANANI OVAT KYYNELEET,M,MEL16Z,
ANNELI SARI,VAIN LUNTA KAIKKIALLA,M,SASO12,
ANNELI SARI,VALKOAKAASIAT,M,MELVALS,
ANNELI TUOMINEN,KENEN SYY,MF,FIN27A6,
ANNICA,DREAMING,M,HEVI 4,
ANNIE LENNOX,A WHITER SHADE OF PALE,K,XP3,
ANNIE LENNOX,NO MORE I LOVE YOU'S,K,XP3,
ANNIE LENNOX,PUT A LITTLE LOVE IN YOUR HEART,M,MP&R1,
ANNIE LENNOX,WALKING ON BROKEN GLASS,K,XP3,
ANNIINA MATTILA,JOULUMAA,C,TUOTTAJA,02.12.2025
ANNIKA & RAMI,KAULAKORU,MF,FIN41B2,
ANNIKA EKLUND,DISCO POTPURI,C_O,POY,09.01.2024
ANNIKA EKLUND,HAAVEET TALLELLA,M,COV13,
ANNIKA EKLUND,JULIA JÄI HENKIIN,M,MG17,20.03.2026
ANNIKA EKLUND,MISSÄ ON MUN STRÖMSÖ,K,LK19,
ANNIKA EKLUND,MISSÄ ON MUN STRÖMSÖ,M,MG19,20.03.2026
ANNIKA EKLUND,OLE HILJAA JA SUUTELE MUA,K,LK09,
ANNIKA EKLUND,ON AIVAN SAMA MITEN KAUAS MEET,M,MEL29X,
ANNIKA EKLUND,RAKKAUSSEIKKAILU,C,MAGNUM (POY),19.07.2023
ANNIKA EKLUND,SHANGHAIN VALOT,K,MG06,
ANNIKA EKLUND,SHANGHAIN VALOT,M,MDV57,
ANNIKA EKLUND,SINUSSA ON JOTAIN,K,LK08,
ANNIKA EKLUND,SINUSSA ON JOTAIN,M,MEL55X,
ANNIKA EKLUND,TYTTÖ SOPASSA,MF,FIN32B4,
ANNIKA EKLUND,VALOJA JA VARJOJA,K,POW17,
ANNIKA SALO,ODOTAN,C_O,POY,12.05.2025
ANNIKA SALO,SISÄÄNRAKENNETTU  IKÄVÄ,C_O,POY,10.10.2025
ANNIKKI TÄHTI,BALLADI OLAVINLINNASTA,M,COV16,
ANNIKKI TÄHTI,BALLADI OLAVINLINNASTA,MF,FIN12B3,
ANNIKKI TÄHTI,BUDAPESTIN YÖSSÄ,MF,FIN38B8,
ANNIKKI TÄHTI,KUNINGASKOBRA,MF,FIN1A6,
ANNIKKI TÄHTI,KUNINGASKOBRA,MF,FIN36,
ANNIKKI TÄHTI,LAULU KAHDESTA PENNISTÄ,MF,FIN31B10,
ANNIKKI TÄHTI,LUMIHIUTALEITA,M,MDVTAN,
ANNIKKI TÄHTI,MUISTATKO MONREPOSIN,MF,FIN43A12,
ANNIKKI TÄHTI,MUISTATKO MONREPOSIN,MF,FIN4B3,
ANNIKKI TÄHTI,MUISTATKO MONREPOSIN,M,MEL26X,
ANNIKKI TÄHTI,MUSTALAISVIULU,M,MEL05Z,
ANNIKKI TÄHTI,PIENI SYDÄN,MF,FIN3B10,
ANNIKKI TÄHTI,RAKKAUSKIRJEITÄ HIEKASSA,M,SASO12,
ANNIKKI TÄHTI,UNIKUVA,M,MDVTAN,
ANNIKKI TÄHTI,VALKOAKAASIAT,MF,FIN37B8,
ANNIKKI TÄHTI,VILLIT RUUSUT,M,MEL02Z,
ANNINA,MATKALLA IKUISUUTEEN (ADAGIO),C,FIAT,08.02.2026
ANOUK,NOBODY'S WIFE,C,KARAFUN,30.03.2024
ANS NEMO,ARMASTUS (EST),M_U,EST1,
ANS NÖÖP,METSROOSID (EST),M_U,EST4,
ANSSI KELA,1972,K,POW13SR3,
ANSSI KELA,1972,M,MEL27X,
ANSSI KELA,AAMU,M,MEL51Z,
ANSSI KELA,ILVES,M,COV07,
ANSSI KELA,ILVES,M,MDV69,
ANSSI KELA,JENNIFER ANISTON,K,LK06,
ANSSI KELA,JENNIFER ANISTON,M,MEL38Z,
ANSSI KELA,KAKSI SISARTA,K,POW09SR2,
ANSSI KELA,KAKSI SISARUSTA,M,MEL15Z,
ANSSI KELA,KARHUSAARI,K,LK06,
ANSSI KELA,LEVOTON TYTTÖ,K,LK20,
ANSSI KELA,LEVOTON TYTTÖ,M,SAT08,
ANSSI KELA,MAITOHAPOILLA,M,SAT09,
ANSSI KELA,MIKAN FAIJAN BMW,M,MEL13Z,
ANSSI KELA,MIKAN FAIJAN BMW,C_O,POY,26.06.2023
ANSSI KELA,MILLA,K,POW10,
ANSSI KELA,MILLA,M,MEL18Z,
ANSSI KELA,MILLA,C,POWER,03.12.2014
ANSSI KELA,MITEN SYDÄMET TOIMII,K,LK21,
ANSSI KELA,MITEN SYDÄMET TOIMII,M,SAT08,
ANSSI KELA,NOSTALGIAA,M,SAT15,
ANSSI KELA,NUMMELA,M,MEL13Z,
ANSSI KELA,NUMMELA,C_O,POY,25.02.2022
ANSSI KELA,PETRI RUUSUNEN,C_O,POY,06.12.2023
ANSSI KELA,PETRI RUUSUNEN,M,SAT17,
ANSSI KELA,PIIRRÄ MINUUN TIE,M,SAT17,
ANSSI KELA,PUISTOSSA,K,POW09SR2,
ANSSI KELA,PUISTOSSA,M,MEL15Z,
ANSSI KELA,PUISTOSSA,C,MELPLAY,19.01.2021
ANSSI KELA,RAKKAUS ON MURHAA,M,MEL40X,
ANSSI KELA,ÄLÄ MENE POIS,K,MG06,
ANSSI KELA,ÄLÄ MENE POIS,M,SAT05,
ANSSI UMPIKELA,HELVETIN OOPPELI (RAFAELIN ENKELI),C_O,POY,17.11.2023
ANTHRAX,ANTISOCIAL,C,CHANNEL,01.08.2024
ANTHRAX,CAUGHT IN A MOSH,C,CCKARAOKE,02.08.2024
ANTHRAX,GOT THE TIME,C,KILLER,05.08.2024
ANTHRAX,I'M THE MAN,C,CCKARAOKE,06.08.2024
ANTTI HUOVILA,ANNABELLA,K,POW08,
ANTTI HUOVILA,FENIX LINTU,M,MEL07,
ANTTI HUOVILA,KUUTAMON TYTTÖ,M,COV17,
ANTTI HUOVILA,MUTSI JA FAIJA,MF,FIN53,
ANTTI HUOVILA,MUTSI JA FAIJA,M,MEL40X,
ANTTI HUOVILA,MUUTTOLINNUT,MF,FIN47A3,
ANTTI HUOVILA,MUUTTOLINNUT,M,MDV06,
ANTTI HUOVILA,ONKO SIELLÄKIN YÖ,M,MEL44X,
ANTTI HUOVILA,REVONTULIHÄÄT,M,MEL44X,
ANTTI HUOVILA,SATA KITARAA,MF,FIN52,
ANTTI HUOVILA,SATA KITARAA,M,MEL15Z,
ANTTI HUOVILA,TUNTEMATON,M,MDV14,
ANTTI HUOVILA,VASKIKELLOT,K,POW16,
ANTTI HUOVILA,VASKIKELLOT,M,MDV09,
ANTTI KETONEN,NIIN KAUNIS,C_O,POY,30.07.2025
ANTTI KETONEN,OHIMENEVÄT PÄIVÄT,C_O,POY,09.12.2025
ANTTI KETONEN,OLISITPA SYLISSÄNI,M,MDV68,
ANTTI KLEEMOLA,KAIKKEA HYVÄÄ,M,KPP40,
ANTTI PAALANEN,TAKATUKKA,C,FIAT,25.05.2026
ANTTI RAILIO,AVARUUS,C,TUOTTAJA,02.12.2025
ANTTI RAILIO,HALLA JA ETELÄTUULI,C,TUOTTAJA,12.04.2023
ANTTI RAILIO,HALLA JA ETELÄTUULI,M,SAT12,
ANTTI RAILIO,MIELENRAUHAA,C,TUOTTAJA,02.12.2025
ANTTI RAILIO,RUOSTUNUT ANKKURI,M,MEL60,
ANTTI RAILIO,SAMAAN MARMORIIN,M,MDV69,
ANTTI RAILIO,SULAVA JÄÄ,M,SAT08,
ANTTI RAILIO,VARPUNEN JOULUAAMUNA,C,TUOTTAJA,02.12.2025
ANTTI RAISKI,ANGELLE,M,MEL18Z,
ANTTI RAISKI,LÄHDÖN HETKI,M,MEL13Z,
ANTTI RAISKI,LÄHDÖN HETKI,C,MELPLAY,02.07.2024
ANTTI RAISKI,MAKEAA,M,MEL29X,
ANTTI RAISKI,ONNI,M,MG19,20.03.2026
ANTTI RAISKI,ROSALITA,MF,FIN52,
ANTTI TUISKU,ATLANTTI,M,MEL55X,
ANTTI TUISKU,BLAABLAA (EN KUULE SANAAKAAN),M,SAT16,
ANTTI TUISKU,EN HALUA TIETÄÄ,K,POW17,
ANTTI TUISKU,EN HALUA TIETÄÄ,M,MEL33X,
ANTTI TUISKU,ENSIMMÄINEN KERTA,M,MEL44X,
ANTTI TUISKU,HYÖKYAALTO,M,MEL54,
ANTTI TUISKU,JUURET,K,LK14,
ANTTI TUISKU,JÄÄ TAI MEE,M,MEL60,
ANTTI TUISKU,KEINUTAAN,M,LK25,
ANTTI TUISKU,KEINUTAAN,C,RV@EV CHANNEL,05.03.2020
ANTTI TUISKU,PETO ON IRTI,M,SAT17,
ANTTI TUISKU,PYYDÄ MULTA ANTEEKS KUNNOLLA,M,SAT18,
ANTTI TUISKU,RAKKAUS ON,M,MDV59,
ANTTI TUISKU,RUKOUS,M,SAT06,
ANTTI TUISKU,SATA SALAMAA,M,LK25,
ANTTI TUISKU,TYHJÄ HUONE,K,LK05,
ANTTI TUISKU,TYHJÄ HUONE,M,MEL37Z,
ANTTI TUISKU,YKSINÄINEN,M,SAT04,
ANTTI TUISKU FT BOYAT,HANURI,M,MDV69,
ANTTI TUISKU FT BOYAT,HANURI,C,RV@EV CHANNEL,27.08.2020
ANTTI TUISKU FT JENNI,KAHDESTAAN,M,MEL36Z,
ANTTI TUISKU FT NIKKE ANKARA,PARTY (PAPIIDIPAADI),M,LK25,
APELSIN,CAPRI SAAREL (EST),M_U,EST1,
APELSIN,KODU JA RISTIKHEIN (EST),M_U,EST2,
APELSIN,LAULULILLED (EST),M_U,EST4,
APELSIN,SAAB SAAB (VANA JOE) (EST),M_U,EST1,
APELSIN,SEE VIIS (EST),M_U,EST1,
APELSIN,VIA BALTICA (EST),M_U,EST4,
APULANTA,0010,C_O,POY,13.01.2023
APULANTA,008 (HALLAA),C_O,POY,13.01.2025
APULANTA,9 VÄÄRÄÄ KÄTTÄ,C_O,POY,15.04.2023
APULANTA,ANNA MULLE PIISKAA,K,POW18SR4,
APULANTA,ANNA MULLE PIISKAA,M,MEL36Z,
APULANTA,ARMO,M,MEL36Z,
APULANTA,ARMO,C,MELPLAY,19.01.2021
APULANTA,HEI HEI MITÄ KUULUU,C_O,POY,03.11.2025
APULANTA,HIEKKA,M,MEL25X,
APULANTA,HIEKKA,C,TUOTTAJA,14.08.2022
APULANTA,ILONA,M,MEL53PRO,
APULANTA,JUMALA,C_O,POY,02.01.2025
APULANTA,KAIVO,M,MEL47Z,
APULANTA,KONEESEEN KADONNUT,M,MEL44X,
APULANTA,LOKIN PÄÄLLÄ LOKKI,C,ZOOM,05.04.2021
APULANTA,MAANANTAI,M,MEL55X,
APULANTA,MAANANTAI,C_O,POY,03.11.2025
APULANTA,MIKÄ KUULUU,M,SAT18,
APULANTA,PAHA IHMINEN,M,MEL54,
APULANTA,PAHEMPI TOISTAAN,M,POW29,
APULANTA,PAHEMPI TOISTAAN,M,SAT18,
APULANTA,PIHTIOTE,C_O,POY,02.06.2023
APULANTA,POLTETTU KARMA,M,SAT10,
APULANTA,SUN KOHDALLA,M,SAT15,
APULANTA,SYÖPÄ,M,MEL32X,
APULANTA,TEIT MEISTÄ KAUNIIN,K,POW18SR4,
APULANTA,TOINEN JUMALA,C,ZOOM,05.04.2021
APULANTA,VALOT PIMEYKSIEN REUNOILLA,M,COV08,
APULANTA,VALOT PIMEYKSIEN REUNOILLA,M,MDV65,
APULANTA,VASTEN MUN KASVOJA,K,LK04,
APULANTA,YKSI TOISENSA JÄLKEEN,M,MEL32X,
APULANTA,ZOMBEJA,M,MDV58,
AQUA,BARBIE GIRL,K,XP1,
ARCHIES,SUGAR SUGAR,K,XP1,
ARCTIC MONKEYS,R U MINE,C,KARAFUN,25.04.2022
ARES,MENESTYS ON PARAS TAPA KOSTAA,C,FIAT,25.05.2026
ARETHA FRANLIN,RESPECT,K,XP1,
ARGENT,HOLD YOUR HEAD UP,C,GOLDENCHORALE,05.08.2024
ARI KLEM,PIENI YSTÄVÄIN,C_O,POY,13.05.2026
ARI KLEM,PURPPURATAIVAS,K,POW07,
ARI KLEM,SADEMIES,M,KK2,
ARIANA GRANDE,7 RINGS,C,PARTYTYME,01.01.2026
ARIANA GRANDE,ONE LAST TIME,C,SINGKING,28.12.2025
ARIANA GRANDE,WE CAN'T BE FRIENDS (WAIT FOR YOU LOVE),C,ZOOM,05.01.2026
ARJA HAVAKKA,LOKKI,MF,FIN19A10,
ARJA HAVAKKA,LOKKI,K,POW15,
ARJA HAVAKKA,LOKKI,M,MDV17,
ARJA HAVAKKA,MAJAKKA,M,COV11,
ARJA HAVAKKA,MERI,M,MEL24X,
ARJA HAVAKKA,MUSTAT ENKELIT,M,MEL16Z,
ARJA HAVAKKA,NOVGORODIN RUUSU,M,MDV06,
ARJA HAVAKKA,SUN LAIVAS RANTAAN JÄÄDÄ TÄYTYI,M,MEL27X,
ARJA HAVAKKA,TIEDÄ MITÄ TAHDOT (THIS WORLD TODAY IS A MESS),C,FIAT,22.08.2026
ARJA HAVAKKA,TUULELLA EI OLE YSTÄVÄÄ,M,MEL67,
ARJA HAVAKKA,USKO PUOLET MITÄ NÄET,M,KK1,
ARJA HAVAKKA,USKO PUOLET MITÄ NÄET,M,MEL19Z,
ARJA KORISEVA,AVARUUS,M,MEL50X,
ARJA KORISEVA,ENKELIN SILMIN,MF,FIN37A15,
ARJA KORISEVA,ENKELIN SILMIN,K,POW01,
ARJA KORISEVA,ENKELIN SILMIN,M,MEL34Z,
ARJA KORISEVA,ENKELIN SILMIN ,MF,FIN3A4,
ARJA KORISEVA,HIENOHELMA,MF,FIN40A7,
ARJA KORISEVA,HYMYHUULET,C,FIAT,26.01.2026
ARJA KORISEVA,KAI VIRHEEN TEIN,MF,FIN14A3,
ARJA KORISEVA,KATTOJEN PRIMADONNA,MF,FIN22A1,
ARJA KORISEVA,KAUAS TUULI KULJETTAA,K,POW17,
ARJA KORISEVA,KOLME YÖTÄ JOULUUN,C,TUOTTAJA,02.12.2025
ARJA KORISEVA,KUIN HÄKKILINTU,M,MEL40X,
ARJA KORISEVA,KULTAISET KORVARENKAAT,M,MDV17,
ARJA KORISEVA,KUNINGASKOBRA,K,POW16,
ARJA KORISEVA,LEIPÄÄ LEMPEE LÄMPÖÖ,M,MDV66,
ARJA KORISEVA,ME KAKSI VAIN,MF,FIN4A7,
ARJA KORISEVA,MIELI MAAILMOJA JUOKSEE,MF,FIN34A10,
ARJA KORISEVA,NAURAN JA RAKASTAN,M,MEL29X,
ARJA KORISEVA,NIIN,M,MEL45Z,
ARJA KORISEVA,OLE PAISTEENA AURINGON,MF,FIN38A4,
ARJA KORISEVA,RAKASTUNUT NAINEN,MF,FIN21A1,
ARJA KORISEVA,RANNALLA,MF,FIN9A3,
ARJA KORISEVA,RANNALLA,K,POW15,
ARJA KORISEVA,RANNALLA,M,MDV23,
ARJA KORISEVA,SE ON RAKKAUTTA OIKEAA,C,MAURIK,10.09.2022
ARJA KORISEVA,TUULEN VÄRIT,C_O,POY,25.04.2025
ARJA KORISEVA,VALLOITAN KOKO MAAILMAN,MF,FIN40A1,
ARJA KORISEVA,VILLI ILTA,M,KK2,
ARJA KORISEVA,YÖ SAARISTOSSA,M,MEL46Z,
ARJA KORISEVA,YÖVIERAS,M,MG17,20.03.2026
ARJA KORISEVA & ARI KLEM,KUN MINUUN KOSKETAT,MF,FIN53,
ARJA KORISEVA & ARI KLEM,KUN MINUUN KOSKETAT,M,MDV10,
ARJA SAIJONMAA,ELÄMÄÄ JUOKSUHAUDOISSA,M,MEL34Z,
ARJA SAIJONMAA,KOTKAN RUUSU,MF,FIN1B9,
ARJA SAIJONMAA,KOTKAN RUUSU,MF,FIN37A11,
ARJA SAIJONMAA,KYYHKYNEN,MF,FIN14B4,
ARJA SAIJONMAA,MUSTANMEREN VALSSI,M,MEL34Z,
ARJA SAIJONMAA,PARTISAANIVALSSI,MF,FIN7B8,
ARJA SAIJONMAA,PARTISAANIVALSSI,C,FINNKARAOKE,02.07.2024
ARJA SAIJONMAA,PUHU MINULLE RAKKAUDESTA,C_O,POY,04.12.2023
ARJA SAIJONMAA,SYDÄNTEN SILTA,M,MDV10,
ARJA SAIJONMAA,TUSKA,MF,FIN31B5,
ARJA SAIJONMAA,TÄNÄÄN EN VOI LUOKSES TULLA,M,MEL34N,
ARJA SAIJONMAA,URALIN PIHLAJA,M,MDV11,
ARJA SAIJONMAA,YSTÄVÄN LAULU,MF,FIN1B5,
ARJA SAIJONMAA,YSTÄVÄN LAULU,MF,FIN35A14,
ARJA SAIJONMAA,YSTÄVÄN LAULU,K,POW15,
ARJA SAIJONMAA,YSTÄVÄN LAULU,M,MEL62,
ARJA SAIJONMAA,YÖ SAARISTOSSA,K,POW15,
ARMI AAVIKKO,ILTALOMA,M,MEL55X,
ARPPA,KUUSAMO,C_O,POY,16.02.2026
ART GARFUNKEL,BRIGHT EYES,K,XP1,
ARTO SOTAVALTA,EI MAITOA TÄNÄÄN,M,M60'S,
ARTO SOTAVALTA,KAUNIS SUNNUNTAI,M,MDV08,
ARTO SOTAVALTA,PÄIVÄT KUIN UNTA,MF,FIN30A9,
ARTO SOTAVALTA,PÄIVÄT KUIN UNTA,M,MEL38Z,
ARTO SOTAVALTA,PÄIVÄT KUIN UNTA,C,FINNKARAOKE,02.07.2024
ARTO SOTAVALTA,ROCK & ROLL (SAIT PARHAAT VUODET),C_O,POY,12.05.2026
ARTO SOTAVALTA,SEILAAN,MF,FIN29A2,
ARTO TAMMINEN,NELJÄN RUUHKA,K,LK09,
ARTO TAMMINEN,NELJÄN RUUHKA,M,MEL30X,
ARTO TAMMINEN,NELJÄN RUUHKA,C,LAULAVAKOIRA,27.09.2020
ARTO TAMMINEN,UTOPIAA,M,MEL02Z,
ARTTU SUUNTALA,JUOMARIN LAULU,M,MDV08,
ARTTU SUUNTALA,LAPSUUDEN PIHAPUU,M,MEL07,
ARTTU SUUNTALA,LAPSUUDEN PIHAPUU,M,NYT HUMPATAAN,
ARTTU WISKARI,AAAA,C,AW (POY),20.11.2025
ARTTU WISKARI,AVAIMET KÄTEEN,M,MDV61,
ARTTU WISKARI,IKUISESTI KAHDESTAAN,K,LK20,
ARTTU WISKARI,IKUISESTI KAHDESTAAN,M,MDV59,
ARTTU WISKARI,KAHVIMAITO,M,LK25,
ARTTU WISKARI,KAHVIMAITO,M,SAT16,
ARTTU WISKARI,KUN ME DISKOSSA SUUDELTIIN,M,LK25,
ARTTU WISKARI,KUN ME DISKOSSA SUUDELTIIN,M,MDV63,
ARTTU WISKARI,MEIDÄN BIISI,M,MDV68,
ARTTU WISKARI,MINNA,M,COV23,
ARTTU WISKARI,MINNA,C_O,POY,01.02.2025
ARTTU WISKARI,MONACO,C_O,POY,09.02.2023
ARTTU WISKARI,MÖKKITIE,K,LK17,
ARTTU WISKARI,MÖKKITIE,M,KPP40,
ARTTU WISKARI,MÖKKITIE,M,MEL54,
ARTTU WISKARI,NOKKAHUILU,M,COV14,
ARTTU WISKARI,SORATEIDEN SANKARIT,K,LK18,
ARTTU WISKARI,SORATEIDEN SANKARIT,M,SAT06,
ARTTU WISKARI,SUOMEN MUOTOISEN PILVEN ALLA,M,COV07,
ARTTU WISKARI,SYDÄMEENI JOULUN TEEN,C,TUOTTAJA,02.12.2025
ARTTU WISKARI,TUNTEMATON POTILAS,K,LK17,
ARTTU WISKARI,TUNTEMATON POTILAS,M,MDV57,
ARTTU WISKARI,TÄSSÄKÖ TÄÄ OLI,M,COV11,
ARTTU WISKARI,TÄSSÄKÖ TÄÄ OLI,C,RV@EV CHANNEL,29.08.2020
ARTTU WISKARI FT ULPU,SIRPA,M,LK23,
ARTTU WISKARI FT ULPU,SIRPA,M,SAT14,
ARTTU WISKARI FT ULPU,SIRPA (MIXED PASI LEHTINEN),C,2015 REMIXED,14.01.2020
ARTUR RINNE,ÕRNPUNASED PURJED (EST),M_U,EST2,
ARVI LIND,HYVIÄ UUTISIA,M,MEL22X,
ASHFORD & SIMPSON,SOLID,K,XP4,
ASKO KAMPPI,POHJOLAN PIDOT,M,POW30,
ASTE,NORMIPÄIVÄ,M,SAT02,
ASTE,YHDET SILLE,M,SAT14,
ASTE FT EVELINA,HIMALAJA,C_O,POY,22.11.2023
ASTON KALMARI,AIKUISTEN ALTAASEEN,C_O,POY,29.03.2024
ASTON KALMARI,AJAN VIRTA,C_O,POY,21.02.2024
ASTON KALMARI,KIITOS KUN ET VALINNU MUA,C_O,POY,29.07.2024
ASTON KALMARI,SININEN HUONE,C_O,POY,14.08.2024
ASTON KALMARI,ÄLÄ RAKASTU MINUUN,C_O,POY,08.03.2024
ATLANTA RHYTHM SECTION,GEORGIA RHYTHM,C,ENTERTAINMENT,04.05.2026
ATLANTIC STARR,ALWAYS,K,XP4,
ATLANTIC STARR,ALWAYS,M,PIO13A5,
ATOMIC KITTEN,THE TIDE IS HIGH,K,XP1,
ATOMIC KITTEN,THE TIDE IS HIGH,M,PT1,
ATOMIC KITTEN,WHOLE AGAIN,K,XP2,
ATOMIC KITTEN,WHOLE AGAIN,M,PT1,
ATOMIROTTA,AURINKOON,C,ZOOM,05.04.2021
ATOMIROTTA,AURINKOON,M,SAT14,
ATOMIROTTA,HIMA TAAS,M,MDV64,
ATOMIROTTA,NENÄ VIE,C_O,POY,11.04.2024
AULIKKI OKSANEN,SINUA SINUA RAKASTAN,MF,FIN21B7,
AURIUM,DAMONI,C,FIAT,08.02.2026
AURIUM,LEVOTON,C,FIAT,01.09.2026
AURIUM,LOPPUU TODELLISUUS,C,FIAT,23.08.2026
AURIUM,RIISUT MUA SALAA,C,FIAT,01.09.2026
AURIUM,USKOTKO MAGIAAN,C,FIAT,08.02.2026
AURORA,EILESEN AURINKO,M,SAT12,
AURORA,EILISEN AURINKO,M,LK24,
AURORA,KAIKKI MITÄ NÄÄT,M,LK25,
AURORA,KAIKKI MITÄ NÄÄT,M,MDV65,
AURORA,SE SOI,M,LK23,
AURORA,SE SOI,M,SAT13,
AURORA,TÄYDELLISET,M,SK4,
AURORA FT KEKO SALATA,SÄ HIFFAAT,M,LK25,
AURORA FT KEKO SALATA,SÄ HIFFAAT,M,SAT17,
AUTOPILOT OFF,MAKE A SOUND,C,TUOTTAJA,07.11.2024
AVA MAX,KINGS & QUEENS,C,ZOOM,25.04.2022
AVENGED SEVENFOLD,ALMOST EASY,C,CORE,01.08.2024
AVENGED SEVENFOLD,BAT COUNTRY,C,CCKARAOKE,02.08.2024
AVICII,HEY BROTHER,C,TRACKSPLANET,14.11.2023
B-52'S,LOVE SHACK,K,XP1,
BABLO,HILJAISUUDEN ÄÄNET (THE SOUND OF SILENCE),M,COV19,
BABLO,KAUAS VUORTEN TAA,M,MDV09,
BABLO,KAUAS VUORTEN TAA,C,MELPLAY,02.07.2024
BABLO,PERSEAUKISTEN KERHO,C,3700,15.11.2025
BABLO,REISSUMIES,M,COV11,
BABLO,TAIVAS SINIVALKOINEN,M,MDV12,
BACHELORS,RAMONA,K,XP2,
BACHMAN TURNER OVERDRIVE,TAKIN CARE OF BUSINESS,K,XP2,
BACHMAN TURNER OVERDRIVE,TAKIN' CARE OF BUSINESS,C,PARTYTYME,15.08.2024
BACKSLIDERS,NATIONAL NIGHTMARE,C_O_UK,POY,15.04.2023
BACKSTREET BOYS,EVERYBODY,C,CLOUD,29.04.2018
BACKSTREET BOYS,GET DOWN,M,MP&R2,
BACKSTREET BOYS,I WANT IT THAT WAY,C,CHANNEL,11.03.2022
BACKSTREET BOYS,I'LL NEVER BREAK YOUR HEART,M,MP&R2,
BACKSTREET BOYS,QUIT PLAYING GAMES WITH MY HEART,M,MP&R2,
BACKSTREET BOYS,SHOW ME THE MEANING OF BEING LONELY,C,VL,02.07.2024
BAD BOYS BLUE,YOU'RE A WOMAN,C,KARAFUN,25.04.2022
BAD COMPANY,CAN'T GET ENOUGH,K,XP4,
BAD COMPANY,FEEL LIKE MAKIN' LOVE,C,SOUNDCHOICE,25.04.2022
BAD COMPANY,FEEL LIKE MAKING LOVE,K,XP2,
BAD ENGLISH,WHEN I SEE YOU SMILE,C,KARAFUN,25.04.2022
BAD WOLVES,ZOMBIE,C,SINGKING,13.12.2019
BADDING ROCKERS,ROCK'N ROLL KEIJUKAINEN,M,M60'S,
BAMBOLEROS,TULE KANSSANI KYLPYYN,M,MDV10,
BANANARAMA,VENUS,K,XP3,
BANANARAMA,VENUS,C,ZOOM,18.08.2024
BANGLES,ETERNAL FLAME,K,XP2,
BANGLES,MANIC MONDAY,K,XP3,
BANGLES,WALK LIKE AN EGYPTIAN,K,XP3,
BANGLES,WALK LIKE AN EGYPTIAN,M,MP&R2,
BARATHRUM,LAST DAY IN HEAVEN,M,HEVI 1,
BARBADOS,KOM HEM (SWE),M_U,SWE,
BARBRA STREISAND,DON'T RAIN ON MY PARADE,K,XP3,
BARBRA STREISAND,EVERGREEN,K,XP4,
BARBRA STREISAND,EVERGREEN,M,PIO007,
BARBRA STREISAND,MEMORY (THE CATS),C,MEMORY,17.09.2025
BARBRA STREISAND,PEOPLE,M,PIO007,
BARBRA STREISAND,WOMAN IN LOVE,K,XP4,
BARIS MANÇO,BEN BILIRIM (TUR),C_U,TUR,25.04.2022
BARRY MANILOW,MANDY,K,XP1,
BARRY MANILOW,READY TO TAKE A CHANGE AGAIN,C,STAR,19.02.2021
BASS'N HELEN,TAISTELUNI,C,FIAT,22.08.2026
BASSHUNTER,BOTEN ANNA (SWE),C_U,SWE,25.04.2022
BAT & RYYD,EHTAA TAVARAA,C,FIAT,02.12.2025
BAT & RYYD,EHTAA TAVARAA,M,POW30,
BAT & RYYD,LENTÄVÄ PULIUKKO,M,POW30,
BAT & RYYD,YKÄN KONE,C,FIAT,26.01.2026
BATTLE BEAST,KING FOR A DAY,C,BELLYSINGS,13.04.2024
BATTLE BEAST,STROIGHT TO THE HEART,C,BELLYSINGS,13.04.2024
BB KING,THE THRILL IS GONE,C,CHANNEL,02.07.2024
BEAST IN BLACK,BLIND AND FROZEN,C,3700,15.11.2025
BEAT,FRI,M,KSF1Z,
BEAUTIFUL SOUTH,ROTTERDAM,K,XP1,
BEE,SILKKIIN VERHOILTUNA,C,KUNINGAS,11.05.2026
BEE,SÄ PUHUIT ENKELEISTÄ,C,FIAT,25.05.2026
BEE,TEQUILAKAHVI,C_O,POY,18.08.2023
BEE,VIIMEISIÄ SANOJA,C_O,POY,24.01.2024
BEHM,AURINGON SUUTELEMA,C_O,POY,24.07.2024
BEHM,ETHÄN TARKOITTANUT SITÄ,C_O,POY,26.07.2024
BEHM,FRIDA,M,COV11,
BEHM,HEI RAKAS,M,COV13,
BEHM,HEI RAKAS,C,RV@EV CHANNEL,05.03.2020
BEHM,KAIKEN ARVOINEN,C,KUNINGAS,05.11.2025
BEHM,LUPAAN,C_O,POY,06.10.2023
BEHM,PÄÄSTÄ VARPAISIIN,C_O,POY,09.03.2023
BEHM,SATA VUOTTA,C,FIAT,02.12.2025
BEHM,SINÄ LÄHDET MINÄ JÄÄN,C_O,POY,05.09.2024
BEHM,SYNTYMÄPAIVÄ! (VIELÄ KRRAN JEE),C_O,POY,23.04.2024
BEHM,TIVOLIT,M,COV15,
BEHM FT OLAVI UUSIVIRTA,VIIMEINEN TANSSI,M,COV22,
BEHM FT OLAVI UUSIVIRTA,VIIMEINEN TANSSI,C_O,POY,20.07.2023
BELINDA CARLISLE,HEAVEN IS A PLACE ON EARTH,K,XP1,
BELINDA CARLISLE,MAD ABOUT YOU,M,PIO1B3,
BELLAMY BROTHERS,IF I SAID YOU HAD A BEAUTIFUL BODY,K,XP3,
BELLAMY BROTHERS,LET YOUR LOVE FLOW,K,XP3,
BELLAMY BROTHERS,REDNECK GIRL,K,XP3,
BEN E KING,STAND BY ME,K,XP1,
BENJAMIN,BENSAA TULIPALOON,C,FIAT,16.12.2025
BENJAMIN,TOMMI (SEKSIPOMMI),C,FIAT,20.04.2026
BENJAMIN ENROTH,SÄRKYNEET,C_O,POY,02.01.2025
BERIT,HELLI MUA HILJAA,MF,FIN42A4,
BERIT,KATULYHDYT,M,MEL21Z,
BERIT,KENPÄ TIETÄIS SEN,M,MELVALS,
BERIT,KEURUSSELÄN SINI,MF,FIN22B3,
BERIT,KEURUSSELÄN SINI,M,NYT HUMPATAAN,
BERIT,KUUNSILTAA KULKEA SAIN,M,COV19,
BERIT,ODESSA,K,POW15,
BERIT,ODESSA,M,MEL43Z,
BERIT,PREERIAN KELTAINEN RUUSU,M,MDV09,
BERIT,PREERIAN KELTAINEN RUUSU,C,MELPLAY,29.07.2016
BERIT,SATTUMA KULJETTAA,M,MDV08,
BERIT,SINÄ OLET HÄN,M,MDV08,
BERIT,YSTÄVÄNI MUISTATHAN KARJALAN,C_O,POY,07.04.2024
BERLIN,TAKE MY BREATH AWAY,K,XP1,
BERTIE HIGGINS,CASABLANCA,M,TOPHIT27,
BESS,AJATUSTENLUKIJA,C,KUNINGAS,11.05.2026
BESS,KUUDES AISTI,C,FIAT,01.09.2026
BESS,RAM PAM PAM,M,COV18,
BESS,RAM PAM PAM,C_O,POY,20.09.2022
BESS,SAMMUMATON,C,KUNINGAS,11.05.2026
BESS JA KÄÄRIJÄ,KAISTAA,C_O,POY,17.12.2025
BETTE MIDLER,FROM A DISTANCE,C,SINGKING,10.10.2023
BETTE MIDLER,THE ROSE,K,XP1,
BETTE MIDLER,WIND BENEATH MY WINGS,K,XP1,
BEYONCE,HALO,C,POCKET3,04.08.2022
BEYONCE,SORRY,C,SINGKING,11.11.2021
BEYONCE AND JAY Z,CRAZY IN LOVE,K,XP1,
BEYONCE FT SEAN PAUL,BABY BOY,K,XP4,
BIG BOPPER,CHANTILLY LACE,K,XP4,
BIG MOUNTAIN,BABY I LOVE YOUR WAY,C,KARAFUN,18.07.2024
BILL HALEY & THE COMETS,ROCK AROUND THE CLOCK,K,XP1,
BILL HALEY & THE COMETS,ROCK AROUND THE CLOCK,M,PIO1A1,
BILL WITHERS,AIN'T NO SUNSHINE,C,CHANNEL,25.04.2022
BILL WITHERS,LEAN ON ME,K,XP4,
BILLIE EILISH,NO TIME TO DIE,C,KUNINGAS,05.11.2025
BILLIE JO SPEARS,BLANKET ON THE GROUND,K,XP3,
BILLIE JO SPEARS,WHICH WAY YOU GOIN' BILLY,K,XP2,
BILLY FURY,CANDY KISSES,K,XP2,
BILLY FURY,HALFWAY TO PARADISE,K,XP1,
BILLY FURY,LAST NIGHT WAS MADE FOR LOVE,K,XP3,
BILLY IDOL,ADAM IN CHAINS,C,FUNBOX,25.09.2022
BILLY IDOL,BITTER TASTE,C,ZOOM,13.11.2022
BILLY IDOL,BITTER TASTE (ACOUSTIC VER),C_O_U,POY,18.01.2026
BILLY IDOL,CRADLE OF LOVE,C,ZOOM,24.04.2022
BILLY IDOL,DANCING WITH MYSELF,C,CCKARAOKE,03.08.2024
BILLY IDOL,EYES WITHOUT A FACE,C,ZOOM,08.04.2022
BILLY IDOL,FLESH FOR FANTASY,C,ANDRADE85,04.08.2024
BILLY IDOL,HOT IN THE CITY,M,MP&R2,
BILLY IDOL,JOHN WAYNE,C,BK MUSIC,10.06.2023
BILLY IDOL,MONY MONY,K,XP3,
BILLY IDOL,MONY MONY,C,CCKARAOKE,09.08.2024
BILLY IDOL,REBEL YELL,C,KARAOKE,24.08.2020
BILLY IDOL,SHOCK TO THE SYSTEM,C,ZOOM,25.09.2022
BILLY IDOL,SPEED,C,CCKARAOKE,06.12.2019
BILLY IDOL,SWEET SIXTEEN,C,ZOOM,27.09.2020
BILLY IDOL,SWEET SIXTEEN,M,MP&R1,
BILLY IDOL,WHITE WEDDING,K,XP1,
BILLY IDOL,WHITE WEDDING,C,ZOOM,18.08.2024
BILLY IDOL,WHITE WEDDING,M,MP&R2,
BILLY J KRAMER & THE DAKOTAS,BAD TO ME,C,ZOOM,25.04.2022
BILLY JOEL,HONESTY,C,KARAFUN,25.04.2022
BILLY JOEL,JUST THE WAY YOU ARE,K,XP4,
BILLY JOEL,JUST THE WAY YOU ARE,C,RLUCRA,25.04.2022
BILLY JOEL,PIANO MAN,C,CHANNEL,25.04.2022
BILLY JOEL,TELL HER ABOUT IT,K,XP4,
BILLY JOEL,UPTOWN GIRL,K,XP1,
BILLY OCEAN,CARIBBEAN QUEEN,C,EK,06.03.2023
BILLY OCEAN,SUDDENLY,C,ZOOM,18.06.2023
BILLY PAUL,ME AND MRS JONES,K,XP2,
BILLY RAY CYRUS,ACHY BREAKY HEART,K,XP1,
BILLY STEWART,SUMMERTIME,M,DKG16,
BING CROSBY & THE ANDREWS SISTERS,GET YOUR KICKS ON ROUTE 66,C,KARAFUN,06.08.2023
BIRGI,ME KAKSI,C,FIAT,25.05.2026
BIRGI,OON SUN LÄHELLÄ,C,FIAT,25.05.2026
BIRGI,TUBETTAJA,C,FIAT,22.08.2026
BIRGIT KRONSTRÖM,KATUPOIKIEN LAULU,MF,FIN37B13,
BIRGIT KRONSTRÖM,KATUPOIKIEN LAULU,MF,FIN4B10,
BJ THOMAS,HOOKED ON A FEELING,K,XP4,
BJÖRK,IT'S OH SO QUIET,K,XP1,
BJÖRN AFZELIUS,SÅNG TILL FRIHETEN (SWE),M_U,SWE,
BLACK,WONDERFUL LIFE,C,RATTAY,25.01.2017
BLACK,WONDERFUL LIFE,M,MP&R2,
BLACK BETTY,RAM JAM,C,ZOOM,02.08.2024
BLACK SABBATH,EVIL WOMAN,C,SCREAM QUEEN (POY),19.12.2022
BLACK SABBATH,HEAVEN AND HELL,C,PARTYTYME,05.08.2024
BLACK SABBATH,IRON MAN,K,XP3,
BLACK SABBATH,IRON MAN,C,CHANNEL,06.08.2024
BLACK SABBATH,NEON KNIGHTS,C,MRENTERTAINER,09.08.2024
BLACK SABBATH,NIB,C,CCKARAOKE,10.08.2024
BLACK SABBATH,PARANOID,M,HR1,
BLACK SABBATH,PARANOID,M,MELPLAY,
BLACK SABBATH,PARANOID,C,CHANNEL,11.12.2020
BLACK SABBATH,SNOWBLIND,C,CHANNEL,15.08.2024
BLACK SABBATH,SWEET LEAF,K,XP2,
BLACK SABBATH,SWEET LEAF,C,CCKARAOKE,15.08.2024
BLACK SABBATH,THE MOB RULES,C,CHANNEL,16.08.2024
BLACK SABBATH,WAR PIGS,K,XP2,
BLACK SABBATH,WAR PIGS,C,CHANNEL,18.08.2024
BLACK SABBATH,ZERO THE HERO,C,KARAMETAL,30.07.2025
BLACK VELVET,TÄHESÕJAD (EST),M_U,EST4,
BLINK 182,ALL THE SMALL THINGS,K,XP1,
BLINK 182,STAY TOGETHER FOR THE KIDS,C,ROCK,15.08.2024
BLINK 182,THE ROCK SHOW,C,CCKARAOKE,16.08.2024
BLONDIE,ATOMIC,K,XP2,
BLONDIE,CALL ME,K,XP1,
BLONDIE,CALL ME,C,ZOOM,02.08.2024
BLONDIE,HEART OF GLASS,K,XP4,
BLONDIE,HEART OF GLASS,C,GOODSONGS,30.04.2022
BLONDIE,HEART OF GLASS,M,MP&R2,
BLONDIE,MARIA,M,MP&R3,
BLONDIE,ONE WAY OR ANOTHER,C,ZOOM,30.04.2022
BLOOD SWEAT & TEARS,SPINNING WHEEL,K,XP4,
BLOOD SWEAT & TEARS,SPINNING WHEEL,C,KARAFUN,15.08.2024
BLOOD SWEAT & TEARS,SPINNING WHEEL,M,PIO020,
BLU CANTRELL,BREATHE,K,XP4,
BLUE,BREATHE EASY,K,XP2,
BLUE,ONE LOVE,M,PT1,
BLUE SWEDE,HOOKED ON A FEELING,C,KARAFUN,25.04.2022
BLUE ÖYSTER CULT,BURNIN' FOR YOU,C,CHANNEL,02.08.2024
BLUE ÖYSTER CULT,DON'T FEAR THE REAPER,C,SINGKING,03.08.2024
BLUE ÖYSTER CULT,GODZILLA,C,PARTYTYME,05.08.2024
BLUEBELLS,YOUNG AT HEART,K,XP3,
BOB & MARCIA,PIED PIPER,K,XP2,
BOB & MARCIA,YOUNG GIFTED AND BLACK,K,XP2,
BOB DYLAN,BLOWIN' IN THE WIND,C,CHANNEL,03.07.2016
BOB DYLAN,LAY LADY LAY,M,PIO020,
BOB DYLAN,ONE MORE CUP OF COFFEE,C,ZZANG,13.12.2019
BOB MARLEY,COULD YOU BE LOVED,C,REGGAE,29.04.2022
BOB MARLEY,I SHOT THE SHERIFF,K,XP4,
BOB MARLEY,IS THIS LOVE,C,REGGAE,25.04.2022
BOB MARLEY,JAMMIN',K,XP4,
BOB MARLEY,NO WOMAN NO CRY,M,EXT1,
BOB MARLEY,NO WOMAN NO CRY,K,XP1,
BOB MARLEY,NO WOMAN NO CRY,C,SERIES,25.04.2022
BOB MARLEY,ONE LOVE,C,MINUSONE,25.04.2022
BOB MARLEY,TEDDY AFRO (ቴዲ አፍሮ) (AMH  ኤኤምኤች),C_U,AMH,19.12.2022
BOB SEGER & THE SILVER BULLET BAND,NIGHT MOVES,C,KARAFUN,25.04.2022
BOB SEGER & THE SILVER BULLET BAND,OLD TIME ROCK & ROLL,K,XP4,
BOB SEGER & THE SILVER BULLET BAND,OLD TIME ROCK & ROLL,C,CHANNEL,25.04.2022
BOB SEGER & THE SILVER BULLET BAND,OLD TIME ROCK & ROLL,M,PIO005,
BOB SEGER & THE SILVER BULLET BAND,STILL THE SAME,C,KARAFUN,25.04.2022
BOB SEGER & THE SILVER BULLET BAND,TILL IT SHINES,C,BIGD,02.07.2024
BOB SEGER & THE SILVER BULLET BAND,TURN THE PAGE,C,PARTYTYME,16.05.2026
BOBBIE HEBB,SUNNY,M,PIO1A5,
BOBBY DARIN,BEYOND THE SEA,K,XP4,
BOBBY DARIN,MACK THE KNIFE,K,XP1,
BOBBY DAY,ROCKIN' ROBIN,M,PIO13B4,
BOBBY MCFERRIN,DON'T WORRY BE HAPPY,M,PIO018,
BOBBY VEE,TAKE GOOD CARE OF MY BABY,K,XP4,
BOBBY VEE,THE NIGHT HAS A THOUSAND EYES,K,XP3,
BOBBY VEE,VENUS IN BLUE JEANS,K,XP2,
BOBBY YARSULIK,MINECRAFT THE SONG,C,TUOTTAJA,13.04.2024
BOCART CO,PRINCESS,C_O_UK,POY,04.01.2026
BODYROCKERS,I LIKE THE WAY,K,XP2,
BOMFUNK KIRKAS,FREESTYLER LYÖ,C_O,POY,29.08.2025
BOMFUNK MC'S,FREESTYLER,M,SAT11,
BON JOVI,ALWAYS,M,MP&R2,
BON JOVI,BAD MEDICINE,C,SINGKING,02.08.2024
BON JOVI,BED OF ROSES,C,RLUCRA,26.02.2020
BON JOVI,BORN TO BE MY BABY,C,KARAOKEJP,02.08.2024
BON JOVI,EVERYDAY,C,MYALLTIME,04.08.2024
BON JOVI,IT'S MY LIFE,K,XP1,
BON JOVI,IT'S MY LIFE,M,MP&R2,
BON JOVI,KEEP THE FAITH,C,PINOY,08.08.2024
BON JOVI,LAY YOUR HANDS ON ME,C,8MJAM,08.08.2024
BON JOVI,LIVIN' ON A PRAYER,M,HR1,
BON JOVI,LIVIN' ON A PRAYER,C,SOUNDCHOICE,28.03.2018
BON JOVI,NEVER SAY GOODBYE,C,ZZANG,18.04.2026
BON JOVI,RUNAWAY,C,LETSSING,19.09.2023
BON JOVI,THIS AIN'T A LOVE SONG,C,PINOY,16.08.2024
BON JOVI,WANTED DEAD OR ALIVE,K,XP1,
BON JOVI,WANTED DEAD OR ALIVE,C,KTV,03.04.2018
BON JOVI,WHO SAYS YOU CAN'T GO HOME,K,XP4,
BON JOVI,YOU GIVE LOVA A BAD NAME,C,MELPLAY,02.07.2024
BON JOVI,YOU GIVE LOVE A BAD NAME,M,HR1,
BON JOVI,YOU GIVE LOVE A BAD NAME,K,XP4,
BONEY M,BELFAST,M,MP&R2,
BONEY M,DADDY COOL,K,XP3,
BONEY M,DADDY COOL,C,CHANNEL,11.12.2020
BONEY M,RIVERS OF BABYLON,K,XP3,
BONEY M,RIVERS OF BABYLON,C,ZOOM,30.09.2014
BONEY M,SUNNY,C,HOKE,31.05.2022
BONNIE RAITT,SOMETHING TO TALK ABOUT,K,XP4,
BONNIE TYLER,HOLDING OUT FOR A HERO,C,SINGKING,05.08.2024
BONNIE TYLER,HOLING OUT FOR A HERO,K,XP1,
BONNIE TYLER,IT'S A HEARTACHE,C,CLOUD,06.12.2019
BONNIE TYLER,TOTAL ECLIPSE OF THE HEART,K,XP3,
BONOBO,WALK IN THE SKY,C,CCKARAOKE,22.09.2024
BONOBO FT ANDREYA TRIANAN,EYESDOWN,C,NIKOKARRAS,22.09.2024
BONOBO FT GREY REVEREND,THE FIRST FIRES,C,NIKOKARRAS,22.09.2024
BORIS LEHTLAAN,MA TAHAKSIN KODUS OLLA (EST),M_U,EST4,
BORIS LEHTLAAN,MARIA PÄRAST (EST),M_U,EST4,
BORIS LEHTLAAN,MU VÄIKE MAAILM (EST),M_U,EST2,
BORIS LEHTLAAN,OB LA DI OB LA DA (EST),M_U,EST2,
BORIS LEHTLAAN,SUURES LINNAS (EST),M_U,EST4,
BORIS LEHTLAAN,VALGEMAST VALGEM (EST),M_U,EST4,
BOSSE JA ROBERT,NELLYN PALMIKKO,MF,FIN45B9,
BOSSE JA ROBERT,NELLYN PALMIKKO,M,MEL04X,
BOSTON,A MAN I'LL NEVER BE,C,CHANNEL,01.08.2024
BOSTON,MORE THAN A FEELING,C,ZOOM,25.10.2022
BOSTON,PEACE OF MIND,C,CCKARAOKE,05.01.2023
BOULEVARD,NAURAVAT SILMÄT MUISTETAAN,M,KSF1Z,
BOYCE AVENUE,I WILL ALWAYS LOVE YOU,C,KARAFUN,18.07.2024
BOYS TOWN GANG,CAN'T TAKE MY EYES OF YOU,K,XP2,
BOYZ 2 MEN,END OF THE ROAD,K,XP1,
BOYZONE,BABY CAN I HOLD YOU,K,XP4,
BOYZONE,FATHER AND SON,C,ZOOM,14.10.2023
BOYZONE,YOU NEEDED ME,K,XP4,
BRANDSTA CITY SLÄCKERS,KOM OCH TA MIG (SWE),M_U,SWE,
BREAD,BABY I'M A WANT YOU,K,XP2,
BREAD,EVERYTHING I OWN,C,KARAFUN,29.04.2022
BREAD,MAKE IT WITH YOU,K,XP4,
BREAKING BENJAMIN,FOREVER,C,TUOTTAJA,13.04.2024
BREAKING BENJAMIN,RAIN,C,TUOTTAJA,13.04.2024
BREAKING BENJAMIN,UNTIL THE END,K,XP4,
BRENDA LEE,ALL ALONE AM I,C,EK,21.03.2022
BRENDA LEE,I'M SORRY,K,XP1,
BRENDA LEE,JINGLE BELL ROCK,C,ZOOM,25.04.2022
BRENDA LEE,ROCKIN' AROUND THE CHRISTMAS TREE,C,ZOOM,31.10.2022
BRIAN HYLAND,SEALED WITH A KISS,M,MP&R1,
BRIAN MAY,TOO MUCH LOVE WILL KILL YOU,C,EK,22.02.2025
BRITA KOIVUNEN,KASAKKAPARTIO,M,MEL15Z,
BRITA KOIVUNEN,KATINKA,MF,FIN20B8,
BRITA KOIVUNEN,KUINKA PALJON RAKKAUTTA,MF,FIN12A7,
BRITA KOIVUNEN,KÄY TANSSIMAAN,MF,FIN18A6,
BRITA KOIVUNEN,MUA LEMMITKÖ VIELÄ OI KUSTAA,M,MEL15Z,
BRITA KOIVUNEN,MUSTAT SILMÄT,MF,FIN10B1,
BRITA KOIVUNEN,NEITI SIEVÄNEN JA MINÄ,M,MEL18Z,
BRITA KOIVUNEN,SAKU SAMMAKKO,M,MDV09,
BRITA KOIVUNEN,SUCU SUCU,M,MDV08,
BRITA KOIVUNEN,SUKIYAKI,M,MEL33X,
BRITA KOIVUNEN,SUKLAASYDÄN,MF,FIN2B6,
BRITA KOIVUNEN,SUKLAASYDÄN,MF,FIN39A12,
BRITA KOIVUNEN,SUKLAASYDÄN,K,POW03,
BRITA KOIVUNEN,SUKLAASYDÄN,M,MEL26X,
BRITNEY SPEARS,(YOU DRIVE ME) CRAZY,M,MP&R3,
BRITNEY SPEARS,BABY ONE MORE TIME,K,XP1,
BRITNEY SPEARS,BABY ONE MORE TIME,M,PT1,
BRITNEY SPEARS,CRIMINAL,C,PARTYTYME,20.08.2022
BRITNEY SPEARS,EVERYTIME,K,XP2,
BRITNEY SPEARS,I'M NOT A GIRL NOT YET A WOMAN,C,TRACKSPLANET,31.08.2026
BRITNEY SPEARS,LUCKY,M,MP&R3,
BRITNEY SPEARS,OOPS I DID IT AGAIN,K,XP1,
BRITNEY SPEARS,PIECE OF ME,K,XP4,
BRITNEY SPEARS,TOXIC,K,XP1,
BROADCAST,YOU BREAK MY HEART,MF,FIN46B10,
BROADCAST,YOU BREAK MY HEART,C,SATNIGHT,04.07.2022
BROADCAST,YOU BREAK MY HEART,M,SATC02,
BROADCAST,YOU BREAK MY HEART,C_O_UK,POY,16.07.2023
BRONSKI BEAT,SMALLTOWN BOY,C,ZOOM,24.04.2022
BROOKS & DUNN,BOOT SCOOTIN' BOOGIE,K,XP4,
BROOKS & DUNN,LITTLE MISS HONKY TONK,C,CHANNEL,19.01.2025
BROTHER FIRETRIBE,MIDNITE QUEEN,M,HEVI 4,
BROTHERHOOD OF MAN,SAVE YOUR KISSES FOR ME,K,XP3,
BRUCE DICKINSON,MAN OF SORROWS,C,ANDRADE85,15.01.2023
BRUCE DICKINSON,TEARS OF THE DRAGON,C,BRASIL,09.02.2020
BRUCE SPRINGSTEEN,BORN IN THE USA,M,MP&R1,
BRUCE SPRINGSTEEN,BORN TO RUN,C,ZOOM,02.08.2024
BRUCE SPRINGSTEEN,DANCING IN THE DARK,C,ZOOM,30.03.2024
BRUCE SPRINGSTEEN,GLORY DAYS,C,ZOOM,05.08.2024
BRUCE SPRINGSTEEN,I'M ON FIRE,C,ZOOM,09.07.2023
BRUCE SPRINGSTEEN,THE RIVER,C,KARAFUN,29.07.2018
BRUNO MARS,TALKING TO THE MOON,C,MUSISI,07.10.2024
BRUNO MARS,WHEN I WAS YOUR MAN,C,MUSISI,20.03.2022
BRYAN ADAMS,(EVERYTHING I DO) I DO IT FOR YOU,K,XP2,
BRYAN ADAMS,(EVERYTHING I DO) I DO IT FOR YOU,C,RLUCRA,05.04.2018
BRYAN ADAMS,(EVERYTHING I DO) I DO IT FOR YOU,M,SKD606,
BRYAN ADAMS,BACK TO YOU,M,MP&R2,
BRYAN ADAMS,CAN'T STOP THIS THING WE STARTED,K,XP3,
BRYAN ADAMS,CUTS LIKE A KNIFE,K,XP3,
BRYAN ADAMS,DO I HAVE TO SAY THE WORDS,M,SKD606,
BRYAN ADAMS,EVERYBODY KNOWS,K,XP4,
BRYAN ADAMS,GET HERE,K,XP1,
BRYAN ADAMS,HEAVEN,C,ZOOM,24.04.2022
BRYAN ADAMS,I'LL ALWAYS BE RIGHT THERE,M,SKD606,
BRYAN ADAMS,PLEASE FORGIVE ME,M,EXT1,
BRYAN ADAMS,PLEASE FORGIVE ME,M,SKD606,
BRYAN ADAMS,RUN TO YOU,K,XP3,
BRYAN ADAMS,STRAIGHT FROM THE HEART,C,RLUCRA,29.11.2020
BRYAN ADAMS,STRAIGHT FROM THE HEART,M,SKD606,
BRYAN ADAMS,SUMMER OF '69,K,XP2,
BRYAN ADAMS,SUMMER OF '69,C,KARAFUN,05.04.2018
BRYAN ADAMS,WE'RE GONNA WIN (PELICANS),C_O_U,POY,15.12.2023
BRYAN ADAMS & BARBRA STREISAND,I FINALLY FOUND SOMEONE,M,SKD606,
BRÄDI & REDRAMA,LÄMPÖÖ,K,LK19,
BRÄDI FT ILLI,HAPPEE,M,SAT08,
BUCK OWENS,I DON'T CARE (JUST AS LONG AS YOU LOVE ME),C,KARAFUN,25.04.2022
BUCKCHERRY,SORRY,K,XP4,
BUCKS FIZZ,MAKING YOUR MIND UP,K,XP3,
BUDDY HOLLY,BROWN EYED HANDSOME MAN,K,XP2,
BUDDY HOLLY,EVERYDAY,M,MP&R1,
BUDDY HOLLY,IT'S SO EASY,M,PIO007,
BUDDY HOLLY,OH BOY!,C,KARAFUN,25.04.2022
BUDDY HOLLY,PEGGY SUE,M,DKG16,
BUDDY HOLLY,PEGGY SUE,K,XP1,
BUDDY HOLLY,READY TEDDY,K,XP2,
BUDDY HOLLY,THAT'LL BE THE DAY,M,PIO005,
BUGGLES,VIDEO KILLED THE RADIO STAR,K,XP3,
BULLET FOR MY VALENTINE,HEARTS BURST INTO FIRE,C,CORE,18.09.2022
BURT BACHARACH,WHAT THE WORLD NEEDS NOW IS LOVE,M,PIO13A2,
BUSTED,YOU SAID NO,K,XP3,
CARITA HOLMSRÖM,ÄLÄ MENE POIS,M,KSF1Z,
CARLY RAE JEPSEN,CALL ME MAYBE,C,SINGKING,26.11.2023
CARLY SIMON,NOBODY DOES IT BETTER,K,XP4,
CARLY SIMON,YOU'RE SO VAIN,K,XP1,
CAROLA,ARMONAIKAA,M,MDV20,
CAROLA,EI AINA KÄY NIIN KUIN HAAVEILLAAN,MF,FIN38B1,
CAROLA,HERROJEN KANSSA PELLON LAIDASSA,M,MEL13Z,
CAROLA,JERUSALEM,M,SASO12,
CAROLA,JOET TULVIMAAN ITKE,MF,FIN43B1,
CAROLA,KIELLETYT LEIKIT,MF,FIN44A14,
CAROLA,KIELLETYT LEIKIT,MF,FIN6B7,
CAROLA,NOUSEE PÄIVÄ,MF,FIN37B9,
CAROLA,NOUSEE PÄIVÄ,C,FINNHITS,18.10.2015
CAROLA,NUORI TUMMA,MF,FIN37A5,
CAROLA,PENKKI PUU JA PUISTOTIE,MF,FIN38A6,
CAROLA,PENKKI PUU JA PUISTOTIE,K,LK07,
CAROLA,RAKASTAN SAAVUTHAN,M,MDV09,
CAROLA,RAKKAUDEN JÄLKEEN,MF,FIN12A6,
CAROLA,RAKKAUDEN JÄLKEEN,M,MDV14,
CAROLA,RAKKAUDEN JÄLKEEN,C,KARAOKETÄHTI,02.07.2024
CAROLA,RANSKALAISET KOROT,C,KARAOKETÄHTI,02.07.2024
CAROLA & THE BOYS,JO RIITTÄÄ,M,MEL44X,
CAROLA & THE BOYS,MAAILMAIN (END OF THE WORLD),M,MEL24X,
CAROLA & THE BOYS,MAAILMAIN (END OF THE WORLD),C,MELPLAY,02.07.2024
CAROLE KING,I FEEL THE EARTH MOVE,K,XP4,
CAROLE KING,IT’S TOO LATE,M,DKG16,
CAROLE KING,YOU'VE GOT A FRIEND,M,PIO13B13,
CARPENTERS,CLOSE TO YOU,K,XP1,
CARPENTERS,ONLY YESTERDAY,M,MP&R2,
CARPENTERS,SING,M,PIO13A6,
CARPENTERS,THE END OF THE WORLD,C,VERSION,01.04.2024
CARPENTERS,THIS MASQUERADE,M,PIO13A1,
CARPENTERS,TOP OF THE WORLD,M,PIO1A10,
CARPENTERS,WE'VE ONLY JUST BEGUN,K,XP1,
CARPENTERS,YESERDAY ONCE MORE,M,PIO1A9,
CARPENTERS,YESTERDAY ONCE MORE,K,XP1,
CARRAPICHO,TIC TIC TAC,M,MP&R3,
CASCADA,EVACUATE THE DANCEFLOOR,C,POCKET24,04.08.2022
CASCADA,EVERYTIME WE TOUCH,K,XP3,
CAT CAT,AAMULLA VARHAIN,C,KANSANLAULUT,17.08.2022
CAT CAT,AURINKOTANSSIJA,M,MEL55X,
CAT CAT,BYE BYE BABY,MF,FIN12A2,
CAT CAT,BYE BYE BABY,M,SAT03,
CAT CAT,KAUNIS ELÄMÄ,M,COV19,
CAT CAT,YKSIN SATEESEEN,M,SAT05,
CAT STEVENS,FATHER AND SON,K,XP3,
CAT STEVENS,FATHER AND SON,C,KARAFUN,02.07.2024
CAT STEVENS,HARD HEADED WOMAN,K,XP3,
CAT STEVENS,LADY D'ARBANVILLE,C,KARAFUN,03.07.2016
CAT STEVENS,MORNING HAS BROKEN,C,LYRICEDITOR,13.12.2019
CAT STEVENS,MORNING HAS BROKEN,M,MP&R1,
CAT STEVENS,MORNING HAS BROKEN,M,TOPHIT27,
CAT STEVENS,THE WIND,C,ZOOM,11.03.2021
CAT STEVENS,WIILD WORLD,K,XP4,
CAT STEVENS,WIILD WORLD,C,KARAFUN,18.07.2024
CECILIA VENNERSTEN,DET VACKRASTE (SWE),M_U,SWE,
CELINE DION,A NEW DAY HAS COME,K,XP3,
CELINE DION,ALL BY MYSELF,K,XP3,
CELINE DION,CALL THE MAN,M,SKD606,
CELINE DION,I'M ALIVE,K,XP2,
CELINE DION,IMMORTALITY,M,SKD606,
CELINE DION,LET'S TALK ABOUT LOVE,M,SKD606,
CELINE DION,LOVE IS ON THE WAY,M,SKD606,
CELINE DION,MILES TO GO (BEFORE I SLEEP),M,SKD606,
CELINE DION,MY HEART WILL GO ON,K,XP1,
CELINE DION,MY HEART WILL GO ON,M,MP&R3,
CELINE DION,MY HEART WILL GO ON,M,SKD606,
CELINE DION,TELL HIM,M,SKD606,
CELINE DION,THE REASON,M,SKD606,
CELINE DION,THINK TWICE,K,XP1,
CELINE DION,US,M,SKD606,
CELINE DION,WHEN I NEED YOU,M,SKD606,
CELINE DION,WHERE IS THE LOVE,M,SKD606,
CELINE DION,WHY OH WHY,M,SKD606,
CELINE DION & PEABO BRYSON,BEAUTY AND THE BEAST,K,XP3,
CELINE DION FT THE BEE GEES,IMMORTALITY,C,ZOOM,23.04.2022
CHACHI,CHERRY CAKE,C,KUNINGAS,17.04.2026
CHAKA KHAN,I FEEL FOR YOU,K,XP4,
CHANEL FOUR,MUTKAINEN TIE,M,KK1,
CHANEL FOUR,VUOSIEN JÄLKEEN,M,KK1,
CHANEL FOUR,VUOSIEN JÄLKEEN,M,MELVALS,
CHANEL FOUR,YÖN HILJAISUUS,M,KK1,
CHARLES PLOGMAN,AINA AINA,M,MEL44X,
CHARLES PLOGMAN,IKUISESTI,M,MEL42Z,
CHARLES PLOGMAN,KAUAN ODOTIN,M,MEL47Z,
CHARLES PLOGMAN,KOSKETUS TUNTUU,C_O,POY,12.04.2026
CHARLES PLOGMAN,KUINKA SINUA MÄ KAIPAAN,M,SAT01,
CHARLES PLOGMAN,LANKA JO PALAA,M,MEL48Z,
CHARLES PLOGMAN,MATKALLA KOTIIN,M,SAT01,
CHARLES PLOGMAN,NÄILLÄ KADUILLA,M,MEL55X,
CHARLES PLOGMAN,OLISITPA TÄÄLLÄ,M,MEL53PRO,
CHARLES PLOGMAN,OLISITPA TÄÄLLÄ,M,MG17,20.03.2026
CHARLES PLOGMAN,PIENTÄ UNELMAA,M,MEL48Z,
CHARLES PLOGMAN,UNELMOIN,M,MEL42Z,
CHARLES PLOGMAN,VIELÄ KUN ON AIKAA,K,MG06,
CHARLEY PRIDE,KISS AN ANGEL GOOD MORNING,K,XP3,
CHARLIE DRAKE,MY BOOMERANG WON'T COME BACK,K,XP2,
CHARLIES,KAUNEIMMAT HETKET,MF,FIN47A5,
CHARLIES,KEINU KANSSANI,K,POW08,
CHARLIES,KUINKA SINUA MÄ KAIPAAN,M,MDV06,
CHARLIES,RUSKEAT SILMÄT,M,MDV09,
CHARLIES,VAIN VÄHÄN AIKAA,K,POW07,
CHARLIES,VANHA RIIMU,M,MDV06,
CHARLIES (KARI PITKÄ LEHTINEN),MYÖSKIN TYTTÖ ILOINEN,M,POW29,
CHARLOTTA SAARI,KUISKAUS NUKKUVALLE SYDÄMELLE,C,FIAT,25.05.2026
CHARLOTTE CHURCH,CRAZY CHICK,K,XP2,
CHARLOTTE NILSSON,TUSEN OCH EN NATT (SWE),M_U,SWE,
CHARON,COLDER,C,HD,02.08.2024
CHARON,LITTLE ANGEL,M,HEVI 3,
CHAS & DAVE,AIN'T NO PLEASING YOU,K,XP2,
CHAS & DAVE,GERTCHA,K,XP2,
CHAS & DAVE,LONDON GIRLS,K,XP2,
CHAS & DAVE,MARGATE,K,XP2,
CHAS & DAVE,RABBIT,K,XP2,
CHEAP TRICK,I WANT YOU TO WANT ME,C,CHANNEL,25.04.2022
CHEEK,JIPPIKAJEI,M,SAT04,
CHEEK,JOS MÄ OISIN SÄ,K,LK14,
CHEEK,JOS MÄ OISIN SÄ,M,SATC03,
CHEEK,KUKA MUU MUKA,M,SAT11,
CHEEK,LEVOTON TUHKIMO (VAIN ELÄMÄÄ KAUSI 1),K,LK20,
CHEEK,LIEKEISSÄ,M,SATC03,
CHEEK,LIIKU,M,MEL53PRO,
CHEEK,MITÄ TÄNNE JÄÄ,M,SATC03,
CHEEK,PUHELINLANGAT LAULAA (VAIN ELÄMÄÄ KAUSI 1),K,LK20,
CHEEK,RAKASTUIN MÄ LUUSERIIN,K,LK20,
CHEEK,SOKKA IRTI,M,SAT06,
CHEEK,TIMANTIT ON IKUISIA,M,SAT09,
CHEEK,TUHLAAJAPOIKA,M,MEL50X,
CHEEK,VALOT SAMMUU,C,KUNINGAS,08.06.2026
CHEEK,ÄÄRIRAJOILLE,M,SAT13,
CHEEK FT JONNE AARON,ANNA MÄ MEEN,C,KARAOKETÄHTI,07.08.2020
CHEEK FT JONNE AARON,ANNA MÄ MEEN,M,SAT08,
CHEEK FT JUKKA POIKA,JOSSU,M,SAT09,
CHEEK FT KALLE KINOS,VIHAAJAT VIIHAA,M,SAT12,
CHEEK FT SAMI SAARI,KYYNELEET,M,SATC03,
CHEEK FT SAMULI EDELMANN,PAREMPI MIES,M,MDV61,
CHEEK FT SANNI & VILLEGALLE,FLEXAA,M,SAT15,
CHEEK FT SPEKTI,PYRKINYT VÄHENTÄÄ,M,SATC03,
CHEEK FT YASMINE YAMAJAKO,SYYPÄÄ SUN HYMYYN,M,SAT07,
CHER,BELIEVE,K,XP1,
CHER,HALF BREED,M,TOPHIT27,
CHER,IF I COULD TURN BACK TIME,C,ZOOM,06.08.2024
CHER,IF I COULD TURN BACK TIME,K,XP1,
CHER,SHOOP SHOOP SONG (IT'S IN HIS KISS),K,XP1,
CHER,STRONG ENOUGH,M,MP&R2,
CHER,WALKING IN MEMPHIS,K,XP2,
CHERYL LYNN,GOT TO BE REAL,K,XP2,
CHESS,ONE NIGHT IN BANGKOK,C,ZOOM,25.04.2022
CHIC,LE FREAK,K,XP4,
CHIC,LE FREAK,C,ZOOM,25.04.2022
CHICAGO,HARD TO SAY I'M SORRY,C,CLOUD,25.04.2022
CHICAGO,IF YOU LEAVE ME NOW,K,XP4,
CHICAGO,IF YOU LEAVE ME NOW,C,ZOOM,25.04.2022
CHILDREN OF BODOM,CHILDREN OF BODOM,C,HEAVY,02.08.2024
CHILDREN OF BODOM,HATE ME,M,HEVI 1,
CHILDREN OF BODOM,NEEDLED 24 7,M,HEVI 2,
CHILDREN OF BODOM,TOWARDS DEAD END,C,HEAVY,16.08.2024
CHILDREN OF BODOM,WARHEART,C,HEAVY,18.08.2024
CHILDREN'S SONG,FARMER IN THE DELL,M,PIO007,
CHILDREN'S SONG,MARY HAD A LITTLE LAMB,M,PIO007,
CHISU,ANNA ASKELEEN VIEDÄ,M,MDV65,
CHISU,BADEN BADEN,K,LK14,
CHISU,BADEN BADEN,M,MEL52X,
CHISU,ETSIJÄT,M,MDV59,
CHISU,FRANKENSTEIN,K,LK19,
CHISU,FRANKENSTEIN,M,MDV58,
CHISU,FRANKENSTEIN,C,KARAOKETÄHTI,07.08.2020
CHISU,IHANA,M,LK25,
CHISU,IHANA,M,MDV64,
CHISU,KERRASTA POIKKI,M,MEL53PRO,
CHISU,KOHTALON OMA,K,LK17,
CHISU,KOHTALON OMA,M,SAT05,
CHISU,KOLMAS PYÖRÄ,K,LK18,
CHISU,KOLMAS PYÖRÄ,M,SAT07,
CHISU,KRIISIT,K,LK17,
CHISU,KULKURIVELJENI JAN,K,LK16,
CHISU,LÄHTÖ,M,MDV61,
CHISU,MIEHISTÄ VIIS,M,MEL60,
CHISU,MINÄ JA MUN PÄÄ,K,LK17,
CHISU,MINÄ JA MUN PÄÄ,M,SAT06,
CHISU,MUN KOTI EI OO TÄÄLLÄ,M,MEL48Z,
CHISU,MUN KOTI EI OO TÄÄLLÄ,M,POW29,
CHISU,MYSTEERI,M,COV15,
CHISU,POLTE,M,SK1,
CHISU,SAALIIT,M,MDV65,
CHISU,SABOTAGE,K,LK16,
CHISU,SABOTAGE,M,SAT05,
CHISU,SAMA NAINEN,K,LK14,
CHISU,SAMA NAINEN,M,MEL52X,
CHISU,TIE,K,LK17,
CHISU,TIE,M,SAT06,
CHISU,TUU MUA VASTAAN,M,LK25,
CHISU,TUU MUA VASTAAN,M,SAT17,
CHISU,TÄHDET,M,SAT18,
CHISU,VAPAA JA YKSIN,M,MEL55X,
CHISU,VENERETKI,K,LK17,
CHISU,YKSINÄISEN KEIJUN TARINA,K,LK16,
CHISU,YKSINÄISEN KEIJUN TARINA,M,MDV58,
CHORALE,ENKELIKELLO,C,FIAT,02.12.2025
CHORALE,JOULUKSI KOTIIN,C,FIAT,02.12.2025
CHORALE,SYDÄMEENI JOULUN TEEN,C,FIAT,02.12.2025
CHORALE,SYLVIAN JOULULAULU,C,FIAT,02.12.2025
CHORALE,SÄ ET OLE HULLU,C,FIAT,26.01.2026
CHORALE,TAIVAS SYLISSÄNI,C,FIAT,02.12.2025
CHORALE,TÄHTI TÄHDISTÄ KIRKKAIN,C,FIAT,02.12.2025
CHORDETTES,MR SANDMAN,K,XP3,
CHRIS DE BURGH,THE LADY IN RED,K,XP1,
CHRIS DE BURGH,THE LADY IN RED,C,CHANNEL,25.04.2022
CHRIS DE BURGH,THE LADY IN RED,M,PIO018,
CHRIS ISAAK,BLUE HOTEL,C,KARAOK&VOUS,24.05.2023
CHRIS ISAAK,WICKED GAME,M,EXT1,
CHRIS ISAAK,WICKED GAME,C,SOUNDCHOICE,08.05.2023
CHRIS REA,FOOL (IF YOU THINK IT'S OVER),C,ZOOM,07.12.2020
CHRIS REA,JOSEPHINE,C,KARAFUN,02.07.2024
CHRIS REA,ON THE BEACH,C,ZOOM,20.06.2020
CHRIS REA,ON THE BEACH,M,MP&R3,
CHRIS REA,THE BLUE CAFE,C,ZOOM,05.06.2023
CHRIS REA,THE ROAD TO HELL,C,KARAFUN,13.12.2019
CHRIS STAPLETON & JUSTIN TIMBERLAKE,TENNESSEE WHISKEY (LIVE),C,KARAFUN,18.07.2024
CHRISTIE,IRON HORSE,C,SINCROELSANGRON,25.04.2022
CHRISTIE,SAN BERNADINO,C,ZOOM,25.04.2022
CHRISTIE,YELLOW RIVER,K,POW09SR2,
CHRISTIE,YELLOW RIVER,C,KARAFUN,02.07.2024
CHRISTINA AGUILERA,AIN'T NO OTHER MAN,K,XP3,
CHRISTINA AGUILERA,BEAUTIFUL,K,XP2,
CHRISTINA AGUILERA,DIRTY,K,XP1,
CHRISTINA AGUILERA,HURT,C,FACTORY,29.10.2023
CHRISTINA AGUILERA,I TURN TO YOU,K,XP3,
CHRISTINA AGUILERA,NOT MYSELF TONIGHT,C,POCKET24,04.08.2022
CHRISTINA MILIAN,AM TO PM,K,XP1,
CHRISTINA PERRI,A THOUSAND YEARS,C,KARAFUN,18.07.2024
CHRISTINA PERRI,HUMAN,C,MRENTERTAINER,25.04.2022
CHRISTINA PERRI,JAR OF HEARTS,C,ZZANG,15.07.2023
CHRISTOPHER CROSS,ARTHUR'S THEME (BEST THAT YOU CAN DO),C,RLUCRA,25.04.2022
CHUBBY CHECKER,LET'S TWIST AGAIN,K,XP4,
CHUBBY CHECKER,LET'S TWIST AGAIN,C,CHANNEL,25.04.2022
CHUBBY CHECKER,LIMBO ROCK,M,MP&R2,
CHUCK BERRY,JOHNNY B GOODE,K,XP4,
CHUCK BERRY,ROLL OVER BEETHOVEN,C,SOUNDCHOICE,25.04.2022
CHUCK BERRY,SWEET LITTLE SIXTEEN,C,ZOOM,25.04.2022
CHUMBAWAMBA,TUBTHUMPING,K,XP4,
CINDERELLA,DON'T KNOW WHAT YOU GOT,C,ROCK,03.08.2024
CINDERELLA,GYPSY ROAD,C,MICROPHONE,05.08.2024
CINDERELLA,HEARTBREAK STATION,C,HD,05.08.2024
CINDERELLA,NOBODY'S FOOL,C,CCKARAOKE,10.08.2024
CINDERELLA,SHAKE ME,C,LYRICEDITOR,14.08.2024
CINDERELLA,SOMEBODY SAVE ME,C,HD,25.10.2024
CINDY LAUPER,GIRLS JUST WANNA HAVE FUN,M,MP&R3,
CINDY LAUPER,TIME AFTER TIME,M,MP&R2,
CLAES-GÖRAN HEDENSTRÖM,DET BÖRJAR VERKA KÄRLEK BANNE MIG (SWE),M_U,SWE,
CLAUDIA,KORALLIA,K,POW09SR2,
CLIFF RICHARD,CONSTANTLY,K,XP2,
CLIFF RICHARD,DANCING SHOES,C,KARAFUN,27.11.2020
CLIFF RICHARD,I COULD EASILY FALL (IN LOVE WITH YOU),C,KARAFUN,26.09.2014
CLIFF RICHARD,POWER TO ALL OUR FRIEND,C,ZOOM,08.05.2022
CLIFF RICHARD,SEALED WITH A KISS,C,KARAFUN,26.09.2021
CLIFF RICHARD,SUMMER HOLIDAY,K,XP1,
CLIFF RICHARD,THE YOUNG ONES,C,KARAFUN,29.09.2014
CLIFTERS,ANGELICA,M,MEL31Z,
CLIFTERS,BYE BYE,M,MEL31Z,
CLIFTERS,ELEKIELTÄ,M,MEL31Z,
CLIFTERS,GO GO KAKE,M,MEL31Z,
CLIFTERS,HALLELUJAA,M,MEL31Z,
CLIFTERS,HANOI ROCKS,M,MEL31Z,
CLIFTERS,HEI PEPE,M,MEL31Z,
CLIFTERS,HULLUNROHKEE,M,MEL25X,
CLIFTERS,HYVÄ BORE,M,MEL31Z,
CLIFTERS,IHMEIDEN MADONNA,M,MEL31Z,
CLIFTERS,JANOINEN SUU,M,MEL31Z,
CLIFTERS,KASARITRENDEJÄ,M,MEL31Z,
CLIFTERS,KENKÄÄ,M,MEL31Z,
CLIFTERS,KREIVI,M,MEL31Z,
CLIFTERS,KUN SUOMI OLI KAUNIIMPI,M,MEL31Z,
CLIFTERS,LIHAKOUKKU,M,MEL31Z,
CLIFTERS,MAKUUVAUNUSSA,M,MEL31Z,
CLIFTERS,MISS Q,M,MEL31Z,
CLIFTERS,MUA FILMATAAN,M,MEL31Z,
CLIFTERS,MUT MURHAA,M,MEL31Z,
CLIFTERS,MÄ POLVISTUN,M,MEL31Z,
CLIFTERS,OI LOLA,M,MEL31Z,
CLIFTERS,ONNELLINEN ELÄMÄ,M,MEL31Z,
CLIFTERS,OON SUN AUTOS,M,MEL31Z,
CLIFTERS,OU LENITA,M,MEL31Z,
CLIFTERS,PARONI,M,MEL31Z,
CLIFTERS,PEACE & LOVE,M,MEL31Z,
CLIFTERS,PIRUN KAUNIS NAINEN,M,MEL31Z,
CLIFTERS,PLIIS VIIS KALJAA,M,MEL31Z,
CLIFTERS,PURKKAA,M,MEL31Z,
CLIFTERS,SEXI ON IN,M,MEL31Z,
CLIFTERS,SIRKKA JA RAMI,M,MEL31Z,
CLIFTERS,TUIJA TAVALLINEN,M,MEL31Z,
CLIFTERS,VEGAS,M,MEL31Z,
CLIFTERS,YEAH MÄ SUN TYRKKYS OON,M,MEL31Z,
CLIFTERS (PHIL COLLINS),LEIKKIKALU (YOU CAN’T HURRY LOVE),M,MEL04X,
CMX,KIROSÄKEET,C_O,POY,10.08.2023
CMX,MINUN SYDÄMENI ON SÄRKYNYT,C,KUNINGAS,05.11.2025
CMX,PELASTA MAAILMA,C,KUNINGAS,05.11.2025
CMX,RUOSTE,C,KUNINGAS,05.11.2025
CMX,SAATANA,C,KUNINGAS,08.06.2026
CMX,VALLAT JA VÄET,C,KUNINGAS,05.11.2025
COEVISTO,NE VOI ODOTTAA,C,FIAT,03.09.2026
COLBIE CAILLAT,BUBBLY,K,XP4,
COLDPLAY,CLOCKS,C,CCKARAOKE,02.08.2024
COLDPLAY,FIX YOU,K,XP4,
COLDPLAY,FIX YOU,C,RLUCRA,29.11.2020
COLDPLAY,HARDEST PART,K,XP3,
COLDPLAY,SPEED OF SOUND,K,XP2,
COLDPLAY,SPEED OF SOUND,C,ZOOM,15.08.2024
COLDPLAY,THE HARDEST PART,C,CCKARAOKE,05.08.2024
COLDPLAY,THE SCIENTIST,C,HD,03.04.2018
COLDPLAY,VIVA LA VIDA,C,SINGKING,02.05.2026
COLDPLAY,YELLOW,C,ZOOM,02.09.2021
COLLIN RAYE,LET IT BE ME,C,KARAFUN,08.04.2021
COMMITMENTS,MUSTANG SALLY,K,XP1,
COMMITMENTS,TRY A LITTLE TENDERNESS,K,XP4,
CONNIE FRANCIS,LIPSTICK ON YOUR COLLAR,K,XP3,
CONNIE FRANCIS,MAMA,K,XP3,
CONNIE FRANCIS,MY HAPPINESS,K,XP3,
CONNIE FRANCIS,THE TWELVE DAYS OF CHRISTMAS,M,PIO1B13,
CONNIE FRANCIS,WHO'S SORRY NOW,K,XP3,
CONWAY TWITTY,IT'S ONLY MAKE BELIEVE,K,XP1,
CONWAY TWITTY,ROCKY TOP,M,PIO13B3,
CORRS,BREATHLESS,K,XP1,
CORRS,SUMMER SUNSHINE,K,XP2,
COSTEE,SUT TAHTOISIN,C,FIAT,25.05.2026
COSTELLO COMPANY,WE ARE THE KINGS (ILVES),C_O_UK,POY,09.02.2024
COSTELLO HAUTAMÄKI,MIEHET,C_O,POY,10.02.2025
COSTI,MAAILMAN YMPÄRI,C,TUOTTAJA,13.04.2024
COSTI FT JUUNA CHILL,VAISTO,C,TUOTTAJA,07.11.2024
CREAM,BADGE,C,ZOOM,02.08.2024
CREAM,CROSSROADS,C,ZOOM,30.03.2024
CREAM,STRANGE BREW,C,ZOOM,15.08.2024
CREAM,SUNSHINE OF YOUR LOVE,C,ZOOM,30.03.2024
CREAM,WHITE ROOM,C,KARAFUN,13.12.2019
CREAM,WHITE ROOM,M,MP&R2,
CREED,HIGHER,C,PINOY,05.08.2024
CREED,WITH ARMS WIDE OPEN,M,HR1,
CREED,WITH ARMS WIDE OPEN,C,MYALLTIME,18.08.2024
CREEDENCE CLEARWATER REVIVAL (CCR),BAD MOON RISING,M,EXT1,
CREEDENCE CLEARWATER REVIVAL (CCR),BAD MOON RISING,C,CHANNEL,22.11.2020
CREEDENCE CLEARWATER REVIVAL (CCR),COTTON FIELDS,K,XP4,
CREEDENCE CLEARWATER REVIVAL (CCR),COTTON FIELDS,C,HD,03.04.2018
CREEDENCE CLEARWATER REVIVAL (CCR),DOWN ON THE CORNER,C,HD,03.04.2018
CREEDENCE CLEARWATER REVIVAL (CCR),FORTUNATE SON,C,HD,28.01.2024
CREEDENCE CLEARWATER REVIVAL (CCR),GREEN RIVER,C,ZOOM,04.02.2023
CREEDENCE CLEARWATER REVIVAL (CCR),HAVE YOU EVER SEEN THE RAIN,M,EXT1,
CREEDENCE CLEARWATER REVIVAL (CCR),HAVE YOU EVER SEEN THE RAIN,C,ZOOM,22.11.2020
CREEDENCE CLEARWATER REVIVAL (CCR),HEY TONIGHT,C,HD,03.04.2018
CREEDENCE CLEARWATER REVIVAL (CCR),HEY TONIGHT,M,MP&R2,
CREEDENCE CLEARWATER REVIVAL (CCR),I PUT A SPELL ON YOU,M,EXT1,
CREEDENCE CLEARWATER REVIVAL (CCR),I PUT SPELL ON YOU,C,PARTYTYME,02.04.2024
CREEDENCE CLEARWATER REVIVAL (CCR),LODI,C,CHANNEL,19.08.2014
CREEDENCE CLEARWATER REVIVAL (CCR),LONG AS I CAN SEE THE LIGHT,C,CLOUD,16.01.2020
CREEDENCE CLEARWATER REVIVAL (CCR),LOOKIN' OUT MY BACK DOOR,C,CHANNEL,19.02.2015
CREEDENCE CLEARWATER REVIVAL (CCR),PROUD MARY,M,EXT1,
CREEDENCE CLEARWATER REVIVAL (CCR),PROUD MARY,C,CHANNEL,19.05.2015
CREEDENCE CLEARWATER REVIVAL (CCR),PROUD MARY,M,PIO020,
CREEDENCE CLEARWATER REVIVAL (CCR),RUN THROUGH THE JUNGLE,C,CLOUD,31.12.2019
CREEDENCE CLEARWATER REVIVAL (CCR),SUSIE Q,C,VERSION,06.05.2018
CREEDENCE CLEARWATER REVIVAL (CCR),THE MIDNIGHT SPECIAL,C,CHANNEL,19.05.2018
CREEDENCE CLEARWATER REVIVAL (CCR),TRAVELIN' BAND,C,CLOUD,13.12.2019
CREEDENCE CLEARWATER REVIVAL (CCR),WHO'LL STOP THE RAIN,M,EXT1,
CREEDENCE CLEARWATER REVIVAL (CCR),WHO'LL STOP THE RAIN,C,CHANNEL,26.07.2016
CROSBY STILLS NASH & YOUNG,WOODSTOCK,M,PIO020,
CROWDED HOUSE,DON'T DREAM IT'S OVER,C,SINGKING,29.04.2022
CRYSTAL GAYLE,DON'T IT MAKE MY BROWN EYES BLUE,K,XP3,
CRYSTAL GAYLE,TALKING IN YOUR SLEEP,K,XP3,
CULTURE BEAT,MR VAIN,C,KARAFUN,29.04.2022
CULTURE CLUB,DO YOU REALLY WANT TO HURT ME,C,CLOUD,01.01.2020
CULTURE CLUB,KARMA CHAMELEON,K,XP3,
CULTURE CLUB,KARMA CHAMELEON,C,CHANNEL,11.12.2020
CULTURE CLUB,TIME (CLOCK OF THE HEART),C,ZOOM,06.04.2021
CUMULUS,MARSEILLEN POIKA,M,MEL19Z,
CUTTING CREW,I JUST DIED IN YOUR ARMS,C,KARAFUN,02.07.2024
CYNDI LAUPER,GIRLS JUST WANNA HAVE FUN,K,XP1,
D_A_D,SLEEPING MY DAY AWAY,C,MEEKARAOKE,26.01.2026
DAFT PUNK,GET LUCKY,C,CHANNEL,25.04.2022
DALLAPE,LENTÄVÄ HOLLANTILAINEN,C,SINGA,14.11.2022
DALLAPE,SULAMITH,MF,FIN35B6,
DALLAPE,YÖ ALTAILLA,C,FINNHITS (POY),26.02.2023
DAMN YANKEES,HIGH ENOUGH,C,PINOY,05.08.2024
DAMNED,ALONE AGAIN,K,XP2,
DAN HILL,SOMETIMES WHEN WE TOUCH,C,KARAFUN,29.10.2021
DANI & LIZZY,DANCING IN THE SKY,C,SINGALONG,15.11.2021
DANIEL BEDINGFIE,THE WAY,K,XP2,
DANIEL POWTER,BAD DAY,K,XP2,
DANIELA ANDRADE,LA VIE EN ROSE (ENG) (ACOUSTIC VER),C,AH,07.10.2024
DANNY,AAVERATSASTAJAT,MF,FIN15A6,
DANNY,AAVERATSASTAJAT,M,MEL34Z,
DANNY,AAVERATSASTAJAT,C,FINNKARAOKE,19.10.2015
DANNY,AMARILLO,M,MEL02Z,
DANNY,ANGELICA,M,MEL24X,
DANNY,ANTEEKSI ON PYYTÄÄ VAIKEA,M,MEL55X,
DANNY,BABY,C_O,POY,13.08.2026
DANNY,EAST VIRGINIA,MF,FIN8A10,
DANNY,HILJAINEN KITARA,MF,FIN30B3,
DANNY,HILJAINEN KITARA,M,MEL62,
DANNY,HILJAINEN KITARA,C,SINGA,14.11.2022
DANNY,HYVÄ MUN ON NIIN,M,MEL04X,
DANNY,HÄN ON LADY,M,MEL70'S,
DANNY,ISÄ,K,POW15,
DANNY,ISÄ,M,MEL39X,
DANNY,ISÄ,C,MELPLAY,19.01.2021
DANNY,JOUTSEN,C,FIAT,27.08.2026
DANNY,JUDY JUDY,M,MEL25X,
DANNY,KAUAN,MF,FIN16A4,
DANNY,KAUAN,M,MEL26X,
DANNY,KESÄKATU,MF,FIN9A8,
DANNY,KESÄKATU,K,LK05,
DANNY,KESÄKATU,C,FINNKARAOKE,29.07.2016
DANNY,KOTIKATU,C_O,POY,13.01.2026
DANNY,KUULUMME NUORIIN,M,MEL04X,
DANNY,KUUSAMO,M,MEL26X,
DANNY,LAPSELLE,C_O,POY,23.12.2024
DANNY,LUCIANA,C,FIAT,03.09.2026
DANNY,MAANTIELTÄ TALOON,MF,FIN43A9,
DANNY,MAANTIELTÄ TALOON,K,POW06,
DANNY,MAANTIELTÄ TALOON,M,MEL62,
DANNY,NAINEN,C,FIAT,03.09.2026
DANNY,NINJA,C,FIAT,03.09.2026
DANNY,OLET KOHTALONI,MF,FIN10A6,
DANNY,ON MERI TÄNÄÄN RAUHATON,C_O,POY,22.10.2024
DANNY,PAINAJAINEN,MF,FIN40A9,
DANNY,PELKKÄÄ TULTA,C_O,POY,01.08.2026
DANNY,PIILOPAIKKA,MF,FIN21A5,
DANNY,REBECCA,MF,FIN25B3,
DANNY,RÄYSTÄÄT JOS TIPPUU,MF,FIN44B8,
DANNY,SALATTU SURU,MF,FIN7A9,
DANNY,SEIKKAILIJA,C,FIAT,01.09.2026
DANNY,SEITSEMÄN KERTAA SEITSEMÄN,MF,FIN42A9,
DANNY,SINÄ PÄIVÄNÄ KAIKKI RAKASTAA MUA,M,COV13,
DANNY,SUA KUTSUN MAARIT,MF,FIN44B5,
DANNY,SURUJEN KITARA,C,TOIVEKARAOKE,02.07.2024
DANNY,TAIKAA,MF,FIN32A8,
DANNY,TEOT IHMISTEN,M,MEL52X,
DANNY,TOIVON NIIN NATHALIE,C,FIAT,03.09.2026
DANNY,TUNNE HELLIN VOIMAKKAIN,MF,FIN7A7,
DANNY,TUNTEMATON (EAST VIRGINIA),C_O,POY,23.04.2026
DANNY,TUULENSUOJAAN,MF,FIN24A2,
DANNY,TUULENSUOJAAN,K,LK05,
DANNY,TUULENSUOJAAN,M,MEL46Z,
DANNY,TUULENSUOJAAN,M,MEL70'S,
DANNY,TUULENSUOJAAN,C,FINNKARAOKE,02.07.2024
DANNY,TUULIVIIRI,MF,FIN18A5,
DANNY,TUULIVIIRI,K,LK05,
DANNY,TUULIVIIRI,M,MEL62,
DANNY,TUULIVIIRI,C,FINNKARAOKE,07.08.2020
DANNY,TÄMÄ TAIVAS TÄMÄ MAA,MF,FIN6A8,
DANNY,TÄMÄ TAIVAS TÄMÄ MAA,K,POW02,
DANNY,TÄMÄ TAIVAS TÄMÄ MAA,C,POWER,03.12.2014
DANNY,VAAKSA VAARAA VAIN,M,M60'S,
DANNY,VAIN KAKSI NAUHAA,M,MDV10,
DANNY,VAIN LUNTA KAIKKIALLA,C_O,POY,21.02.2022
DANNY,VÄHÄN ENNEN KYYNELEITÄ,MF,FIN41B11,
DANNY,VÄHÄN ENNEN KYYNELEITÄ,MF,FIN4A3,
DANNY,YKSINÄINEN ILTA,M,MEL24X,
DANNY & AIKAMIEHET,TÄMÄ TAIVAS TÄMÄ MAA,M,MEL41Z,
DANNY & ARMI,KAIKEN SULLE ANTAISIN,K,POW06,
DANNY & ARMI,PELKKÄÄ HYVÄÄ,M,MDV66,
DANNY & ARMI,TAHDON OLLA SULLE HELLÄ,MF,FIN1B1,
DANNY & ARMI,TAHDON OLLA SULLE HELLÄ,MF,FIN45A11,
DANNY & ARMI,TAHDON OLLA SULLE HELLÄ,M,MDV23,
DANNY & THE RENEGADES,SALATTU SURU,M,MEL26X,
DANZIG,MOTHER,C,CCKARAOKE,15.07.2023
DARKNESS,I BELIEVE IN A THING CALLED LOVE,K,XP2,
DARYL HALL & JOHN OATES,PRIVATE EYES,C,CHANNEL,05.03.2021
DAUGHTRY,HOME,K,XP4,
DAUGHTRY,HOME,C,SINGKING,05.08.2024
DAVE EDMUNDS,I HEAR YOU KNOCKING,K,XP3,
DAVE EDMUNDS,I HEAR YOU KNOCKING,C,ZOOM,05.08.2024
DAVE LINDHOLM,ANNAN KITARAN LAULAA VAAN,M,MDV10,
DAVE LINDHOLM,ANNAN KITARAN LAULAA VAAN,C,MELPLAY,19.10.2015
DAVE LINDHOLM,PIENI JA HENTO OTE,M,MEL47Z,
DAVE LINDHOLM,ROCK KUKKO,M,MEL70'S,
DAVE LINDHOLM,TUPAKKA VIINA JA VILLIT NAISET,M,MEL36Z,
DAVID BOWIE,AMSTERDAM,C,DRALLACIRE,26.05.2021
DAVID BOWIE,ASHES TO ASHES,M,MP&R2,
DAVID BOWIE,HEROES,K,XP2,
DAVID BOWIE,LADY STARDUST,C,VOCALSTAR,10.10.2021
DAVID BOWIE,LET'S DANCE,M,EXT1,
DAVID BOWIE,LET'S DANCE,K,XP3,
DAVID BOWIE,LIFE ON MARS,C,MIZOBEAT,05.04.2021
DAVID BOWIE,LIFE ON MARS,M,MP&R3,
DAVID BOWIE,MOONAGE DAYDREAM,C,CCKARAOKE,07.01.2021
DAVID BOWIE,ROCK'N' ROLL SUICIDE,C,KWEST,07.01.2021
DAVID BOWIE,SOUL LOVE,C,KING,14.12.2025
DAVID BOWIE,SPACE ODDITY,K,XP2,
DAVID BOWIE,SPACE ODDITY,C,CCKARAOKE,07.01.2021
DAVID BOWIE,STARMAN,C,CCKARAOKE,07.01.2021
DAVID BOWIE,SUFFRAGETTE CITY,C,CCKARAOKE,07.01.2021
DAVID BOWIE,THE MAN WHO SOLD THE WORLD,C,KARAOKANDO,06.12.2019
DAVID BOWIE,TIME,C,LEMMY CAUTION,13.12.2025
DAVID BOWIE,ZIGGY STARDUST,C,CCKARAOKE,30.07.2025
DAVID CASSIDY,ROCK ME BABY,M,MP&R2,
DAVID GUETTA FT SIA,TITANIUM,C,TP,29.08.2020
DAVID LEE ROTH,CALIFORNIA GIRLS,C,KARAFUN,02.08.2024
DAVID LEE ROTH,JUST A GIGOLO,K,XP3,
DAVID LEE ROTH,JUST A GIGOLOI AIN'T GOT NOBODY,C,ZOOM,08.08.2024
DAVID LEE ROTH,YANKEE ROSE,M,HR1,
DAVID LEE ROTH,YANKEE ROSE,C,LYRICEDITOR,18.08.2024
DE 'LACY,HIDEAWAY,K,XP3,
DEAD KENNEDYS,CALIFORNIA UBER ALLES,C,CCKARAOKE,25.04.2022
DEAD KENNEDYS,HOLIDAY IN CAMBODIA,C,CCKARAOKE,25.04.2022
DEAN MARTIN,EVERYBODY LOVES SOMEBODY,M,PIO1B8,
DEAN MARTIN,EVERYBODY LOVES SOMEBODY SOMETIMES,K,XP3,
DEAN MARTIN,LITTLE OLD WINE DRINKER ME,K,XP1,
DEAN MARTIN,MAMBO ITALIANO,K,XP4,
DEAN MARTIN,THAT'S AMORE,K,XP1,
DEAN MARTIN,VOLARE,K,XP4,
DEANA CARTER,STRAWBERRY WINE,C,SING,07.12.2024
DEBBIE DAVIES,I'M SUCKER FOR LOVE,C_O_U,POY,13.12.2025
DEEP BLUE SOMETHING,BREAKFAST AT TIFFANY'S,K,XP1,
DEEP PURPLE,BLACK NIGHT,C,KARAFUN,05.04.2018
DEEP PURPLE,BURN,C,GERMANO ROCHA,30.03.2024
DEEP PURPLE,CHILD IN TIME,C,KARAFUN,05.04.2018
DEEP PURPLE,FIREBALL,C,FJO,02.04.2024
DEEP PURPLE,HIGHWAY STAR,K,XP3,
DEEP PURPLE,HIGHWAY STAR,C,CCKARAOKE,07.01.2021
DEEP PURPLE,HUSH,C,PARTYTYME,05.08.2024
DEEP PURPLE,HUSH,M,ROCK,
DEEP PURPLE,KENTUCKY WOMAN,C,CHANNEL,08.08.2024
DEEP PURPLE,KNOCKING AT YOUR BACK DOOR,C,PARTYTYME,08.08.2024
DEEP PURPLE,MY WOMAN FROM TOKYO,C,KARAFUN,02.07.2024
DEEP PURPLE,PERFECT STRANGERS,C,SOUNDCHOICE,26.02.2020
DEEP PURPLE,SMOKE ON THE WATER,K,XP2,
DEEP PURPLE,SMOKE ON THE WATER,C,CCKARAOKE,07.01.2021
DEEP PURPLE,SMOKE ON THE WATER,M,MP&R2,
DEEP PURPLE,SOLDIER OF FORTUNE,C,RLUCRA,03.04.2018
DEEP PURPLE,SPACE TRUCKIN,C,CCKARAOKE,15.08.2024
DEEP PURPLE,SPEED KING,C,KARAFUN,30.03.2024
DEEP PURPLE,WHEN A BLIND MAN CRIES,C,KARAFUN,30.03.2024
DEF LEPPARD,ANIMAL,C,KARAOKEJP,01.08.2024
DEF LEPPARD,ARMAGEDDON IT,C,KARAOKEJP,01.08.2024
DEF LEPPARD,BRINGIN ON THE HEARTBREAK,C,KARAOKEJP,02.08.2024
DEF LEPPARD,FOOLIN',C,KARAOKEJP,04.08.2024
DEF LEPPARD,HYSTERIA,M,HR1,
DEF LEPPARD,HYSTERIA,K,XP4,
DEF LEPPARD,HYSTERIA,C,KARAOKEJP,05.08.2024
DEF LEPPARD,LET'S GET ROCKED,C,ZOOM,08.08.2024
DEF LEPPARD,LOVE BITES,C,ZOOM,09.08.2024
DEF LEPPARD,PHOTOGRAPH,C,CCKARAOKE,10.08.2024
DEF LEPPARD,POUR SOME SUGAR ON ME,C,ZOOM,13.08.2024
DEF LEPPARD,PROMISES,C,PARTYTYME,13.08.2024
DEF LEPPARD,ROCK OF AGES,M,HR1,
DEF LEPPARD,ROCK OF AGES,C,CCKARAOKE,13.08.2024
DEF LEPPARD,ROCK! ROCK! (TILL YOU DROP),C,PARTYTYME,13.08.2024
DEF LEPPARD,ROCKET,C,CCKARAOKE,13.08.2024
DEF LEPPARD,TOO LATE FOR LOVE,C,KARAOKEJP,16.08.2024
DEF LEPPARD,TWO STEPS BEHIND,C,PINOY,18.08.2024
DEF LEPPARD,WHEN LOVE AND HATE COLLIDE,C,PINOY,18.08.2024
DEF LEPPARD,WOMEN,C,STINGRAY,18.08.2024
DEFTONES,BACK TO SCHOOL,C,SOUNDCHOICE,01.08.2024
DEFTONES,CHANGE (IN THE HOUSE OF FLIES),C,CCKARAOKE,02.08.2024
DEFTONES,DIGITAL BATH,C,CCKARAOKE,03.08.2024
DEL SHANNON,RUNAWAY,K,XP3,
DEL SHANNON,RUNAWAY,C,ZOOM,09.12.2014
DELTA ENIGMA,YOU & I,C_O_UK,POY,04.10.2023
DENIECE WILLIAMS,LET'S HEAR IT FOR THE BOY,K,XP1,
DEPECHE MODE,ENJOY THE SILENCE,K,XP3,
DEPECHE MODE,ENJOY THE SILENCE,C,KARAFUN,06.12.2019
DEREK AND THE DOMINOES,LAYLA,C,SBI,25.04.2022
DEVO,WHIP IT,K,XP4,
DEXY'S MIDNIGHT RUNNERS,COME ON EILEEN,K,XP1,
DEXY'S MIDNIGHT RUNNERS,GENO,K,XP3,
DIABLO,MIMIC 47,M,HEVI 3,
DIANA KRALL,THE LOOK OF LOVE,M,PIO007,
DIANA KRALL,YOU'RE GETTING TO BE A HABIT WITH ME,K,XP2,
DIANA MAX,VIHREE MIES,C,TUOTTAJA,13.04.2024
DIANA ROSS,CHAIN REACTION,K,XP4,
DIANA ROSS,UPSIDE TOWN,K,XP3,
DIANA ROSS AND MARVIN GAYE,YOU ARE EVERYTHING,K,XP2,
DIANDRA,ONKO MARSISSA LUNTA,M,MDV57,
DIANDRA,ONNI ON,M,MDV63,
DIANDRA,OUTTA MY HEAD,M,SAT07,
DIANDRA,PAHA POIKA,M,LK24,
DIANDRA,PAHA POIKA,M,SAT13,
DIANDRA,PRINSESSALLE,M,MDV58,
DICK BRAVE AND THE BACKBEATS,TEENAGER IN LOVE,C,KARAFUN,25.04.2022
DICK DYNAMITE & HIS HOT LIPS,OLI KUU OLI ILTA,M,M60'S,
DIDO,HERE WITH ME,C,ZOOM,15.03.2025
DIDO,MY LIFE,K,XP2,
DIDO,WHITE FLAG,K,XP2,
DIMITRI,ISÄSI SUN,M,MEL02Z,
DIMITRI,ISÄSI SUN,C,MELPLAY,05.03.2020
DINA CARROLL,ESCAPING,K,XP3,
DINAH WASHINGTON,MAD ABOUT THE BOY,K,XP2,
DINGO,ADIOS ROSARIO,M,MDV58,
DINGO,AINO,K,LK10,
DINGO,AINO,M,MEL32X,
DINGO,AUTIOTALO,MF,FIN1A4,
DINGO,AUTIOTALO,MF,FIN35B13,
DINGO,AUTIOTALO,K,POW04,
DINGO,AUTIOTALO,M,MDV14,
DINGO,AUTIOTALO,C,BIISIKÄRPÄNEN,26.03.2018
DINGO,ELÄMÄNI SANKARI,K,LK10,
DINGO,ELÄMÄNI SANKARI,C,FIAT,26.05.2026
DINGO,HUUMEITA JAPANIIN,K,LK10,
DINGO,HÄMÄHÄKKIMIES,M,MEL42Z,
DINGO,HÄMÄHÄKKIMIES,C_O,POY,06.12.2025
DINGO,JOKAINEN AAMU,C_O,POY,14.01.2022
DINGO,KAIKKI KAUNIS KATOAA,M,MEL53PRO,
DINGO,KERJÄLÄISTEN VALTAKUNTA,K,LK10,
DINGO,KIRJOITAN,K,LK10,
DINGO,KUNNIANKENTÄT,K,LK10,
DINGO,LAKATUT VARPAANKYNNET,K,LK10,
DINGO,LAKATUT VARPAANKYNNET,M,MEL40X,
DINGO,LEVOTON TUHKIMO,MF,FIN7A3,
DINGO,LEVOTON TUHKIMO,K,POW02,
DINGO,LEVOTON TUHKIMO,M,MDV17,
DINGO,LEVOTON TUHKIMO,C,POWER,23.09.2014
DINGO,LÄHETYSSAARNAAJA,K,POW09SR2,
DINGO,MIRAH,C,FIAT,03.09.2026
DINGO,MUSTA LESKI,K,LK05,
DINGO,MUSTA LESKI,M,MEL38Z,
DINGO,NAHKATAKKINEN TYTTÖ,K,LK10,
DINGO,NAHKATAKKINEN TYTTÖ,M,MEL05Z,
DINGO,NIMENI ON DINGO,K,LK10,
DINGO,NIMENI ON DINGO,M,MEL32X,
DINGO,PERHOSEN LENTO,C,FIAT,03.09.2026
DINGO,PERJANTAI,M,MEL05Z,
DINGO,PERJANTAI,C_O,POY,03.11.2025
DINGO,PISTOOLISANKARI,C_O,POY,06.08.2024
DINGO,RIO OHOI!,K,LK10,
DINGO,SATA ROHKEAA LAIVAA,M,MDV57,
DINGO,SINÄ JA MINÄ,MF,FIN3B11,
DINGO,SINÄ JA MINÄ,MF,FIN46A4,
DINGO,SINÄ JA MINÄ,K,LK10,
DINGO,SINÄ JA MINÄ,M,MDV14,
DINGO,VALKOISET TIIKERIT,C_O,POY,14.11.2022
DIO,DON'T TALK TO STRANGERS,C,SOUNDCHOICE,26.02.2020
DIO,HOLY DIVER,K,XP2,
DIO,HOLY DIVER,M,ROCK,
DIO,RAINBOW IN THE DARK,C,CCKARAOKE,13.08.2024
DIO,THE LAST IN LINE,C,ZZANG,16.08.2024
DION,A TEENAGER IN LOVE,K,XP1,
DION,ABRAHAM MARTIN AND JOHN,K,XP2,
DION,THE WANDERER,C,KARAFUN,05.04.2018
DION,THE WANDERER,M,MP&R3,
DION AND THE BELMONTS,RUNAROUND SUE,K,XP4,
DIONNE WARWICK,DO YOU KNOW THE WAY TO SAN JOSE,M,DKG16,
DIONNE WARWICK,HEARTBREAKER,K,XP4,
DIONNE WARWICK,HEARTBREAKER,C,ZOOM,25.04.2022
DIRE STRAITS,BROTHERS IN ARMS,C,THEBESTALIVE,25.09.2022
DIRE STRAITS,HEAVY FUEL,C,THEBESTALIVE,25.09.2022
DIRE STRAITS,INDUSTRIAL DISEASE,C,THEBESTALIVE,25.09.2022
DIRE STRAITS,LADY WRITER,C,NOSSO,05.02.2023
DIRE STRAITS,MONEY FOR NOTHING,C,RLUCRA,19.05.2018
DIRE STRAITS,MY PARTIES,C,THEBESTALIVE,25.09.2022
DIRE STRAITS,ONE WORLD,C,THEBESTALIVE,25.09.2022
DIRE STRAITS,RIDE ACROSS THE RIVER,C,BELLYSINGS,15.04.2024
DIRE STRAITS,ROMEO AND JULIET,C,THEBESTALIVE,25.09.2022
DIRE STRAITS,SO FAR AWAY,C,THEBESTALIVE,25.09.2022
DIRE STRAITS,SULTANS OF SWING,C,RLUCRA,07.01.2021
DIRE STRAITS,THE MANS TOO STRONG,C,BELLYSINGS,15.04.2024
DIRE STRAITS,TUNNEL OF LOVE,C,HD,05.02.2023
DIRE STRAITS,TWISTING BY THE POOL,C,ZOOM,08.12.2020
DIRE STRAITS,WALK OF LIFE,K,XP1,
DIRE STRAITS,WALK OF LIFE,C,STINGRAY,05.02.2023
DIRE STRAITS,WATER OF LOVE,C,THEBESTALIVE,25.09.2022
DIRE STRAITS,WHERE DO YOU THINK YOU'RE GOING,C,HALJAM,15.04.2024
DIRE STRAITS,WHY WORRY,C,THEBESTALIVE,25.09.2022
DIRE STRAITS,WILD WEST END,C,GOLDENCHORALE,15.04.2024
DIRE STRAITS,YOUR LATEST TRICK,C,BELLYSINGS,15.04.2024
DISCO,AURINKO LASKI,K,LK08,
DISCO,AURINKO LASKI,M,SAT18,
DISCO,HEI ÄLÄ LUULE,M,SATC04,
DISCO,ILKEITÄ ASIOITA,M,MEL22X,
DISCO,LEVOTTOMAT TUULET,M,MEL24X,
DISCO,TIEDÄN ETTÄ MÄ PALAAN,K,POW13SR3,
DISCO,TOISEEN SUUNTAAN,M,MEL30X,
DISTURBED,DOWN WITH THE SICKNESS,C,CCKARAOKE,03.08.2024
DISTURBED,INSIDE THE FIRE,C,CCKARAOKE,06.08.2024
DISTURBED,LAND OF CONFUSION,C,BELLYSINGS,08.08.2024
DISTURBED,PRAYER,C,BELLYSINGS,13.08.2024
DISTURBED,REMEMBER,C,ALLENKARAOKE,13.08.2024
DISTURBED,STRICKEN,C,CCKARAOKE,15.08.2024
DISTURBED,STUPIFY,C,MYALLTIME,25.10.2024
DISTURBED,THE NIGHT,C,LUETYA,16.08.2024
DISTURBED,THE SOUND OF SILENCE,C,ZOOM,06.03.2025
DISTURBED,VOICES,C,BELLYSINGS,18.08.2024
DIVINYLS,I TOUCH MYSELF,C,PARTYTYME,04.05.2026
DIXIE CHICKS,COWBOY TAKE ME AWAY,C,CLOUD,02.07.2024
DIXIE CHICKS,I HOPE,C,PHMONTHLY,30.07.2023
DIXIE CHICKS,NOT READY TO MAKE NICE,K,XP3,
DIXIE CHICKS,THERE'S YOUR TROUBLE,C,PARTYTYME,30.07.2023
DIXIE CHICKS,TRAVELLIN SOLDIER,C,ZOOM,26.11.2023
DIXIE CHICKS,VOICE INSIDE MY HEAD,C,PHMONTHLY,30.07.2023
DIXIE CHICKS,WIDE OPEN SPACES,C,CLOUD,30.07.2023
DJ OKU LUUKKAINEN,ELLI MENTÄVÄ ON,C,FIAT,26.01.2026
DJ SAMMY,HEAVEN,K,XP2,
DOKKEN,ALONE AGAIN,C,HD,01.08.2024
DOKKEN,BREAKING THE CHAINS,C,CHANNEL,02.08.2024
DOKKEN,DREAM WARRIORS,C,SOUNDCHOICE,03.08.2024
DOKKEN,IN MY DREAMS,C,PARTYTYME,06.08.2024
DOKKEN,INTO THE FIRE,C,PARTYTYME,06.08.2024
DOKKEN,IT'S NOT LOVE,C,PARTYTYME,06.08.2024
DOKKEN,UNCHAIN THE NIGHT,C,PARTYTYME,18.08.2024
DOLLY PARTON,9 TO 5,K,XP2,
DOLLY PARTON,HERE YOU COME AGAIN,K,XP3,
DOLLY PARTON,HONKEYTONK SONGS,K,XP4,
DOLLY PARTON,I WILL ALWAYS LOVE YOU,M,MP&R1,
DOLLY PARTON,IN THE GHETTO,K,XP2,
DOLLY PARTON,JOLENE,K,XP1,
DOLLY PARTON,JOLENE,M,MP&R1,
DOMINIC KIRWAN,THROUGH THE EYES OF AN IRISHMAN,C_O_U,POY,25.11.2023
DON HUONOT,HYRRÄ,M,SAT02,
DON HUONOT,HYVÄÄ YÖTÄ JA HUOMENTA,K,POW05SR1,
DON HUONOT,HYVÄÄ YÖTÄ JA HUOMENTA,M,SAT02,
DON HUONOT,MUSTAT LINNUT,C,KUNINGAS,05.11.2025
DON HUONOT,PYHIMYS,C_O,POY,12.09.2024
DON HUONOT,RIIDANKYLVÄJÄ,K,LK04,
DON HUONOT,SEIREENI,C_O,POY,11.09.2024
DON HUONOT,SYDÄNPUU,K,LK04,
DON HUONOT,VEDÄ KÄTEEN,C_O,POY,11.09.2024
DON MCLEAN,AMERICAN PIE,K,XP1,
DON MCLEAN,AMERICAN PIE,C,CHANNEL,25.04.2022
DON MCLEAN,AMERICAN PIE,M,PT2,
DON MCLEAN,AND I LOVE YOU SO,M,TOPHIT27,
DON MCLEAN,CRYING,K,XP3,
DON MCLEAN,VINCENT,C,RLUCRA,25.04.2022
DON WILLIAMS,I RECALL A GYPSY WOMAN,K,XP2,
DONA FAGEN,IGY (WHAT A BEAUTIFUL WORLD),C,MOBILEKUNIT,25.04.2022
DONNA SUMMER,BAD GIRLS,M,DKG16,
DONNA SUMMER,HOT STUFF,K,XP1,
DONNA SUMMER,ON THE RADIO,M,EXT1,
DONNA SUMMER,THIS TIME I KNOW IT'S FOR REAL,K,XP4,
DONNY OLKKOLA,URHEILU ON IHANAA,M,SAT06,
DONOTS,SACCHARINE SMILE,C,TUOTTAJA,07.11.2024
DORIS DAY,FLY ME TO THE MOON,C,SING,25.04.2022
DORIS DAY,QUE SERA SERA,M,PIO13A7,
DORIS DAY,QUE SERA SERA,M,TOPHIT27,
DORIS DAY,SECRET LOVE,M,MP&R2,
DORIS DAY,SENTIMENTAL JOURNEY,M,PIO007,
DORIS DAY,SUGARBUSH,K,XP2,
DORO PESCH FT TARJA TURUNEN,WALKING WITH THE ANGELS,C_O_UK,POY,09.05.2024
DOROTHY GALE,OVER THE RAINBOW,M,PIO007,
DR FEELGOOD,BACK IN THE NIGHT,C,WJ,06.08.2023
DR FEELGOOD,DON'T YOU JUST KNOW,C,KI,06.08.2023
DR FEELGOOD,DOWN AT THE DOCTORS,C,ZOOM,06.08.2023
DR FEELGOOD,GET YOUR KICKS ON ROUTE 66,C,KARAFUN,02.07.2024
DR FEELGOOD,GOING BACK HOME,C,HD,26.06.2023
DR FEELGOOD,MILK AND ALCOHOL,C,ZOOM,26.06.2023
DR FEELGOOD,ROUTE 66 (GET YOUR KICKS ON),C,KARAFUN,26.06.2023
DR FEELGOOD,ROXETTE,C,SUNFLY,06.08.2023
DR FEELGOOD,SHE DOES IT RIGHT,C,WJ,06.08.2023
DR HOOK,WHEN YOU'RE IN LOVE WITH A BEAUTIFUL WOMAN,K,XP3,
DREAMGIRLS,AND I'M TELLING YOU,K,XP4,
DREVO,СМАРАГДОВЕ НЕБО (SMARAGDIN VIHREÄ TAIVAS) (UKR),C_U,UKR,09.11.2025
DRIFTERS,UNDER THE BROADWALK,K,XP1,
DRÄNGARNA,KUNG ÖVER ÄNGARNA (SWE),M_U,SWE,
DUFFY,MERCY,C,SINGKING,06.03.2023
DUFFY,WARWICK AVENUE,C,EK,20.11.2021
DURAN DURAN,A VIEW TO A KILL,K,XP1,
DURAN DURAN,HUNGRY LIKE THE WOLF,M,MP&R2,
DURAN DURAN,IS THERE SOMETHING I SHOULD KNOW,K,XP3,
DURAN DURAN,ORDINARY WORLD,C,SOUNDCHOICE,03.04.2018
DURAN DURAN,REFLEX,K,XP4,
DURAN DURAN,THE WILD BOYS,C,SUNFLY,27.06.2023
DUSTY SPRINGFIELD,I ONLY WANT TO BE WITH YOU,K,XP1,
DUSTY SPRINGFIELD,I ONLY WANT TO BE WITH YOU,M,MP&R3,
DUSTY SPRINGFIELD,SON OF A PREACHER MAN,K,XP2,
DUSTY SPRINGFIELD,WISHIN' AND HOPIN',M,MP&R1,
DUSTY SPRINGFIELD,YOU DON'T HAVE TO SAY YOU LOVE ME,K,XP2,
DUSTY SPRINGFIELD,YOU DON'T HAVE TO SAY YOU LOVE ME,C,ZOOM,25.04.2022
DWIGHT YOAKAM,CRAZY LITTLE THING CALLED LOVE,C,EK,03.09.2023
E TYPE,ANGELS CRYING,C,HD,25.04.2022
E-MILION,TÖMBA JUHE VÄLJA SEINAST (EST),M_U,EST1,
EARTH WIND & FIRE,BOOGIE WONDERLAND,C,CCKARAOKE,18.04.2023
EARTH WIND & FIRE,LET'S GROOVE,C,ZOOM,24.03.2021
EARTH WIND & FIRE,LET'S GROOVE TONIGHT,K,XP4,
EARTH WIND & FIRE,SEPTEMBER,C,CHANNEL,11.12.2020
EBBA GRÖN,800 GRADER (SWE),M_U,SWE,
EBBA GRÖN,STATEN OCH KAPITALET (SWE),M_U,SWE,
ED SHEERAN,PERFECT,C,SINGKING,29.04.2018
ED SHEERAN,SHAPE OF YOU,C,SINGKING,27.08.2022
EDDIE COCHRAN,SUMMERTIME BLUES,K,XP2,
EDDIE COCHRAN,SUMMERTIME BLUES,C,BART,25.04.2022
EDDIE RABBITT & CRYSTAL GAYLE,YOU & I,M,PIO018,
EDDY,KUN TYTTÖJÄ KATSELEN,M,MDV10,
EDDY,PAPPA JOE,M,MDV12,
EDDY GRANT,ELECTRIC AVENUE,K,XP4,
EDDY GRANT,GIMME HOPE JO'ANNA,K,XP2,
EDEA,AAVA,M,KSF1Z,
EDISON LIGHTHOUSE,LOVE GROWS (WHERE MY ROSEMARY GOES),C,ZOOM,25.04.2022
EDU KETTUNEN,AUTIOILLA RANNOILLA,C,KUNINGAS,10.09.2026
EDU KETTUNEN,BROKEN,C,KUNINGAS,10.09.2026
EDU KETTUNEN,IHANAT AJAT,M,MEL25X,
EDU KETTUNEN,LENTÄJÄN POIKA,K,POW01,
EDU KETTUNEN,LENTÄJÄN POIKA,M,MDV59,
EDU KETTUNEN,MAAILMA ILMAN SUA,K,LK19,
EDU KETTUNEN,ME LÄHDEMME VIELÄ,M,MEL55X,
EDU KETTUNEN,RETKI MEREN RANTAAN,K,LK17,
EDU KETTUNEN,ROOMA,M,MEL48Z,
EDU KETTUNEN,TAIVAANSININEN BMW,K,POW10,
EDU KETTUNEN,TAVALLINEN PÄIVÄ,C,KUNINGAS,10.09.2026
EDWIN STARR,CONTACT,K,XP4,
EERO & JUSSI,LIISAN KOIRA,M,M60'S,
EERO & JUSSI RAITTINEN,KAUNIS NAINEN,C,FINNKARAOKE,31.10.2016
EERO AVEN,ELÄMÄNTOVERI,M,KK1,
EERO AVEN,ELÄMÄNTOVERI,M,MELVALS,
EERO AVEN,HOPEARUUSU,M,MELVALS,
EERO AVEN,IDÄN YÖ,M,COV22,
EERO AVEN,ILTATÄHTI,K,POW20TANGO,
EERO AVEN,KYLMÄNKUKKIA,M,KK1,
EERO AVEN,MELANCHOLY MAN (YKSINÄINEN MIES),C_O_UK,POY,03.06.2024
EERO AVEN,MUUTTOLINTUJEN LÄHTÖ,K,POW20TANGO,
EERO AVEN,NALTIOON,M,COV07,
EERO AVEN,SIRPALEET,K,POW08,
EERO AVEN,SIRPALEET,M,MELVALS,
EERO AVEN,SURUJEN KITARA,M,COV22,
EERO AVEN,UNELMAVALSSI,M,MDV09,
EERO AVEN,YKSINÄINEN MIES,M,MDV14,
EERO JA JUSSI & THE BOYS,AAVE CADILLAC,C_O,POY,27.03.2024
EERO JA JUSSI & THE BOYS,EI AIKA MENNYT KOSKAAN PALAA,M,COV22,
EERO JA JUSSI & THE BOYS,EI AIKA MENNYT KOSKAAN PALAA,MF,FIN14A10,
EERO JA JUSSI & THE BOYS,EI AIKA MENNYT KOSKAAN PALAA,M,MEL67,
EERO JA JUSSI & THE BOYS,TAHDON SAAREN,M,M60'S,
EERO MAGGA,POROMIES,M,KK1,
EERO PIIRTO,KIRIJEEN SULLE KIRIJOOTAN,M,MEL33X,
EERO RAITTINEN,OLEN YKSIN,M,MDV10,
EERO RAITTINEN,RAKKAUDELTA NÄYTTÄÄ HITTO VIE,MF,FIN52,
EERO RAITTINEN,RAKKAUDELTA NÄYTTÄÄ HITTO VIE,M,MDV20,
EERO RAITTINEN,TOIVOTAAN TOIVOTAAN,MF,FIN39B15,
EERO RAITTINEN,TOIVOTAAN TOIVOTAAN,MF,FIN5A2,
EERO RAITTINEN,TUULEN VIEMÄÄ,M,MDV68,
EERO RAITTINEN,UNTA EN SAA,M,MDV12,
EERO RAITTINEN,VANHA HOLVIKIRKKO,MF,FIN39B13,
EERO RAITTINEN,VANHA HOLVIKIRKKO,MF,FIN3B4,
EERO RAITTINEN,VANHA HOLVIKIRKKO,K,KONEPC,
EERO RAITTINEN,VANHA HOLVIKIRKKO,M,MDV11,
EERO RAITTINEN,VANHA HOLVIKIRKKO,C,FINNKARAOKE,02.07.2024
EERO RAITTINEN & JARI SILLANPÄÄ,UNTA EN SAA,MF,FIN53,
EERO RAITTINEN & JUSSI RAITTINEN,KAIKKI RAKKAUTENI,MF,FIN5A5,
EERO RAITTINEN & JUSSI RAITTINEN,KAUNIS NAINEN,MF,FIN46A5,
EERO RAITTINEN & JUSSI RAITTINEN,KAUNIS NAINEN,MF,FIN5A4,
EERO RAITTINEN & JUSSI RAITTINEN,LIISAN KOIRA,MF,FIN25A4,
EERO VÄRE,KAUKAINEN YSTÄVÄ,MF,FIN23B4,
EERO VÄRE,KULTAINEN NUORUUS,MF,FIN35B15,
EERO VÄRE,KULTAINEN NUORUUS,MF,FIN3A6,
EEVA LEENA SARIOLA,IHME JA KUMMA,C,MAURIK,14.11.2022
EGOTRIPPI,ASFALTIN PINTA,M,MEL40X,
EGOTRIPPI,KOIVUNIEMEN HERRA,M,MEL32X,
EGOTRIPPI,MATKUSTAJA,K,LK03,
EGOTRIPPI,MATKUSTAJA,M,MEL30X,
EGOTRIPPI,MESTARIPIIRROS,M,MEL60,
EGOTRIPPI,MUISTUTUS,K,LK16,
EGOTRIPPI,NOPEIMMAT JUNAT,M,SAT12,
EGOTRIPPI,NÄMÄ AJAT EIVÄT OLE MEITÄ VARTEN,K,LK07,
EGOTRIPPI,NÄMÄ AJAT EIVÄT OLE MEITÄ VARTEN,M,POW29,
EGOTRIPPI,UNIHIEKKAA,C_O,POY,03.11.2025
EGOTRIPPI,UNIHIEKKAA,M,SAT04,
EGOTRIPPI,ÄLÄ KOSKAAN IKINÄ,K,LK01,
EGOTRIPPI,ÄLÄ KOSKAAN IKINÄ,M,MEL27X,
EIJA KANTOLA,ENKELIKELLO,M,MJK1,
EIJA KANTOLA,HOTELLI KAIPUU,K,MG06,
EIJA KANTOLA,KIIRUHDA HILJAA,M,MEL48Z,
EIJA KANTOLA,KURKIAURAT,MF,FIN31A5,
EIJA KANTOLA,KYLMÄ KUUMA JA KAUNIS,M,MDV14,
EIJA KANTOLA,KÄY LUONAIN EILINEN,M,MDV68,
EIJA KANTOLA,KÄÄRMETANSSI,M,MEL48Z,
EIJA KANTOLA,LOUIE,K,POW16,
EIJA KANTOLA,LOUIE,M,MEL49Z,
EIJA KANTOLA,MUODISSA,C_O,POY,09.04.2026
EIJA KANTOLA,OLE SE JOTA HAIN,M,MEL22X,
EIJA KANTOLA,PERHOSKESÄ,K,POW10,
EIJA KANTOLA,PULLO VIINIÄ KÄY,C_O,POY,01.08.2025
EIJA KANTOLA,PUOLET MINUA,M,MEL29X,
EIJA KANTOLA,SANO,M,MG19,20.03.2026
EIJA KANTOLA,SATA SUUDELMAA,MF,FIN45B1,
EIJA KANTOLA,SATA SUUDELMAA,M,MEL02Z,
EIJA KANTOLA,SATA SUUDELMAA,C,FINNKARAOKE,02.07.2024
EIJA KANTOLA,SATTUMAA,M,POW19,20.03.2026
EIJA KANTOLA,SYKSYN SATEESEEN,M,POW19,20.03.2026
EIJA KANTOLA,TANSSI POIKA TANSSI,M,COV08,
EIJA KANTOLA,TANSSI POIKA TANSSI,M,SK1A4,
EIJA KANTOLA,VALVOTKO VUOKSENI,M,MG17,20.03.2026
EIJA KANTOLA,VANHA SWINGI,K,POW11,
EIJA KANTOLA,VANHA SWINGI,M,MDV57,
EIJA KANTOLA,VESIPISAROIDEN LAULU,C,FINNKARAOKE,02.07.2024
EIJA KANTOLA,YÖN HILJAISUUS,M,SK1A10,
EIJA KANTOLA,YÖN KUNINGATAR,K,POW11,
EIJA KANTOLA,YÖN KUNINGATAR,M,MEL49Z,
EIJA KANTOLA,YÖSSÄ SIELUJEN,M,COV16,
EIJA MERILÄ,LUVANNUT EN RUUSUTARHAA,MF,FIN17A6,
EIJA MERILÄ,LUVANNUT EN RUUSUTARHAA,K,POW06,
EIJA MERILÄ,MÄ MEIDÄN MAALLE TAHDON TAKAISIN,M,MEL04X,
EIJA MERILÄ,YÖ SAARISTOSSA,MF,FIN2A7,
EIJA MERILÄ,YÖ SAARISTOSSA,MF,FIN36,
EIJA SINIKKA,ALLA SUUREN SINITAIVAAN,C,FIAT,27.08.2026
EIJA SINIKKA,KAIKKI MUUTTUU,M,MDV11,
EIJA SINIKKA,KANSSASI SUN,MF,FIN38A10,
EIJA SINIKKA,KANSSASI SUN,M,MEL30X,
EIJA SINIKKA,KANSSASI SUN,C,FINNHITS,30.07.2016
EIJA SINIKKA,LAPIN KULTAA,M,MEL43Z,
EIJA SINIKKA,VESIPISAROIDEN LAULU,MF,FIN44B9,
EIJA SINIKKA,VILLIRUUSU,M,COV23,
EIJA SINIKKA,VILLIRUUSU,M,SASO12,
EIJA SINIKKA,YSTÄVÄKSI JÄÄ,M,MEL43Z,
EILA PELLINEN,KAKSI KITARAA,MF,FIN15B2,
EILA PELLINEN,KULTAISET KORVARENKAAT,MF,FIN45B15,
EILA PELLINEN,KULTAISET KORVARENKAAT,MF,FIN8B5,
EILA PELLINEN,KULTAISET KORVARENKAAT,K,POW02,
EILA PELLINEN,KULTAISET KORVARENKAAT,C,POWER,03.12.2014
EILA PELLINEN,LUOKSENI JÄÄTHÄN,M,MEL53PRO,
EILA PELLINEN,ONNI JONKA ANNOIN POIS,M,COV15,
EILA PELLINEN,PAKOON PAKOON,M,MDV63,
EILA PELLINEN,SAIT MULTA KUKKASET TOUKOKUUN,M,MEL45Z,
EILA PELLINEN,SURULLINEN SUNNUNTAI,MF,FIN38B9,
EILA PELLINEN,TULE SYYSKUU,MF,FIN44B6,
EILA PIENIMÄKI,SYDÄN RISTI JA ANKKURI,M,COV07,
EILA PIENIMÄKI,TULENLIEKKI,MF,FIN40B14,
EILA PIENIMÄKI,TULENLIEKKI,MF,FIN5A11,
EILA PIENIMÄKI,TULENLIEKKI,K,POW15,
EILA PIENIMÄKI,VANHAN VERÄJÄN LUONA,MF,FIN47B11,
EILA PIENIMÄKI,VANHAN VERÄJÄN LUONA,MF,FIN4B9,
EILA TORVELA,SUOMI POIKA,M,KK4,
EILA TORVELA,YKSI ON YLITSE MUIDEN,M,COV14,
EINI,AAMUTÄHDEN AIKAAN,M,SK1B4,
EINI,KESÄ JA YÖ,M,KK4,
EINI,KESÄ JA YÖ,M,MEL38Z,
EINI,KIITÄVÄN HETKEN HURMA,M,COV07,
EINI,ME KAKSI MATKALLA TUKHOLMAAN,M,MEL42Z,
EINI,MONTA MONTA YÖTÄ,M,MEL42Z,
EINI,MÄ JÄÄN,M,MEL55X,
EINI,OLEN NEITSYT,M,MEL42Z,
EINI,PIDÄ MUA KAUAN,M,MEL42Z,
EINI,PIMEÄN JÄLKEEN,C_O,POY,30.10.2025
EINI,SUA LIIKAA RAKASTAN,MF,FIN43A6,
EINI,SUA LIIKAA RAKASTAN,M,MDV09,
EINI,VIE VIE VIE,M,MEL21Z,
EINI,XANADU,M,MEL21Z,
EINI,YES SIR ALKAA POLTTAA,MF,FIN19A5,
EINI,YES SIR ALKAA POLTTAA,M,MEL39X,
EINI,YÖN JÄLKEEN,M,COV22,
EINI,ÄLÄ PELKÄÄ MUA,C_O,POY,08.08.2023
EINI JA PORTION BOYS,TAIVAISIIN,C,KUNINGAS,20.11.2025
EINO GRÖN,CARINA,MF,FIN39B4,
EINO GRÖN,CARMEN SYLVA,MF,FIN26B7,
EINO GRÖN,ELÄMÄNI NAINEN,MF,FIN43B7,
EINO GRÖN,ELÄMÄNI NAINEN,M,MEL07,
EINO GRÖN,EN ENÄÄ VAIETA MÄ VOI,K,POW20TANGO,
EINO GRÖN,GUAPITA,MF,FIN38B7,
EINO GRÖN,HELKKÄÄ PIENET TIU'UT,M,MJK1,
EINO GRÖN,ILTA SAIMAALLA,MF,FIN22B4,
EINO GRÖN,ILTA SAIMAALLA,M,MELVALS,
EINO GRÖN,IRJA TANGO,M,MDVTAN,
EINO GRÖN,ITÄMAISTA RAKKAUTTA,MF,FIN25B2,
EINO GRÖN,KENTIES,MF,FIN37B1,
EINO GRÖN,KENTIES,C,FINNHITS,19.10.2015
EINO GRÖN,KENTIES KENTIES KENTIES (QUIZAS QUIZAS QUIZAS),M,COV17,
EINO GRÖN,KIELON JÄÄHYVÄISET,MF,FIN16B6,
EINO GRÖN,KIELON JÄÄHYVÄISET,M,MELVALS,
EINO GRÖN,KOHTALON TANGO,MF,FIN29B3,
EINO GRÖN,KOHTALON TANGO,C,FINNKARAOKE (POY),27.07.2022
EINO GRÖN,KUKKA ONNENI MAAN,K,POW08,
EINO GRÖN,KYYNELEET,MF,FIN31B7,
EINO GRÖN,LASIHELMIÄ,K,POW08,
EINO GRÖN,LEILA,M,MELVALS,
EINO GRÖN,LIIAN VÄHÄN AIKAA,MF,FIN22A9,
EINO GRÖN,MEIDÄN TANGOMME,MF,FIN53,
EINO GRÖN,MONA LISA,MF,FIN26A9,
EINO GRÖN,MUSTALAISPRIMAS,MF,FIN12B7,
EINO GRÖN,MUSTALAISPRIMAS,C,FINNKARAOKE (POY),27.07.2022
EINO GRÖN,MYRSKYLUODON MAIJA,K,LK17,
EINO GRÖN,POVAS MULLE MUSTALAINEN,MF,FIN44B10,
EINO GRÖN,RUHTINAAN VIULU,MF,FIN46B14,
EINO GRÖN,RUHTINAAN VIULU,MF,FIN7B5,
EINO GRÖN,SAANHAN VIIMEISEN TANSSIN,C,FINNHITS,18.10.2015
EINO GRÖN,SEINILLÄ ON KORVAT,MF,FIN9B9,
EINO GRÖN,SILMÄSI ODOTTAVAT MINUA,MF,FIN39B8,
EINO GRÖN,SOI MAININKI HILJAINEN,MF,FIN36,
EINO GRÖN,SOI MAININKI HILJAINEN,K,POW20TANGO,
EINO GRÖN,SUUDELMIN SULJETUT KIRJEET,MF,FIN3A3,
EINO GRÖN,SUUDELMIN SULJETUT KIRJEET,MF,FIN40A15,
EINO GRÖN,SUUDELMIN SULJETUT KIRJEET,M,MEL62,
EINO GRÖN,SÄ KUULUT PÄIVÄÄN JOKAISEEN,MF,FIN42B12,
EINO GRÖN,SÄ KUULUT PÄIVÄÄN JOKAISEEN,MF,FIN5B9,
EINO GRÖN,TAMMERKOSKI,M,MEL41Z,
EINO GRÖN,TAMMERKOSKI,M,MEL43Z,
EINO GRÖN,TANGO D'AMORE,MF,FIN10A9,
EINO GRÖN,TANGO D'AMORE,C,FINNKARAOKE,02.07.2024
EINO GRÖN,TANGOKAVALJEERI,MF,FIN42B7,
EINO GRÖN,TOISET MEISTÄ,MF,FIN7B3,
EINO GRÖN,VAARALLISTA ONNEA,MF,FIN36,
EINO GRÖN,VAARALLISTA ONNEA,M,MEL49Z,
EINO GRÖN,VALENTINO TANGO,K,POW20TANGO,
EINO GRÖN,VIELÄ MÄ PALAAN,C_O,POY,27.01.2025
EINO GRÖN,VÄHEMMÄN KIIRETTÄ ENEMMÄN AIKAA,MF,FIN33A3,
EINO VALTANEN,KESKIYÖN TANGO,MF,FIN52,
EINO VALTANEN,KESKIYÖN TANGO,K,POW08,
EINO VALTANEN,NO JUSTIINSA JUU,K,POW04,
EINO VALTANEN,NO JUSTIINSA JUU,M,MEL70'S,
EINO VALTANEN,PIENI MURU ONNEA,M,MDVTAN,
EINO VALTANEN,SURULLINEN SOITTAJA,M,COV16,
EINO VIRTANEN,BUONA SERA SIGNORINA,MF,FIN25A10,
EINO VIRTANEN,SAANHAN VIIMEISEN TANSSIN,MF,FIN43B12,
EINO VIRTANEN,SAANHAN VIIMEISEN TANSSIN,MF,FIN5B1,
ELASTINEN,ANNA SOIDA,M,SATC03,
ELASTINEN,ETEEN JA YLÖS,M,SAT15,
ELASTINEN,NAURAVA KULKURI,M,LK23,
ELASTINEN,NAURAVA KULKURI,M,SAT14,
ELASTINEN,OO SIELLÄ JOSSAIN MUN,M,LK24,
ELASTINEN,OVET PAUKKUU,M,SATC03,
ELASTINEN,PEGGY,M,LK23,
ELASTINEN,SUPER,M,SAT15,
ELASTINEN & JENNI VARTIAINEN,EPÄRÖIMÄTTÄ HETKEÄKÄÄN,M,COV11,
ELASTINEN & TASIS,JARRUTA,M,MEL51Z,
ELASTINEN FT JOHANNA KURKELA,OOTA MUA,C_O,POY,14.06.2023
ELASTINEN FT SPEKTI & TASIS,ROTKO,M,SATC03,
ELECTRIC BOYS,ALL LIPS N' HIPS,M,ROCK,
ELECTRIC EYE,THE HELLION,C,LYRICEDITOR,16.08.2024
ELECTRIC LIGHT ORCHESTRA (ELO),ALL OVER THE WORLD,C,KARAFUN,19.05.2018
ELECTRIC LIGHT ORCHESTRA (ELO),CALLING AMERICA,C,ZIPPER,30.08.2025
ELECTRIC LIGHT ORCHESTRA (ELO),DON'T BRING ME DOWN,K,XP3,
ELECTRIC LIGHT ORCHESTRA (ELO),EVIL WOMAN,C,ZOOM,01.10.2014
ELECTRIC LIGHT ORCHESTRA (ELO),HOLD ON TIGHT,C,ZOOM,01.10.2014
ELECTRIC LIGHT ORCHESTRA (ELO),IT'S OVER,C,LOOKCHANNEL,04.05.2025
ELECTRIC LIGHT ORCHESTRA (ELO),LAST TRAIN TO LONDON,C,KARAFUN,19.05.2018
ELECTRIC LIGHT ORCHESTRA (ELO),LIVIN' THING,K,XP4,
ELECTRIC LIGHT ORCHESTRA (ELO),LIVIN' THING,C,ZOOM,01.10.2014
ELECTRIC LIGHT ORCHESTRA (ELO),MR BLUE SKY,C,KARAFUN,05.04.2021
ELECTRIC LIGHT ORCHESTRA (ELO),ROCK'N' ROLL IS KING,C,KARAFUN,02.07.2024
ELECTRIC LIGHT ORCHESTRA (ELO),ROCKARIA,C,SOUNDCHOICE,27.08.2021
ELECTRIC LIGHT ORCHESTRA (ELO),ROLL OVER BEETHOVEN,M,MP&R3,
ELECTRIC LIGHT ORCHESTRA (ELO),SHINE A LITTLE LOVE,C,KARAFUN,02.07.2024
ELECTRIC LIGHT ORCHESTRA (ELO),STRANGE MAGIC,C,KAR@OKE80'S,10.03.2015
ELECTRIC LIGHT ORCHESTRA (ELO),SWEET TALKIN' WOMAN,C,ZOOM,07.01.2021
ELECTRIC LIGHT ORCHESTRA (ELO),TELEPHONE LINE,K,XP2,
ELECTRIC LIGHT ORCHESTRA (ELO),TELEPHONE LINE,C,ZOOM,07.01.2021
ELECTRIC LIGHT ORCHESTRA (ELO),TELEPHONE LINE,M,MP&R3,
ELIAS KASKINEN,MEIDÄN TÄSSÄ KUULUISI RAKASTUU,C,FIAT,25.05.2026
ELIAS KASKINEN,RAKASTUMISEN OIREET,C_O,POY,16.04.2026
ELIAS KASKINEN,VIIMEISET HÄÄT,C,KUNINGAS,20.03.2026
ELINA VETTENRANTA,ELÄMÄNTANSSI,M,MEL45Z,
ELINA VETTENRANTA,ENSI YÖNÄ,M,MEL44X,
ELINA VETTENRANTA,SYDÄNTEN YÖ,M,MEL44X,
ELINA VETTENRANTA,TÄHDENLENTO,M,MEL45Z,
ELISA & KUORO LILI,ME KÄYMME JOULUN VIETTOHON,M,MJK1,
ELKIE BROOKS,NO MORE THE FOOL,K,XP2,
ELKIE BROOKS,PEARL'S A SINGER,K,XP2,
ELLA FITZGERALD,BLUE MOON,C,ZOOM,09.10.2023
ELLA FITZGERALD,LOVE FOR SALE,C,KARAFUN,18.07.2024
ELLA FITZGERALD (THE BEATLES),CAN'T BUY ME LOVE,C,KARAFUN,09.10.2023
ELLA LYMI,MULLE KÄY,M,COV06,
ELLA TASKINEN,HUOPIKKAAT,C,FINNKARAOKE,02.07.2024
ELLIE GOULDING,YOUR SONG,C,VERSION,29.04.2022
ELLIMEI,MUN IHMINEN,C,FIAT,25.05.2026
ELLIMEI,SUSTA LÖYSIN KODIN,C,FIAT,25.05.2026
ELLINOORA,7 MINUUTTII,C,KUNINGAS,17.04.2026
ELLINOORA,AHDISTUKSEN AIKA,C,KUNINGAS,05.11.2025
ELLINOORA,AUTIOSAARI (VAIN ELÄMÄÄ KAUSI 9),C_O,POY,16.09.2023
ELLINOORA,CARRIE,M,LK25,
ELLINOORA,CARRIE,M,SAT17,
ELLINOORA,DINOSAURUKSII,M,COV14,
ELLINOORA,ELEFANTIN PAINO,C_O,POY,09.12.2024
ELLINOORA,FUNERAL SONG,C_O,POY,23.10.2024
ELLINOORA,HEI HUOMINEN (VAIN ELÄMÄÄ KAUSI 14),C,FIAT,25.05.2026
ELLINOORA,KULTAINEN SUKUPOLVI,C,KUNINGAS,05.11.2025
ELLINOORA,LEIJONAKUNINGAS,M,LK25,
ELLINOORA,LEIJONAKUNINGAS,M,SAT18,
ELLINOORA,MEILLE KÄY HYVIN,C,FIAT,01.09.2026
ELLINOORA,MINÄ SUOJELEN SINUA,C,FIAT,25.05.2026
ELLINOORA,NARTUT,C_O,POY,03.11.2025
ELLINOORA,SELLAINEN MIES,M,LK24,
ELLINOORA,SELLAINEN MIES,M,MEL60,
ELLINOORA,TÄLLÄ KADULLA,C_O,POY,17.09.2025
ELLINOORA FT EETU,BÄNG BÄNG TYPERÄ SYDÄN,C_O,POY,27.10.2025
ELLINOORA JA SAMULI PUTRO,OSUMA,C_O,POY,12.02.2025
ELOKUU,KULLANKAIVAJA,K,LK19,
ELOKUU,SAATILLA,K,LK18,
ELOKUU,SAATILLA,M,SAT06,
ELOKUU,SOUTAA HUOPAA,K,LK17,
ELOKUU,SOUTAA HUOPAA,M,SAT06,
ELOKUU,TÄNÄÄN LÄHTEE,K,LK20,
ELOKUU,TÄNÄÄN LÄHTEE,M,SAT09,
ELONKERJUU,ELÄMÄNTULI,C_O,POY,25.09.2025
ELONKERJUU,SURUN JA ILON KAUPUNKI,K,LK19,
ELONKERJUU,SURUN JA ILON KAUPUNKI,M,MDV58,
ELONKERJUU,TANSSI POIS PAHA,M,SAT13,
ELONKERJUU,VIISTÄKÖÖN SIIPENI MAATA,K,LK19,
ELONKERJUU,VIISTÄKÖÖN SIIPENI MAATA,M,MDV58,
ELONKERJUU FT VESKU JOKINEN,KOTKASYDÄN,C,FIAT,25.05.2026
ELTON JOHN,BENNIE AND THE JETS,M,PIO007,
ELTON JOHN,CAN YOU FEEL THE LOVE TONIGHT,C,SINGKING,29.04.2022
ELTON JOHN,CANDLE IN THE WIND,K,XP1,
ELTON JOHN,CANDLE IN THE WIND,M,MP&R1,
ELTON JOHN,CIRCLE OF LIFE,K,XP4,
ELTON JOHN,CROCODILE ROCK,C,CHANNEL,29.04.2022
ELTON JOHN,CROCODILE ROCK,M,PIO005,
ELTON JOHN,GOODBYE YELLOW BRICK ROAD,M,DKG16,
ELTON JOHN,GOODBYE YELLOW BRICK ROAD,K,XP4,
ELTON JOHN,GOODBYE YELLOW BRICK ROAD,C,CCKARAOKE,25.04.2022
ELTON JOHN,GOODBYE YELLOW BRICK ROAD,M,PIO005,
ELTON JOHN,I'M STILL STANDING,C,CHANNEL,25.04.2022
ELTON JOHN,ROCKET MAN,C,ZOOM,30.08.2025
ELTON JOHN,SACRIFIE,K,XP4,
ELTON JOHN,SORRY SEEMS TO BE THE HARDEST WORD,C,CHANNEL,26.09.2023
ELTON JOHN,YOUR SONG,K,XP1,
ELTON JOHN,YOUR SONG,C,KARAFUN,25.04.2022
ELTON JOHN & GEORGE MICHAEL,DON'T LET THE SUN GO DOWN ON ME,K,XP1,
ELTON JOHN & KIKI DEE,DON'T GO BREAKING MY HEART,K,XP1,
ELVIS COSTELLO & THE ATTRACTIONS,PUMP IT UP,C,PUNK MEDIA,13.08.2024
ELVIS PRESLEY,A BIG HUNK OF LOVE,M,ELVIS2,
ELVIS PRESLEY,A FOOL SUCH AS I,M,ELVIS2,
ELVIS PRESLEY,A LITTLE LESS CONVERSATION,M,ELVIS2,
ELVIS PRESLEY,A MESS OF BLUES,M,ELVIS2,
ELVIS PRESLEY,ACAPULCO,M,ELVIS1,
ELVIS PRESLEY,ALL SHOOK UP,M,ELVIS1,
ELVIS PRESLEY,ALL SHOOK UP,K,XP1,
ELVIS PRESLEY,ALWAYS ON MY MIND,M,ELVIS1,
ELVIS PRESLEY,ALWAYS ON MY MIND,K,XP4,
ELVIS PRESLEY,ALWAYS ON MY MIND,C,CLOUD,21.08.2014
ELVIS PRESLEY,AMAZING GRACE,M,ELVIS1,
ELVIS PRESLEY,ANGEL,M,ELVIS1,
ELVIS PRESLEY,ARE YOU LONESOME TONIGHT,M,ELVIS1,
ELVIS PRESLEY,ARE YOU LONESOME TONIGHT,C,SOUNDCHOICE,23.05.2022
ELVIS PRESLEY,AS LONG AS I HAVE YOU,M,ELVIS2,
ELVIS PRESLEY,ASK ME,M,ELVIS2,
ELVIS PRESLEY,BLUE CHRISTMAS,C,CHANNEL,04.07.2022
ELVIS PRESLEY,BLUE MOON OF KENTUCKY,M,ELVIS1,
ELVIS PRESLEY,BLUE SUEDE SHOES,M,ELVIS1,
ELVIS PRESLEY,BLUE SUEDE SHOES,K,XP3,
ELVIS PRESLEY,BOSSA NOVA BABY,M,ELVIS2,
ELVIS PRESLEY,BURNING LOVE,M,ELVIS1,
ELVIS PRESLEY,BURNING LOVE,C,CHANNEL,29.07.2018
ELVIS PRESLEY,CAN'T HELP FALLING IN LOVE,M,ELVIS2,
ELVIS PRESLEY,CAN'T HELP FALLING IN LOVE,K,XP1,
ELVIS PRESLEY,CAN'T HELP FALLING IN LOVE,C,RLUCRA,22.11.2020
ELVIS PRESLEY,CINDY CINDY,M,ELVIS2,
ELVIS PRESLEY,CRYING IN THE CHAPEL,M,TOPHIT27,
ELVIS PRESLEY,DEVIL IN DISGUISE,M,ELVIS1,
ELVIS PRESLEY,DEVIL IN DISGUISE,K,XP3,
ELVIS PRESLEY,DON'T,M,ELVIS2,
ELVIS PRESLEY,DON'T BE CRUEL,M,ELVIS1,
ELVIS PRESLEY,DON'T BE CRUEL,K,XP4,
ELVIS PRESLEY,DON'T CRY DADDY,M,ELVIS1,
ELVIS PRESLEY,DON'T LEAVE ME NOW,M,ELVIS1,
ELVIS PRESLEY,FEVER,M,ELVIS2,
ELVIS PRESLEY,FLAMING STAR,M,ELVIS1,
ELVIS PRESLEY,FOLLOW THAT DREAM,M,ELVIS1,
ELVIS PRESLEY,FOOL,M,ELVIS2,
ELVIS PRESLEY,FOR THE GOOD TIMES,M,ELVIS1,
ELVIS PRESLEY,GOOD LUCK CHARM,M,ELVIS2,
ELVIS PRESLEY,GUITAR MAN,M,ELVIS2,
ELVIS PRESLEY,HARD HEADED WOMAN,M,ELVIS2,
ELVIS PRESLEY,HEARTBREAK HOTEL,M,ELVIS1,
ELVIS PRESLEY,HEARTBREAK HOTEL,K,XP2,
ELVIS PRESLEY,HEARTBREAK HOTEL,M,PIO1A2,
ELVIS PRESLEY,HIS LATEST FLAME,M,ELVIS1,
ELVIS PRESLEY,HOUND DOG,M,ELVIS2,
ELVIS PRESLEY,HOUND DOG,K,XP4,
ELVIS PRESLEY,HOUND DOG,M,PIO007,
ELVIS PRESLEY,I CAN'T HELP FALLING IN LOVE,M,PIO1A6,
ELVIS PRESLEY,I CAN'T STOP LOVING YOU,M,ELVIS2,
ELVIS PRESLEY,I GOT A FEELING IN MY BODY,M,ELVIS1,
ELVIS PRESLEY,I GOT LUCKY,M,ELVIS1,
ELVIS PRESLEY,I GOT STUNG,M,ELVIS1,
ELVIS PRESLEY,I NEED YOU SO,M,ELVIS1,
ELVIS PRESLEY,I WANNA BE FREE,M,ELVIS2,
ELVIS PRESLEY,I WANT YOU I NEED YOU I LOVE YOU,M,ELVIS1,
ELVIS PRESLEY,I'LL BE HOME FOR CHRISTMAS,C,KARAFUN,04.07.2022
ELVIS PRESLEY,I'LL REMEMBER YOU,M,ELVIS1,
ELVIS PRESLEY,I'M A ROUSTABOUT,K,XP3,
ELVIS PRESLEY,I'M YOURS,M,ELVIS2,
ELVIS PRESLEY,IF I CAN DREAM,M,ELVIS1,
ELVIS PRESLEY,IN THE GHETTO,M,ELVIS1,
ELVIS PRESLEY,IN THE GHETTO,K,XP3,
ELVIS PRESLEY,IT'S A MATTER OF TIME,M,ELVIS1,
ELVIS PRESLEY,IT'S EASY FOR YOU,M,ELVIS1,
ELVIS PRESLEY,IT'S IMPOSSIBLE,M,ELVIS2,
ELVIS PRESLEY,IT'S NOW OR NEVER,M,ELVIS1,
ELVIS PRESLEY,IT'S NOW OR NEVER,K,XP1,
ELVIS PRESLEY,IT'S OVER,M,ELVIS2,
ELVIS PRESLEY,JAILHOUSE ROCK,M,ELVIS1,
ELVIS PRESLEY,JAILHOUSE ROCK,K,XP1,
ELVIS PRESLEY,JAILHOUSE ROCK,M,PIO005,
ELVIS PRESLEY,KENTUCKY RAIN,M,ELVIS2,
ELVIS PRESLEY,KING CREOLE,M,ELVIS1,
ELVIS PRESLEY,KISS ME QUICK,M,ELVIS2,
ELVIS PRESLEY,KISSING COUSINS,M,ELVIS2,
ELVIS PRESLEY,LITTLE SISTER,M,ELVIS1,
ELVIS PRESLEY,LITTLE SISTER,K,XP2,
ELVIS PRESLEY,LONELY MAN,M,ELVIS2,
ELVIS PRESLEY,LOVE LETTERS,M,ELVIS2,
ELVIS PRESLEY,LOVE LETTERS,M,PIO13B8,
ELVIS PRESLEY,LOVE ME,M,ELVIS2,
ELVIS PRESLEY,LOVE ME TENDER,M,ELVIS1,
ELVIS PRESLEY,LOVE ME TENDER,K,XP2,
ELVIS PRESLEY,LOVE ME TENDER,C,CHANNEL,11.12.2020
ELVIS PRESLEY,LOVING YOU,M,ELVIS2,
ELVIS PRESLEY,LOWDY MISS CLOUDY,M,ELVIS2,
ELVIS PRESLEY,MARGUERITA,M,ELVIS1,
ELVIS PRESLEY,MEAN WOMAN BLUES,M,ELVIS2,
ELVIS PRESLEY,MEMORIES,M,ELVIS2,
ELVIS PRESLEY,MOODY BLUE,M,ELVIS1,
ELVIS PRESLEY,MOONLIGHT SWIM,M,ELVIS1,
ELVIS PRESLEY,MY BABY LEFT ME,M,ELVIS2,
ELVIS PRESLEY,MYSTERY TRAIN,M,ELVIS2,
ELVIS PRESLEY,NO MORE,M,ELVIS2,
ELVIS PRESLEY,ONE NIGHT,M,ELVIS2,
ELVIS PRESLEY,PARTY,M,ELVIS2,
ELVIS PRESLEY,PEACE IN THE VALLEY,C,MRENTERTAINER,10.12.2023
ELVIS PRESLEY,PLEASE DON'T STOP LOVING ME,M,ELVIS1,
ELVIS PRESLEY,PLEDGING MY LOVE,M,ELVIS1,
ELVIS PRESLEY,POLK SALAD ANNIE,K,XP4,
ELVIS PRESLEY,RETURN TO SENDER,M,ELVIS2,
ELVIS PRESLEY,RETURN TO SENDER,K,XP3,
ELVIS PRESLEY,RETURN TO SENDER,C,ZOOM,09.12.2014
ELVIS PRESLEY,RETURN TO SENDER,M,PIO007,
ELVIS PRESLEY,SANTA CLAUS IS BACK IN TOWN,C,KARAFUN,25.04.2022
ELVIS PRESLEY,SEE SEE RIDER,M,ELVIS2,
ELVIS PRESLEY,SHE'S NOT YOU,M,ELVIS1,
ELVIS PRESLEY,SILENT NIGHT,C,KARAFUN,25.04.2022
ELVIS PRESLEY,SOLITAIRE,M,ELVIS1,
ELVIS PRESLEY,SPANISH EYES,M,ELVIS2,
ELVIS PRESLEY,STUCK ON YOU,M,ELVIS1,
ELVIS PRESLEY,SUMMER KISSES WINTER TEARS,M,TOPHIT27,
ELVIS PRESLEY,SURRENDER,M,ELVIS2,
ELVIS PRESLEY,SUSPICION,M,ELVIS2,
ELVIS PRESLEY,SUSPICIOUS MINDS,M,ELVIS1,
ELVIS PRESLEY,SUSPICIOUS MINDS,K,XP1,
ELVIS PRESLEY,TEDDY BEAR,M,ELVIS1,
ELVIS PRESLEY,TEDDY BEAR,K,XP4,
ELVIS PRESLEY,THAT'S ALRIGHT MAMA,M,ELVIS1,
ELVIS PRESLEY,THE GIRL OF MY BEST FRIEND,M,ELVIS1,
ELVIS PRESLEY,THE WALLS HAVE EARS,M,ELVIS2,
ELVIS PRESLEY,THE WONDER OF YOU,M,ELVIS1,
ELVIS PRESLEY,THE WONDER OF YOU,K,XP3,
ELVIS PRESLEY,TOO MUCH,M,ELVIS2,
ELVIS PRESLEY,TREAT ME NICE,M,ELVIS2,
ELVIS PRESLEY,TROUBLE,M,ELVIS1,
ELVIS PRESLEY,VIVA LAS VEGAS,M,ELVIS2,
ELVIS PRESLEY,WE CAN MAKE THE MORNING,M,ELVIS1,
ELVIS PRESLEY,WEAR MY RING AROUND YOUR NECK,M,ELVIS2,
ELVIS PRESLEY,WHITE CHRISTMAS,C,KARAFUN,25.04.2022
ELVIS PRESLEY,WINTER WONDERLAND,C,KARAFUN,25.04.2022
ELVIS PRESLEY,WOODEN HEART,M,ELVIS1,
ELVIS PRESLEY,WORDS,M,ELVIS2,
ELVIS PRESLEY,YOU DON'T HAVE TO SAY YOU LOVE ME,M,ELVIS2,
ELVIS PRESLEY,YOU GAVE ME A MOUNTAIN,M,ELVIS1,
ELVIS PRESLEY,YOU'RE SO SQUARE,M,ELVIS2,
ELVIS PRESLEY,YOUNG AND BEAUTIFUL,M,ELVIS2,
ELÄKELÄISET,EHTOOPUOLELLA,C,WALTARI (POY),21.09.2022
ELÄKELÄISET,HULLUNA HUMPASTA,C,HUMPPAVISIO (POY),24.09.2022
ELÄKELÄISET,HUMPPALÄHETYSTÖ,C,MES (POY),21.10.2022
ELÄKELÄISET,HUMPPAVAMMANEN,C,MES (POY),14.12.2022
ELÄKELÄISET,RATTOISA HUMPPA,C,MES (POY),14.12.2022
ELÄKELÄISET,SIELUNI HUUTAA HUMPPAA,C,MES (POY),14.12.2022
ELÄKELÄISET,VANHAN UKON HUMPPA,C,MES (POY),24.09.2022
EMIL SIGFRIDSSON,TILLBAKA TILL IGÅR (SWE),M_U,SWE,
EMINEM,HOUDINI,C,ZOOM,27.07.2025
EMINEM,STAN,K,XP2,
EMMA & MATILDA,AALTOIHIN UUPUNUT,C,KUNINGAS,15.11.2025
EMMA & MATILDA,HUOLETON,C,KUNINGAS,05.11.2025
EMMA & MATILDA,IKÄVÄ,C,KUNINGAS,05.11.2025
EMMA & MATILDA,JOS MÄ OISIN REHELLINEN,C,KUNINGAS,22.06.2026
EMMA & MATILDA,KEVÄINEN VALO,C,KUNINGAS,22.06.2026
EMMA & MATILDA,LEVOTON TUHKIMO,C,KUNINGAS,11.05.2026
EMMA & MATILDA,OLIVIA,C,KUNINGAS,22.06.2026
EMMA & MATILDA,SISKO,C,KUNINGAS,05.11.2025
EMMA & MATILDA,SUN TYTTÖ,C,KUNINGAS,22.06.2026
EMMA & MATILDA,TOINEN VUOSI,C,KUNINGAS,22.06.2026
EMMA & MATILDA,TRAGEDIA,C,KUNINGAS,22.06.2026
EMMA & MATILDA,VIIMEISET HITAAT,C,KUNINGAS,22.06.2026
EMMA SALOKOSKI,KIELLETTYJÄ ASIOITA,M,MDV65,
EMMA SALOKOSKI ENSEMBLE,TÄHDET MEREN YLLÄ,C,FIAT,22.08.2026
EMMA SALOKOSKI ENSEMBLE,VEDEN ALLA,M,SAT04,
EMOTIONS,BEST OF MY LOVE,K,XP4,
EN VOGUE,GIVING HIM SOMETHING HE CAN FEEL,K,XP2,
ENERGIA,ENSI KERTAA,C_O,POY,24.12.2025
ENGELBERT HUMPERDINCK,A MAN WITHOUT LOVE,C,KARAFUN,25.04.2022
ENGELBERT HUMPERDINCK,A MAN WITHOUT LOVE,M,SKD603,
ENGELBERT HUMPERDINCK,AFTER THE LOVIN',M,SKD603,
ENGELBERT HUMPERDINCK,AFTER THE LOVING,K,XP1,
ENGELBERT HUMPERDINCK,AM I THAT EASY TO FORGET,M,SKD603,
ENGELBERT HUMPERDINCK,I NEVER SAID GOODBYE,M,SKD603,
ENGELBERT HUMPERDINCK,I'M LEAVIN' YOU,M,SKD603,
ENGELBERT HUMPERDINCK,IL MONDO,M,MP&R1,
ENGELBERT HUMPERDINCK,LOVE ME WITH ALL YOUR HEART,C,KARAFUN,25.04.2022
ENGELBERT HUMPERDINCK,LOVE ME WITH ALL YOUR HEART,M,SKD603,
ENGELBERT HUMPERDINCK,RELEASE ME,C,BART,25.04.2022
ENGELBERT HUMPERDINCK,RELEASE ME,M,PIO13B5,
ENGELBERT HUMPERDINCK,RELEASE ME,M,SKD603,
ENGELBERT HUMPERDINCK,RELEASE ME,M,TOPHIT27,
ENGELBERT HUMPERDINCK,SWEET HEART,M,SKD603,
ENGELBERT HUMPERDINCK,TEN GUITARS,C,KARAFUN,18.07.2024
ENGELBERT HUMPERDINCK,THE LAST WALTZ,M,MP&R1,
ENGELBERT HUMPERDINCK,THE LAST WALTZ,M,SKD603,
ENGELBERT HUMPERDINCK,THERE GOES MY EVERYTHING,M,SKD603,
ENGELBERT HUMPERDINCK,TOO BEAUTIFUL TO LAST,M,SKD603,
ENGELBERT HUMPERDINCK,WHEN THERE'S NO YOU,M,SKD603,
ENGELBERT HUMPERDINCK,WINTER WORLD OF LOVE,M,SKD603,
ENGLAND DAN,I'D REALLY LOVE TO SEE YOU TONIGHT,C,RLUCRA,25.04.2022
ENSIFERUM,LAI LAI HEI,M,HEVI 3,
ENSIFERUM,MYRSKYLUODON MAIJA (METSÄMIEHEN LAULU),C,3700,15.11.2025
EPPU NORMAALI,20 VUOTTA SIKANA,K,POW05SR1,
EPPU NORMAALI,AFRIKKA SARVIKUONOJEN MAA,K,POW09SR2,
EPPU NORMAALI,AFRIKKA SARVIKUONOJEN MAA,M,MEL67,
EPPU NORMAALI,ALASTON MIES ALASTON NAINEN,C_O,POY,12.07.2024
EPPU NORMAALI,ARKUSSA VAINAAN,C_O,POY,29.08.2024
EPPU NORMAALI,ASUSTELAULU,C_O,POY,11.03.2026
EPPU NORMAALI,BAARIKÄRPÄNEN,K,POW04,
EPPU NORMAALI,BAARIKÄRPÄNEN,M,MEL39X,
EPPU NORMAALI,BAARIKÄRPÄNEN,C,MELPLAY,19.01.2021
EPPU NORMAALI,BALLADI KAIKEN TURHUUDESTA,C_O,POY,24.01.2023
EPPU NORMAALI,DELIRIUM TREMENS,C_O,POY,07.01.2023
EPPU NORMAALI,EI SANKARIAINESTA,K,LK04,
EPPU NORMAALI,ELÄMÄN TARKOITUS,C_O,POY,11.12.2025
EPPU NORMAALI,EN SAA MIELESTÄ SINUA,C_O,POY,15.04.2024
EPPU NORMAALI,HAISTAKOON VEEN,C_O,POY,19.01.2024
EPPU NORMAALI,HAUTAUSMAAROCK,C_O,POY,23.01.2025
EPPU NORMAALI,HIPIT RAUTAA,C_O,POY,04.01.2024
EPPU NORMAALI,JACKPOT,C_O,POY,10.07.2024
EPPU NORMAALI,JOHN FOGERTY,C_O,POY,31.07.2024
EPPU NORMAALI,JOKA PÄIVÄ JA JOKA IKINEN YÖ,M,MDV10,
EPPU NORMAALI,JOKA PÄIVÄ JA JOKA IKINEN YÖ,C,MELPLAY,19.01.2021
EPPU NORMAALI,KAIKKI HÄIPYY ON VAIN NYT,C,KUNINGAS,20.03.2026
EPPU NORMAALI,KITARA TAIVAS JA TÄHDET,K,POW02,
EPPU NORMAALI,KITARA TAIVAS JA TÄHDET,M,MEL62,
EPPU NORMAALI,KITARA TAIVAS JA TÄHDET,C,KARAOKETÄHTI,02.07.2024
EPPU NORMAALI,KULTAISTA SADETTA,C_O,POY,10.01.2024
EPPU NORMAALI,KUN OLET POISSA,C,KUNINGAS,08.05.2026
EPPU NORMAALI,KUN OLET POISSA,C_O,POY,01.08.2025
EPPU NORMAALI,LAJINSA VIIMEINEN,C_O,POY,12.01.2023
EPPU NORMAALI,LENSIN MATALALLA 2,C_O,POY,28.12.2022
EPPU NORMAALI,MIES SOITTAA ROKKIA,C_O,POY,28.02.2023
EPPU NORMAALI,MURHEELLISTEN LAULUJEN MAA,K,POW16,
EPPU NORMAALI,MURHEELLISTEN LAULUJEN MAA,M,MEL41Z,
EPPU NORMAALI,MURHEELLISTEN LAULUJEN MAA,C,POWER,02.07.2024
EPPU NORMAALI,NJET NJET,M,MEL70'S,
EPPU NORMAALI,NUORI POIKA,C_O,POY,14.05.2026
EPPU NORMAALI,NYT REPPU JUPISET RIIMISI RUPISET,MF,FIN33B4,
EPPU NORMAALI,NYT REPPU JUPISET RIIMISI RUPISET,K,LK03,
EPPU NORMAALI,NYT REPPU JUPISET RIIMISI RUPISET,C,KARAOKETÄHTI,02.07.2024
EPPU NORMAALI,NÄIN KULUTAN AIKAA,M,MDV61,
EPPU NORMAALI,NÄINHÄN TÄÄLLÄ KÄY,C_O,POY,27.01.2026
EPPU NORMAALI,OLIN VAIN TUULI,C_O,POY,14.02.2026
EPPU NORMAALI,PANNAAN PANNAAN,C_O,POY,09.04.2025
EPPU NORMAALI,PIDETÄÄN IKÄVÄÄ,C_O,POY,25.02.2024
EPPU NORMAALI,PIMEYDEN TANGO,M,POW29,
EPPU NORMAALI,POLIISI PAMPUTTAA TAAS,M,MEL19Z,
EPPU NORMAALI,POP POP POP,C_O,POY,01.05.2024
EPPU NORMAALI,PUHTOINEN LÄHIÖNI,C_O,POY,17.03.2022
EPPU NORMAALI,RINGO JA AKU,C_O,POY,09.11.2023
EPPU NORMAALI,ROADHOUSE BLUES (LIVE),C_O_UK,POY,10.07.2024
EPPU NORMAALI,SUOLAISTA SADETTA,K,LK04,
EPPU NORMAALI,SUOLAISTA SADETTA,M,MEL33X,
EPPU NORMAALI,SUOMI ILMIÖ,M,MDV61,
EPPU NORMAALI,TAHDON SUT,M,SAT03,
EPPU NORMAALI,TAHROJA PAPERILLA,K,POW05SR1,
EPPU NORMAALI,TAHROJA PAPERILLA,M,MEL62,
EPPU NORMAALI,TAHROJA PAPERILLA,C,POWER,23.09.2014
EPPU NORMAALI,URHEILUHULLU,M,MEL67,
EPPU NORMAALI,URHEILUHULLU,C_O,POY,25.03.2024
EPPU NORMAALI,VAHINGOSSA VAIN,C_O,POY,14.02.2026
EPPU NORMAALI,VALKOINEN KUPLA,C_O,POY,18.01.2023
EPPU NORMAALI,VANHA POIKA,C_O,POY,04.12.2023
EPPU NORMAALI,VIHREÄN JOEN RANNALLA,M,MEL32X,
EPPU NORMAALI,VIHREÄN JOEN RANNALLA,C_O,POY,03.11.2025
EPPU NORMAALI,VOI KUINKA ME SINUA KAIVATAAN,M,MDV12,
EPPU NORMAALI,VOI KUINKA ME SINUA KAIVATAAN,C,MELPLAY,10.01.2021
EPPU NORMAALI,VUONNA 85,C_O,POY,03.11.2025
EPPU NORMAALI,VUONNA 85,M,SATC01,
ERAKOSSA,KESÄ AIKAA,C_O,POY,18.02.2026
ERAKOSSA,NOLLAUS,C_O,POY,19.02.2026
ERASURE,ALWAYS,M,MP&R2,
ERASURE,BREATH OF LIFE,K,XP2,
ERASURE,BREATH OF LIFE,C,GGNZLA,25.04.2022
ERI ESITTÄJIÄ,AKSELIN JA ELINAN HÄÄVALSSI,M,MEL39X,
ERI ESITTÄJIÄ,EN ETSI VALTAA LOISTOA,M,J1B14,
ERI ESITTÄJIÄ,EN ETSI VALTAA LOISTOA,M,MJK1,
ERI ESITTÄJIÄ,HAJAMIELINEN JOULUPUKKI,M,J1B3,
ERI ESITTÄJIÄ,HEINILLÄ HÄRKIEN KAUKALON,M,MJK1,
ERI ESITTÄJIÄ,HELKKÄÄ PIENET TIU'UT,M,J1A11,
ERI ESITTÄJIÄ,JOLLEI JOULUNA OLE LUNTA,M,J1A14,
ERI ESITTÄJIÄ,JOS SUN LYSTI ON,K,POW04,
ERI ESITTÄJIÄ,JOULUMAA,M,J1B6,
ERI ESITTÄJIÄ,JOULUPUKIN MAA,M,J1A16,
ERI ESITTÄJIÄ,JOULUPUKKI,M,J1A7,
ERI ESITTÄJIÄ,JOULUPUKKI MATKAAN JO KÄY,M,J1A13,
ERI ESITTÄJIÄ,JOULUPUU ON RAKENNETTU,M,J1A2,
ERI ESITTÄJIÄ,JOULUPUU ON RAKENNETTU,M,MJK1,
ERI ESITTÄJIÄ,JOULUSIKERMÄ,M,J1A3,
ERI ESITTÄJIÄ,JOULUYÖ JUHLAYÖ,M,J1B15,
ERI ESITTÄJIÄ,JOULUYÖ JUHLAYÖ,M,MJK1,
ERI ESITTÄJIÄ,KILISEE KILISEE KULKUNEN,M,MJK1,
ERI ESITTÄJIÄ,KULKUSET,M,J1A1,
ERI ESITTÄJIÄ,KULKUSET,M,MJK1,
ERI ESITTÄJIÄ,KUN JOULU ON,M,J1B12,
ERI ESITTÄJIÄ,LEVANTERIN LAULU,M,POW30,
ERI ESITTÄJIÄ,MAA ON NIIN KAUNIS,M,J1B16,
ERI ESITTÄJIÄ,MAAMME LAULU,C,VÄRI,06.12.2024
ERI ESITTÄJIÄ,MARIAN POIKA,M,J1B1,
ERI ESITTÄJIÄ,NO ONKOS TULLUT KESÄ,M,J1A9,
ERI ESITTÄJIÄ,OHI ON,M,MEL38Z,
ERI ESITTÄJIÄ,OI KUUSIPUU,M,J1B13,
ERI ESITTÄJIÄ,OI KUUSIPUU,C,FINNKARAOKE,30.07.2016
ERI ESITTÄJIÄ,ON HANGET KORKEAT NIETOKSET,M,MJK1,
ERI ESITTÄJIÄ,PALJON ONNEA VAAN,MF,FIN13B10,
ERI ESITTÄJIÄ,PALJON ONNEA VAAN,M,MEL19Z,
ERI ESITTÄJIÄ,PETTERI PUNAKUONO,M,J1A12,
ERI ESITTÄJIÄ,PETTERI PUNAKUONO,M,MJK1,
ERI ESITTÄJIÄ,PIENET SAMMAKOT,C,FINNKARAOKE (LASTEN),30.07.2016
ERI ESITTÄJIÄ,PIIRI PIENI PYÖRII,C,FINNKARAOKE (LASTEN),30.07.2016
ERI ESITTÄJIÄ,REIPPAHASTI KÄYPI ASKELEET,M,J1A8,
ERI ESITTÄJIÄ,REKIRETKI,M,J1A15,
ERI ESITTÄJIÄ,REKIRETKI,M,J1B4,
ERI ESITTÄJIÄ,SINIVUORTEN YÖ,M,J1A5,
ERI ESITTÄJIÄ,SYDÄMEENI JOULUN TEEN,M,J1B8,
ERI ESITTÄJIÄ,SYLVIAN JOULULAULU,M,J1B11,
ERI ESITTÄJIÄ,SYLVIAN JOULULAULU,M,MJK1,
ERI ESITTÄJIÄ,TALVEN IHMEMAA,M,J1B2,
ERI ESITTÄJIÄ,TONTTU,M,J1B5,
ERI ESITTÄJIÄ,TONTTUJEN JOULUPOLKKA,M,J1A6,
ERI ESITTÄJIÄ,TONTTUJEN JOULUYÖ,M,J1A4,
ERI ESITTÄJIÄ,TONTTUJEN JOULUYÖ,M,MJK1,
ERI ESITTÄJIÄ,TONTTUPARAATI,M,J1A10,
ERI ESITTÄJIÄ,TUIKKIKAA OI JOULUN TÄHTÖSET,M,MJK1,
ERI ESITTÄJIÄ,TULE JOULU KULTAINEN,M,J1B7,
ERI ESITTÄJIÄ,VALKEA JOULU,M,J1B9,
ERI ESITTÄJIÄ,VALKEA JOULU,M,MJK1,
ERI ESITTÄJIÄ,VARPUNEN JOULUAAMUNA,M,J1B10,
ERI ESITTÄJIÄ,VARPUNEN JOULUAAMUNA,M,MJK1,
ERIC CLAPTON,AFTER MIDNIGHT,C,KARAFUN,30.03.2024
ERIC CLAPTON,AUTUMN LEAVES,C,KARAFUN,30.03.2024
ERIC CLAPTON,COCAINE,C,CHANNEL,26.07.2016
ERIC CLAPTON,I SHOT THE SHERIFF,C,RLUCRA,25.01.2017
ERIC CLAPTON,I SHOT THE SHERIFF,M,MP&R2,
ERIC CLAPTON,LAY DOWN SALLY,C,RLUCRA,03.07.2016
ERIC CLAPTON,LAYLA,C,EK,19.09.2023
ERIC CLAPTON,LAYLA (LIVE),C,ZOOM,05.04.2021
ERIC CLAPTON,MY FATHER'S EYES,C,ZOOM,05.04.2021
ERIC CLAPTON,TEARS IN HEAVEN,K,XP4,
ERIC CLAPTON,TEARS IN HEAVEN,C,SINGKING,04.04.2026
ERIC CLAPTON,WONDERFUL TONIGHT,K,XP1,
ERIC CLAPTON,WONDERFUL TONIGHT,C,PINOY,24.10.2020
ERICH KRIEGER,VIHMAPIISK (EST),M_U,EST4,
ERIK LARS FIVE (ELF),TARANTELLA JOE,K,POW12,
ERIKA VIKMAN,CICCIOLINA,C,HD,20.07.2024
ERIKA VIKMAN,ELIZABETH TAYLOR,M,COV23,
ERIKA VIKMAN,ICH KOMME,C,YLE,08.05.2026
ERIKA VIKMAN,SYNTISTEN PÖYTÄ,M,COV14,
ERIN,EI TAIDA TIETÄÄ TYTTÖ,K,LK21,
ERIN,EI TAIDA TIETÄÄ TYTTÖ,M,MDV59,
ERIN,KAKKUKAHVIT,K,LK21,
ERIN,KOKEILE MUA,M,MDV58,
ERIN,LAURA TIETÄÄ SEN,K,LK21,
ERIN,MITÄ TÄNNE JÄÄ (VAIN ELÄMÄÄ KAUSI 1),K,LK19,
ERIN,NAHKATAKKINEN TYTTÖ (VAIN ELÄMÄÄ KAUSI 1),K,LK20,
ERIN,ON ELÄMÄ LAINA,K,LK16,
ERIN,ON ELÄMÄ LAINA,M,MDV57,
ERIN,POPEDA,K,LK16,
ERIN,POPEDA,M,KPP40,
ERIN,POPEDA,M,SAT04,
ERIN,SYDÄNTÄ SÄRKEE,M,SAT18,
ERIN,TOISET MIMMIT,K,LK21,
ERIN,TOISET MIMMIT,M,SAT10,
ERIN,VANHA NAINEN HUNNINGOLLA,K,LK16,
ERIN,VANHA NAINEN HUNNINGOLLA,M,KPP40,
ERIN,VANHA NAINEN HUNNINGOLLA,M,MEL55X,
ERIN,VANHA SYDÄN,K,LK18,
ERIN,VANHA SYDÄN,M,SAT05,
ERIN,YHTENÄ SUNNUNTAINA,M,COV11,
ERIN,ÄLÄ TULE HYVÄ TYTTÖ,K,LK21,
ERIN,ÄLÄ TULE HYVÄ TYTTÖ,M,MDV61,
ERINEVAD ESITAJAD,TÜDRUK (EST),M_U,EST4,
ERKKI JUNKKARINEN,IMATRAN INKERI,M,MEL54,
ERKKI JUNKKARINEN,KAPPALE KAUNEINTA SUOMEA,MF,FIN23B8,
ERKKI JUNKKARINEN,KAPPALE KAUNEINTA SUOMEA,M,MEL43Z,
ERKKI JUNKKARINEN,KAPPALE KAUNEINTA SUOMEA,M,NYT HUMPATAAN,
ERKKI JUNKKARINEN,KEINUMORSIAN,M,MEL21Z,
ERKKI JUNKKARINEN,KEINUMORSIAN,M,MELVALS,
ERKKI JUNKKARINEN,KOSTERVALSSI,M,MELVALS,
ERKKI JUNKKARINEN,KUUSAMOON HUMPPA,C_O,POY,28.11.2024
ERKKI JUNKKARINEN,LAPPEENRANTAAN,MF,FIN27A10,
ERKKI JUNKKARINEN,LAPPEENRANTAAN,M,MEL43Z,
ERKKI JUNKKARINEN,LAPPEENRANTAAN,M,NYT HUMPATAAN,
ERKKI JUNKKARINEN,PIENI HETKI,MF,FIN9B2,
ERKKI JUNKKARINEN,PIENI HETKI,M,MEL43Z,
ERKKI JUNKKARINEN,PIENI HETKI,M,NYT HUMPATAAN,
ERKKI JUNKKARINEN,PYYNIKKI VALSSI,M,MELVALS,
ERKKI JUNKKARINEN,RUUSUJA HOPEAMALJASSA,MF,FIN13B9,
ERKKI JUNKKARINEN,RUUSUJA HOPEAMALJASSA,M,MEL46Z,
ERKKI JUNKKARINEN,RUUSUJA HOPEAMALJASSA,C,FINNKARAOKE,18.10.2015
ERKKI JUNKKARINEN,SINUN KANSSASI TÄHTISILMÄ,MF,FIN27B1,
ERKKI JUNKKARINEN,YKSINÄINEN HARMONIKKA,MF,FIN28B4,
ERKKI LIIKANEN,EVAKKOREKI,K,POW14,
ERKKI LIIKANEN,KOLMEN KONSTIN TIMPERMANNI,C_O,POY,03.05.2026
ERKKI LIIKANEN,KUN HÄMÄRTÄÄ,MF,FIN39A15,
ERKKI LIIKANEN,KUN HÄMÄRTÄÄ,MF,FIN5A1,
ERKKI LIIKANEN,MUA ÄLÄ HYLKÄÄ,M,MEL05Z,
ERKKI RÄSÄNEN,ANNA TUNTEEN TULLA,MF,FIN53,
ERNOS,EI HÄTÄÄ,C_O,POY,07.08.2026
ERNOS,ELÄMÄLTÄ HALUA EN ENEMPÄÄ (OB-LA-DI OB-LA-DA),C_O,POY,31.07.2026
ERNOS,KESÄAIKAAN,MF,FIN35B9,
ERNOS,KESÄAIKAAN,M,MEL70'S,
ERNOS,MARIA LOUIZA,C_O,POY,12.08.2026
EROS RAMAZZOTTI,COSE DELLA VITA (ITA),C_U,ITA,30.05.2026
EROS RAMAZZOTTI,LA COSA MAS BELLA (ITA),C_U,ITA,08.01.2023
EROS RAMAZZOTTI,PIU BELLA COSA (ITA),C_U,ITA,30.05.2026
ESA ELORANTA,POIKA JULMAN MAAN,C,KUNINGAS,21.05.2026
ESA PAKARINEN,ROKKI ON POIKAA,M,M60'S,
ESA PAKARINEN,SUHMURAN SANTRA,M,MDV10,
ESKO RAHKONEN,BALALAIKAN SOITTO,M,TAT02,
ESKO RAHKONEN,EROTTAMATTOMAT,MF,FIN28B1,
ESKO RAHKONEN,EROTTAMATTOMAT,M,MEL49Z,
ESKO RAHKONEN,HERNANDON KAPAKKA,M,COV16,
ESKO RAHKONEN,HERNANDON SALAISUUS,MF,FIN16A8,
ESKO RAHKONEN,HÄNELLE JOTA RAKASTAN,M,TAT02,
ESKO RAHKONEN,JOKU ODOTTAA KIRJETTÄSI,M,MDVTAN,
ESKO RAHKONEN,KAKSI VUOTTA RAKKAUTTA,M,TAT02,
ESKO RAHKONEN,KAUNEIN AIKA,C,FIAT,27.08.2026
ESKO RAHKONEN,KERRO KULTAINEN KUU,M,MEL41Z,
ESKO RAHKONEN,KESÄN VIIMEINEN YÖ,M,TAT02,
ESKO RAHKONEN,KOHTALON HELMIÄ,M,TAT02,
ESKO RAHKONEN,KOTISEUTU POHJOLASSA,M,MELVALS,
ESKO RAHKONEN,KOTISEUTU POHJOLASSA,C,FINNKARAOKE,07.08.2020
ESKO RAHKONEN,KOTISEUTU POHJOLASTA,MF,FIN39B9,
ESKO RAHKONEN,KUIN PIENI KAARNAVENHO,M,TAT02,
ESKO RAHKONEN,KUKKANI LUMEN ALLA,M,MDV20,
ESKO RAHKONEN,LIIAN KAUAN LIIAN VÄHÄN AIKAA,M,TAT02,
ESKO RAHKONEN,LÄHDIT KANSSANI TANSSIMAAN,M,TAT02,
ESKO RAHKONEN,MAANTIE ON KULKIJALLE AVOIN,M,TAT02,
ESKO RAHKONEN,MARIA MARIA MARIA,M,TAT02,
ESKO RAHKONEN,MARJA,M,MDVTAN,
ESKO RAHKONEN,MITÄ TUULET ETEEN KANTAA,M,TAT02,
ESKO RAHKONEN,MUISTOJA KARPAATEILTA,M,MELVALS,
ESKO RAHKONEN,NIIN MÄ TEEN,C,FIAT,06.05.2026
ESKO RAHKONEN,ODOTIN PITKÄN ILLAN,K,POW08,
ESKO RAHKONEN,ONNEN SÄVEL,M,TAT02,
ESKO RAHKONEN,PIENEN PIENI ENKELI,M,TAT02,
ESKO RAHKONEN,PIKKU SYNTINEN,M,MELVALS,
ESKO RAHKONEN,PIKKU SYNTINEN,M,TAT02,
ESKO RAHKONEN,POHJOISET TÄHDET,M,TAT02,
ESKO RAHKONEN,RAKASTA KÄRSI JA UNHOITA,MF,FIN13B5,
ESKO RAHKONEN,RITVA,MF,FIN30B7,
ESKO RAHKONEN,SINNE AINIAAKSI JÄÄN (GRIECHISCHER WEIN),M,COV15,
ESKO RAHKONEN,SINUUN RAKASTUNUT,M,TAT02,
ESKO RAHKONEN,SOITA HILJAA KITARAANI,M,TAT02,
ESKO RAHKONEN,SYVÄ KUIN MERI,MF,FIN14B9,
ESKO RAHKONEN,SYVÄ KUIN MERI,M,MEL49Z,
ESKO RAHKONEN,TALLINNAN LAULU,M,MDVTAN,
ESKO RAHKONEN,TANSSIJAN TIE,M,TAT02,
ESKO RAHKONEN,TULEN LUOKSESI,M,TAT02,
ESKO RAHKONEN,TUO TIE MUA VIE,M,TAT02,
ESKO RAHKONEN,TUOKIOKSI LÄMPÖSI JÄÄ,M,TAT02,
ESKO RAHKONEN,VETERAANIVALSSI,M,COV07,
ESKO RAHKONEN,VIIMEINEN KUKKA,M,TAT02,
ESKO RAHKONEN,VÄLIMEREN TYTTÖ,M,TAT02,
ESKO RAHKONEN,YÖN HILJAISUUDESSA,M,COV16,
ESKO RAHKONEN,ÄÄNISEN AALLOT,M,MELVALS,
ESKO RAHKONEN,ÄÄNISEN AALLOT,C,FINNHITS,02.07.2024
ESSI WUORELA,MITÄ TARKOITTAA RAKAS,M,MEL36Z,
ESSI WUORELA,MÄRKÄÄ RAKKAUTTA,MF,FIN23A3,
ESSI WUORELA,NAIMISIIN,MF,FIN14A1,
ESSI WUORELA,NAIMISIIN,M,MEL39X,
ESSI WUORELA,PALA TAIVASTA,M,MEL33X,
ETTA,DEMONEISTA YSTÄVII,C,FIAT,23.08.2026
ETTA,MILLION DOLLAR SMILE,C,KUNINGAS,08.05.2026
ETTA,PRINSESSA,C,KUNINGAS,11.05.2026
ETTA,VIIKONLOPPUFAIJOI,C,KUNINGAS,08.06.2026
ETTA JONES,BYE BYE BLACKBIRD,C,OBSKURE,10.10.2023
EUGEN MALMSTEN,KOHTALOKAS SAMBA,MF,FIN16A10,
EUGEN MALMSTEN,SELLANEN OL VIIPURI,M,MEL43Z,
EUGEN MALMSTEN,SÄ MUISTATKO METSÄTIEN,MF,FIN14B1,
EUROOPPA 3,UITETTU KISSANPENTU,C_O,POY,02.10.2024
EUROOPPA 3,ÄLÄ UNOHDA MINUA,M,SAT01,
EUROOPPA 3,ÄLÄ UNOHDA MINUA,C_O,POY,02.06.2023
EUROPE,CARRIE,C,SINGKING,25.09.2022
EUROPE,CHEROKEE,C,MIXEDGENRE,14.04.2026
EUROPE,OPEN YOUR HEART,C,MIXEDGENRE,18.04.2026
EUROPE,ROCK THE NIGHT,M,ROCK,
EUROPE,THE FINAL COUNTDOWN,C,KARAFUN,03.04.2018
EUROPE,THE FINAL COUNTDOWN,M,MP&R2,
EURYTHMICS,SWEET DREAMS (ARE MADE OF THIS),M,DKG16,
EURYTHMICS,SWEET DREAMS (ARE MADE OF THIS),K,XP4,
EURYTHMICS,SWEET DREAMS (ARE MADE OF THIS),C,ZOOM,07.12.2019
EURYTHMICS,THE MIRACLE OF LOVE,M,MP&R3,
EURYTHMICS,THERE MUST BE AN ANGEL,K,XP3,
EURYTHMICS,THERE MUST BE AN ANGEL,M,MP&R2,
EURYTHMICS,THORN IN MY SIDE,C,PERSONALIZED,16.08.2024
EURYTHMICS,THORN IN MY SIDE,M,MP&R3,
EURYTHMICS,WHO'S THAT GIRL,K,XP3,
EURYTHMICS,WHO'S THAT GIRL,C,HD,18.08.2024
EURYTHMICS,WOULD I LIE TO YOU,K,XP2,
EVA & MANU,CINNAMON HEARTS,M,SAT14,
EVA CASSIDY,OVER THE RAINBOW,K,XP3,
EVA CASSIDY,SOMEWHERE OVER THE RAINBOW,K,XP2,
EVA CASSIDY,SONGBIRD,K,XP2,
EVA CASSIDY,WAYFARING STRANGER,K,XP3,
EVA DAHLGREN,ÄNGELN I RUMMET (SWE),M_U,SWE,
EVANESCENCE,GOING UNDER,K,KONEPC,
EVANESCENCE,GOING UNDER,C,BELLYSINGS,13.04.2024
EVANESCENCE,MY IMMORTAL,C,KARAFUN,05.04.2018
EVE,AAVIKON RUOSKA,C_O,POY,30.05.2024
EVE,ALASTON KAUPUNKI,C_O,POY,15.04.2023
EVE,HUUDA MUA,C_O,POY,10.02.2022
EVE,INTIAANI,C_O,POY,11.03.2024
EVE,KAHLEETON,C_O,POY,24.04.2024
EVE,KALLION KATUVALOT,C_O,POY,25.03.2024
EVE,LIEKKI,C_O,POY,06.02.2025
EVE,LÖYTÖTAVARAA,C_O,POY,22.04.2024
EVE,ODOTA,C_O,POY,07.09.2023
EVE,RANKKASATEESSA,C_O,POY,15.07.2022
EVE,THELMA & LOUIS,C_O,POY,26.04.2024
EVELINA,KYLMII VÄREITÄ,C_O,POY,28.08.2025
EVELINA,SUN VIKA,M,MDV69,
EVELINA,TORNADO,C,ZOOM,05.04.2021
EVELYN KING,LOVE COME DOWN,K,XP4,
EVERLY BROTHERS,BYE BYE LOVE,K,XP1,
EVERLY BROTHERS,BYE BYE LOVE,M,TOPHIT27,
EVERLY BROTHERS,CATHY'S CLOWN,K,XP4,
EVERLY BROTHERS,LET IT BE ME,M,MP&R2,
EVERLY BROTHERS,PROBLEMS,K,XP2,
EVERLY BROTHERS,WAKE UP LITTLE SUZY,K,XP1,
EVERLY CHAMPAGNE KING,SHAME,K,XP4,
EXILE,KISS YOU ALL OVER,K,XP4,
EXPRESS,ANNA ANNA,C_O,POY,25.08.2024
EXTREME,MORE THAN WORDS,K,XP2,
EXTREME,MORE THAN WORDS,C,ATOMIC,18.06.2023
FAGERHOLM FT KEIJO,RAVIRETKI,M,MDV69,
FAIJA,MILLA MAGIA,C,FIAT,25.05.2026
FAIRGROUND ATTRACTION,PERFECT,K,XP1,
FAITH NO MORE,EASY,C,OTEP333,02.11.2021
FAITH NO MORE,EVIDENCE,C,SAE KTV,03.04.2024
FALL OUT BOY,THIS AIN'T A SCENE,K,XP4,
FAME,GIVE ME YOUR LOVE,M,FF,
FASTBALL,THE WAY,C,20TH,23.07.2022
FAT LES,VINDALOO,K,XP2,
FATS DOMINO,BLUEBERRY HILL,K,XP1,
FATS DOMINO,RED SAILS IN THE SUNSET,K,XP2,
FERGIE,BIG GIRLS DON'T CRY,K,XP4,
FINE YOUNG CANNIBALS,JOHNNY COME HOME,K,XP2,
FINE YOUNG CANNIBALS,SHE DRIVES ME CRAZY,K,XP4,
FINGER ELEVEN,PARALYZER,K,XP4,
FINLANDERS,AKSELIN JA ELINAN HÄÄVALSSI,M,FNL1,
FINLANDERS,AMOR,M,FNL1,
FINLANDERS,AMOR,K,POW10,
FINLANDERS,ANNA JATKUA YÖN,M,FNL1,
FINLANDERS,ANNA JATKUA YÖN,K,POW07,
FINLANDERS,BUM BUM BUM,M,SK1A7,
FINLANDERS,DANIELA,M,COV14,
FINLANDERS,EN,M,FNL1,
FINLANDERS,ENEMMÄN KUIN MILLOINKAAN,M,FNL1,
FINLANDERS,ENEMMÄN KUIN MILLOINKAAN,M,MEL30X,
FINLANDERS,ET KAI LUULE,M,FNL1,
FINLANDERS,ET KAI LUULE,K,POW12,
FINLANDERS,HILJAA VAIN OLLAAN,M,MEL49Z,
FINLANDERS,HILJAISET SILLAT,M,FNL1,
FINLANDERS,HUMPPAMIES,M,FNL1,
FINLANDERS,HUMPPAMIES,M,MEL43Z,
FINLANDERS,KAIKKI TYTÖT,MF,FIN41A3,
FINLANDERS,KAIKKI TYTÖT,M,FNL1,
FINLANDERS,KORTIT JOTKA SAIN,M,MEL47Z,
FINLANDERS,MITÄ ELÄMÄ VOI ANTAA,M,FNL1,
FINLANDERS,MITÄ SULLE KUULUU,K,LK10,
FINLANDERS,MITÄ SULLE KUULUU,M,MEL44X,
FINLANDERS,OIKEAN LÖYTÄNYT OON,M,FNL1,
FINLANDERS,OIKEESTI,M,FNL1,
FINLANDERS,OIKEESTI,K,MG06,
FINLANDERS,OIKEESTI,M,MEL40X,
FINLANDERS,RANNALLE SANNALLE,M,FNL1,
FINLANDERS,SADETANSSI,M,MEL07,
FINLANDERS,SEIKKAILIJA,M,FNL1,
FINLANDERS,SEIKKAILIJA,M,MEL37Z,
FINLANDERS,SELLAISTA RAKKAUS ON,M,MEL44X,
FINLANDERS,SHEMEIKKA,C_O,POY,03.03.2025
FINLANDERS,SIELUNI KAUNIS MARIA,M,FNL1,
FINLANDERS,SINUN VUOKSESI,K,LK14,
FINLANDERS,SUOMALAINEN NAINEN,M,FNL1,
FINLANDERS,SÄ TEET,M,FNL1,
FINLANDERS,TAAS TÄSSÄ KÄVI NÄIN,M,MEL47Z,
FINLANDERS,TULE LÄHEMMÄKSI,M,FNL1,
FINLANDERS,TULE LÄHEMMÄKSI,M,KK2,
FINLANDERS,USKON SINUUN,M,FNL1,
FINLANDERS,VASTAUS,M,FNL1,
FINLANDERS,YKSIN,M,MEL30X,
FINNTRIO,JOULUN KELLOT,M,MJK1,
FINNTRIO,LOUNATUULEN LAULU,M,MDV59,
FINNTRIO,TONTTU,M,MJK1,
FINNTRIO,TUULELTA VASTAUKSEN SAAN,C,MAURIK,15.11.2022
FINTELLIGENS,EI TEKOSYITÄ,M,SAT04,
FINTELLIGENS,MIKÄ BOOGIE,K,LK14,
FINTELLIGENS,MIKÄ BOOGIE,M,SAT04,
FIVE,SLAM DUNK THE FUNK,K,XP2,
FIVE FINGER DEATH PUNCH,HOUSE OF THE RISING SUN,M,EXT1,
FIVE FINGER DEATH PUNCH,THANKS FOR ASKING,C,BELLYSINGS,13.04.2024
FIVE FINGER DEATH PUNCH,WRONG SIDE OF HEAVEN,C,BELLYSINGS,24.05.2023
FIVE SATINS,IN THE STILL OF THE NIGHT,K,XP4,
FIX,JAANIPÄEV (EST),M_U,EST1,
FIX,LÕKE PREERIAS (EST),M_U,EST4,
FIX,MEREMEHE ARMASTUS (EST),M_U,EST1,
FIX,OLLA VÕIB (EST),M_U,EST4,
FLASHBACKSLIDERS,LET'S GO ROCKIN' TO NIGHT,C_O_UK,POY,07.05.2024
FLEETWOOD MAC,DON'T STOP,K,XP4,
FLEETWOOD MAC,DREAMS,C,KARAFUN,25.04.2022
FLEETWOOD MAC,EVERYWHERE,K,XP3,
FLEETWOOD MAC,LITTLE LIES,C,SINGKING,20.07.2025
FLEETWOOD MAC,RHIANNON,C,ZOOM,23.07.2024
FLEETWOODS,COME SOFTLY TO ME,K,XP3,
FOOL'S GARDEN,LEMON TREE,C,VERSION,29.11.2020
FOOL'S GARDEN,LEMON TREE,M,MP&R2,
FOREIGNER,DIRTY WHITE BOY,C,KARAOKEJP,03.08.2024
FOREIGNER,DOUBLE VISION,C,KARAOKEJP,29.04.2022
FOREIGNER,I WANT TO KNOW WHAT LOVE IS,M,EXT1,
FOREIGNER,I WANT TO KNOW WHAT LOVE IS,K,XP3,
FOREIGNER,I WANT TO KNOW WHAT LOVE IS,C,CHANNEL,02.07.2024
FOREIGNER,WAITING FOR A GIRL LIKE YOU,C,RLUCRA,05.04.2021
FORTUNES,FREEDOM COME FREEDOM GO,K,XP2,
FOUNDATIONS,BUILD ME UP BUTTERCUP,K,XP1,
FOUR CATS,KAIKKI MUUTTUU,MF,FIN43B8,
FOUR CATS,KAUNIS ON LUOKSESI KAIPUU,MF,FIN15B5,
FOUR CATS,LENNÄ MUN LEMPENI LAULU,MF,FIN14B10,
FOUR CATS,MANZANILLA,K,POW08,
FOUR CATS,PAINU POIS JACK,K,POW17,
FOUR CATS,SABELINE,MF,FIN26A8,
FOUR CATS,SUURET SETELIT,MF,FIN3A5,
FOUR CATS,SUURET SETELIT,MF,FIN46B11,
FOUR CATS,SUURET SETELIT,M,MDV23,
FOUR CATS,VANHAN MERIROSVON KAPAKASSA,M,KK2,
FOUR TOPS,REACH OUT (I'LL BE THERE),K,XP3,
FR DAVID,WORDS,C,ZOOM,31.10.2022
FRANCINE,GOODBYE FOREVER,C_O_UK,POY,15.04.2023
FRANCINE,YOU WANNA HAVE IT ALL,C_O_UK,POY,12.01.2023
FRANK SINATRA,ALL OF ME,M,MELFRANK,
FRANK SINATRA,ALL THE WAY,M,MELFRANK,
FRANK SINATRA,ALL THE WAY,M,PIO1B5,
FRANK SINATRA,AS TIMES GOES BY,M,MELFRANK,
FRANK SINATRA,BEGIN THE BEGUINE,M,MELFRANK,
FRANK SINATRA,CAN I STEAL A LITTLE LOVE,M,MELFRANK,
FRANK SINATRA,CHICAGO,M,MELFRANK,
FRANK SINATRA,COME DANCE WITH ME,M,MELFRANK,
FRANK SINATRA,COME FLY WITH ME,M,MELFRANK,
FRANK SINATRA,FLOWERS MEAN FORGIVENESS,M,MELFRANK,
FRANK SINATRA,FLY ME TO THE MOON,K,XP3,
FRANK SINATRA,FLY ME TO THE MOON,M,MELFRANK,
FRANK SINATRA,FLY ME TO THE MOON (LIVE),C,KARAFUN,18.07.2024
FRANK SINATRA,FOR ONCE IN MY LIFE,M,MELFRANK,
FRANK SINATRA,HOW INSENSITIVE,M,MELFRANK,
FRANK SINATRA,I GET A KICK OUT OF YOU,M,MELFRANK,
FRANK SINATRA,I LEFT MY HEART IN SAN FRANCISCO,M,MELFRANK,
FRANK SINATRA,I LOVE PARIS,M,MELFRANK,
FRANK SINATRA,I'LL NEVER SMILE AGAIN,M,MELFRANK,
FRANK SINATRA,I'VE GOT YOU UNDER MY SKIN,K,XP2,
FRANK SINATRA,I'VE GOT YOU UNDER MY SKIN,M,MELFRANK,
FRANK SINATRA,IT WAS A VERY GOOD YEAR,M,MELFRANK,
FRANK SINATRA,IT WAS A VERY GOOD YEAR,C,ZOOM,12.09.2021
FRANK SINATRA,LET ME TRY AGAIN,M,MELFRANK,
FRANK SINATRA,LOVE AND MARRIAGE,M,MELFRANK,
FRANK SINATRA,LOVE AND MARRIAGE,C,LETSSING,06.12.2019
FRANK SINATRA,LOVE ME OR LEAVE ME,M,MELFRANK,
FRANK SINATRA,LOVE'S BEEN GOOD TO ME,K,XP3,
FRANK SINATRA,LOVE'S BEEN GOOD TO ME,M,MELFRANK,
FRANK SINATRA,LUCK BE A LADY,M,MELFRANK,
FRANK SINATRA,ME AND MY SHADOW,M,MELFRANK,
FRANK SINATRA,MOONLIGHT SERENADE,M,MELFRANK,
FRANK SINATRA,MORE (THEME FROM MONDO CANE),M,TOPHIT27,
FRANK SINATRA,MY WAY,K,XP1,
FRANK SINATRA,MY WAY,M,MELFRANK,
FRANK SINATRA,MY WAY,C,KARAOKE JUNKIES,07.01.2021
FRANK SINATRA,NEW YORK NEW YORK,K,XP1,
FRANK SINATRA,NEW YORK NEW YORK,M,MELFRANK,
FRANK SINATRA,NEW YORK NEW YORK,C,CHANNEL,29.04.2018
FRANK SINATRA,NEW YORK NEW YORK,M,PIO007,
FRANK SINATRA,NEW YORK NEW YORK,M,PT2,
FRANK SINATRA,NICE N EASY,M,MELFRANK,
FRANK SINATRA,NIGHT AND DAY,M,MELFRANK,
FRANK SINATRA,ON THE SUNNY SIDE OF THE STREET,M,MELFRANK,
FRANK SINATRA,SOMEWHERE OVER THE RAINBOW,M,MELFRANK,
FRANK SINATRA,SOUTH OF THE BORDER,M,MELFRANK,
FRANK SINATRA,STORMY WEATHER,M,MELFRANK,
FRANK SINATRA,STRANGERS IN THE NIGHT,K,XP1,
FRANK SINATRA,STRANGERS IN THE NIGHT,M,MELFRANK,
FRANK SINATRA,STRANGERS IN THE NIGHT,C,KARAFUN,06.05.2018
FRANK SINATRA,STRANGERS IN THE NIGHT,M,PIO007,
FRANK SINATRA,SUMMER WIND,K,XP3,
FRANK SINATRA,SUMMER WIND,M,MELFRANK,
FRANK SINATRA,SWINGING ON A STAR,M,MELFRANK,
FRANK SINATRA,TALK TO ME,M,MELFRANK,
FRANK SINATRA,THAT OLD BLACK MAGIC,M,MELFRANK,
FRANK SINATRA,THAT'S LIFE,K,XP1,
FRANK SINATRA,THAT'S LIFE,M,MELFRANK,
FRANK SINATRA,THE GIRL FROM IPANEMA,M,MELFRANK,
FRANK SINATRA,THE HOUSE I LIVE IN,M,MELFRANK,
FRANK SINATRA,THE LADY IS A TRAMP,K,XP4,
FRANK SINATRA,THE LADY IS A TRAMP,M,MELFRANK,
FRANK SINATRA,THE WORLD WE KNEW,M,MELFRANK,
FRANK SINATRA,THERE'S A SMALL HOTEL,M,MELFRANK,
FRANK SINATRA,TIME AFTER TIME,M,MELFRANK,
FRANK SINATRA,WAVE,M,MELFRANK,
FRANK SINATRA,WHAT ARE YOU DOING THE REST OF YOUR LIFE,M,MELFRANK,
FRANK SINATRA,WINNERS,M,MELFRANK,
FRANK SINATRA,YOU MAKE ME FEEL SO YOUNG,M,MELFRANK,
FRANK SINATRA,YOUNG AT HEART,M,MELFRANK,
FRANK ZAPPA,BOBBY BROWN,K,XP4,
FRANKIE GOES TO HOLLYWOOD,RELAX,K,XP4,
FRANKIE GOES TO HOLLYWOOD,THE POWER OF LOVE,C,SINGKING,30.03.2024
FRANKIE LAINE,ANSWER ME,K,XP4,
FRANKIE LAINE,GRANADA,K,XP2,
FRANKIE LAINE,HEY JOE,K,XP2,
FRANKIE LAINE,RAIN RAIN RAIN,K,XP4,
FRANKIE LYMON,WHY DO FOOLS FALL IN LOVE,K,XP4,
FRANKIE VALLI,GREASE,C,ZOOM,08.12.2020
FRANKIE VALLI,OH WHAT A NIGHT (DECEMBER '63),K,XP4,
FRANZ FERDINAND,THIS FIRE,C,CCKARAOKE,18.07.2024
FREDDIE MERCURY,THE GREAT PRETENDER,M,MP&R1,
FREDDY & THE DREAMERS,I UNDERSTAND,K,XP2,
FREDDY FENDER,BEFORE THE NEXT TEARDROP FALLS,M,TOPHIT27,
FREDERIK,AIKAA VIELÄ ON,C_O,POY,20.01.2025
FREDERIK,EERO EROS,M,MEL30X,
FREDERIK,EN VIIHDY LUONAS,K,POW08,
FREDERIK,GRAN CANARIA,M,MEL60,
FREDERIK,HAFANANA,MF,FIN29A6,
FREDERIK,HAFANANA,K,LK06,
FREDERIK,HAFANANA,M,MEL34Z,
FREDERIK,HAFANANA,C,KARAOKETÄHTI,02.07.2024
FREDERIK,HEI BEIBI,K,POW10,
FREDERIK,JOS JOTAIN YRITTÄÄ (HARVA MEISTÄ ON RAUTAA),MF,FIN21B1,
FREDERIK,JOS JOTAIN YRITTÄÄ (HARVA MEISTÄ ON RAUTAA),K,POW06,
FREDERIK,JOS JOTAIN YRITTÄÄ (HARVA MEISTÄ ON RAUTAA),M,MEL62,
FREDERIK,JOS JOTAIN YRITTÄÄ (HARVA MEISTÄ ON RAUTAA),C,KARAOKETÄHTI,02.07.2024
FREDERIK,KAPAKAN RIPPITUOLI,K,POW07,
FREDERIK,KASAKKAPARTIO,M,SAT01,
FREDERIK,KAUKANA KATJUSHA ON,M,MEL52X,
FREDERIK,KERRAN VAIN SE RIIPAISEE,C_O,POY,08.01.2025
FREDERIK,KOHTA JUNA LÄHTEE,K,POW12,
FREDERIK,KOLMEKYMPPINEN,MF,FIN1A11,
FREDERIK,KOLMEKYMPPINEN,MF,FIN41A12,
FREDERIK,KOLMEKYMPPINEN,K,POW01,
FREDERIK,KOLMEKYMPPINEN,M,MDV14,
FREDERIK,KOSTAJA,M,MDV09,
FREDERIK,KOTIINPÄIN ÄITI,K,POW10,
FREDERIK,KOTIINPÄIN ÄITI,M,MEL30X,
FREDERIK,KUMIMIES,M,MEL48Z,
FREDERIK,KUNG FU TAISTELEE,K,LK06,
FREDERIK,LINDA LINDA,MF,FIN15A4,
FREDERIK,LINDA LINDA,K,LK06,
FREDERIK,LINDA LINDA,C,KARAOKETÄHTI,02.07.2024
FREDERIK,LÄHELLÄ MUTTA SILTI KAUKANA,C_O,POY,29.10.2024
FREDERIK,MARKKINARAKO,K,POW11,
FREDERIK,MIESSTRIPPAAJA,K,POW06,
FREDERIK,NAKURANTAAN,K,LK06,
FREDERIK,NAKURANTAAN,M,MEL34Z,
FREDERIK,PETTÄVÄ NAINEN,C_O,POY,14.07.2026
FREDERIK,RAMAYA,MF,FIN35A9,
FREDERIK,RIO,M,MEL52X,
FREDERIK,SANNA SANNA (BELLA BELLA),C_O,POY,02.08.2026
FREDERIK,SANO ETTÄ PIDÄT MUSTA,C_O,POY,19.09.2024
FREDERIK,SEKSIPOMMI,M,SAT01,
FREDERIK,SHEIKKI ALI HASSAN,K,POW07,
FREDERIK,SHEIKKI ALI HASSAN,M,MEL34Z,
FREDERIK,STENKA RASIN,M,MDV10,
FREDERIK,TAIVAAN VÄRIT,C_O,POY,02.01.2025
FREDERIK,TAKA TAKATA,K,LK06,
FREDERIK,TAKA TAKATA,M,MEL01Z,
FREDERIK,TAKA TAKATA,C,KARAOKETÄHTI,02.07.2024
FREDERIK,TITANIC,MF,FIN35A1,
FREDERIK,TITANIC,K,LK06,
FREDERIK,TITANIC,M,MEL39X,
FREDERIK,TITANIC,C,KARAOKETÄHTI,02.07.2024
FREDERIK,TSINGIS KHAN,MF,FIN18B1,
FREDERIK,TSINGIS KHAN,K,POW04,
FREDERIK,TSINGIS KHAN,M,MEL34N,
FREDERIK,TSINGIS KHAN,C,KARAOKETÄHTI,02.07.2024
FREDERIK,TULE TYTTÖ KYYTIIN,M,KK2,
FREDERIK,TULIN NÄIN JA VOITIN,C_O,POY,08.01.2025
FREDERIK,TYTTÖ KUIN TIIKERI,M,MDV10,
FREDERIK,VAIHDA JO TYYLISI,C_O,POY,31.10.2024
FREDERIK,VOLGA,K,POW11,
FREDERIK,VOLGA,C,KARAOKETÄHTI,02.12.2025
FREDI,AVAA SYDÄMESI MULLE,MF,FIN25A2,
FREDI,ELÄÄ MÄ SAIN,M,MEL70'S,
FREDI,ISÄ KULJE HITAAMMIN,M,MEL29X,
FREDI,KAIKKI TIETÄÄ SEN,C_O,POY,17.02.2025
FREDI,KATSON LUONTOA JA HUOMAAN,M,MEL26X,
FREDI,KOLMATTA LINJAA TAKAISIN,MF,FIN1B2,
FREDI,KOLMATTA LINJAA TAKAISIN,MF,FIN38B11,
FREDI,KOLMATTA LINJAA TAKAISIN,M,MDV23,
FREDI,LIIAN MYÖHÄÄN,MF,FIN41B5,
FREDI,MILLOINKAAN EN LÖYDÄ SAMANLAISTA,MF,FIN26B2,
FREDI,MUUKALAINEN (STARMAN),M,MEL03,
FREDI,NIIN,MF,FIN43A8,
FREDI,NIIN PALJON KUULUU RAKKAUTEEN,MF,FIN7B1,
FREDI,OTA JA OMISTA,MF,FIN31B4,
FREDI,PIENI NUKKE,MF,FIN17A7,
FREDI,PIENI NUKKE,C,FINNKARAOKE,02.07.2024
FREDI,PUHU HILJAA RAKKAUDESTA,MF,FIN43B11,
FREDI,PUHU HILJAA RAKKAUDESTA,MF,FIN5B4,
FREDI,PUHU HILJAA RAKKAUDESTA,C,MAURIK,04.09.2022
FREDI,RAKKAUDEN SINFONIA,MF,FIN34B10,
FREDI,RAKKAUSTARINA,MF,FIN15A3,
FREDI,RAKKAUSTARINA,MF,FIN32A7,
FREDI,RAKKAUSTARINA,C,FINNKARAOKE,02.07.2024
FREDI,TUULI VAPAUTTA SOI,M,MEL50X,
FREDI,VARJOON SUOJAAN,M,KSF1Z,
FREDI,VIPPAA MULLE VIITONEN,MF,FIN39B5,
FREDI,VIPPAA MULLE VIITONEN,M,MDV23,
FREDI,YKSIN OON TIETENKIN,C,MAURIK,14.11.2022
FREE,ALL RIGHT NOW,M,HR1,
FREE,ALL RIGHT NOW,C,ZOOM,09.12.2014
FREE,WISHING WELL,C,KARAFUN,05.04.2018
FREEMAN,AJETAAN TANDEMILLA,MF,FIN19A2,
FREEMAN,AJETAAN TANDEMILLA,K,POW11,
FREEMAN,AJETAAN TANDEMILLA,M,MEL41Z,
FREEMAN,AJETAAN TANDEMILLA,C,FINNISH,02.07.2024
FREEMAN,KAKSI LENSI YLI KÄENPESÄN,MF,FIN21A10,
FREEMAN,KAKSI LENSI YLI KÄENPESÄN,M,MEL39X,
FREEMAN,KAKSI LENSI YLI KÄENPESÄN,C,MELPLAY,19.01.2021
FREEMAN,KÄYNTIKORTTI,C_O,POY,26.09.2024
FREEMAN,MATTOLAITURI,M,MDV57,
FREEMAN,MITÄ SINULLE KUULUU,M,SATC01,
FREEMAN,OSUUSKAUPAN JANE,M,MDV10,
FREUD MARX ENGELS & JUNG,AINA JA IANKAIKEN AAMEN,C,3700,12.08.2026
FREUD MARX ENGELS & JUNG,AVIOERO,C,3700,15.11.2025
FREUD MARX ENGELS & JUNG,BUURI JOHANNESBURGISTA,M,KK5,
FREUD MARX ENGELS & JUNG,EN KOSKAAN MENE SÄNKYYN RUMAN NAISEN KANSSA,M,MDV14,
FREUD MARX ENGELS & JUNG,EN KOSKAAN MENE SÄNKYYN TYHJÄN PULLON KANSSA,C,3700,15.11.2025
FREUD MARX ENGELS & JUNG,HUOMENNA PÄIVÄ ON UUS,M,KK5,
FREUD MARX ENGELS & JUNG,JALOVIINAA,C,3700,15.11.2025
FREUD MARX ENGELS & JUNG,JUOMALAULU,M,KK4,
FREUD MARX ENGELS & JUNG,KOSSU ON MUN KUSKI,C,3700,12.08.2026
FREUD MARX ENGELS & JUNG,MEIDÄN RUMIEN RAKKAUSLAULU,M,MDV66,
FREUD MARX ENGELS & JUNG,MYSTINEN METSÄTYÖMIES,M,KK5,
FREUD MARX ENGELS & JUNG,MYSTINEN METSÄTYÖMIES,C_O,POY,22.09.2023
FREUD MARX ENGELS & JUNG,NATTASIA KATSOMASSA ELI PEKUULIJENKKA TWIST,C_O,POY,23.01.2024
FREUD MARX ENGELS & JUNG,PAPPI TALONPOIKA PIRU JA MUSTALAINEN,M,KK5,
FREUD MARX ENGELS & JUNG,SÄRKYNYTSYDÄMISET (VIEKÄÄ MINUT BAARIIN),MF,FIN20A2,
FREUD MARX ENGELS & JUNG,SÄRKYNYTSYDÄMISET (VIEKÄÄ MINUT BAARIIN),M,MEL62,
FREUD MARX ENGELS & JUNG,VIILEÄÄ VIINIÄ (JA LÄMMIN KESÄYÖ),M,KK5,
FRIENDS,LYSNA TILL DITT HJÄRTA (SWE),M_U,SWE,
FRÖBELIN PALIKAT,HUUGI GUUGI,K,POW04,
GABRIELLE,RISE,K,XP3,
GARBO,LADY HUHTIKUU,M,MEL01Z,
GARBO,POIKA JULMAN MAAN,M,MEL24X,
GARBO,PYSÄKKI,M,MEL25X,
GARBO,SUOMALAINEN UNELMA,M,MEL22X,
GARBO,VIINIÄ JA RUUSUJA,M,MEL04X,
GARTH BROOKS,FRIENDS IN LOW PLACES,K,XP1,
GARTH BROOKS,THE THUNDER ROLLS,K,XP4,
GARY ALLAN,RUNAWAY,C,CLOUD,06.05.2018
GARY GLITTER,HELLO HELLO I'M BACK AGAIN,M,MP&R3,
GARY HOEY,BACK UP AGAINST THE WALL,C_O_U,POY,16.10.2024
GARY HOEY,BOOTMILL BLUES,C_O_U,POY,03.03.2025
GARY JULES FT RIVERDALE,MAD WORLD,C,SINGKING,19.02.2021
GARY MILLER,ROBIN HOOD,K,XP2,
GARY MOORE,EMPTY ROOMS,C,KARAFUN,02.07.2024
GARY MOORE,MIDNIGHT BLUES,M,EXT1,
GARY MOORE,MIDNIGHT BLUES,C,ZZANG,07.01.2021
GARY MOORE,ONE DAY,C,ZOOM,30.03.2024
GARY MOORE,OVER THE HILLS AND FAR AWAY,C,LYRICEDITOR,13.03.2022
GARY MOORE,PRISIENNE WALKWAYS,C,KARAFUN,07.01.2021
GARY MOORE,STILL GOT THE BLUES,M,EXT1,
GARY MOORE,STILL GOT THE BLUES,C,CLOUD,24.03.2021
GARY MOORE & PHIL LYNOTT,OUT IN THE FIELDS,M,EXT1,
GARY MOORE & PHIL LYNOTT,OUT IN THE FIELDS,C,ZOOM,30.03.2024
GARY PUCKETT & THE UNION GAP,YOUNG GIRL,K,XP1,
GARY PUCKETT & THE UNION GAP,YOUNG GIRL,C,ZOOM,25.04.2022
GARY US BONDS,NEW ORLEANS,K,XP2,
GASELLIT,ZEN,C_O,POY,30.03.2025
GAZEBO,I LIKE CHOPIN,C,KARAFUN,01.01.2020
GENE PITNEY,SOMETHING'S GOTTEN HOLD OF MY HEART,C,SIGN4MOON,29.04.2022
GENE VINCENT,BE BOB A LULA,C,ZOOM,28.01.2024
GENESIS,HOME BY THE SEA,C,KARAFUN,02.07.2024
GENESIS,LAND OF CONFUSION,C,SOUNDCHOICE,13.12.2019
GENESIS,MAMA,C,ZOOM,07.12.2020
GENIALISTID,HELENA WANJE (EST),M_U,EST4,
GEORG MALMSTEN,AALLOKKO KUTSUU,MF,FIN15B10,
GEORG MALMSTEN,HEILI KARJALASTA,MF,FIN2B7,
GEORG MALMSTEN,HEILI KARJALASTA,MF,FIN38B15,
GEORG MALMSTEN,HEILI KARJALASTA,M,MEL43Z,
GEORG MALMSTEN,HEILI KARJALASTA,M,NYT HUMPATAAN,
GEORG MALMSTEN,HEILINI SINISISTÄ SILMISTÄ,MF,FIN35B10,
GEORG MALMSTEN,ILTA SKANSSISSA,MF,FIN25B9,
GEORG MALMSTEN,ILTA SKANSSISSA,M,MEL39X,
GEORG MALMSTEN,ILTAPILVIÄ,C_O,POY,16.11.2023
GEORG MALMSTEN,KAARINA,C_O,POY,18.06.2024
GEORG MALMSTEN,KATARIINAN KAMARISSA,K,POW02,
GEORG MALMSTEN,KATARIINAN KAMARISSA,M,MEL43Z,
GEORG MALMSTEN,KAUNIS VALHE,M,COV22,
GEORG MALMSTEN,KAUNIS VALHE,MF,FIN39B7,
GEORG MALMSTEN,LEILA,MF,FIN46B15,
GEORG MALMSTEN,LEILA,MF,FIN8B9,
GEORG MALMSTEN,LIISA PIEN,M,MDV12,
GEORG MALMSTEN,MUISTELO,MF,FIN27B8,
GEORG MALMSTEN,MUISTELO,C,FINNHITS (POY),21.09.2022
GEORG MALMSTEN,MUSTA RUDOLF,MF,FIN7B9,
GEORG MALMSTEN,NIKKELIMARKKA,M,MEL02Z,
GEORG MALMSTEN,SAARISTON SIRKKA,M,MELVALS,
GEORG MALMSTEN,SUURIN ONNI,MF,FIN15B6,
GEORG MALMSTEN,TOTISEN POJAN JENKKA,M,COV16,
GEORG MALMSTEN,VALKEA SISAR,MF,FIN27B4,
GEORG MALMSTEN,VALKEA SISAR,C,FINNHITS (POY),16.09.2022
GEORG MALMSTEN,VANHA MERIMIES MUISTELEE,MF,FIN8B8,
GEORG MALMSTEN,VANHAN KARTANON KEHRÄÄVÄ RUKKI,MF,FIN44A5,
GEORG MALMSTEN,ÄÄNISEN AALLOT,MF,FIN28B9,
GEORG MALMSTEN JA DALLAPE ORKESTERI,ILTA OULUNJOELLA,C_O,POY,27.08.2026
GEORG OTS,KALASTAJAN LAULU,M,MEL02Z,
GEORG OTS,KUOLLEET LEHDET,MF,FIN10A5,
GEORG OTS,KUOLLEET LEHDET,M,MDV11,
GEORG OTS,KYLLIKKI,MF,FIN17B9,
GEORG OTS,KYLLIKKI,M,MELVALS,
GEORG OTS,METSÄKUKKIA,MF,FIN2B11,
GEORG OTS,METSÄKUKKIA,MF,FIN38A15,
GEORG OTS,METSÄKUKKIA,K,POW03,
GEORG OTS,METSÄKUKKIA,C,KARAOKETÄHTI,02.07.2024
GEORG OTS,MOSKOVAN VALOT,MF,FIN14B8,
GEORG OTS,MOSKOVAN VALOT,K,POW14,
GEORG OTS,MOSKOVAN VALOT,M,MDV11,
GEORG OTS,MOSKOVAN VALOT,C,SINGA,29.10.2022
GEORG OTS,MUSTANMEREN VALSSI,MF,FIN30B9,
GEORG OTS,MUUTTUVAT LAULUT,MF,FIN27B6,
GEORG OTS,MUUTTUVAT LAULUT,C,FINNHITS (POY),16.09.2022
GEORG OTS,SAARNEMAAN VALSSI,K,POW16,
GEORG OTS,SAAREMAA VALSS (EST),M_U,EST1,
GEORG OTS,SAARENMAAN VALSSI,MF,FIN29B10,
GEORG OTS,SAARENMAAN VALSSI,M,MEL41Z,
GEORG OTS,SYYSUNELMIA,MF,FIN42B10,
GEORG OTS,UNOHTUMATON ILTA,MF,FIN3B7,
GEORG OTS,UNOHTUMATON ILTA,MF,FIN47B12,
GEORG OTS,UNOHTUMATON ILTA,M,MDV11,
GEORG OTS,UUDELLEEN JOS LUOKSES TULLA VOISIN,MF,FIN21B9,
GEORG OTS,VENEZUELA,M,MEL03,
GEORG OTS,ÄLÄ KIIRUHDA,M,COV16,
GEORGE BAKER SELECTION,LITTLE GREEN BAG,C,KARAFUN,15.09.2025
GEORGE BAKER SELECTION,UNA PALOMA BLANCA,C,DOUBLEB,25.04.2022
GEORGE BENSON,THIS MASQUERADE,K,XP4,
GEORGE HARRISON,GOT MY MIND SET ON YOU,C,ZOOM,23.04.2022
GEORGE HARRISON,MY SWEET LORD,C,LETSSING,20.06.2020
GEORGE MCCRAE,ROCK ME BABY,K,XP4,
GEORGE MCCRAE,ROCK YOUR BABY,K,XP3,
GEORGE MICHAEL,CARELESS WHISPER,M,EXT1,
GEORGE MICHAEL,CARELESS WHISPER,K,XP1,
GEORGE MICHAEL,CARELESS WHISPER,C,KARAFUN,05.04.2018
GEORGE MICHAEL,FAITH,K,XP1,
GEORGE MICHAEL,FATHER FIGURE,K,XP4,
GEORGE STRAIT,ALL MY EX'S LIVE IN TEXAS,C,CLOUD,10.08.2023
GERRY AND THE PACEMAKERS,I LIKE IT,K,XP3,
GERRY AND THE PACEMAKERS,YOU'LL NEVER WALK ALONE,K,XP1,
GERRY RATTERTY,RIGHT DOWN THE LINE,C,ZOOM,03.02.2021
GETTOMASA,SE OIS OLLU SIIN,C,TUOTTAJA,13.04.2024
GETTOMASA,SILMÄT,C,TUOTTAJA,13.04.2024
GETTOMASA FT LAURI HAAV,RANTATONTTI,C,TUOTTAJA,24.04.2024
GG CARAVAN,JUOKSULAULU,C_O,POY,21.03.2024
GG CARAVAN,ON SE HIENOO,M,SAT06,
GHOST,CALL ME LITTLE SUNSHINE,C_O_U,POY,12.04.2024
GHOST,DANCE MACABRE,C,FUNBOX,03.04.2022
GHOST,IT'S A SIN,C,SPKC,27.04.2026
GILBERT O'SULLIVAN,ALONE AGAIN NATURALLY,C,ZOOM,30.03.2024
GILBERT O'SULLIVAN,GET DOWN,C,ZOOM,25.04.2022
GIMMEL,ETSIT MUIJAA SEURAAVAA,K,POW11,
GIMMEL,ETSIT MUIJAA SEURAAVAA,M,MEL24X,
GIMMEL,HARMAATA LUNTA,M,MEL33X,
GIMMEL,JOKOTAI,M,MEL27X,
GIMMEL,ROVIOLLA,K,LK01,
GIMMEL,ROVIOLLA,M,MEL25X,
GIMMEL,SYDÄN PLIIS SÄRKEKÄÄ,K,POW13SR3,
GIMMEL,SYDÄN PLIIS SÄRKEKÄÄ,M,MEL29X,
GIPSY KINGS,BAMBOLEO,M,MP&R1,
GIRLS ALOUD,I'LL STAND BY YOU,K,XP2,
GIRLS ALOUD,SOUND OF THE UNDERGROUND,K,XP1,
GLADYS KNIGHT,MIDNIGHT TRAIN TO GEORGIA,K,XP1,
GLEE,OVER THE RAINBOW,C,KARAFUN,25.04.2022
GLEN CAMPBELL,BY THE TIME I GET TO PHOENIX,M,PIO007,
GLEN CAMPBELL,RHINESTONE COWBOY,K,XP1,
GLORIA ESTEFAN,EVERLASTING LOVE,K,XP1,
GLORIA GAYNOR,I WILL SURVIVE,K,XP1,
GLORIA GAYNOR,I WILL SURVIVE,C,CHANNEL,11.12.2020
GLORIA GAYNOR,I WILL SURVIVE,M,PT2,
GLORYHAMMER,MAGIC DRAGON,C,TUOTTAJA,13.04.2024
GLORYHAMMER,SILENT TEARS OF FROZEN PRINCESS,C,TUOTTAJA,13.04.2024
GNARLS BARKLEY,CRAZY,K,XP3,
GNARLS BARKLEY,SMILEY FACES,K,XP3,
GO GO'S,OUR LIPS ARE SEALED,K,XP3,
GO GO'S,WE GOT THE BEAT,K,XP3,
GO GO'S,WE GOT THE BEAT,C,CHANNEL,18.08.2024
GODSMACK,I STAND ALONE,C,KARAFUN,06.08.2024
GODSMACK,KEEP AWAY,C,PARTYTYME,08.08.2024
GODSMACK,SPEAK,C,PARTYTYME,15.08.2024
GODSMACK,STRAIGHT OUT OF LINE,C,SOUNDCHOICE,15.08.2024
GODSMACK,WHATEVER,C,PARTYTYME,18.08.2024
GOLDEN EARRING,RADAR LOVE,C,KARAFUN,13.08.2024
GONAL THUNDER,PÄIVYSTÄN LÄPI YÖN,C,TUOTTAJA,21.02.2023
GOOD CHARLOTTE,GIRLS & BOYS,C,CCKARAOKE,05.08.2024
GOOD CHARLOTTE,HOLD ON,K,XP2,
GOOD CHARLOTTE,I JUST WANNA LIVE,C,KARAFUN,05.08.2024
GORDON HASKELL,HOW WONDERFUL YOU ARE,C,EK,30.03.2024
GOTYE FT KIMBRA,SOMEBODY THAT I USED TO KNOW (DUET),C,CHANNEL,25.04.2022
GRACIE FIES,WISH ME LUCK AS YOU WAVE ME GOODBYE,K,XP2,
GRAHAM COLTON,BEST DAYS,K,XP4,
GREASE,SUMMER NIGHTS,K,XP1,
GREASE,YOU'RE THE ONE THAT I WANT,K,XP1,
GREAT ESCAPE,BOYS LIKE GIRLS,K,XP4,
GREAT WHITE,DESERT MOON,C_O_U,POY,17.11.2022
GREAT WHITE,ONCE BITTEN TWICE SHY,C,PARTYTYME,10.08.2024
GREAT WHITE,ROCK ME,C,ROCK,13.08.2024
GREAT WHITE,ROLLIN' STONED,C,PARTYTYME,13.08.2024
GREAT WHITE,SAVE YOUR LOVE,C,ROCK,14.08.2024
GREEN DAY,BASKET CASE,C,SINGKING,02.08.2024
GREEN DAY,BOULEVARD OF BROKEN DREAMS,K,XP4,
GREEN DAY,BOULEVARD OF BROKEN DREAMS,C,SINGKING,28.03.2018
GREEN DAY,BOULEVARD OF BROKEN DREAMS,M,MP&R3,
GREEN DAY,HOLIDAY,C,KARAOKELOVERS,09.08.2020
GREEN DAY,LONGVIEW,C,CCKARAOKE,08.08.2024
GREEN DAY,WAKE ME UP WHEN SEPTEMBER ENDS,K,XP2,
GREEN DAY,WAKE ME UP WHEN SEPTEMBER ENDS,C,SINGKING,28.03.2018
GREGER,HÄN ON NIIN KAUNIS,C_O,POY,16.08.2024
GREGER,VIELÄ MUMMUNAKIN SEN MUISTAT,C_O,POY,24.10.2024
GRETCHEN WILSON,REDNECK WOMAN,K,XP2,
GUITAR SLINGERS,BABY IT'S ALRIGHT,C_O_UK,POY,04.03.2025
GUITAR SLINGERS,BAD CASE OF LOVING YOU,C_O_UK,POY,24.02.2025
GUITAR SLINGERS,LIKE A DOG FOR THE BONE,C_O_UK,POY,12.03.2025
GULLIVER,MIKÄ SAI SUT SUUTTUMAAN,K,POW07,
GUNS N' ROSES,BACK OFF BITCH,C,NESVASTUDIOS99,01.08.2024
GUNS N' ROSES,CIVIL WAR,C,ZOOM,24.04.2022
GUNS N' ROSES,DON'T CRY,C,ZOOM,23.04.2022
GUNS N' ROSES,KNOCKIN' ON HEAVEN'S DOOR,K,XP4,
GUNS N' ROSES,KNOCKIN' ON HEAVEN'S DOOR,C,MUSISI,08.08.2024
GUNS N' ROSES,LIVE AND LET DIE,M,HR1,
GUNS N' ROSES,LIVE AND LET DIE,C,ZOOM,23.04.2022
GUNS N' ROSES,MR BROWNSTONE,C,RANDOM,09.08.2024
GUNS N' ROSES,MY MICHELLE,C,NOX,09.08.2024
GUNS N' ROSES,NOVEMBER RAIN,C,KARAFUN,03.04.2018
GUNS N' ROSES,PARADISE CITY,C,ZOOM,10.08.2024
GUNS N' ROSES,PATIENCE,M,HR1,
GUNS N' ROSES,PATIENCE,C,KARAFUN,03.04.2018
GUNS N' ROSES,SINCE I DON'T HAVE YOU,C,ZOOM,14.08.2024
GUNS N' ROSES,SWEET CHILD O'MINE,M,HR1,
GUNS N' ROSES,SWEET CHILD O'MINE,K,XP1,
GUNS N' ROSES,SWEET CHILD O'MINE,C,KARAFUN,03.04.2018
GUNS N' ROSES,USED TO LOVE HER,K,XP2,
GUNS N' ROSES,USED TO LOVE HER,C,BATTLE,18.08.2024
GUNS N' ROSES,WELCOME TO THE JUNGLE,C,KARAFUN,03.04.2018
GUNS N' ROSES,YOU COULD BE MINE,C,ZOOM,18.08.2024
GUY MITCHELL,SINGING THE BLUES,M,PIO018,
GWEN STEFANI,HOLLABACK GIRL,K,XP2,
GWEN STEFANI,THE SWEET ESCAPE,K,XP4,
GYLLENE TIDER,SOMMARTIDEN (SWE),M_U,SWE,
HADDAWAY,WHAT IS LOVE,C,ZOOM,06.11.2023
HAIR,EASY TO BE HARD,K,XP3,
HALOO HELSINKI!,BEIBI,M,LK24,
HALOO HELSINKI!,BEIBI,M,MDV63,
HALOO HELSINKI!,CARPE DIEM,M,LK23,
HALOO HELSINKI!,CARPE DIEM,M,SAT10,
HALOO HELSINKI!,GARDENIA,C,KUNINGAS,05.11.2025
HALOO HELSINKI!,HALOO HELSINKI,M,MEL48Z,
HALOO HELSINKI!,HULLUUDEN HIGHWAY,M,MDV68,
HALOO HELSINKI!,HUUDA!,K,LK20,
HALOO HELSINKI!,HUUDA!,M,SAT08,
HALOO HELSINKI!,JOS MUN POKKA PETTÄÄ,K,LK17,
HALOO HELSINKI!,JOS MUN POKKA PETTÄÄ,M,SAT06,
HALOO HELSINKI!,KAIKKII PÄÄTTYY KYYNELIIN,C,KUNINGAS,08.05.2026
HALOO HELSINKI!,KEVYEMPI KANTAA,M,SK4,
HALOO HELSINKI!,KIITOS EI OLE KIROSANA,M,LK24,
HALOO HELSINKI!,KIITOS EI OLE KIROSANA,M,SAT16,
HALOO HELSINKI!,KUULE MINUA,M,SAT05,
HALOO HELSINKI!,KUUSSA TUULEE,M,LK24,
HALOO HELSINKI!,KUUSSA TUULEE,M,SAT16,
HALOO HELSINKI!,LADY DOMINA,C_O,POY,30.11.2023
HALOO HELSINKI!,LÄHTÖVALMIINA,M,LK23,
HALOO HELSINKI!,LÄHTÖVALMIINA,M,MDV61,
HALOO HELSINKI!,MAAILMA ON TEHTY MEITÄ VARTEN,K,KONEPC,
HALOO HELSINKI!,MAAILMA ON TEHTY MEITÄ VARTEN,M,SAT09,
HALOO HELSINKI!,MAAILMAN TOISELLA PUOLEN,K,LK16,
HALOO HELSINKI!,MAAILMAN TOISELLA PUOLEN,M,KPP40,
HALOO HELSINKI!,MAAILMAN TOISELLA PUOLEN,M,MEL54,
HALOO HELSINKI!,PIILOTAN MUN KYYNELEET,M,COV14,
HALOO HELSINKI!,PIILOTAN MUN KYYNELEET,C,COVER,23.05.2022
HALOO HELSINKI!,PULP FICTION,M,LK25,
HALOO HELSINKI!,PULP FICTION,M,MDV64,
HALOO HELSINKI!,RAKASTA MUA NYT,C,RV@EV CHANNEL,05.03.2020
HALOO HELSINKI!,RAKKAUS,M,SAT10,
HALOO HELSINKI!,REIVILUOLA,C_O,POY,19.01.2024
HALOO HELSINKI!,SYVÄLLE SILMIIN,M,MDV61,
HALOO HELSINKI!,TUNTEMATON,M,SK4,
HALOO HELSINKI!,VAPAUS KÄTEEN JÄÄ,K,LK20,
HALOO HELSINKI!,VAPAUS KÄTEEN JÄÄ,M,SAT08,
HALOO HELSINKI!,VIERI VESI VIERI,M,MEL60,
HALOO HELSINKI!,VIHAAN KYLLÄSTYNYT,M,LK24,
HALOO HELSINKI!,VOIKO ENKELITKIN EKSYÄ,C,KUNINGAS,16.12.2025
HALOO HELSINKI! / MOKOMA,KUU SAA VALTANSA AURINGOLTA,M,MEL60,
HALOO HELSINKI! FT CANTORES MINORES,JOULUN KANSSAS JAAN,C,TUOTTAJA,02.12.2025
HALSEY,SORRY,C,SINGKING,11.11.2021
HANK WILLIAMS SR,HEY GOOD LOOKIN,K,XP4,
HANK WILLIAMS SR,HEY GOOD LOOKIN,C,PUNK MEDIA,15.01.2023
HANK WILLIAMS SR,YOUR CHEATIN HEART,C,LETSSING,15.01.2023
HANNA EKOLA,VILLIHEVOSIA,MF,FIN44B14,
HANNA EKOLA,VILLIHEVOSIA,MF,FIN6A3,
HANNA EKOLA,VILLIHEVOSIA,K,POW14,
HANNA EKOLA,VILLIHEVOSIA,M,MEL34N,
HANNA PAKARINEN,FEARLESS,K,LK04,
HANNA PAKARINEN,JOKAPÄIVÄINEN,M,MDV59,
HANNA PAKARINEN,LEAVE ME ALONE,M,KSF1Z,
HANNA PAKARINEN,LEAVE ME ALONE,C,EUROVISION,07.08.2020
HANNA PAKARINEN,MAAILMAN IHANIN MIES,M,MDV57,
HANNA PAKARINEN,MIEHET,K,LK16,
HANNA PAKARINEN,MIEHET,C_O,POY,11.02.2025
HANNA PAKARINEN,OLIPA KERRAN ELÄMÄ,M,MDV61,
HANNA PAKARINEN,PAPERIMIEHEN TYTÄR,M,MEL54,
HANNA PAKARINEN,SE YKSI AINOA,M,MEL54,
HANNA PAKARINEN,TULIN VOITTAMAAN,K,LK04,
HANNA TALIKAINEN,TAHDON VIELÄ YRITTÄÄ,M,SAT01,
HANNE,HÄN ON MUN,MF,FIN17A10,
HANNE,HÄN ON MUN,M,MEL39X,
HANNE,KELTAISET RUUSUT,M,NYT HUMPATAAN,
HANNE,PIENI PUNAINEN MÖKKI,M,NYT HUMPATAAN,
HANNE,VERUSHKA,MF,FIN45A7,
HANNE,VERUSHKA,K,POW04,
HANNU LEIDEN,LEIJONAT,MF,FIN22A3,
HANOI ROCKS,A DAY LATE A DOLLAR SHORT,C,ES,25.02.2024
HANOI ROCKS,BOULEVARD OF BROKEN DREAMS,C,CHANNEL,25.08.2018
HANOI ROCKS,DON'T YOU EVER LEAVE ME,C,JAPAN,25.08.2018
HANOI ROCKS,DON'T YOU EVER LEAVE ME,M,SAT05,
HANOI ROCKS,TRAGEDY,M,HEVI 1,
HANOI ROCKS,UP AROUND THE BEND,C,JAPAN,25.08.2018
HAPPORADIO,CHE GUEVARA,M,MEL60,
HAPPORADIO,CHE GUEVARA,C_O,POY,19.12.2022
HAPPORADIO,HIRSIPUU,C_O,POY,22.02.2022
HAPPORADIO,PELASTAJA,M,MDV64,
HAPPORADIO,PUHU ÄÄNELLÄ JONKA KUULEN,C_O,POY,22.07.2025
HAPPORADIO,PUHU ÄÄNELLÄ JONKA KUULEN,M,SAT05,
HAPPORADIO,SINÄ JA HÄN,M,LK24,
HAPPORADIO,SINÄ JA HÄN,M,SAT11,
HAPPORADIO,TAVIKSET,M,MEL40X,
HAPPORADIO,TAVIKSET,M,POW29,
HAPPORADIO,VAKAVA NAINEN,M,SAT13,
HARMONY SISTERS,KODIN KYNTTILÄT,MF,FIN38B10,
HARMONY SISTERS,KODIN KYNTTILÄT,C,FINNHITS,30.07.2016
HARMONY SISTERS,SATAMAN VALOT,MF,FIN20B9,
HARMONY SISTERS,SULLE SALAISUUDEN KERTOA MÄ VOISIN,MF,FIN12B5,
HARPO,MOVIE STAR,M,MP&R1,
HARPO,MOVIESTAR,C,1975,10.12.2020
HARRI KUOKKANEN,VALKOINEN RUUSU,C,TATSIA,07.05.2022
HARRI MARSTIO,KALPEAAKIN KALPEEMPAA,C_O,POY,04.05.2026
HARRI MARSTIO,MÄ SUA SÄ MUA,C_O,POY,03.11.2025
HARRI MARSTIO,ROMANY VIOLIN,C_O_UK,POY,13.11.2024
HARRY BELAFONTE,BANANABOAT SONG (DAY O),K,XP4,
HARRY BELAFONTE,TRY TO REMEMBER,M,TOPHIT27,
HARRY CHAPIN,CAT'S IN THE CRADLE,K,XP4,
HARRY NILSSON,WITHOUT YOU,K,XP2,
HARRY NILSSON,WITHOUT YOU,C,CHANNEL,25.04.2022
HARRY STYLES,AS IT WAS,C,SINGKING,22.07.2022
HASSISEN KONE,HASSISEN KONE,K,POW05SR1,
HASSISEN KONE,KULKURIN ILTAKALJA,C_O,POY,11.05.2023
HASSISEN KONE,LEVOTTOMAT JALAT,C_O,POY,24.08.2023
HASSISEN KONE,OIKEUS ON VOITTANUT TAAS,M,MEL50X,
HASSISEN KONE,OIKEUS ON VOITTANUT TAAS,C_O,POY,02.01.2023
HASSISEN KONE,RAPPIOLLA,K,POW04,
HASSISEN KONE,RAPPIOLLA,M,MEL04X,
HASSISEN KONE,RAPPIOLLA,C,POWER,02.07.2024
HASSISEN KONE,REIPPAINA KÄYMME REKKAIN ALLE,K,POW13SR3,
HASSISEN KONE,SYÖKSYLASKIJOITA KAIKKI TYYNNI,C_O,POY,22.06.2023
HASSISEN KONE,TÄLLÄ TIELLÄ,C_O,POY,25.10.2022
HAUKKA,KUKAAN EI USKALLA TIETÄÄ,C_O,POY,25.05.2024
HAULI BROS,MITÄÄN EI SAA PITÄÄ,M,SATC01,
HAUSMYLLY,IKÄVÄ LOKAKUU,M,MEL32X,
HAUSMYLLY,IKÄVÄ LOKAKUU (TAUSTALAULULLA),C_O,POY,26.03.2026
HAUSMYLLY,JOS,MF,FIN12A4,
HAUSMYLLY,JOS,M,MEL62,
HAUSMYLLY,JOS,C,KKONE (POY),15.04.2023
HAUSMYLLY,KEHÄRAAKKEJA JA KUNINKAITA,M,SAT04,
HAUSMYLLY,MAAILMAN REUNALLA,C,FIAT,25.05.2026
HAUSMYLLY,PUTOAN PILVIIN,M,COV19,
HAUSMYLLY,SE MUSTAMIES,M,POW30,
HAUSMYLLY,SE OIS JO LIIKAA,M,MEL37Z,
HAUSMYLLY FT JANNE HURME,AURINKO,C,FIAT,26.01.2026
HEATWAVE,BOOGIE NIGHTS,K,XP4,
HECTOR,AKE MAKE PERA JA MÄ,MF,FIN25A6,
HECTOR,AKE MAKE PERA JA MÄ,K,LK09,
HECTOR,AKE MAKE PERA JA MÄ,M,M60'S,
HECTOR,AKE MAKE PERA JA MÄ,C,LAULAVAKOIRA,23.09.2020
HECTOR,AMSTERDAM,M,SK4,
HECTOR,ASFALTTIPRINSSI,MF,FIN40A6,
HECTOR,ASFALTTIPRINSSI,M,MEL70'S,
HECTOR,ASVALTTIPRINSSI,K,LK09,
HECTOR,EI MITTÄÄN,MF,FIN23B6,
HECTOR,EI MITTÄÄN (TYÖTTÖMÄN ARKIVIISU),C,FINNKARAOKE,18.10.2015
HECTOR,EI SELITYKSIÄ,C_O,POY,15.11.2024
HECTOR,HANNIKAISEN BAARI,M,MDV12,
HECTOR,HEINÄPELLOLLA,M,MEL70'S,
HECTOR,HERRA MIRANDOS,C_O,POY,16.04.2026
HECTOR,JATKUVUUS,C_O,POY,14.10.2024
HECTOR,JOS SÄ TAHDOT NIIN,M,MDV08,
HECTOR,JUODAAN VIINAA,MF,FIN10A2,
HECTOR,JUODAAN VIINAA,K,LK09,
HECTOR,JUODAAN VIINAA,M,MEL26X,
HECTOR,JUODAAN VIINAA,C,MELPLAY,19.01.2021
HECTOR,JÄÄVALSSI,M,MDV10,
HECTOR,KADONNEET LAPSET,C_O,POY,21.11.2024
HECTOR,KAIKKI TAHTOO RAKASTAA,K,LK04,
HECTOR,KUINKA VOIT VÄITTÄÄ,M,MDV06,
HECTOR,KUN RAKKAUS SAAPUU KAUPUNKIIN,K,LK09,
HECTOR,KUUNNELLAAN VAAN TAIVASTA,K,LK04,
HECTOR,KUUNNELLAAN VAAN TAIVASTA,M,MEL33X,
HECTOR,KUUNNELLAAN VAAN TAIVASTA,C,FINNISH,31.10.2016
HECTOR,LAPSUUDEN LOPPU,K,LK09,
HECTOR,LAPSUUDEN LOPPU,M,MEL70'S,
HECTOR,LASIKEVÄT SURULLINEN LIISA,C_O,POY,16.04.2026
HECTOR,LASIKEVÄT/SURULLINEN LIISA,M,MEL70'S,
HECTOR,LAURA,MF,FIN41A5,
HECTOR,LOLA,M,MEL70'S,
HECTOR,LUMI TEKI ENKELIN ETEISEEN,MF,FIN2A11,
HECTOR,LUMI TEKI ENKELIN ETEISEEN,MF,FIN35A15,
HECTOR,LUMI TEKI ENKELIN ETEISEEN,K,POW04,
HECTOR,LUMI TEKI ENKELIN ETEISEEN,M,MDV14,
HECTOR,LUMI TEKI ENKELIN ETEISEEN,C,POWER,03.12.2014
HECTOR,LÄHES ONNELLINEN MIES,K,LK04,
HECTOR,MANDOLIINIMIES,K,LK09,
HECTOR,MANDOLIINIMIES,M,MDV09,
HECTOR,MANDOLIINIMIES,C,MAURIK,09.10.2021
HECTOR,MONOFILHARMOONIKKO,M,MEL36Z,
HECTOR,MULLA EI OO RAHAA,M,MEL32X,
HECTOR,NOSTALGIA,M,MDV08,
HECTOR,NOSTALGIA OSA 1,K,LK09,
HECTOR,OLEN HAUTAUSMAA,K,LK09,
HECTOR,OLEN HAUTAUSMAA,M,MEL02Z,
HECTOR,OLISHAN SE HIENOO,K,LK04,
HECTOR,OMASSA KOTONA,M,MEL37Z,
HECTOR,PALKKASOTURI,K,POW12,
HECTOR,PALKKASOTURI,M,MEL70'S,
HECTOR,PERJANTAI ON MIELESSÄIN (FRIDAY ON MY MIND),C_O,POY,26.11.2024
HECTOR,PIANOMIES,M,MDV69,
HECTOR,SARJAKUVAROCK,C_O,POY,16.04.2026
HECTOR,SEISOVAA ILMAA,M,MEL37Z,
HECTOR,SUDENKORENTO,M,MEL30X,
HECTOR,SUOMI NEITO,M,MEL70'S,
HECTOR,SUSANNE,M,MEL13Z,
HECTOR,TAKATAAN ROOS,MF,FIN47A10,
HECTOR,TAKATAAN ROOS,K,POW06,
HECTOR,TAKATAAN ROOS,M,M60'S,
HECTOR,TUNTEMATON SOTILAS,C_O,POY,12.06.2024
HECTOR,TUULISINA ÖINÄ,K,LK09,
HECTOR,TÄÄ ON SE AAMU,K,LK04,
HECTOR,YHTENÄ ILTANA,K,LK09,
HECTOR,YHTENÄ ILTANA,M,MEL42Z,
HECTOR,YKSINÄINEN TINASOTAMIES,C_O,POY,12.06.2024
HECTOR & CAY,MARLEENA,M,SK1,
HEIDI KYRÖ,C'EST LA VIE,K,POW16,
HEIDI KYRÖ,IRTIOTTO,M,MEL45Z,
HEIDI KYRÖ,MINÄ JA ALEX,K,POW07,
HEIDI KYRÖ,PORTTI SYDÄMEEN,MF,FIN47A6,
HEIDI KYRÖ,PÄIVÄNVALOON,M,MEL04X,
HEIDI KYRÖ,SUN SUOMINEITOS OON,MF,FIN32A2,
HEIDI KYRÖ,SYKSY,M,COV06,
HEIDI KYRÖ,SYKSY,K,POW04,
HEIDI KYRÖ,SYKSY,C,FINNISH,09.10.2021
HEIDI KYRÖ,TUUT MUA RAKASTAMAAN,M,SK1A2,
HEIDI PAKARINEN,TAIVAS TÄYNNÄ TULTA,C,FIAT,03.09.2026
HEIDI PAKARINEN,TANSSIJA,C_O,POY,16.04.2026
HEIKKI AARVA,TUULELLA EI OLE YSTÄVÄÄ,MF,FIN36,
HEIKKI AARVA,TUULELLA EI OLE YSTÄVÄÄ,C,FINNHITS,18.10.2015
HEIKKI HELA,HILLITÖN HOPEINEN KUU,M,MEL45Z,
HEIKKI HELA,TÄHTISILMÄ,M,MEL52X,
HEIKKI HELA,UNETON YÖ,K,POW14,
HEIKKI HELA,YLI KYNNYSTEN,C,FIAT,02.12.2025
HEIKKI KINNUNEN,LAULU DNJEPRILLE,M,MEL60,
HEIKKI MUSTONEN,ROUTAINEN MAA,C,TUOTTAJA,15.04.2023
HEIKKI SILVENNOINEN,IM GONNA CHANGE MY LIFE,C_O_UK,POY,10.03.2026
HEINÄSIRKKA,RANSKALAINEN YÖ,M,MEL22X,
HELENA KURKI,SÄ OSAAT SILLÄLAILLA PEPPUA VEMPUTTAA,M,MEL55X,
HELENA SILTALA,ETKÖ USKALLA MUA RAKASTAA,MF,FIN23B5,
HELENA SILTALA,PIKKU MIDINETTI,MF,FIN36,
HELENA SILTALA,PIKKU MIDINETTI,M,MEL01Z,
HELENA SILTALA,RANSKALAISET KOROT,MF,FIN13A7,
HELENA SILTALA,RANSKALAISET KOROT,M,MDV23,
HELENA SJÖHOLM,GABRIELLAS SÅNG (SWE),M_U,SWE,
HELI KAJO,ELÄMÄSI SULOISIN VIRHE,K,LK18,
HELI KAJO,ELÄMÄSI SULOISIN VIRHE,M,MDV58,
HELI KAJO,JOS MÄ KUOLEN NUORENA,K,LK18,
HELI KEINONEN,AJETTIH DA TSIGANAISET,M,MEL15Z,
HELI KEINONEN,RUSKIE NEITSYT VALGIE NEITSYT,M,MDV12,
HELI LÄÄTS,EI ME ETTE TEA (EST),M_U,EST1,
HELI RUOTSALAINEN,ILLAN VARJOON TIEMME JOHTAA,M,POW19,20.03.2026
HELI RUOTSALAINEN,KRISTIAN,M,MEL45Z,
HELMI MARLEENA,HIUKSILLA,C,KUNINGAS,22.06.2026
HELMI MARLEENA,KOTIVIDEOISSA,C,KUNINGAS,22.06.2026
HELMI MARLEENA,RADIO PÄÄLLE,C,FIAT,03.09.2026
HELMI MARLEENA,RAKKAALLENI,C,KUNINGAS,22.06.2026
HELMI MARLEENA,SAMANLAINEN,C,KUNINGAS,22.06.2026
HELMI MARLEENA FT ASLA JO,SYNTYMÄMERKIT,C,KUNINGAS,05.11.2025
HENRI STENROTH,ENSI KERRAN,M,MEL48Z,
HENRY THEEL,BESAME MUCHO,MF,FIN43B14,
HENRY THEEL,BESAME MUCHO,MF,FIN5B3,
HENRY THEEL,HILJAA SOIVAT BALALAIKAT,MF,FIN28B5,
HENRY THEEL,KULTAINEN NUORUUS,M,MELVALS,
HENRY THEEL,KUN ILTA EHTII,MF,FIN16A7,
HENRY THEEL,KÖYHÄ LAULAJA,MF,FIN13B8,
HENRY THEEL,KÖYHÄ LAULAJA,C,FINNKARAOKE,29.07.2016
HENRY THEEL,LESKEN LEMPI,K,POW03,
HENRY THEEL,LILJANKUKKA,MF,FIN2B8,
HENRY THEEL,LILJANKUKKA,MF,FIN42B14,
HENRY THEEL,LILJANKUKKA,K,POW02,
HENRY THEEL,LILJANKUKKA,C,POWER,30.07.2016
HENRY THEEL,ON ARMAS MULLE AALLON TIE,M,MELVALS,
HENRY THEEL,RANTAMÖKISSÄ,MF,FIN27B7,
HENRY THEEL,RANTATIE,C,MAURIK,29.10.2022
HENRY THEEL,RATTAANPYÖRÄ,K,POW08,
HENRY THEEL,SEISKARIN KAUNIS SIIRI,M,MELVALS,
HENRY THEEL,SIKS OON MÄ SURUINEN,MF,FIN36,
HENRY THEEL,SIKS OON MÄ SURUINEN,MF,FIN5B2,
HENRY THEEL,SIKS OON MÄ SURUINEN,K,POW20TANGO,
HENRY THEEL,SYYSPIHLAJAN ALLA,MF,FIN17B6,
HENRY THEEL,TANGOKAVALJEERI,K,POW20TANGO,
HENRY THEEL,TULE HILJAA,MF,FIN17B2,
HENRY THEEL,TULE HILJAA,C,SINGA,29.10.2022
HENRY THEEL,TUMMA YÖ,MF,FIN26B8,
HEP STARS,I NAT JAG DRÖMDE (SWE),M_U,SWE,
HERMAN'S HERMITS,HERMAN'S HERMITS (MEDLEY 3 SONGS),C,ZOOM,25.04.2022
HERMAN'S HERMITS,NO MILK TODAY,C,ZOOM,07.12.2020
HERMAN'S HERMITS,NO MILK TODAY,M,MP&R1,
HERMAN'S HERMITS,SILHOUETTES,K,XP3,
CHAD KROEGER FT JOSEY SCOTT,HERO,C,TP,05.08.2024
HERRA YLPPÖ JA IHMISET,POJAT EI TANSSI,M,SAT02,
HESAÄIJÄ FT MÄKKI,SAUNA LÄMPEE,C,TUOTTAJA,21.02.2023
HILLARY DUFF,SO YESTERDAY,K,XP4,
HIM,BLEED WELL,C,BIGREDTOWER,24.08.2020
HIM,BURIED ALIVE BY LOVE,M,HEVI 1,
HIM,BURIED ALIVE BY LOVE,C,BELLYSINGS,02.08.2024
HIM,GONE WITH THE SIN,C,LOWPOLY,15.04.2024
HIM,HEAVEN TONIGHT,C,BIGREDTOWER,24.08.2020
HIM,I WILL BE THE END OF YOU,C,BIGREDTOWER,04.10.2021
HIM,IN JOY AND SORROW,C,BIGREDTOWER,03.01.2021
HIM,INTO THE NIGHT,C,BIGREDTOWER,24.08.2020
HIM,JOIN ME IN DEATH,K,POW09SR2,
HIM,JOIN ME IN DEATH,C,POWER,05.04.2018
HIM,KILLING LONELINESS,C,CCKARAOKE,25.05.2026
HIM,LOSE YOU TONIGHT,C,BELLYSINGS,15.04.2024
HIM,LOVE WITHOUT TEARS,C,BIGREDTOWER,24.08.2020
HIM,ODE TO SOLITUDE,C,BIGREDTOWER,24.08.2020
HIM,PASSION'S KILLING FLOOR,C,BIGREDTOWER,24.08.2020
HIM,POISON GIRL,C,BALKA,25.05.2026
HIM,PRETENDING,C,BELLYSINGS,15.04.2024
HIM,RIGHT HERE IN MY ARMS,M,HEVI 2,
HIM,RIGHT HERE IN MY ARMS,C,BELLYSINGS,13.08.2024
HIM,TEARS ON TAPE,C,BIGREDTOWER,24.08.2020
HIM,THE FUNERAL OF HEARTS,K,LK03,
HIM,THE SACRAMENT,C,BIGREDTOWER,24.08.2020
HIM,VAMPIRE HEART,C,BIGREDTOWER,24.08.2020
HIM,WHEN LOVE AND DEATH EMBRACE,C,BIGREDTOWER,24.08.2020
HIM,WICKED GAME,C,HD,05.04.2018
HIM,WINGS OF A BUTTERFLY,M,HEVI 3,
HIM,WINGS OF A BUTTERFLY,C,CHANNEL,05.04.2018
HIM,YOUR SWEET 666,C,BIGREDTOWER,24.08.2020
HIM,YOUR SWEET SIX SIX SIX,M,HEVI 3,
HISKI SALOMAA,LÄNNEN LOKARI,MF,FIN10B8,
HISKI SALOMAA,LÄNNEN LOKARI,C,FINNKARAOKE,29.07.2016
HOLLYWOOD VAMPIRES,WHOLE LOTTA LOVE,C,BELLYSINGS,13.04.2024
HOOTENANNY SINGERS,GABRIELLE,M,MDV11,
HOOTENANNY TRIO,ESPLANDI,M,MEL04X,
HORTTO KAALO,EI KENENKÄÄN LÄHIMMÄINEN,M,MEL07,
HORTTO KAALO,JÄLLEEN KUN OLET VAPAA,M,MEL30X,
HORTTO KAALO,MIKSI OVET EI AUKENE MEILLE,MF,FIN27A8,
HORTTO KAALO,MIKSI OVET EI AUKENE MEILLE,C,FINNHITS,02.07.2024
HOT CHOCOLATE,EMMA,M,MP&R1,
HOT CHOCOLATE,I BELIVE (IN LOVE),M,MP&R1,
HOT CHOCOLATE,PUT YOUR LOVE IN ME,M,MP&R3,
HOT CHOCOLATE,YOU SEXY THING,K,XP1,
HOT CHOCOLATE,YOU SEXY THING,C,CHANNEL,25.04.2022
HOT CHOCOLATE,YOU SEXY THING,M,MP&R3,
HOUSEMARTINS,HAPPY HOUR,K,XP3,
HUEY LEWIS & GWYNETH PALTROW,CRUISIN,K,XP3,
HUEY LEWIS & THE NEWS,IF THIS IS IT,M,PIO1B2,
HUEY LEWIS & THE NEWS,THE HEART OF ROCK'N' ROLL,M,PIO1B1,
HUEY LEWIS & THE NEWS,THE POWER OF LOVE,M,MP&R2,
HULLUJUSSI,HULLU KITARA,C_O,POY,30.04.2026
HULLUJUSSI,TYTTÖ LILLA NAKKIKIOSKILLA,M,MEL70'S,
HULLUJUSSI & VIKTOR KALBORREK,BINGO BANGO BONGO,MF,FIN26A7,
HULLUJUSSI & VIKTOR KALBORREK,FRIDUNA SKIKUNA,M,M60'S,
HUMAN BEINZ,NOBODY BUT ME,K,XP3,
HUMAN LEAGUE,DON'T YOU WANT ME,K,XP2,
HUMAN LEAGUE,DON'T YOU WANT ME,M,MP&R1,
HUMPPA-VEIKOT,ALASKA,M,MEL43Z,
HUMPPA-VEIKOT,JAZZTYTTÖ,MF,FIN29B4,
HUMPPA-VEIKOT,KATINKA,M,MEL43Z,
HUMPPA-VEIKOT,KUUSAMO,M,MEL43Z,
HUMPPA-VEIKOT,MUISTOJA KARJALASTA,M,NYT HUMPATAAN,
HUMPPA-VEIKOT,PIENI POLKU,MF,FIN43B13,
HUMPPA-VEIKOT,PIENI POLKU,M,MEL43Z,
HUMPPA-VEIKOT,PIHAPIHLAJA,M,MEL43Z,
HUMPPA-VEIKOT,POHJOLA,M,MEL43Z,
HUMPPA-VEIKOT,PUUSEPPÄ,M,MEL43Z,
HUMPPA-VEIKOT,ROMANTIIKKAA RUUSUTARHASSA,M,MEL43Z,
HUMPPA-VEIKOT,SILMÄT TUMMAT KUIN YÖ,MF,FIN12B6,
HUMPPA-VEIKOT,SULAMITH,M,MEL43Z,
HUMPPA-VEIKOT,TULIPUNARUUSUT,M,MEL43Z,
HUMPPA-VEIKOT,URALIIN,M,MEL43Z,
HUMPPA-VEIKOT,YÖ ALTAILLA,MF,FIN28B6,
HURRIGANES,AN AWFUL CRIME,M,MEL04X,
HURRIGANES,AN AWFUL CRIME,M,POW21,20.03.2026
HURRIGANES,BLUE SUEDE SHOES,M,MGANES,
HURRIGANES,BOURBON STREET,M,MEL67,
HURRIGANES,BOURBON STREET,M,POW21,20.03.2026
HURRIGANES,BOURBON STREET,C_O_UK,POY,15.04.2023
HURRIGANES,CAN'T COME HOME,M,MGANES,
HURRIGANES,CHINATOWN,M,POW21,20.03.2026
HURRIGANES,DO YOU WANNA DANCE,M,MGANES,
HURRIGANES,FIND A LADY,C_O_UK,POY,07.10.2025
HURRIGANES,GET ON,K,POW07,
HURRIGANES,GET ON,M,MGANES,
HURRIGANES,GET ON,C,KARAOKETÄHTI,02.07.2024
HURRIGANES,GET ON,M,POW21,20.03.2026
HURRIGANES,GOOD MORNING LITTLE SCHOOLGIRL,K,POW18SR4,
HURRIGANES,GOOD MORNING LITTLE SCHOOLGIRL,M,MGANES,
HURRIGANES,HEY GROUPIE,M,POW21,20.03.2026
HURRIGANES,HOT WHEELS,C_O_UK,POY,09.10.2025
LOLLIPOPS,I WILL STAY,MF,FIN22B6,
HURRIGANES,I WILL STAY,K,LK03,
HURRIGANES,I WILL STAY,M,MGANES,
HURRIGANES,I WILL STAY,C,FIN,02.07.2024
HURRIGANES,I'LL STAY BY YOUR SIDE,M,POW21,20.03.2026
HURRIGANES,I'M READY,M,MGANES,
HURRIGANES,IT AIN'T WHAT YOU DO,K,POW13SR3,
HURRIGANES,IT AIN'T WHAT YOU DO,M,POW21,20.03.2026
HURRIGANES,KEEP ON KNOCKING,M,MGANES,
HURRIGANES,KEEP ON KNOCKING,M,POW21,20.03.2026
HURRIGANES,LETS GO ROCKIN TO NIGHT,C_O_UK,POY,15.04.2023
HURRIGANES,MARY JANE,M,POW21,20.03.2026
HURRIGANES,MOON IS RISING,M,MGANES,
HURRIGANES,MY ONLY ONE,MF,FIN45B10,
HURRIGANES,MY ONLY ONE,M,MEL01Z,
HURRIGANES,MY ONLY ONE,C,FINNKARAOKE,29.07.2016
HURRIGANES,MY ONLY ONE,M,POW21,20.03.2026
HURRIGANES,MY SWEET LILY,M,POW21,20.03.2026
HURRIGANES,OH RACK,M,POW21,20.03.2026
HURRIGANES,OOWEE OOHLA,M,POW21,20.03.2026
HURRIGANES,RED HOUSE,C_O_UK,POY,10.05.2025
HURRIGANES,RIDIN RIDIN,M,MGANES,
HURRIGANES,ROADRUNNER,M,MGANES,
HURRIGANES,ROADRUNNER,M,POW21,20.03.2026
HURRIGANES,RUBY BABE,M,MGANES,
HURRIGANES,SAY MAMA,M,MGANES,
HURRIGANES,SAY MAMA,M,POW21,20.03.2026
HURRIGANES,SHANANDOAH,C_O_UK,POY,15.04.2023
HURRIGANES,SHORAI SHORAI,M,POW21,20.03.2026
HURRIGANES,TALLAHASSEE LASSIE,K,POW18SR4,
HURRIGANES,TALLAHASSEE LASSIE,M,MGANES,
HURRIGANES,TALLAHASSEE LASSIE,M,POW21,20.03.2026
HURRIGANES,THE PHONE RANG,M,POW21,20.03.2026
HURRIGANES,TIGER,M,MGANES,
HURRIGANES,TOO MANY HOURS,M,MGANES,
HURRIGANES,TRUE FINE MAMA,M,MGANES,
HURRIGANES,UNTIL I SETTLE DOWN,M,MGANES,
HURRIGANES,WALKIN THE DOG,M,MGANES,
HURRIGANES,WILD IN THE STREET,M,MGANES,
I'DEES,TIME,K,LK04,
IBRAHIM TATLISES,USTA (TUR),C_U,TUR,08.01.2023
IDA PAUL & KALLE LINDROTH,PLANEETAT,C_O,POY,22.11.2023
IDA PAUL & KALLE LINDROTH,VUONNA NOLLA,C,RV@EV CHANNEL,15.03.2020
IDES OF MARCH,VEHICLE,C,CHANNEL,18.08.2024
IDOLS,HAAVEESTA TOTTA,M,MEL38Z,
IGGY POP,THE PASSENGER,M,HR1,
IINA KANGASHARJU,LINTU (MAAILMAAN MÄ AVARAAN),M,MEL55X,
IISA,JOS SE SATTUU,C,ZOOM,05.04.2021
IKE & TINA TURNER,NUTBUSH CITY LIMITS,K,XP3,
IKIROUTA,POLTETUT SILLAT,C_O,POY,03.05.2025
IL DIVO,ALL BY MYSELF,K,XP3,
IL DIVO,O HOLY NIGHT,K,XP3,
ILARI HÄMÄLÄINEN,NIIN HUOKAA MAA,M,COV06,
ILKKA ALANKO,JOULUN TÄHTIVAIVAAN ALLA,C,TUOTTAJA,10.12.2025
ILKKA ALANKO,KESÄ MEIDÄN,C,TUOTTAJA,14.08.2023
ILKKA ALANKO,KULLANHUUHTOJA,C,TUOTTAJA,21.02.2023
ILKKA ALANKO,ON,C,TUOTTAJA,29.05.2024
ILKKA ALANKO,TÄMÄ ON TOTTA (LAURA NÄRHI COVER),C,TUOTTAJA,21.02.2023
ILKKA ALANKO (MAARIT),NEITO JA YLIOPPILAS,M,MDV61,
ILKKA ALANKO (MIKAEL GABRIEL),MÄ EN TIEDÄ MITÄÄN,C,TUOTTAJA,21.02.2023
ILKKA ALANKO ORCHESTRA,UUSI AIKA,C,TUOTTAJA,12.08.2026
ILKKA HEMMING,OLEN KULKENUT VAIKEAN TIEN,C,FIAT,25.05.2026
ILKKA JÄÄSKELÄINEN,UNOHDA EN,M,MEL38Z,
ILKKA VAINIO,JUHA WATT VAINION POIKA,M,COV16,
ILKKA VAINIO,SIIVOUSSANKARI,M,MEL54,
ILKKA VAINIO,VANHASSA VARA PAREMPI,M,COV16,
ILKKA VAINIO & TIMO KIISKINEN,YSTÄVÄN RISTI,M,COV17,
ILKKA VAINIO & TIMO KIISKINEN,YSTÄVÄN RISTI,M,MDV64,
ILONA,KESÄPANO,K,POW05SR1,
ILPO KAIKKONEN,KLEINBUS,K,LK18,
ILPO KAIKKONEN,KLEINBUS,M,MG19,20.03.2026
ILPO KAIKKONEN,TERVEISET SINNE TAIVAASEEN,M,COV06,
ILTA,20_30,C,KUNINGAS,08.06.2026
ILTA,EN MIETI SUA,C,KUNINGAS,05.11.2025
ILTA,JOKAISEN HYMYN TAKANA,C,KUNINGAS,11.05.2026
ILTA,KELLE MÄ SOITAN,M,COV15,
ILTA,KIIRE,C,KUNINGAS,05.11.2025
ILTA,KUMPI SATTUU ENEMMÄN,C,KUNINGAS,08.06.2026
ILTA,SE MENEE HYVIN TAI SE MENEE OHI,C,KUNINGAS,22.06.2026
ILTA,TAIVAS MAAN PÄÄLLÄ,C,FIAT,25.05.2026
ILTA,TAIVAS MAAN PÄÄLLÄ,C_O,POY,25.08.2024
ILTA,TÄSSÄ TALOSSA,C,KUNINGAS,08.06.2026
IMPERIET,DU SKA VARA PRESIDENT (SWE),M_U,SWE,
INCOGNITO,DON'T YOU WORRY BOUT A THING,K,XP2,
INDICA,IKUINEN VIRTA,K,POW18SR4,
INDICA,PIDÄ KÄDESTÄ,K,LK07,
INKA & JUSSI RAINIO,MÄ EN RAKASTA SUA ENÄÄ,K,POW10,
INKA KUOPPAMÄKI,SINÄ PÄIVÄNÄ SATOI LUNTA,K,POW07,
INNER CIRCLE,BAD BOYS,K,XP4,
INNER CIRCLE,BAD BOYS,C,FUNBOX,27.07.2025
INXS,NEED YOU TONIGHT,K,XP4,
INXS,NEED YOU TONIGHT,M,MP&R2,
IRENE CARA,FAME,K,XP1,
IRENE CARA,FAME,M,PIO018,
IRENE CARA,FLASHDANCE WHAT A FEELING,K,POW12,
IRENE CARA,FLASHDANCE,K,XP1,
IRENE CARA,FLASHDANCE WHAT A FEELING,C,GRIT,07.09.2018
IRINA,ET HUOMAA,M,MEL51Z,
IRINA,HALUUN OLLA YKSIN,C,RV@EV CHANNEL,05.03.2020
IRINA,HEI HEI,M,SK1,
IRINA,HILJAISUUS,K,LK07,
IRINA,HILJAISUUS,M,MEL53PRO,
IRINA,HILJAISUUS,C,RV@EV CHANNEL,29.08.2020
IRINA,HILJAISUUS,M,POW29,
IRINA,JUULIAN TOTUUDET,K,LK07,
IRINA,JUULIAN TOTUUDET,M,MEL24X,
IRINA,KATUJEN KUNINGATAR,K,POW18SR4,
IRINA,KOKO KUVA,K,LK20,
IRINA,KOKO KUVA,M,SAT08,
IRINA,KUURUPIILOA,C_O,POY,21.08.2024
IRINA,KYMMENEN KIROSANAA,K,LK07,
IRINA,KYMMENEN KIROSANAA,M,POW29,
IRINA,KYMMENEN KIROSANAA,M,SAT01,
IRINA,PARANE PARANE,M,SK1,
IRINA,POKKA,K,LK09,
IRINA,POKKA,M,MEL44X,
IRINA,SEINÄT,M,MEL32X,
IRINA,VAHVA,K,LK02,
IRINA,VAHVA,M,MEL32X,
IRINA,VASTAUKSET,K,POW18SR4,
IRINA,ÄLÄ SANO MITÄÄN,K,LK07,
IRINA,ÄLÄ SANO MITÄÄN,M,MEL38Z,
IRINA FT MAIJA VILKKUMAA,KUNNON SYY,C_O,POY,14.09.2024
IRISH CLASSICS,KERRIGAN,K,XP4,
IRISH CLASSICS,SWEET ROSIE O'GRADY,K,XP4,
IRMELI MÄKELÄ,IWAN IWANOWITCH,M,MEL40X,
IRMELI MÄKELÄ,VIRRAN VIEMÄÄ,M,MDV08,
IRON MAIDEN,ACES HIGH,C,GERMANO ROCHA,01.08.2024
IRON MAIDEN,BE QUICK OR BE DEAD,M,HR1,
IRON MAIDEN,CAN I PLAY WITH MADNESS,C,HD,02.08.2024
IRON MAIDEN,FEAR OF THE DARK,C,GERMANO ROCHA,09.02.2020
IRON MAIDEN,HALLOWED BE THY NAME,C,HEAVY,10.12.2023
IRON MAIDEN,HOLY SMOKE,C,MUTEMONSTER,05.08.2024
IRON MAIDEN,INFINITE DREAMS,M,HR1,
IRON MAIDEN,INFINITE DREAMS,C,GERMANO ROCHA,25.12.2020
IRON MAIDEN,IRON MAIDEN (LIVE),C,CCKARAOKE,06.08.2024
IRON MAIDEN,PHANTOM OF THE OPERA,C,CCKARAOKE,10.08.2024
IRON MAIDEN,RUN TO THE HILLS,K,XP4,
IRON MAIDEN,RUN TO THE HILLS,C,SBI,27.01.2014
IRON MAIDEN,THE CLAIRVOYANT,C,GERMANO ROCHA,25.12.2020
IRON MAIDEN,THE EVIL THAT MEN DO,C,GERMANO ROCHA,25.12.2020
IRON MAIDEN,THE NUMBER OF THE BEAST,C,GERMANO ROCHA,09.02.2020
IRON MAIDEN,THE TROOPER,C,OBSKURE,16.08.2024
IRON MAIDEN,WASTED YEARS,C,GERMANO ROCHA,30.10.2022
IRON MAIDEN,WRATHCHILD,C,OBSCURE,18.08.2024
IRWIN & REMU,ELETÄÄN VAAN VAIKKA PIRUUTTAAN,K,POW07,
IRWIN GOODMAN,ALKO PISTÄÄ PULLOON,M,MDV61,
IRWIN GOODMAN,DIRLY DIRLY DEE,C,FIAT,03.09.2026
IRWIN GOODMAN,EI TIPPA TAPA,MF,FIN1B8,
IRWIN GOODMAN,EI TIPPA TAPA,MF,FIN42A13,
IRWIN GOODMAN,EI TIPPA TAPA,C,FINNHITS,16.05.2022
IRWIN GOODMAN,ELÄMÄNI PELURI,C_O,POY,03.10.2025
IRWIN GOODMAN,EN KERRO KUINKA JOUDUIN NAIMISIIN,MF,FIN32B5,
IRWIN GOODMAN,ENNEN OLI MAAILMA MIESTEN,C_O,POY,23.05.2025
IRWIN GOODMAN,HAISTAKAA PASKA KOKO VALTIOVALTA,M,COV14,
IRWIN GOODMAN,HAISTAKAA PASKA KOKO VALTIOVALTA,M,MEL54,
IRWIN GOODMAN,HENKIPATTO,C_O,POY,22.06.2026
IRWIN GOODMAN,HÄIRIKKÖ,K,POW03,
IRWIN GOODMAN,HÄIRIKKÖ,M,MEL67,
IRWIN GOODMAN,HÄRMÄLÄINEN PERUSJUNTTI,M,KK4,
IRWIN GOODMAN,HÄRMÄLÄINEN PERUSJUNTTI,M,MEL52X,
IRWIN GOODMAN,HÄRMÄLÄINEN PERUSJUNTTI,C_O,POY,24.02.2023
IRWIN GOODMAN,JUHLAVALSSI,MF,FIN30B8,
IRWIN GOODMAN,JUHLAVALSSI,M,MELVALS,
IRWIN GOODMAN,KALTERITANGO,M,MDV61,
IRWIN GOODMAN,KARJALA TAKAISIN,C,FIAT,23.08.2026
IRWIN GOODMAN,KOHTUUS KAIKESSA,C,COVER,12.05.2024
IRWIN GOODMAN,KUN EI RAHAT RIITÄ,MF,FIN19A8,
IRWIN GOODMAN,KUSESSA OLLAAN,C_O,POY,15.08.2023
IRWIN GOODMAN,LAS PALMAS,MF,FIN47B7,
IRWIN GOODMAN,LAS PALMAS,K,POW01,
IRWIN GOODMAN,LAS PALMAS,M,MDV17,
IRWIN GOODMAN,LAS PALMAS,C,POWER,07.08.2020
IRWIN GOODMAN,LAULAJAN TESTAMENTTI,M,COV06,
IRWIN GOODMAN,LAULAJAN TESTAMENTTI,M,SATC04,
IRWIN GOODMAN,LIEVESTUOREEN LIISA,M,MDV14,
IRWIN GOODMAN,MAAILMA ON KAUNIS,M,MEL54,
IRWIN GOODMAN,MAAILMA ON KAUNIS,C,MELPLAY,06.12.2019
IRWIN GOODMAN,MENI RAHAHOMMAT PIELEEN,C_O,POY,20.05.2025
IRWIN GOODMAN,MIKÄ LAULAEN TULEE,M,MDV10,
IRWIN GOODMAN,MUTAKUONO JA LAKUPELLE,C_O,POY,15.06.2026
IRWIN GOODMAN,OLI SIMMARIT SAMMARIT KUMMARIT JA PIPO,M,MEL70'S,
IRWIN GOODMAN,ON SUOMI KIINNI,C_O,POY,01.02.2024
IRWIN GOODMAN,OSTOSKESKUS JA KROUVI,M,KK4,
IRWIN GOODMAN,POING POING POING,MF,FIN3B2,
IRWIN GOODMAN,POING POING POING,MF,FIN43B15,
IRWIN GOODMAN,POING POING POING,K,POW16,
IRWIN GOODMAN,POING POING POING,M,MEL70'S,
IRWIN GOODMAN,PUNAPORTIN BLUES,C_O,POY,08.04.2023
IRWIN GOODMAN,RAHA RATKAISEE,M,MEL13Z,
IRWIN GOODMAN,REISSUMIEHEN REPPU,C,FIAT,23.08.2026
IRWIN GOODMAN,RENTUN RUUSU,MF,FIN2A1,
IRWIN GOODMAN,RENTUN RUUSU,MF,FIN38A12,
IRWIN GOODMAN,RENTUN RUUSU,K,POW03,
IRWIN GOODMAN,RENTUN RUUSU,M,MDV23,
IRWIN GOODMAN,RENTUN RUUSU,C,POWER,01.09.2014
IRWIN GOODMAN,RETEESTI VAAN,M,MDV10,
IRWIN GOODMAN,RIEMU JA RATTO,M,MDV63,
IRWIN GOODMAN,RYYSYRANTA,MF,FIN18A9,
IRWIN GOODMAN,RYYSYRANTA,M,MEL62,
IRWIN GOODMAN,SEN KUNNIAKSI,C_O,POY,14.09.2024
IRWIN GOODMAN,SEPALUS AUKI,C,FIAT,25.05.2026
IRWIN GOODMAN,SI SI SI,M,MEL18Z,
IRWIN GOODMAN,SILIRIMPSIS,M,MDV61,
IRWIN GOODMAN,ST PAULI JA REEBERBAHN,C,KARAOKETÄHTI,02.07.2024
IRWIN GOODMAN,ST PAULI JA REEPERBAHN,MF,FIN46B12,
IRWIN GOODMAN,ST PAULI JA REEPERBAHN,MF,FIN4B8,
IRWIN GOODMAN,ST PAULI JA REEPERBAHN,K,LK02,
IRWIN GOODMAN,ST PAULI JA REEPERBAHN,M,MEL70'S,
IRWIN GOODMAN,SURUTON NUORUUSAIKA,M,COV13,
IRWIN GOODMAN,TERVEISIÄ PERSEESTÄ,M,MEL53PRO,
IRWIN GOODMAN,TUMMA VIRTA,M,COV23,
IRWIN GOODMAN,TYÖMIEHEN LAUANTAI,MF,FIN9A7,
IRWIN GOODMAN,TÖTTERÖ TÄYNNÄ JA PÖNTTÖ PÖHÖNÄ,C,FIAT,22.08.2026
IRWIN GOODMAN,VAIN ELÄMÄÄ,MF,FIN27A4,
IRWIN GOODMAN,VAIN ELÄMÄÄ,K,LK02,
IRWIN GOODMAN,VAIN ELÄMÄÄ,M,MEL62,
IRWIN GOODMAN,VANHA JUOPPO,C_O,POY,04.06.2026
IRWIN GOODMAN,VIELÄ YHDET,MF,FIN41B6,
IRWIN GOODMAN,VIIMEINEN LAULU,M,MEL52X,
IRWIN GOODMAN,VIIMEINEN LAULU,C_O,POY,16.04.2024
IRWIN GOODMAN,VIUHAHDUS,K,POW06,
IRWIN GOODMAN,ÄITI ÄITI,C_O,POY,08.06.2026
IRWIN GOODMAN & ESA PAKARINEN,SINÄKÖ SE OLITKIN,M,COV11,
IRWING ESAP & URHOK BIG BOOM BAND,SAATANAN TUNARIT,C,FIAT,02.12.2025
ISAC ELLIOT,AI ETTÄ,C,KUNINGAS,20.11.2025
ISAC ELLIOT,KAIKEN VARALTA,C,FIAT,03.09.2026
ISAC ELLIOT,SATA ENKELII,C,KUNINGAS,10.09.2026
ISAC ELLIOT & ARES,EILINEN,C,FIAT,03.09.2026
ISAC ELLIOT & MIRELLA,PALAMAAN,C,KUNINGAS,11.05.2026
ISMO ALANKO,EXTAASIIN,M,MEL32X,
ISMO ALANKO,KRIISISTÄ KRIISIIN,C,3700,15.11.2025
ISMO ALANKO,KUN SUOMI PUTOS PUUSTA,C_O,POY,11.07.2023
ISMO ALANKO,KUN SUOMI PUTOS PUUSTA,M,SK1,
ISMO ALANKO,NOKIAN TAKANA,M,MEL30X,
ISMO ALANKO,PULU,M,MEL32X,
ISMO ALANKO,PUUPÄÄ,C,3700,15.11.2025
ISMO ALANKO,PÄÄSTÄNKÖ IRTI,M,MEL52X,
ISMO ALANKO,RAKKAUS ON RUMA SANA,M,MEL32X,
ISMO ALANKO,TAITEILIJAELÄMÄÄ,M,MEL32X,
ISMO ALANKO,TAITEILIJAELÄMÄÄ,C_O,POY,03.11.2025
ISMO ALANKO SÄÄTIÖ,VITTU KUN VITUTTAA,M,MEL50X,
ISMO ALANKO SÄÄTIÖ,VITTU KUN VITUTTAA,M,POW29,
ISRAEL KAMAKAWIWO'OLE,SOMEWHERE OVER THE RAINBOW,C,KARAFUN,23.07.2024
ISTO HILTUNEN,ALLA PINNAN,M,MDV17,
ISTO HILTUNEN,EMMANUELLE,M,MEL19Z,
ISTO HILTUNEN,KATSE,K,POW15,
ISTO HILTUNEN,MÄ VIELÄ LUOKSES TUUN,M,MDV09,
ISTO HILTUNEN,RINTA ROTTINGILLA,MF,FIN16A2,
ISTO HILTUNEN,SAARA JA RON,M,MEL44X,
ISTO HILTUNEN,SAAVATKO HE JOSKUS TOISENSA,M,MEL16Z,
ISTO HILTUNEN,SAAVATKO HE JOSKUS TOISENSA,C,MAURIK,15.11.2022
ISTO HILTUNEN,SADE,C_O,POY,21.01.2025
ISTO HILTUNEN,TAMMENOKSAT,MF,FIN15A2,
ISTO HILTUNEN,TAMMENOKSAT,M,MEL67,
ISTO HILTUNEN,TUHKAAN HAUTAUTUI POMPEIJA,M,MEL44X,
ISTO HILTUNEN,TÄÄLTÄ IKUISUUTEEN,K,POW16,
ISTO HILTUNEN,TÄÄLTÄ IKUISUUTEEN,M,MEL37Z,
ISTO HILTUNEN,VAAHTERANLEHTI,M,MEL43Z,
ISTO HILTUNEN,VAAHTERANLEHTI,C,MELPLAY,07.05.2022
ISTO HILTUNEN,VIE TERVEISET NAISELLENI,C_O,POY,16.04.2026
ITTA,MAAILMA LOPPUU TÄNÄÄN,M,LK24,
IVO LINNA,ABRUKA VALSS (EST),M_U,EST3,
IVO LINNA,AIDA MÖÖDA SAATA ÖÖ (EST),M_U,EST1,
IVO LINNA,IMEILUS PÛHAPÄEV (EST),M_U,EST4,
IVO LINNA,IMEILUS PÛHAPÄEV (EST),M_U,EST4,
IVO LINNA,JOO SÕBER JOO (EST),M_U,EST1,
IVO LINNA,KAUNIS NAINE (EST),M_U,EST1,
IVO LINNA,KIKILIPS (EST),M_U,EST1,
IVO LINNA,KOJU TAGASI (EST),M_U,EST4,
IVO LINNA,KORD OLIM MA RÖÖVLITE PEALIK (EST),M_U,EST3,
IVO LINNA,KUIDAS LÄKS SUL SEE MÄNG (EST),M_U,EST3,
IVO LINNA,KUIDAS LÄKS SUL SEE MÄNG (EST),M_U,EST4,
IVO LINNA,LIISA (EST),M_U,EST3,
IVO LINNA,MARIE MARIE (EST),M_U,EST1,
IVO LINNA,MULGIMAAL (EST),M_U,EST2,
IVO LINNA,SA OLED AINUS (EST),M_U,EST3,
IVO LINNA,SEE ON NII (EST),M_U,EST1,
IVO LINNA,SINILILL (EST),M_U,EST4,
IVO LINNA,TULE MANNIKE (EST),M_U,EST2,
IVO LINNA,TULE MANNIKE (EST),M_U,EST4,
IVO LINNA,VANA JA VALLATU LÕBUS JA LÕPUTU (EST),M_U,EST3,
IVO LINNA,VANA JA VÄSINUD MEES (EST),M_U,EST4,
IVO LINNA,VIDEVIK (EST),M_U,EST1,
IZMIR ÖZEL,10 YIL MARŞI (TUR),C_U,TUR,02.07.2024
J KARJALAINEN,ANKKURINAPPI,MF,FIN21A6,
J KARJALAINEN,AVARUUDEN IKKUNA,C_O,POY,18.07.2023
J KARJALAINEN,DORIS,MF,FIN10A3,
J KARJALAINEN,DORIS,K,POW03,
J KARJALAINEN,DORIS,M,MEL41Z,
J KARJALAINEN,HÄN,MF,FIN46A15,
J KARJALAINEN,HÄN,K,POW01,
J KARJALAINEN,HÄN,M,SATC01,
J KARJALAINEN,HÖLMÖ NUORI SYDÄN,C_O,POY,01.02.2025
J KARJALAINEN,KEHRÄÄJÄ,K,LK17,
J KARJALAINEN,KEHRÄÄJÄ,M,MEL67,
J KARJALAINEN,KEIHÄÄNKÄRKI,K,LK17,
J KARJALAINEN,KEIHÄÄNKÄRKI,M,MDV61,
J KARJALAINEN,KOLME COWBOYTA,M,MEL62,
J KARJALAINEN,KOLME COWBOYTA,C,KARAOKETÄHTI,12.05.2024
J KARJALAINEN,KOLME COWBOYTA,C_O,POY,22.04.2024
J KARJALAINEN,LAULUMIES,C_O,POY,16.12.2024
J KARJALAINEN,LAURA HÄKKISEN SILMÄT,M,MDV61,
J KARJALAINEN,MENNYT MIES,C,FINNISH (POY),07.07.2022
J KARJALAINEN,MENNYT MIES,M,SAT12,
J KARJALAINEN,MERENNEITONI JA MINÄ,C_O,POY,20.06.2024
J KARJALAINEN,MERIPIHKAHUONE,M,SAT12,
J KARJALAINEN,MIES JOLLE EI KOSKAAN TAPAHDU MITÄÄN,K,POW06,
J KARJALAINEN,MISSÄ SE VÄINÖ ON,M,MEL22X,
J KARJALAINEN,MISSÄ SE VÄINÖ ON,C_O,POY,03.11.2025
J KARJALAINEN,MYRSKYPÄÄSKY,M,MEL44X,
J KARJALAINEN,MÄ KÄÄNNYN HILJAA POIS,M,SATC02,
J KARJALAINEN,MÄ MEEN,K,POW09SR2,
J KARJALAINEN,MÄ TAHDON OLLA LÄHELLÄ SINUA,C_O,POY,27.02.2025
J KARJALAINEN,OI MIKÄ IHANA ILTA,C_O,POY,03.11.2025
J KARJALAINEN,ON KAIKKI NIIN KUIN ENNENKIN,K,LK17,
J KARJALAINEN,ON KAIKKI NIIN KUIN ENNENKIN,M,SATC04,
J KARJALAINEN,OULU WISCONSIN,C_O,POY,18.09.2024
J KARJALAINEN,PELASTUSRENGAS,K,POW15,
J KARJALAINEN,RIISINJYVÄ,M,LK23,
J KARJALAINEN,RIISINJYVÄ,M,SAT12,
J KARJALAINEN,ROCK'N ROLL MIES,C_O,POY,03.03.2025
J KARJALAINEN,ROKULIPÄIVÄ,K,POW13SR3,
J KARJALAINEN,SANKARIT,MF,FIN19A1,
J KARJALAINEN,SANKARIT,K,LK03,
J KARJALAINEN,SANKARIT,M,MEL39X,
J KARJALAINEN,SANKARIT,C,FINNKARAOKE,02.07.2024
J KARJALAINEN,SEKAISIN,M,MEL62,
J KARJALAINEN,SEKAISIN,C_O,POY,03.11.2025
J KARJALAINEN,SYDÄNLUPAUS,M,LK23,
J KARJALAINEN,SYDÄNLUPAUS,M,MDV61,
J KARJALAINEN,TELEPATIAA,MF,FIN34B2,
J KARJALAINEN,TELEPATIAA,K,POW06,
J KARJALAINEN,TELEPATIAA,M,SATC04,
J KARJALAINEN,TUMMANSININEN SEURALAINEN,C_O,POY,27.05.2026
J KARJALAINEN,VIIMEINEN LAULU,M,MDV64,
J KARJALAINEN,VILLEJÄ LUPIINEJA,M,MEL22X,
JAAK JOALA,NAERATA (EST),M_U,EST2,
JAAKKO RYHÄNEN,SYYSILLAN TUULI,MF,FIN21B4,
JAAKKO TEPPO,ERONNUT POIKAMIESLESKI,M,MEL48Z,
JAAKKO TEPPO,HILMA JA ONNI,K,POW07,
JAAKKO TEPPO,HILMA JA ONNI,M,MEL46Z,
JAAKKO TEPPO,HILMA JA ONNI,C,POWER,11.07.2016
JAAKKO TEPPO,HILMA JA ONNI,M,TEPPO01,
JAAKKO TEPPO,JÄLKITAUTI,K,POW10,
JAAKKO TEPPO,JÄLKITAUTI,M,TEPPO01,
JAAKKO TEPPO,LENITA,M,TEPPO01,
JAAKKO TEPPO,MIKKO SIKA MALLORCALLA,M,TEPPO01,
JAAKKO TEPPO,MÄNTYPISTIÄINEN,M,TEPPO01,
JAAKKO TEPPO,ONNEN KERJÄLÄINEN,M,TEPPO01,
JAAKKO TEPPO,PAMELA,M,MEL21Z,
JAAKKO TEPPO,PAMELA,C,MELPLAY,02.07.2024
JAAKKO TEPPO,PAMELA,M,POW30,
JAAKKO TEPPO,PAMELA,M,TEPPO01,
JAAKKO TEPPO,PILKILLÄ,M,TEPPO01,
JAAKKO TEPPO,PÖRSÄNMÄEN TANGO,M,TEPPO01,
JAAKKO TEPPO,RAKKAUS JA METSÄRAHAT,M,POW30,
JAAKKO TEPPO,RAKKAUS JA METSÄRAHAT,M,TEPPO01,
JAAKKO TEPPO,RANTALEIJONA,M,TEPPO01,
JAAKKO TEPPO,RAVIMATKA,M,TEPPO01,
JAAKKO TEPPO,REKKAKUSKIN TILITYS,M,POW30,
JAAKKO TEPPO,RUIKONPERÄN ROCKTÄHTI,M,TEPPO01,
JAAKKO TEPPO,RYYNÄSEN VARTTI,M,TEPPO01,
JAAKKO TEPPO,SAMMAKKOPRINSSI,M,TEPPO01,
JAAKKO TEPPO,TUMMA MIES,M,TEPPO01,
JAAKKO TEPPO,TUUPOVAARAN YÖSSÄ,M,TEPPO01,
JAAKKO TEPPO,TYÖTTÖMÄN LAULU,M,TEPPO01,
JAAN ARDER,OH KUUSEPUU (EST),M_U,EST3,
JACK JONES,THE LOVE BOAT,C,RLUCRA,25.09.2023
JACKIE WILSON,REET PETITE,K,XP1,
JACKSON BROWNE,REDNECK FRIEND,C,VERSION,01.02.2025
JACKSON BROWNE,THE ROAD AND THE SKY,C_O_U,POY,08.09.2023
JACKSONS,BLAME IT ON THE BOOGIE,K,XP4,
JAMELIA,SUPERSTAR,K,KONEPC,
JAMES BLUNT,1973,K,XP4,
JAMES BLUNT,WISE MEN,K,XP3,
JAMES BLUNT,YOU'RE BEAUTIFUL,K,XP2,
JAMES BROWN,I GOT YOU I FEEL GOOD,K,XP3,
JAMES BROWN,SAY IT LOUD (I'M BLACK AND I'M PROUD),K,XP2,
JAMES INGRAM,JUST ONCE,K,XP4,
JAMES INGRAM,JUST ONCE,M,PIO018,
JAMES REYNE,MOTORS TOO FAST,C,VOCALSTAR,25.04.2022
JAMES VINCENT MCMARROW (ACOUSTIC VER),WICKED GAME,C,HD,03.04.2018
JAMI FALTIN,LÄHIKUPPILA,C,FIAT,03.09.2026
JAMIE LANCASTER,ALL YOU NEED IS LOVE (JAZZ),C,OTSKAR,10.10.2023
JAMIROQUAI,VIRTUAL INSANITY,C,FABIAN,31.03.2024
JAMPPA TUOMINEN,AAMU TOI ILTA VEI,MF,FIN44B13,
JAMPPA TUOMINEN,AAMU TOI ILTA VEI,MF,FIN8B1,
JAMPPA TUOMINEN,AAMU TOI ILTA VEI,M,MEL41Z,
JAMPPA TUOMINEN,AIKA HAAVAT PARANTAA,M,JAMPPA 2,
JAMPPA TUOMINEN,AIKA HAAVAT PARANTAA,C,MELPLAY,16.10.2022
JAMPPA TUOMINEN,ANNA LIISA,M,JAMPPA 2,
JAMPPA TUOMINEN,EI KUULE KUKAAN,M,JAMPPA 2,
JAMPPA TUOMINEN,EI KUULE KUKAAN,M,MEL60,
JAMPPA TUOMINEN,ELÄMÄNI PARHAINTA AIKAA,M,JAMPPA 1,
JAMPPA TUOMINEN,ELÄMÄNI PARHAINTA AIKAA,K,POW01,
JAMPPA TUOMINEN,ELÄMÄNI PARHAINTA AIKAA,C,POWER,19.06.2015
JAMPPA TUOMINEN,EN HYVÄSTELLYT SUA,M,JAMPPA 2,
JAMPPA TUOMINEN,EN HYVÄSTELLYT SUA,C,MELPLAY,21.10.2022
JAMPPA TUOMINEN,ENSI KERRAN,M,JAMPPA 2,
JAMPPA TUOMINEN,JOOPA JOO,M,JAMPPA 2,
JAMPPA TUOMINEN,JOS YSTÄVÄÄN LUOTTAA VOIT,M,NYT HUMPATAAN,
JAMPPA TUOMINEN,JOS YSTÄVÄÄN SÄ LUOTTAA VOIT,M,MEL03,
JAMPPA TUOMINEN,JÄÄ HYVÄSTI,M,MEL37Z,
JAMPPA TUOMINEN,JÄÄSEPPELE,M,JAMPPA 1,
JAMPPA TUOMINEN,KADUN KASVATTI,M,COV16,
JAMPPA TUOMINEN,KAUNEIMMAT MUISTOT,C,FIAT,27.08.2026
JAMPPA TUOMINEN,KERRO KUISKATEN TUNTEESI,M,MEL52X,
JAMPPA TUOMINEN,KERRO KUISKATEN TUNTEESI,C,MELPLAY,21.10.2022
JAMPPA TUOMINEN,KESÄTUULI,M,JAMPPA 2,
JAMPPA TUOMINEN,KEVÄÄN ENSI KUKKANEN,M,MEL37Z,
JAMPPA TUOMINEN,KUIN LIEKKI TUULESSA,C_O,POY,07.06.2026
JAMPPA TUOMINEN,KUIN TAIVAS JA MAA,M,JAMPPA 1,
JAMPPA TUOMINEN,KUIN TARPEETON OISIN,M,JAMPPA 1,
JAMPPA TUOMINEN,KUINKA PALJON RAKKAUTTA,M,JAMPPA 1,
JAMPPA TUOMINEN,KUISKAA SANAT NUO,M,JAMPPA 2,
JAMPPA TUOMINEN,KUIVAA KYYNELEET,M,JAMPPA 1,
JAMPPA TUOMINEN,KULKURIN KUTSU,M,JAMPPA 1,
JAMPPA TUOMINEN,KULLANNUPPU,M,JAMPPA 1,
JAMPPA TUOMINEN,KUUMA KESÄ,M,JAMPPA 1,
JAMPPA TUOMINEN,KUUMAT KYYNELEET,M,JAMPPA 1,
JAMPPA TUOMINEN,KUUMAT KYYNELEET,K,POW03,
JAMPPA TUOMINEN,KUUMAT KYYNELEET,C,POWER,27.08.2020
JAMPPA TUOMINEN,LIIAN PITKÄ MATKA KOTIIN,M,JAMPPA 1,
JAMPPA TUOMINEN,LÄHEISYYS RIITTÄÄ,M,JAMPPA 1,
JAMPPA TUOMINEN,MARJA,M,MEL37Z,
JAMPPA TUOMINEN,MENNYT MENNYTTÄ ON,M,JAMPPA 1,
JAMPPA TUOMINEN,MEREN RANNALLA,M,JAMPPA 1,
JAMPPA TUOMINEN,MEREN RANNALLA,C,MELPLAY,21.10.2022
JAMPPA TUOMINEN,MILLOIN MILLOIN MILLOIN,M,JAMPPA 2,
JAMPPA TUOMINEN,MINÄ UNTASI VALVON,M,JAMPPA 2,
JAMPPA TUOMINEN,MISSÄ OLIT SILLOIN (DOWN IN ANKARA),M,COV14,
JAMPPA TUOMINEN,MITÄ ONNI ON,M,JAMPPA 1,
JAMPPA TUOMINEN,MUISTOJEN VALSSI,M,COV19,
JAMPPA TUOMINEN,MUUTTOLINNUN TIE,M,MEL53PRO,
JAMPPA TUOMINEN,NUORUUDEN MUISTOT,M,JAMPPA 1,
JAMPPA TUOMINEN,NYT ONNESTA OTTEEN SAIN,M,JAMPPA 1,
JAMPPA TUOMINEN,OLE AINA SELLAINEN,M,JAMPPA 1,
JAMPPA TUOMINEN,OLE AINA SELLAINEN,C,MELPLAY,21.10.2022
JAMPPA TUOMINEN,OLE MULLE KUISKETTA SYDÄMEN,M,JAMPPA 1,
JAMPPA TUOMINEN,OMASI OLLA TAHTOISIN,M,JAMPPA 1,
JAMPPA TUOMINEN,OMASI OLLA TAHTOISIN,C,MELPLAY,21.10.2022
JAMPPA TUOMINEN,ONNEN HETKET,M,JAMPPA 1,
JAMPPA TUOMINEN,ONNENPOIKA,M,JAMPPA 1,
JAMPPA TUOMINEN,PIKKU MERJA,M,JAMPPA 1,
JAMPPA TUOMINEN,PIKKU MERJA,K,POW08,
JAMPPA TUOMINEN,PORTTI POHJOISEEN,M,JAMPPA 1,
JAMPPA TUOMINEN,RAKASTAN SUA NIIN,M,JAMPPA 1,
JAMPPA TUOMINEN,RANNALLA KYYNELTEN MEREN,C,FIAT,01.09.2026
JAMPPA TUOMINEN,SAAT POSTIKORTIN,M,JAMPPA 2,
JAMPPA TUOMINEN,SANOMATTA JÄI NIIN PALJON,M,JAMPPA 2,
JAMPPA TUOMINEN,SILMÄT KUIN ENKELILLÄ,M,JAMPPA 2,
JAMPPA TUOMINEN,SINUT HALUAISIN,M,JAMPPA 2,
JAMPPA TUOMINEN,SUA MINÄ ODOTAN,M,JAMPPA 2,
JAMPPA TUOMINEN,SUA MINÄ ODOTAN,C,MELPLAY,21.10.2022
JAMPPA TUOMINEN,TANSSIN KANSSASI IKUISUUTEEN,M,JAMPPA 2,
JAMPPA TUOMINEN,TUO MUUKALAINEN,M,JAMPPA 2,
JAMPPA TUOMINEN,TÄHDENLENTO,M,JAMPPA 2,
JAMPPA TUOMINEN,TÄHDENLENTO,K,POW04,
JAMPPA TUOMINEN,VAIN SIKSI ETTÄ RAKASTAN SINUA,M,JAMPPA 2,
JAMPPA TUOMINEN,VALKEAT PURJEET,M,JAMPPA 2,
JAMPPA TUOMINEN,VESIPISAROIDEN LAULU,M,JAMPPA 2,
JAMPPA TUOMINEN,VIIKONLOPPUISÄ,K,POW15,
JAMPPA TUOMINEN,VIIMEINEN HEINÄKUU,M,JAMPPA 2,
JAMPPA TUOMINEN,VIIMEINEN HEINÄKUU,C,MELPLAY,21.10.2022
JAMPPA TUOMINEN,VOIMA RAKKAUDEN,M,JAMPPA 2,
JAMPPA TUOMINEN,YRITETÄÄN YHDESSÄ VIELÄ,M,MEL04X,
JAMPPA TUOMINEN,YSTÄVÄLLE,M,JAMPPA 2,
JAMPPA TUOMINEN,YSTÄVÄLLE (ELÄN PÄIVÄN),M,COV22,
JAMPPA TUOMINEN,YÖN HILJAISUUDESSA,C,FINNKARAOKE,18.10.2015
JAMPPA TUOMINEN,YÖN KUKKA,C,MELPLAY,21.10.2022
JAMPPA TUOMINEN,YÖN SYLIIN,K,POW15,
JAMPPA TUOMINEN,YÖN SYLIIN,M,MEL03,
JAMPPA TUOMINEN,YÖN SYLIIN,C,POWER,18.10.2015
JAMPPA TUOMINEN,YÖNKUKKA,M,JAMPPA 2,
JAN JOHANSEN,SE PÅ MIG (SWE),M_U,SWE,
JANE CHILD,DON'T WANNA FALL IN LOVE,C,EMPTYORCHESTRA,03.08.2024
JANI & JETSETTERS,LENNÄ POIS,M,MEL51Z,
JANI & JETSETTERS,LENNÄ POIS,M,MG17,20.03.2026
JANI & JETSETTERS,LIIAN TYLY,M,MEL53PRO,
JANI & JETSETTERS,MUSTA SULHANEN,M,MEL44X,
JANI & JETSETTERS,TULVII JOKI,M,MEL42Z,
JANI & JETSETTERS,VAIN TYPERYKSET RAKASTUU,M,MEL44X,
JANI JALKANEN ORKESTERI,MATKA JATKUU,M,MDV57,
JANI JALKANEN ORKESTERI,MATKA JATKUU,M,MG19,20.03.2026
JANI JALKANEN ORKESTERI,SIELU SYDÄN JA KYYNELEET,M,COV08,
JANI WICKHOLM,AIVAN ERI MIES,M,MEL55X,
JANI WICKHOLM,ALUMIINITÄHDET,K,LK06,
JANI WICKHOLM,HOPEASYDÄN,M,MEL44X,
JANI WICKHOLM,HUKUN,K,POW17,
JANI WICKHOLM,HUKUN,M,MEL33X,
JANI WICKHOLM,KAIKKI MUUTTUU,K,LK04,
JANI WICKHOLM,KAIKKI MUUTTUU,M,MEL36Z,
JANI WICKHOLM,KAVERI,C_O,POY,03.11.2025
JANI WICKHOLM,KUU,K,LK09,
JANI WICKHOLM,KUU,M,MEL49Z,
JANI WICKHOLM,SIIVET,C,FIAT,01.09.2026
JANI WICKHOLM,SUOMEN NEITO,K,LK06,
JANI WICKHOLM,SUOMEN NEITO,M,MEL38Z,
JANI WICKHOLM,SUOMEN NEITO,M,POW19,20.03.2026
JANI WICKHOLM,TULKOON JOULU,C,TUOTTAJA,02.12.2025
JANIS JOPLIN,CRY CRY BABY,C,VERSION,03.08.2024
JANIS JOPLIN,ME AND BOBBY MCGEE,C,KARAFUN,09.08.2024
JANIS JOPLIN,MERCEDES BENZ,C,KARAFUN,11.12.2020
JANIS JOPLIN,PIECE OF MY HEART,K,XP2,
JANIS JOPLIN,PIECE OF MY HEART,C,PARTYTYME,10.08.2024
JANNA,ANNA MÄ PUHALLAN,M,MDV68,
JANNA,LÄPINÄKYVÄ,M,SAT12,
JANNA,SÄ ET OLE HULLU,C,RV@EV CHANNEL,05.03.2020
JANNA,SÄ ET OLE HULLU,M,SAT11,
JANNA,TAHDON,M,COV06,
JANNA,TAHDON,M,SK4,
JANNA,TYTÖT LÄHTEE TANSSIMAAN,M,SAT13,
JANNA,TÄMÄN TAIVAAN ALLA (VAIN ELÄMÄÄ KAUSI 14),C_O,POY,24.12.2025
JANNA JA TUURE KILPELÄINEN,SATEET,C_O,POY,03.09.2025
JANNE HURME,IKÄVÄ,M,MEL50X,
JANNE HURME,ILLAN KAUNEIN TYTTÖ,M,MDV66,
JANNE HURME,KIRJE,MF,FIN27A1,
JANNE HURME,KIRJE,K,POW01,
JANNE HURME,KIRJE,M,MEL26X,
JANNE HURME,KOHTALO,M,MDV64,
JANNE HURME,KUIN YÖ,M,MDV09,
JANNE HURME,KULKIJA (VANDRAREN),C_O,POY,09.10.2024
JANNE HURME,NEIDONRYÖSTÖ,M,MDV09,
JANNE HURME,POSTIKORTTI,M,MDV08,
JANNE HURME,SAATEEN JÄLKEEN,C_O,POY,28.05.2025
JANNE HURME,SUUTTUMAAN,M,MEL52X,
JANNE HURME,SUUTTUMAAN,C,MELPLAY,21.10.2022
JANNE HURME,TINASORMUS,K,POW02,
JANNE HURME,TINASORMUS,M,MEL54,
JANNE LEINO,TUHANNETTA KERTAA,C,FIAT,22.08.2026
JANNE RAAPPANA,EI YKSINÄINEN UNTA SAA,M,MEL49Z,
JANNE RAAPPANA,JENKKIKASSI,M,MEL52X,
JANNE RAAPPANA,JOS VAIN VOISIN,M,MDV57,
JANNE RAAPPANA,KAKSI ONNELLISTA,M,MDV57,
JANNE RAAPPANA,ODOTA MUA,M,MEL47Z,
JANNE RUUSKANEN,KARAVAANARI,M,POW30,
JANNE TULKKI,HIEKKATIE JA PIHAPOLKU,C_O,POY,18.07.2026
JANNE TULKKI,KAHDEN HENGEN NUOTIO,M,MEL05Z,
JANNE TULKKI,KIVESTÄ VEISTETTY SYDÄN,M,MEL33X,
JANNE TULKKI,KULKURIN KUU,MF,FIN44A7,
JANNE TULKKI,KULKURIN KUU,K,POW01,
JANNE TULKKI,KULKURIN KUU,M,MEL04X,
JANNE TULKKI,KULKURIN KUU,C,POWER,07.08.2020
JANNE TULKKI,LUMIKENTTIEN KUTSU,M,MEL07,
JANNE TULKKI,LUMIKENTTIEN KUTSU,C_O,POY,03.11.2025
JANNE TULKKI,SAIN KAUNIIN MAAN,M,COV17,
JANNE TULKKI,SINISEN TAIVAAN SATEENKAARI,MF,FIN44A4,
JANNE TULKKI,SINISEN TAIVAAN SATEENKAARI,K,POW01,
JANNE TULKKI,SINISEN TAIVAAN SATEENKAARI,M,MEL21Z,
JANNE TULKKI,SINISEN TAIVAAN SATEENKAARI,C,POWER,23.09.2014
JANNE TULKKI,SISÄLTÄ KULTAA,M,MEL07,
JANNE TULKKI,TIELLÄ TURHUUDEN (ROAD TO HELL),M,COV07,
JANNE TULKKI,TOISILLEEN LUODUT,M,MEL05Z,
JANNE TULKKI,TULVII POHJANMAA,MF,FIN44A1,
JANNE TULKKI,TULVII POHJANMAA,M,MEL03,
JANNE TULKKI,TULVII POHJANMAA,C,MELPLAY,19.01.2021
JANNE TULKKI,UNTEN ERÄMAA,M,MEL22X,
JANNE TULKKI,VALKEA MAA,M,MDV06,
JANNE TULKKI,VIIMEINEN SATAMA,M,COV19,
JANNE TULKKI,YKSINÄINEN PITKÄ TIE,K,POW10,
JANNE TULKKI,YKSINÄINEN PITKÄ TIE,M,MEL16Z,
JANNIKA B,EN LUOVU SUSTA KOSKAAN,M,COV08,
JANNIKA B,HUOMENNA ON KAIKKI PAREMMIN,C,KUNINGAS,08.06.2026
JANNIKA B,HYMYTYTTÖ,C,FIAT,25.05.2026
JANNIKA B,ITSENI HERRA,M,SAT12,
JANNIKA B,KATSO MUA,M,COV13,
JANNIKA B,NIAGARA,M,SK1,
JANNIKA B,PYYNTÖ (VAIN ELÄMÄÄ KAUSI 11),C,FIAT,25.05.2026
JANNIKA B,SEURAAVAAN ELÄMÄÄN,K,LK20,
JANNIKA B,SEURAAVAAN ELÄMÄÄN,M,SAT08,
JANNIKA B,SIVA,M,SAT14,
JANNIKA B,VALOT PIMEYKSIEN REUNOILLA (VAIN ELÄMÄÄ KAUSI 11),C,FIAT,25.05.2026
JANOS VALMUNEN,BUSSIPYSÄKILLÄ,M,MEL60,
JANSA,KÖNDIS NEIU (EST),M_U,EST1,
JANSA JA REET,KUS OLED NÛÛD SA (EST),M_U,EST1,
JARE & VILLEGALLE,HÄISSÄ,M,SAT04,
JARI HELLMAN,JÄÄ MULLE MUISTOT,C,POWER,12.05.2024
JARI HUHTASALO,LAPIN ÄIDIN KEHTOLAULU,M,MEL04X,
JARI HUHTASALO,ÄIDEISTÄ PARHAIN,M,MEL04X,
JARI LAPPALAINEN,KAIKEN KAUNIIN RINNALLA,MF,FIN47B4,
JARI LAPPALAINEN,KAIKEN KAUNIIN RINNALLA,M,MEL39X,
JARI LAPPALAINEN,KAIKEN KAUNIIN RINNALLA,M,MELVALS,
JARI LAPPALAINEN,OVI AUKI ON,C_O,POY,26.02.2025
JARI SILLANPÄÄ,AURINGON LAPSET,M,MEL03,
JARI SILLANPÄÄ,AURINGONNOUSU,MF,FIN32A1,
JARI SILLANPÄÄ,AURINGONNOUSU,M,MEL44X,
JARI SILLANPÄÄ,AURINGONNOUSU,C,MAGNUM (POY),10.07.2022
JARI SILLANPÄÄ,BUM BUM BUM,M,MEL02Z,
JARI SILLANPÄÄ,EI HUOLTA,C_O,POY,27.10.2025
JARI SILLANPÄÄ,EN SE OLLA SAA,M,MEL55X,
JARI SILLANPÄÄ,EN SE OLLA SAA,M,MG19,20.03.2026
JARI SILLANPÄÄ,IKUISESTI,M,MDV65,
JARI SILLANPÄÄ,KADUILLA TUULEE,MF,FIN30A1,
JARI SILLANPÄÄ,KADUILLA TUULEE,M,MEL26X,
JARI SILLANPÄÄ,KADUILLA TUULEE,C,MAURIK,09.10.2021
JARI SILLANPÄÄ,KAUNIS IKÄVÄ,M,MEL29X,
JARI SILLANPÄÄ,KUN HÄMÄRTÄÄ,C,FINNKARAOKE,19.10.2015
JARI SILLANPÄÄ,KUULEEKO EERO,MF,FIN47A1,
JARI SILLANPÄÄ,KUULEEKO EERO,M,MEL05Z,
JARI SILLANPÄÄ,LAULUNI,MF,FIN44A6,
JARI SILLANPÄÄ,MALAGAAN,M,MDV63,
JARI SILLANPÄÄ,OLEN LUONASI AINA,M,MDV10,
JARI SILLANPÄÄ,ONNENETSIJÄ,MF,FIN47A7,
JARI SILLANPÄÄ,ONNENETSIJÄ,M,MDV17,
JARI SILLANPÄÄ,OON KUKA OON,M,MEL49Z,
JARI SILLANPÄÄ,OON KUKA OON,C_O,POY,19.10.2022
JARI SILLANPÄÄ,OOT TÄYDELLINEN,K,POW15,
JARI SILLANPÄÄ,OOT TÄYDELLINEN,M,MEL39X,
JARI SILLANPÄÄ,OOT TÄYDELLINEN,C,POWER,31.10.2016
JARI SILLANPÄÄ,PAREMMIN KUIN KUKAAN MUU,M,POW19,20.03.2026
JARI SILLANPÄÄ,PARIISI HELSINKI,MF,FIN37A4,
JARI SILLANPÄÄ,PARIISI HELSINKI,M,MEL01Z,
JARI SILLANPÄÄ,PARIISI HELSINKI,C,MAGNUM (POY),17.05.2022
JARI SILLANPÄÄ,PIDÄ MINUSTA KII,M,MEL05Z,
JARI SILLANPÄÄ,PUNAINEN TAIVAS,MF,FIN31A1,
JARI SILLANPÄÄ,RUUSUNOKSA JA KYYHKYNEN,K,POW20TANGO,
JARI SILLANPÄÄ,RUUSUNOKSA JA KYYHKYNEN,M,MDV58,
JARI SILLANPÄÄ,SATULINNA,MF,FIN22A2,
JARI SILLANPÄÄ,SATULINNA,K,POW01,
JARI SILLANPÄÄ,SATULINNA,M,MEL26X,
JARI SILLANPÄÄ,SATULINNA,C,KARAOKETÄHTI,02.07.2024
JARI SILLANPÄÄ,SHOW MUST GO ON,M,MEL07,
JARI SILLANPÄÄ,SINÄ ANSAITSET KULTAA,M,LK24,
JARI SILLANPÄÄ,SINÄ ANSAITSET KULTAA,M,MDV63,
JARI SILLANPÄÄ,TAHDOIN TAIKKA EN,C,MAGNUM (POY),17.08.2022
JARI SILLANPÄÄ,TAKES 2 TO TANGO,M,KSF1Z,
JARI SILLANPÄÄ,TANSSII KUIN JOHN TRAVOLTA,M,MDV63,
JARI SILLANPÄÄ,TUNTEMATON,M,MEL48Z,
JARI SILLANPÄÄ,TÄHDET TIETÄVÄT SEN,MF,FIN37A3,
JARI SILLANPÄÄ,TÄHDET TIETÄVÄT SEN,C,MAGNUM (POY),10.07.2022
JARI SILLANPÄÄ,VALKEAA UNELMAA,K,POW16,
JARI SILLANPÄÄ,VALKEAA UNELMAA,M,MEL01Z,
JARI SILLANPÄÄ,VIE TÄÄLTÄ POIS,M,MEL27X,
JARI SILLANPÄÄ,VIILENNEEN,M,MEL38Z,
JARKKO AHOLA,(SÄ SAAT MUT) KYYNELIIN,C_O,POY,28.07.2025
JARKKO HONKANEN,HAAVEIDEN HARHAA,M,COV16,
JARKKO HONKANEN,HETKEN KESTÄÄ ONNI KERRALLAAN,M,COV23,
JARKKO HONKANEN,JÄÄN HAAVEISIIN,M,COV17,
JARKKO HONKANEN,LAPIN TAIKA,C,FIAT,25.05.2026
JARKKO HONKANEN,LUU KOURAAN JÄÄ,M,COV07,
JARKKO HONKANEN,ONKO SYLIS VIELÄ LÄMPÖINEN,C,FIAT,25.05.2026
JARKKO HONKANEN,PÄÄLTÄ TERÄSTÄ SISÄLTÄ KULTAA,M,COV06,
JARKKO HONKANEN,SILMÄT ON SIELUN PEILI,C,FIAT,25.05.2026
JARKKO HONKANEN,SYDÄN VIESTIÄSI KAIPAILEE,M,COV22,
JARKKO HONKANEN,TAIVAAN VÄRIT (LA LLUVIA TEMINO),M,COV14,
JARKKO HONKANEN,TUU JO TUULI,C,FIAT,25.05.2026
JARKKO HONKANEN,VANHA 100 A,M,COV19,
JARKKO HONKANEN,VUODEN JOKAISEN,C,FIAT,25.05.2026
JARKKO JA LAURA,KUIN PIENI TYHMÄ,M,MEL16Z,
JARKKO JA LAURA,KÄYMME YHDESSÄ AIN,C,FINNHITS,29.07.2016
JARKKO LEHTI,TUNTURISATU,M,COV23,
JARKKO MARTIKAINEN,EI TOIVOTUT LAULUT,C,KUNINGAS,10.09.2026
JARKKO MARTIKAINEN,KAIKKI ME KUOLEMME PIAN,C,KUNINGAS,10.09.2026
JARMO TUOMI,ON VIHDOINKIN PERJANTAI,C,KAKA,02.07.2024
JARNO SARJANEN,TAKSIKUSKI,C_O,POY,02.02.2026
JASKA MÄKYNEN,ALLA ETELÄN TAIVAAN,C,KAKA,22.11.2025
JASKA MÄKYNEN,JENISEI,M,MEL43Z,
JASMINE,NIIN KAUNIS ON TAIVAS,K,POW14,
JASON DONOVAN'S,SEALED WITH A KISS,C,WARNER,25.04.2022
JAY AND THE AMERICANS,THIS MAGIC MOMENT,M,DKG16,
JEAN PIERRE KUSELA,NAURAVA KULKURI,M,MEL18Z,
JEAN SIBELIUS,FINLANDIA,C,TUOTTAJA,13.04.2024
JEFF BECK,HI HO SILVER LINING,K,XP2,
JEFF BECK,HI HO SILVER LINING,C,ZOOM,05.08.2024
JEFF WILLIAMS FT CASEY LEE WILLIAMS,HOME,C,TUOTTAJA,07.11.2024
JEFF WILLIAMS FT CASEY LEE WILLIAMS,LET'S JUST LIVE,C,TUOTTAJA,07.11.2024
JEFF WILLIAMS FT CASEY LEE WILLIAMS,WINGS,C,TUOTTAJA,07.11.2024
JEFFERSON AIRPLANE,SOMEBODY TO LOVE,C,ZOOM,15.08.2024
JEFFERSON AIRPLANE,WHITE RABBIT,C,CCKARAOKE,18.08.2024
JEFFERSON AIRPLANE,WHITE RABBIT,M,PIO020,
JEFFREY OSBORNE,ON THE WINGS OF LOVE,K,XP4,
JENNA,AAMUKUUTEEN,M,MEL49Z,
JENNA,VOITKO EDES TEESKENNELLÄ,M,MG17,20.03.2026
JENNA BÅGEBERG,SANATONTA RAKKAUTTA,M,MEL55X,
JENNA BÅGEBERG,SO WHAT,M,MEL54,
JENNA BÅGEBERG,SO WHAT,M,MG19,20.03.2026
JENNA BÅGEBERG,TATUOITU KYYNEL,M,MEL54,
JENNA DREY,RAJU RAKASTAJA,M,MEL49Z,
JENNI VARTIAINEN,DURAN DURAN,K,LK14,
JENNI VARTIAINEN,DURAN DURAN,M,SAT03,
JENNI VARTIAINEN,EDEN,C_O,POY,15.04.2023
JENNI VARTIAINEN,EDEN,M,SAT13,
JENNI VARTIAINEN,EIKÖ KUKAAN VOI MEITÄ PELASTAA,M,MEL55X,
JENNI VARTIAINEN,EIKÖ KUKAAN VOI MEITÄ PELASTAA?,K,LK14,
JENNI VARTIAINEN,EN HALUU KUOLLA TÄNÄ YÖNÄ,K,LK14,
JENNI VARTIAINEN,EN HALUU KUOLLA TÄNÄ YÖNÄ,M,MEL53PRO,
JENNI VARTIAINEN,IHMISTEN EDESSÄ,K,LK10,
JENNI VARTIAINEN,IHMISTEN EDESSÄ,M,MEL49Z,
JENNI VARTIAINEN,IHMISTEN EDESSÄ,C,POWER,05.10.2021
JENNI VARTIAINEN,IHMISTEN EDESSÄ,M,POW29,
JENNI VARTIAINEN,JUNAT JA NAISET,K,LK21,
JENNI VARTIAINEN,JUNAT JA NAISET,M,SAT09,
JENNI VARTIAINEN,KEINU (VAIN ELÄMÄÄ KAUSI 7),C,FIAT,23.08.2026
JENNI VARTIAINEN,KERRO MILTÄ SE TUNTUU,M,MEL47Z,
JENNI VARTIAINEN,LABYRINTTI,C,FIAT,01.09.2026
JENNI VARTIAINEN,LANKA,C,FIAT,25.05.2026
JENNI VARTIAINEN,MADE IN HEAVEN,C_O,POY,26.08.2025
JENNI VARTIAINEN,MALJA,C_O,POY,28.05.2026
JENNI VARTIAINEN,MINÄ JA HÄN,K,LK16,
JENNI VARTIAINEN,MINÄ JA HÄN,M,MEL54,
JENNI VARTIAINEN,MINÄ SINUA VAAN,M,LK24,
JENNI VARTIAINEN,MINÄ SINUA VAAN,M,SAT12,
JENNI VARTIAINEN,MISSÄ MURUSENI ON,M,KPP31,
JENNI VARTIAINEN,MISSÄ MURUSENI ON,M,MEL53PRO,
JENNI VARTIAINEN,MUISTAN KIRKKAUDEN,M,MDV63,
JENNI VARTIAINEN,MUSTAA KAHVIA,K,LK10,
JENNI VARTIAINEN,MUSTAA KAHVIA,M,POW29,
JENNI VARTIAINEN,NETTIIN,K,LK14,
JENNI VARTIAINEN,NETTIIN,M,SAT11,
JENNI VARTIAINEN,PÄIVÄT ON TÄÄLLÄ HITAITA,M,MEL60,
JENNI VARTIAINEN,SELVÄSTI PÄIHTYNYT,M,MEL60,
JENNI VARTIAINEN,SIVULLINEN,M,SAT10,
JENNI VARTIAINEN,SURU ON KUNNIAVIERAS,M,SAT11,
JENNI VARTIAINEN,SUSTA ENKELIT PITÄVÄT HUOLTA 2.0,M,SAT17,
JENNI VARTIAINEN,TOINEN,K,LK10,
JENNI VARTIAINEN,TUNNOTON,K,LK10,
JENNI VARTIAINEN,TURVASANA,C,FIAT,22.08.2026
JENNI VARTIAINEN,TYTTÖVUODET,C,FIAT,22.08.2026
JENNI VARTIAINEN,VÄÄRÄÄN SUUNTAAN,M,SK4,
JENNIFER LOPEZ,HOLD YOU DOWN,K,XP2,
JENNIFER LOPEZ,MY LOVE DON'T COST A THING,K,XP3,
JENNIFER RUSH,THE POWER OF LOVE,K,XP1,
JENNIFER WARNES,UP WHERE WE BELONG,K,XP4,
JERRY KELLER,HERE COMES SUMMER,K,XP2,
JERRY LEE LEWIS,GREAT BALLS OF FIRE,K,XP1,
JERRY LEE LEWIS,GREAT BALLS OF FIRE,C,ZOOM,25.04.2022
JERRY LEE LEWIS,GREAT BALLS OF FIRE,M,PIO1A3,
JERRY LEE LEWIS,HIGH SCHOOL CONFIDENTIAL,K,XP2,
JERSEY BOYS,SHERRY (THE STORY OF THE FOUR SEASONS),M,DKG16,
JESSE KAIKURANTA,HÄN EI ENÄÄN MIETTINYT MEITÄ,M,SAT09,
JESSE KAIKURANTA,JÄRJETÖN RAKKAUS,K,LK19,
JESSE KAIKURANTA,JÄRJETÖN RAKKAUS,M,MDV58,
JESSE KAIKURANTA,NÄYTÄN SULLE RANNAN,K,LK21,
JESSE KAIKURANTA,NÄYTÄN SULLE RANNAN,M,SAT08,
JESSE KAIKURANTA,SININEN SOINTU,K,LK20,
JESSE KAIKURANTA,VIE MUT KOTIIN,K,LK18,
JESSE KAIKURANTA,VIE MUT KOTIIN,M,MDV57,
JESSE KAIKURANTA,VIELÄ TÄÄLLÄ,M,MEL60,
JESSICA RIDDLE,EVEN ANGELS FALL,K,XP4,
JESSICA SIMPSON,A PUBLIC AFFAIR,K,XP3,
JETHRO TULL,AQUALUNG,C,PARTYTYME,31.03.2024
JETHRO TULL,CROSS EYED MARY,C,KARAOKEIT,03.08.2024
JETHRO TULL,LIVING IN THE PAST,C,ZOOM,08.08.2024
JETHRO TULL,LOCOMOTIVE BREATH,C,LETSSING,31.03.2024
JETHRO TULL,THICK AS A BRICK,C,CHANNEL,16.08.2024
JIG-SAW,UJO POIKA,C_O,POY,03.05.2026
JILL JOHNSSON,CRAZY IN LOVE,M,FF,
JILL JOHNSSON,KÄRLEKEN ÄR (SWE),M_U,SWE,
JIM CROCE,TIME IN A BOTLE,M,PIO018,
JIM REEVES,HE'LL HAVE TO GO,K,XP1,
JIM REEVES,WELCOME TO MY WORLD,K,XP4,
JIMI HENDRIX,ALL ALONG THE WATCHTOWER,C,CCKARAOKE,01.08.2024
JIMI HENDRIX,HEY JOE,C,LEGENDSSERIES,13.12.2019
JIMI HENDRIX,PURPLE HAZE,C,CCKARAOKE,13.08.2024
JIMMY CLANTON,VENUS IN BLUE JEANS,M,PIO13B12,
JIMMY CLIFF,GAMES PEOPLE PLAY,K,XP2,
JIMMY CLIFF,REGGAE NIGHT,K,XP2,
JIMMY CLIFF,WILD WORLD,K,XP2,
JIMMY NAIL,CROCODILE SHOES,K,XP2,
JIMMY ROGERS,ENGLISH COUNTRY GARDEN,K,XP2,
JIPPU,ENKELTEN KAUPUNKI,K,LK09,
JIPPU,ENKELTEN KAUPUNKI,M,MEL47Z,
JIPPU,EVA,K,LK19,
JIPPU,EVA,M,SAT07,
JIPPU,KAKSI KAUNEINTA,M,MDV59,
JIPPU,KUKKAKAUPAN KULMALLA,M,SATC02,
JIPPU,TUONELAN KOIVUT,M,MEL50X,
JIPPU,VANHA KAUNIS MIES,K,LK10,
JIPPU,VÄÄRINPÄIN LENTÄVÄT LINNUT,M,MDV57,
JIPPU & SAMULI EDELMANN,JOS SÄ TAHDOT NIIN,K,LK14,
JIPPU & SAMULI EDELMANN,JOS SÄ TAHDOT NIIN,C,FIAT,01.03.2026
JIPPU & SAMULI EDELMANN,PIMEÄ ONNI,M,KPP31,
JIPPU & SAMULI EDELMANN,PIMEÄ ONNI,M,MEL54,
JIZZO,SUN SILMISSÄ MÄ NÄÄN,M,MEL02Z,
JO-JO,LEAVE GET OUT,K,XP2,
JO-JO,NOT THAT KIND OF GIRL,K,XP2,
JOAN JETT & THE BLACKHEARTS,BAD REPUTATION,C,ZOOM,02.08.2024
JOAN JETT & THE BLACKHEARTS,DO YOU WANNA TOUCH ME (OH YEAH),C,KARAFUN,03.08.2024
JOAN JETT & THE BLACKHEARTS,DO YOU WANNA TOUCH ME (OH YEAH),M,MP&R3,
JOAN JETT & THE BLACKHEARTS,FAKE FRIENDS,C,PARTYTYME,24.08.2024
JOAN JETT & THE BLACKHEARTS,I HATE MYSELF FOR LOVING YOU,C,LETSSING,05.08.2024
JOAN JETT & THE BLACKHEARTS,I LOVE ROCK'N ROLL,M,HR1,
JOAN JETT & THE BLACKHEARTS,I LOVE ROCK'N ROLL,K,XP1,
JOAN JETT & THE BLACKHEARTS,I LOVE ROCK'N ROLL,C,CHANNEL,11.12.2020
JOAN JETT & THE BLACKHEARTS,LIGHT OF DAY,C,SOUNDCHOICE,08.08.2024
JOAN OSBORNE,ONE OF US,C,GONZAGA RC,30.11.2025
JOCELYN BROWN,SOMEBODY ELSE'S GUY,K,XP3,
JOE COCKER,SUMMER IN THE CITY,M,MP&R2,
JOE COCKER,UNCHAIN MY HEART,K,XP1,
JOEL HALLIKAINEN,ANNA AJAN ARMAHTAA,MF,FIN32A3,
JOEL HALLIKAINEN,ANNA VIERELLESI TULLA,MF,FIN7A1,
JOEL HALLIKAINEN,ANTAA MENNEIDEN MENNÄ,MF,FIN23B1,
JOEL HALLIKAINEN,ANTAA SURUN MENNÄ,MF,FIN9A2,
JOEL HALLIKAINEN,HALIPULA,MF,FIN12A3,
JOEL HALLIKAINEN,HYVÄSTI VOI SANOA VAIN KERRAN,MF,FIN35A8,
JOEL HALLIKAINEN,KUIN OLLUT OISIT SIINÄ AINA,MF,FIN20A6,
JOEL HALLIKAINEN,KUURANKUKKA,MF,FIN45A13,
JOEL HALLIKAINEN,KUURANKUKKA,MF,FIN6A2,
JOEL HALLIKAINEN,KUURANKUKKA,K,POW04,
JOEL HALLIKAINEN,KUURANKUKKA,M,MEL34Z,
JOEL HALLIKAINEN,KUURANKUKKA,C,POWER,07.08.2020
JOEL HALLIKAINEN,LÄHTEVIEN LAIVOJEN SATAMA,K,POW03,
JOEL HALLIKAINEN,LÄHTEVIEN LAIVOJEN SATAMA,C,MAURIK,09.10.2021
JOEL HALLIKAINEN,ONNENSIRPALE,MF,FIN31A6,
JOEL HALLIKAINEN,SININEN ON KESÄYÖ,MF,FIN7A6,
JOEL HALLIKAINEN,SURUN PISAROITA,MF,FIN8A3,
JOEL STEINFELDT,AEG KAOB JA KAOB (EST),M_U,EST4,
JOHANNA,KUKA KUIVAA KYYNELEET,MF,FIN34B3,
JOHANNA DEBRECZENI,EN KUOLE KYYNELIIN,K,MG06,
JOHANNA DEBRECZENI,PAREMPAA,M,MEL33X,
JOHANNA KURKELA,AINUTLAATUINEN,M,MDV57,
JOHANNA KURKELA,EHKÄ ENSI ELÄMÄSSÄ,C,KAPSU2002,25.09.2022
JOHANNA KURKELA,EHKÄ ENSI ELÄMÄSSÄ,M,SAT01,
JOHANNA KURKELA,HETKI HILJAA,M,MEL44X,
JOHANNA KURKELA,KAIKKI ASKELEET,M,MDV59,
JOHANNA KURKELA,KULTA PIENI,M,MDV61,
JOHANNA KURKELA,KUOLEVAINEN,M,LK25,
JOHANNA KURKELA,KUOLEVAINEN,M,MDV64,
JOHANNA KURKELA,MARMORITAIVAS,K,LK10,
JOHANNA KURKELA,MUITA ENEMMÄN,M,MDV64,
JOHANNA KURKELA,OLET UNENI KAUNEIN,M,MDV59,
JOHANNA KURKELA,OOTHAN TÄSSÄ VIELÄ HUOMENNA,M,MDV58,
JOHANNA KURKELA,RAKKAUSLAULU,K,LK14,
JOHANNA KURKELA,RAKKAUSLAULU,M,MEL53PRO,
JOHANNA KURKELA,SUN SÄRKYÄ ANNA MÄ EN,K,LK10,
JOHANNA KURKELA,SUN SÄRKYÄ ANNA MÄ EN,M,MEL44X,
JOHANNA KURKELA,SUN SÄRKYÄ ANNA MÄ EN,C,RV@EV CHANNEL,05.03.2020
JOHANNA PAKONEN,ANNA YKSI YÖ,K,LK02,
JOHANNA PAKONEN,ANNA YKSI YÖ,M,MEL27X,
JOHANNA PAKONEN,JÄLKEEN KAIKEN SUUREN,M,MEL51Z,
JOHANNA PAKONEN,KULTAREUNAT,C,MAGNUM (POY),17.07.2022
JOHANNA PAKONEN,LIIAN MONTA YÖTÄ,K,MG06,
JOHANNA PAKONEN,NIIN KIIRE RAKKAUTEEN,M,MEL33X,
JOHANNA PAKONEN,SIELUNPUOLIKAS,K,POW12,
JOHANNA PAKONEN,TUMMIN KYYNELIN,M,SK1,
JOHANNA PAKONEN,YÖT ILLAT ELOKUUN,C_O,POY,02.08.2025
JOHANNA PAKONEN,ÄLÄ PUHU RAKKAUDESTA,M,MEL45Z,
JOHANNA SIEKKINEN,KAIHOMIELI JA SURUSILMÄ,M,MEL43Z,
JOHANNA SIEKKINEN,NELIAPILA,M,MEL07,
JOHANNA SIEKKINEN,NELIAPILA,M,SASO12,
JOHANNA SIEKKINEN,UNELMA,M,MEL43Z,
JOHN CAFFERTY,ON THE DARK SIDE,C,SINGALONG,10.08.2024
JOHN DENVER,ANNIE'S SONG,K,XP3,
JOHN DENVER,ANNIE'S SONG,C,CLOUD,01.09.2014
JOHN DENVER,TAKE ME HOME COUNTRY ROADS,K,XP4,
JOHN DENVER,TAKE ME HOME COUNTRY ROADS,C,KTV,03.04.2018
JOHN FARNHAM,YOU'RE THE VOICE,C,REEKIES,04.11.2024
JOHN HOLT,HELP ME MAKE IT THROUGH THE NIGHT,K,XP4,
JOHN LEE HOOKER,BOOM BOOM,C,CHANNEL,31.03.2024
JOHN LEGEND,ALL OF ME,C,GRIT,18.07.2024
JOHN LEGEND,ALL OF ME (REGGAE COVERS),C,KARAFUN,18.07.2024
JOHN LENNON,HAPPY XMAS (WAR IS OVER),C,SINGKING,25.04.2022
JOHN LENNON,IMAGINE,K,XP4,
JOHN LENNON,IMAGINE,C,CHANNEL,21.11.2020
JOHN LENNON,IMAGINE,M,MP&R1,
JOHN LENNON,STAND BY ME,C,SINGROELSANGRON,05.08.2023
JOHN LENNON,STARTING ALL OVER,K,XP4,
JOHN LENNON,WOMAN,C,RLUCRA,06.12.2019
JOHN LEYTON,WILD WIND,K,XP2,
JOHN LOUDERMILK,THE LANGUAGE OF LOVE,K,XP2,
JOHN MAYER,CALL ME THE BREEZE,C,PARTYTYME,15.03.2025
JOHN MELLENCAMP,I SAW MOMMY KISSING SANTA CLAUS,C,CHANNEL,25.04.2022
JOHN MICHAEL MONTGOMERY,I SWEAR,K,XP1,
JOHN PAUL YOUNG,LOVE IS IN THE AIR,K,XP1,
JOHN TRAVOLTA & OLIVIA NEWTON JOHN,SUMER NIGHTS,M,PT2,
JOHNNIE RAY,JUST WALKING IN THE RAIN,K,XP2,
JOHNNIE RAY,JUST WALKING IN THE RAIN,M,PIO018,
JOHNNY,AMARILLO,K,LK05,
JOHNNY,EI SE KESÄÄ TEE,M,MEL01Z,
JOHNNY,HYMYHUULET,MF,FIN40B13,
JOHNNY,HYMYHUULET,MF,FIN5A8,
JOHNNY,HYMYHUULET,K,POW02,
JOHNNY,HYMYHUULET,M,MEL49Z,
JOHNNY,HYMYHUULET,C,POWER,03.12.2025
JOHNNY,HYMYILLEN,M,MEL27X,
JOHNNY,HYVIN MENEE KUITENKIN,MF,FIN35B3,
JOHNNY,HYVIN MENEE KUITENKIN,K,LK05,
JOHNNY,IHANA AAMU,MF,FIN13B1,
JOHNNY,IHANA AAMU,K,LK05,
JOHNNY,IHANA AAMU,M,MEL41Z,
JOHNNY,ILTAPÄIVÄÄ,MF,FIN41A9,
JOHNNY,OLET KAIKKI,MF,FIN30B2,
JOHNNY,PIKKU BELINDA,MF,FIN42B5,
JOHNNY,PIKKU BELINDA,M,MEL03,
JOHNNY,RAKASTUIN SINUUN LIIAN HELPOSTI,MF,FIN19A4,
JOHNNY,REHTORIN LUISEVA SALLI,MF,FIN10B3,
JOHNNY,REHTORIN LUISEVA SALLI,M,M60'S,
JOHNNY,SANOIT LIIAN PALJON,MF,FIN43B2,
JOHNNY,TAKAISIN LUONTOON,K,LK05,
JOHNNY,TOSIYSTÄVÄ,C_O,POY,26.01.2025
JOHNNY,TUNTI VAIN,MF,FIN29A3,
JOHNNY,TUTTI FRUTTI,MF,FIN24A6,
JOHNNY,TUTTI FRUTTI,M,M60'S,
JOHNNY & THE DODGERS,VIITOSTIE,C_O,POY,15.01.2026
JOHNNY CASH,A BOY NAMED SUE,K,XP4,
JOHNNY CASH,COCAINE BLUES,K,XP3,
JOHNNY CASH,FOLSOM PRISON BLUES,K,XP3,
JOHNNY CASH,FOLSOM PRISON BLUES,C,CCKARAOKE,18.01.2021
JOHNNY CASH,GHOST RIDERS IN THE SKY,C,KARAFUN,14.09.2024
JOHNNY CASH,HURT,C,SINGKING,28.03.2018
JOHNNY CASH,I WALK THE LINE,C,KARAFUN,14.09.2024
JOHNNY CASH,ONE,C,ZOOM,06.11.2023
JOHNNY CASH,RING OF FIRE,K,XP2,
JOHNNY CASH,RING OF FIRE,C,SINGKING,14.09.2024
JOHNNY CASH,SOLITARY MAN,C,VOCALSTAR,14.09.2024
JOHNNY CASH,SUNDAY MORNING COMING DOWN,C,KARAFUN,14.09.2024
JOHNNY CASH,THE GENERAL LEE,C,ZOOM,04.11.2025
JOHNNY DUNCAN,LAST TRAIN TO SAN FERNANDO,K,XP2,
JOHNNY KIDD & THE PIRATES,SHAKIN' ALL OVER,C,ZOOM,25.04.2022
JOHNNY LEE,LOOKIN' FOR LOVE,M,PIO1B11,
JOHNNY LOGAN,WHAT'S ANOTHER YEAR,C,EK,07.10.2021
JOHNNY MATHIS,TOO MUCH TOO LITTLE TOO LATE,K,XP4,
JOHNNY NASH,I CAN SEE CLEARLY NOW,K,XP1,
JOHNNY RIVERS,SECRET AGENT MAN,C,KARAFUN,14.08.2024
JOHNNY TILLOTSON,POETRY IN MOTION,K,XP3,
JOHNNY TILLOTSON,POETRY IN MOTION,C,KARAFUN,25.04.2022
JOHNY CASH,MAN IN BLACK,C,ZOOM,31.03.2024
JON BON JOVI,BLAZE OF GLORY,C,KARAFUN,05.01.2026
JONNA,TYYTYVÄINEN,M,SAT01,
JONNA KANTOLA,SYYSSIIDERI,M,MDV17,
JONNA LYYTINEN,HIEKKAA,MF,FIN20B6,
JONNA TERVOMAA,AIKA KULTAINEN,M,SAT12,
JONNA TERVOMAA,ET TAHDO TIETÄÄ,K,LK03,
JONNA TERVOMAA,ET TAHDO TIETÄÄ,M,MEL30X,
JONNA TERVOMAA,KESKENERÄINEN,C,FIAT,01.09.2026
JONNA TERVOMAA,MINÄ TOIVON,K,LK21,
JONNA TERVOMAA,MINÄ TOIVON,M,SAT09,
JONNA TERVOMAA,MYÖHEMMIN,K,LK03,
JONNA TERVOMAA,MYÖHEMMIN,M,MEL33X,
JONNA TERVOMAA,RAKKAUDEN HAUDALLA,K,POW13SR3,
JONNA TERVOMAA,RAKKAUDEN HAUDALLA,C,FINNISH,30.07.2016
JONNA TERVOMAA,SE EI KUULU MULLE,K,LK04,
JONNA TERVOMAA,SULJETTU SYDÄN,K,POW05SR1,
JONNA TERVOMAA,TIKAPUUT,M,SAT10,
JONNA TERVOMAA,YHTÄ EN SAA,K,POW09SR2,
JONNE AARON,IHANAA ELÄMÄÄ,M,SAT09,
JONNE AARON,KIROSANOJA,M,MDV64,
JONNE AARON,KULKURISYDÄN,M,MEL60,
JONNE AARON,KYLMÄ ILMAN SUA (VAIN ELÄMÄÄ KAUSI 1),K,LK20,
JONNE AARON,OLETTAMUKSIA,C,FIAT,01.09.2026
JONNE AARON,OTA MUT,M,MDV63,
JONNE AARON,OTA SYLIIN JA SUUTELE MUA,M,COV13,
JONNE AARON,SININEN LINTU,M,MDV61,
JONNE AARON,SYDÄMEN ÄÄNET,M,COV23,
JONNE AARON,SYYTÖN (VAN ELÄMÄÄ KAUSI 1),K,LK21,
JONNE AARON,TAIVAS ITKEE HILJAA,K,LK20,
JONNE AARON,YKSIN,M,SAT14,
JONNIE RAY,SOMEBODY STOLE MY GAL,K,XP2,
JOPE RUONANSUU,EI VENÄJÄLLÄ SELIVIÄ KÄNNISTÄ,M,SAT01,
JOPE RUONANSUU,ENKELEITÄ TOISILLEMME,M,COV17,
JOPE RUONANSUU,ENKELEITÄ TOISILLEMME,K,LK17,
JOPE RUONANSUU,ENKELEITÄ TOISILLEMME,M,MDV09,
JOPE RUONANSUU,ENKELEITÄ TOISILLEMME,C,MELPLAY,12.11.2020
JOPE RUONANSUU,HALUATKO OSTAA VOKAALIN,M,POW30,
JOPE RUONANSUU,ISÄ,M,MEL48Z,
JOPE RUONANSUU,KALJALAULU,M,SAT01,
JOPE RUONANSUU,KAUKO,C_O,POY,11.11.2023
JOPE RUONANSUU,KERRAN JOS TOISENKIN,M,MEL67,
JOPE RUONANSUU,KUKA KEKSI KARPPAUKSEN,C,3700,15.11.2025
JOPE RUONANSUU,MATTI JA TEPPO,M,POW30,
JOPE RUONANSUU,OMENAN KOKOINEN DIAPAM,C_O,POY,12.08.2024
JOPE RUONANSUU,PAKOLLINEN JOULU,M,MJK1,
JOPE RUONANSUU,PIENI HIACE,K,POW11,
JOPE RUONANSUU,PONUTEHTAAN JENKKA,C_O,POY,26.03.2023
JOPE RUONANSUU,STRESSMAN,M,MEL27X,
JOPE RUONANSUU,TONTTU JA ENKELI,C,FIAT,02.12.2025
JORDIN SPARKS,TATTOO,K,XP4,
JORE MARJARANTA,HAAVEET KAATUU,K,POW12,
JORE MARJARANTA,HUOMAAN VAIN SINUT,M,SAT15,
JORE MARJARANTA,IKÄVÄ,M,MEL36Z,
JORE MARJARANTA,MAAILMA JATKAA KULKUAAN,M,MEL21Z,
JORE MARJARANTA,MIES,M,MEL45Z,
JORE MARJARANTA,MITEN PELKO LÄHTEE,K,POW10,
JORE MARJARANTA,RAKKAUS KUULETHAN MUA,M,MDV65,
JORE MARJARANTA,TIEDÄN RAKKAUS ELÄÄ,K,POW13SR3,
JORE SILTALA,KELLO KÄY,C,FIAT,03.09.2026
JORMA KÄÄRIÄINEN,MOODY RIVER,M,MEL07,
JORMA KÄÄRIÄINEN,ONNENLANTTI,K,LK05,
JORMA KÄÄRIÄINEN,SAMMUNUT NUOTIO,M,MDV65,
JORMA KÄÄRIÄINEN,SUURI YKSINÄINEN,M,MDV65,
JORMA KÄÄRIÄINEN,VASTUU,M,MDV68,
JORMA KÄÄRIÄINEN & AGENTS,EMIGRANTIN LAULU,C_O,POY,17.12.2025
JORMA KÄÄRIÄINEN & AGENTS,ILTA,M,MEL40X,
JORMA KÄÄRIÄINEN & AGENTS,JOKERI,C_O,POY,28.05.2026
JORMA KÄÄRIÄINEN & AGENTS,KAUPUNGIN ILLASSA YKSIN,C_O,POY,25.08.2024
JORMA KÄÄRIÄINEN & AGENTS,MUN SORMUKSEIN,K,POW12,
JORMA KÄÄRIÄINEN & AGENTS,OLEN SYYTÖN,C_O,POY,09.09.2022
JORMA KÄÄRIÄINEN & AGENTS,PÄIVIN ÖIN,M,MEL49Z,
JORMA KÄÄRIÄINEN & AGENTS,UHKAPELURI,M,MEL42Z,
JORMA KÄÄRIÄINEN & AGENTS,UHKAPELURI,C_O,POY,19.12.2022
JORMA KÄÄRIÄINEN & AGENTS,UNOHTUMATON ILTA,C,FINNISH,13.03.2022
JORMA KÄÄRIÄINEN & AGENTS,UUTEEN KESÄÄN NIIN PALJON ON AIKAA,M,MEL42Z,
JORMA KÄÄRIÄINEN & JUSSI & THE BOYS,TAKAA AJATUSTEN VIRRAN,M,MEL42Z,
JORMA KÄÄRIÄINEN & JUSSI & THE BOYS,TAKAA AJATUSTEN VIRRAN,C_O,POY,17.10.2024
JORMA LINTALA,EREHDYS,C,KAKA,02.07.2024
JORMA LYYTINEN,KUUTAMOTANGO,M,MEL01Z,
JORMA LYYTINEN,TULIVUORI,M,MEL22X,
JORMAS,ALUSTA MÄ KAIKEN ALKAISIN,M,MEL07,
JORMAS,SAAT MIEHEN KYYNELIIN,MF,FIN25A3,
JOSÉN PIMEÄ PUOLI,MARTY MCFLY,C_O,POY,18.03.2025
JOSH TURNER,YOUR MAN,C,SINGKING,10.06.2026
JOSS STONE,DON'T CHA WANNA RIDE,K,XP2,
JOSS STONE,YOU HAD ME,K,XP2,
JOUKO JA KOSTI,ILLASTA AAMUUN,MF,FIN44B3,
JOUKO JA KOSTI,KUN HÄN ON MENNYT,M,MEL01Z,
JOUKO JA KOSTI,MUISTO VAIN JÄÄ,MF,FIN10A7,
JOUKO JA KOSTI,MUISTO VAIN JÄÄ,M,MEL26X,
JOUKO JA KOSTI,MUISTO VAIN JÄÄ,C,RV@EV CHANNEL,29.08.2020
JOUKO JA KOSTI,SISÄINEN KAUNEUS,C_O,POY,06.03.2025
JOUKO MÄKI-LOHILUOMA,TRANSITMIES,M,POW30,
JOUNI APAJAINEN,ERI VUOROON,C_O,POY,05.01.2025
JOUNI APAJAINEN,SUVI SULOINEN,C_O,POY,19.01.2025
JOURNEY,ANY WAY YOU WANT IT,C,CCKARAOKE,01.08.2024
JOURNEY,ASK THE LONELY,C,VERSION,01.08.2024
JOURNEY,BE GOOD TO YOURSELF,C,LEGENSSERIES,02.08.2024
JOURNEY,DON'T STOP BELIEVIN',C,SINGKING,03.08.2024
JOURNEY,FAITHFULLY,C,SINGKING,04.08.2024
JOURNEY,LIGHTS,C,KARAFUN,08.08.2024
JOURNEY,LOVIN' TOUCHIN' SQUEEZIN',C,LETSSING,09.08.2024
JOURNEY,OPEN ARMS,C,PINOY,10.08.2024
JOURNEY,SEND HER MY LOVE,C,KARAFUN,14.08.2024
JOURNEY,SEPARATE WAYS (WORLDS APART),C,KARAFUN,14.08.2024
JOURNEY,STILL THEY RIDE,C,KARAFUN,15.08.2024
JOURNEY,STONE IN LOVE,C,KARAFUN,15.08.2024
JOURNEY,WHEEL IN THE SKY,C,HD,18.08.2024
JOURNEY,WHO'S CRYING NOW,C,KARAFUN,18.08.2024
JOY DIVISION,LOVE WILL TEAR US APART,C,ZOOM,09.08.2024
JP HARRIS,WHEN I QUIT DRINKING,C_O_U,POY,11.06.2026
JUANES,A DIOS LE PIDO  (SPA),C_U,SPA,30.05.2026
JUANES,LA CAMISA NEGRA (SPA),C_U,SPA,07.01.2023
JUANES,LA CAMISA NEGRA (SPA),M_U,SPA,
JUBËL,ON THE BEACH (REMIX),C,KARAFUN (POY),01.08.2022
JUDAS PRIEST,BREAKING THE LAW,K,XP3,
JUDAS PRIEST,BREAKING THE LAW,C,KARAFUN,14.12.2016
JUDAS PRIEST,DIAMONDS AND RUST,C,PARTYTYME,05.01.2026
JUDAS PRIEST,ELECTRIC EYE,C,CCKARAOKE,25.12.2020
JUDAS PRIEST,HEADING OUT TO THE HIGHWAY,C,LYRICEDITOR,05.08.2024
JUDAS PRIEST,HELL BENT FOR LEATHER,C,CCKARAOKE,05.08.2024
JUDAS PRIEST,JOHNNY B GOODE,C,SOUNDCHOICE,08.08.2024
JUDAS PRIEST,LIVING AFTER MIDNIGHT,C,KARAFUN,25.12.2020
JUDAS PRIEST,LIVING AFTER MIDNIGHT (LIVE),C,CCKARAOKE,08.08.2024
JUDAS PRIEST,REVOLUTION,C,ROCK,13.08.2024
JUDAS PRIEST,SCREAMING FOR VENGEANCE,C,CCKARAOKE,14.08.2024
JUDAS PRIEST,THE GREEN MANALISHI WITH THE TWO PRONGED CROWN,C,ZOOM,16.08.2024
JUDAS PRIEST,TURBO LOVER,C,SOUNDCHOICE,23.07.2022
JUDAS PRIEST,YOU'VE GOT ANOTHER THING COMING,K,XP3,
JUDAS PRIEST,YOU'VE GOT ANOTHER THING COMIN',C,CHANNEL,02.07.2024
JUHA EIRTO,BESAME MUCHO,M,MDV14,
JUHA EIRTO,KOIVU JA SYDÄN,MF,FIN36,
JUHA EIRTO,TIIKERIHAI,MF,FIN2B4,
JUHA EIRTO,TIIKERIHAI,MF,FIN46A3,
JUHA HILDEN,KAUKAINEN MAA,C,TATSIA,12.05.2024
JUHA HILDEN,YÖN KYLMÄT KYYNELEET,K,POW08,
JUHA METSÄPERÄ,HENGITÄ IHOLLANI,M,MEL55X,
JUHA METSÄPERÄ,HENGITÄ IHOLLANI,M,MG19,20.03.2026
JUHA METSÄPERÄ,OLEN LÄHELLÄSI,M,MEL51Z,
JUHA METSÄPERÄ,OLEN LÄHELLÄSI,M,MG17,20.03.2026
JUHA METSÄPERÄ,OPITKO RAKASTAMAAN,M,MEL45Z,
JUHA METSÄPERÄ,PIENEN HETKEN,M,MEL40X,
JUHA METSÄPERÄ,ÄITI,M,MDV57,
JUHA METSÄPERÄ,ÄITI,M,MG19,20.03.2026
JUHA TAPIO,AITO RAKKAUS,M,LK23,
JUHA TAPIO,AITO RAKKAUS,M,SAT12,
JUHA TAPIO,ANNA POIS ITKUISTA PUOLET,K,LK09,
JUHA TAPIO,ANNA POIS ITKUISTA PUOLET,M,MEL44X,
JUHA TAPIO,COPACABANA JA IPANEMA,M,LK24,
JUHA TAPIO,COPACABANA JA IPANEMA,M,MDV63,
JUHA TAPIO,COPACABANA JA IPANEMA,C,RV@EV CHANNEL,29.08.2020
JUHA TAPIO,ELÄKÖÖN,M,LK25,
JUHA TAPIO,ELÄKÖÖN,M,SAT17,
JUHA TAPIO,EN MITÄÄN EN KETÄÄN,K,LK16,
JUHA TAPIO,EN MITÄÄN EN KETÄÄN,M,KPP40,
JUHA TAPIO,IHME,K,LK06,
JUHA TAPIO,JOHN,C_O,POY,21.07.2025
JUHA TAPIO,JOSSAIN TÄÄLLÄ,K,LK19,
JUHA TAPIO,JOSSAIN TÄÄLLÄ,M,SAT07,
JUHA TAPIO,JOTAIN NIIN OIKEAA,C_O,POY,01.07.2024
JUHA TAPIO,JOTAIN NIIN OIKEAA,M,SAT18,
JUHA TAPIO,JOULUYÖ JUHLAYÖ,C,TUOTTAJA,02.12.2025
JUHA TAPIO,KAKSI PUUTA,M,LK23,
JUHA TAPIO,KAKSI PUUTA,M,MEL48Z,
JUHA TAPIO,KAKSI PUUTA,C,KARAOKETÄHTI,02.07.2024
JUHA TAPIO,KAUNIS IHMINEN,K,LK19,
JUHA TAPIO,KELPAAT KELLE VAAN,K,LK09,
JUHA TAPIO,KELPAAT KELLE VAAN,M,MEL48Z,
JUHA TAPIO,KERRAN SITÄ OLLAAN NUORII,M,COV22,
JUHA TAPIO,KOSKA SINÄ,C,KUNINGAS,08.05.2026
JUHA TAPIO,KUKA NÄKEE SUT,M,MDV69,
JUHA TAPIO,KULTAHIPPU,M,MEL51Z,
JUHA TAPIO,KUN VIELÄ EHTII,M,COV13,
JUHA TAPIO,MEILLÄ ON AIKAA,M,COV07,
JUHA TAPIO,MEILLÄ ON AIKAA,M,LK23,
JUHA TAPIO,MEILLÄ ON AIKAA,M,SAT13,
JUHA TAPIO,MINÄ OLEN SINÄ OLET,M,MG17,20.03.2026
JUHA TAPIO,MINÄ OLEN SINÄ OLET,C,MAGNUM (POY),10.07.2022
JUHA TAPIO,MINÄ OLEN SINÄ OLET,M,SAT01,
JUHA TAPIO,MITÄ SILMÄT EI NÄÄ,K,POW13SR3,
JUHA TAPIO,MITÄ SILMÄT EI NÄÄ,C,POWER,19.10.2015
JUHA TAPIO,MULLA ON IKÄVÄ SUA,M,MEL55X,
JUHA TAPIO,NIIN KUIN SINÄKIN,K,LK20,
JUHA TAPIO,NIIN KUIN SINÄKIN,M,MEL55X,
JUHA TAPIO,OHIKIITÄVÄÄ,K,LK05,
JUHA TAPIO,OHIKIITÄVÄÄ,M,LK23,
JUHA TAPIO,OHIKIITÄVÄÄ,M,MEL37Z,
JUHA TAPIO,PAREMMAT PÄIVÄT,M,SAT10,
JUHA TAPIO,PERHOSEFEKTI,C_O,POY,08.12.2025
JUHA TAPIO,PLANEETAT ENKELIT JA KUU,M,MDV63,
JUHA TAPIO,PÄIVÄNI ILMAN SINUA,C,RV@EV CHANNEL,05.03.2020
JUHA TAPIO,RAIKAS TUULI,M,MEL51Z,
JUHA TAPIO,RAKASTAN NIIN KAUAN KUIN MÄ VOIN,K,LK17,
JUHA TAPIO,RAKASTETTU,M,MDV68,
JUHA TAPIO,RATAPIHA,C,FIAT,23.08.2026
JUHA TAPIO,SINUN VUOROSI LOISTAA,M,LK25,
JUHA TAPIO,SINUN VUOROSI LOISTAA,M,MDV64,
JUHA TAPIO,SITKEÄ SYDÄN,K,LK17,
JUHA TAPIO,SITKEÄ SYDÄN,M,SAT05,
JUHA TAPIO,SYDÄN JOTA RAKASTAN,M,SK4,
JUHA TAPIO,TOISET KAATUU ME EI MILLOINKAAN,M,MEL50X,
JUHA TAPIO,TSNEH (TYKKÄÄN SUSTA NIIN ETTÄ HALKEEN),K,LK21,
JUHA TAPIO,TSNEH (TYKKÄÄN SUSTA NIIN ETTÄ HALKEEN),C,KARAOKETÄHTI,07.08.2020
JUHA TAPIO,TSNEH (TYKKÄÄN SUSTA NIIN ETTÄ HALKEEN),M,SAT09,
JUHA TAPIO,UKKOSTA JA ULLAKOLLA,K,POW13SR3,
JUHA TAPIO,VALITSISIN SUT,M,COV17,
JUHA TAPIO,VARPUNEN JOULUAAMUNA,C,TUOTTAJA,02.12.2025
JUHA TAPIO JA ANNA PUU,PLANEETAT ENKELIT JA KUU,M,LK24,
JUHA VAINIO,AINA MIELESSÄ (PAHOJEN POIKIEN LAULUT K18),C,FIAT,25.05.2026
JUHA VAINIO,ALBATROSSI,MF,FIN47B14,
JUHA VAINIO,ALBATROSSI,MF,FIN6B3,
JUHA VAINIO,ALBATROSSI,K,POW03,
JUHA VAINIO,ALBATROSSI,M,MDV23,
JUHA VAINIO,EI MAHA MITTÄÄ,MF,FIN39B2,
JUHA VAINIO,EI OLE KÖÖPENHAMINA KUIN ENNEN,M,MEL38Z,
JUHA VAINIO,ELÄMÄÄ JA EROTIIKKAA,MF,FIN47B2,
JUHA VAINIO,ELÄMÄÄ JA EROTIIKKAA,K,LK08,
JUHA VAINIO,ELÄMÄÄ JA EROTIIKKAA,M,MEL05Z,
JUHA VAINIO,HERRAT HELSINGIN,M,MDV12,
JUHA VAINIO,JUHANNUSTANSSIT,C,SINGA,14.11.2022
JUHA VAINIO,KALLE KUSTAA (PAHOJEN POIKIEN LAULUT K18),C,FIAT,25.05.2026
JUHA VAINIO,KASATSHOK,M,MDV20,
JUHA VAINIO,KAUAN SITTEN,K,LK08,
JUHA VAINIO,KAUHEA KANKKUNEN,M,MEL02Z,
JUHA VAINIO,KAUHEA KANKKUNEN,C,MELPLAY,30.07.2016
JUHA VAINIO,KAUNISSAARI,K,LK08,
JUHA VAINIO,KERSANTTI (PAHOJEN POIKIEN LAULUT K18),C,FIAT,25.05.2026
JUHA VAINIO,KOTKAN POIKII ILMAN SIIPII,MF,FIN18B10,
JUHA VAINIO,KOTKAN POIKII ILMAN SIIPII,K,LK08,
JUHA VAINIO,KOTKAN POIKII ILMAN SIIPII,M,MEL34Z,
JUHA VAINIO,KOTKAN POIKII ILMAN SIIPII,C,FINNHITS,05.03.2020
JUHA VAINIO,KUMI ROOPE (PAHOJEN POIKIEN LAULUT K18),C,FIAT,25.05.2026
JUHA VAINIO,KUN AURINKO LÄMMITTÄÄ,M,COV06,
JUHA VAINIO,KUN AURINKO LÄMMITTÄÄ,K,LK08,
JUHA VAINIO,KÄYN AHON LAITAA,MF,FIN14A5,
JUHA VAINIO,KÄYN AHON LAITAA,K,LK08,
JUHA VAINIO,KÄYN AHON LAITAA,M,MEL26X,
JUHA VAINIO,LAIHIAN KEIKKA,C,FIAT,25.05.2026
JUHA VAINIO,LEHTIMIEHEN MORAALI (PAHOJEN POIKIEN LAULUT K18),C,FIAT,25.05.2026
JUHA VAINIO,MATKALLA POHJOISEEN,MF,FIN5B8,
JUHA VAINIO,MATKALLA POHJOISEEN,K,LK08,
JUHA VAINIO,MATKALLA POHJOISEEN,M,MEL62,
JUHA VAINIO,MATKARAKASTAJA,M,MEL36Z,
JUHA VAINIO,MÄ EN MUISTA MITÄÄN,C_O,POY,05.06.2026
JUHA VAINIO,MÄ USKON HUOMISPÄIVÄÄN,K,LK08,
JUHA VAINIO,MÄ USKON HUOMISPÄIVÄÄN,M,MEL02Z,
JUHA VAINIO,NOUSEE LASKEE (PAHOJEN POIKIEN LAULUT K18),C,FIAT,25.05.2026
JUHA VAINIO,PILLUROCK (PAHOJEN POIKIEN LAULUT K18),C,FIAT,25.05.2026
JUHA VAINIO,SAARNAMIES HÄSSIKÄINEN,C,PP,12.07.2023
JUHA VAINIO,SANNA,C,PP,12.07.2023
JUHA VAINIO,SELLAISTA ELÄMÄ ON,K,LK08,
JUHA VAINIO,SELLANEN OL VIIPURI,MF,FIN9B4,
JUHA VAINIO,SELLANEN OL VIIPURI,M,NYT HUMPATAAN,
JUHA VAINIO,SOITA MULLE SORPAS,K,POW10,
JUHA VAINIO,TULTA PÄIN,M,MEL03,
JUHA VAINIO,VANHA SALAKULJETTAJA LAITINEN,M,MEL04X,
JUHA VAINIO,VANHOJA POIKIA VIIKSEKKÄITÄ,MF,FIN3B5,
JUHA VAINIO,VANHOJA POIKIA VIIKSEKKÄITÄ,MF,FIN44A15,
JUHA VAINIO,VANHOJA POIKIA VIIKSEKKÄITÄ,K,LK02,
JUHA VAINIO,VANHOJA POIKIA VIIKSEKKÄITÄ,M,MEL26X,
JUHA VAINIO,VANHOJA POIKIA VIIKSEKKÄITÄ,C,KARAOKETÄHTI,02.07.2024
JUHA VAINIO,YKSINÄINEN SAARNIPUU,K,LK08,
JUHA VAINIO,YKSINÄINEN SAARNIPUU,M,MDV06,
JUHAMATTI,FANNY FANNY,M,MDV06,
JUHAMATTI,HAIKEUS,M,COV18,
JUHAMATTI,HILJAA VIRTAA DON,M,MEL67,
JUHAMATTI,JYLHÄMAA,C,FIAT,27.08.2026
JUHAMATTI,KYYHKYNEN (LA PALOMA),C,KANSANLAULUT,02.07.2024
JUHAMATTI,LUOKSESI SUN,M,MEL15Z,
JUHAMATTI,MIKÄ SULLE OIKEIN TULI,K,POW17,
JUHAMATTI,RAKASTA MUA JUURI NÄIN,M,MEL51Z,
JUHAMATTI,VAIN HÄN,M,MDV65,
JUHAMATTI,VOINKO LUOTTAA,M,COV23,
JUHAMATTI,VOITKO UNOHTAA,M,MEL60,
JUHAMATTI,VOLGA,M,MEL07,
JUHANA HAUKKALA,MARKKINA-ARVO,C,FIAT,25.05.2026
JUHANA HAUKKALA,PILLIPIIPARI,C,FIAT,25.05.2026
JUHANI HAKOPURO,ETSIN,C,FINNS,07.08.2020
JUHANI HAKOPURO,ISOVELI,C,FIAT,08.02.2026
JUHANI MARKOLA,EILINEN,MF,FIN3A7,
JUHANI MARKOLA,JOS ITKEN JOS NAURAN,M,MEL29X,
JUHANI MARKOLA,KUN TUULI SOI,M,MEL01Z,
JUHANI MARKOLA,MARIA ELENA,MF,FIN43A7,
JUHANI MARKOLA,RAKKAUDEN AAMU,MF,FIN33B3,
JUHANI MARKOLA,RAKKAUDEN AAMU,M,MEL26X,
JUHANI MARKOLA,ÄITI,M,MDV08,
JUICE LESKINEN,3.30,C_O,POY,07.01.2023
JUICE LESKINEN,DAISARIT,M,MEL40X,
JUICE LESKINEN,DEEP SEA DIVER (SYVÄNMERENSUKELTAJA),C_O_UK,POY,15.02.2024
JUICE LESKINEN,DOKUMENTTI,C_O,POY,15.04.2023
JUICE LESKINEN,EESTI (ON MY MIND),K,LK14,
JUICE LESKINEN,EESTI (ON MY MIND),M,MEL01Z,
JUICE LESKINEN,EESTI (ON MY MIND),C,MELPLAY,19.01.2021
JUICE LESKINEN,EI ELÄMÄSTÄ SELVIÄ HENGISSÄ,MF,FIN35B1,
JUICE LESKINEN,EI ELÄMÄSTÄ SELVIÄ HENGISSÄ,K,LK14,
JUICE LESKINEN,EI ELÄMÄSTÄ SELVIÄ HENGISSÄ,M,KSF1Z,
JUICE LESKINEN,EILEN HÄN KERTOI,M,MEL03,
JUICE LESKINEN,EKSÄ PESE SITÄ KOSKAAN,C_O,POY,18.08.2024
JUICE LESKINEN,ELÄMÄSSÄ PITÄÄ OLLA RUNKKUA,K,POW09SR2,
JUICE LESKINEN,ELÄMÄSSÄ PITÄÄ OLLA RUNKKUA,M,M60'S,
JUICE LESKINEN,EN OO KÄYNY IRLANNISSA,C_O,POY,28.03.2024
JUICE LESKINEN,EPÄILE VAIN,M,MDV63,
JUICE LESKINEN,HAITARIBUSSI,C_O,POY,09.08.2023
JUICE LESKINEN,HAUHO,M,MEL02Z,
JUICE LESKINEN,HEINOLASSA JYRÄÄ,K,POW05SR1,
JUICE LESKINEN,HEINOLASSA JYRÄÄ,C,POWER,23.09.2014
JUICE LESKINEN,IISALMEN DISCOSSA,C_O,POY,10.08.2024
JUICE LESKINEN,ILOMANTSI,M,KSF1Z,
JUICE LESKINEN,ISOISÄN HINTTIPUSSI,C_O,POY,21.06.2023
JUICE LESKINEN,JUANKOSKI HERE I COME,K,LK14,
JUICE LESKINEN,JUANKOSKI HERE I COME,M,MEL01Z,
JUICE LESKINEN,JYRKI BOY,MF,FIN20A3,
JUICE LESKINEN,JYRKI BOY,K,LK14,
JUICE LESKINEN,JYRKI BOY,M,KSF1Z,
JUICE LESKINEN,JYRKI BOY,M,MEL70'S,
JUICE LESKINEN,JYRKI BOY,C,FINNKARAOKE,30.07.2016
JUICE LESKINEN,KAKSOISELÄMÄÄ,MF,FIN22A4,
JUICE LESKINEN,KAKSOISELÄMÄÄ,K,LK14,
JUICE LESKINEN,KAKSOISELÄMÄÄ,M,MEL41Z,
JUICE LESKINEN,KONE,C_O,POY,09.09.2022
JUICE LESKINEN,KUOPIO TANSSII JA SOI,C_O,POY,03.02.2024
JUICE LESKINEN,KUUMAA TUHKAA,C,TUOTTAJA,20.02.2023
JUICE LESKINEN,LUONAS KAI OLLA SAAN,M,MEL52X,
JUICE LESKINEN,LUONAS KAI OLLA SAAN,C_O,POY,13.01.2023
JUICE LESKINEN,LÖYLY LÖI,M,MEL70'S,
JUICE LESKINEN,LÖYLY LÖI,C_O,POY,06.03.2024
JUICE LESKINEN,MARILYN,MF,FIN18A3,
JUICE LESKINEN,MARILYN,K,LK14,
JUICE LESKINEN,MARILYN,M,MEL41Z,
JUICE LESKINEN,MENE KOTIIN,C_O,POY,07.02.2023
JUICE LESKINEN,MIDAS,K,LK14,
JUICE LESKINEN,MIDAS,M,KSF1Z,
JUICE LESKINEN,MIDAS,C_O,POY,21.10.2022
JUICE LESKINEN,MIES JOKA RAKASTAA ITSEÄÄN,C_O,POY,09.09.2024
JUICE LESKINEN,MIMOSAN HIPIÄ,M,COV18,
JUICE LESKINEN,MIMOSAN HIPIÄ,C,FINNISH,20.06.2022
JUICE LESKINEN,MUSTA AURINKO NOUSEE,K,LK14,
JUICE LESKINEN,MUSTA AURINKO NOUSEE,M,MEL25X,
JUICE LESKINEN,MUSTA AURINKO NOUSEE,C,KARAOKETÄHTI,22.12.2024
JUICE LESKINEN,MYRKYTYKSEN OIREET,K,LK14,
JUICE LESKINEN,MYRKYTYKSEN OIREET,M,KSF1Z,
JUICE LESKINEN,NAPOLEONIN MOPO,M,KSF1Z,
JUICE LESKINEN,NAPOLEONIN MOPO,M,MEL70'S,
JUICE LESKINEN,NORJALAINEN VILLAPAITA,M,MEL03,
JUICE LESKINEN,NORJALAINEN VILLAPAITA,C,MELPLAY,18.10.2015
JUICE LESKINEN,ODYSSEUS,C_O,POY,28.09.2024
JUICE LESKINEN,OLIPA KERRAN,C_O,POY,28.02.2023
JUICE LESKINEN,OLLAAN IHMISIKSI,C_O,POY,14.10.2024
JUICE LESKINEN,OULUNKYLÄ ÅGGELBY,C_O,POY,11.06.2023
JUICE LESKINEN,OUTOON VALOON,C_O,POY,07.07.2022
JUICE LESKINEN,PANOMIES,C_O,POY,14.08.2023
JUICE LESKINEN,PAPERITÄHDET,M,MEL04X,
JUICE LESKINEN,PAPERITÄHDET,C,MELPLAY,02.07.2024
JUICE LESKINEN,PIENESTÄ PITÄEN,M,KSF1Z,
JUICE LESKINEN,PIENESTÄ PITÄEN,C_O,POY,06.04.2023
JUICE LESKINEN,PILVEE PILVEE,M,KSF1Z,
JUICE LESKINEN,PIRU VIE,C_O,POY,21.12.2022
JUICE LESKINEN,PUHELINPYLVÄÄN HENKINEN ELÄMÄ,C_O,POY,03.11.2025
JUICE LESKINEN,PYHÄ TOIMITUS,M,MEL27X,
JUICE LESKINEN,PYHÄ TOIMITUS,C_O,POY,03.11.2025
JUICE LESKINEN,RAKKAUDEN AMMATTILAINEN,K,POW06,
JUICE LESKINEN,RAKKAUDEN AMMATTILAINEN,M,MEL39X,
JUICE LESKINEN,RAKKAUDEN AMMATTILAINEN,C,MELPLAY,19.01.2021
JUICE LESKINEN,RISAINEN ELÄMÄ,M,MEL53PRO,
JUICE LESKINEN,SE OLI JAUTAA,M,MEL07,
JUICE LESKINEN,SIKA,M,MEL02Z,
JUICE LESKINEN,SINIRISTILOPPUMME,C_O,POY,22.12.2022
JUICE LESKINEN,SYKSYN SÄVEL,MF,FIN14A6,
JUICE LESKINEN,SYKSYN SÄVEL,K,POW11,
JUICE LESKINEN,SYKSYN SÄVEL,M,MEL46Z,
JUICE LESKINEN,SYYS,M,KSF1Z,
JUICE LESKINEN,TAIVAAN TUULIIN,C_O,POY,04.09.2022
JUICE LESKINEN,VALSSAAJA KONEPAJALLA,C_O,POY,15.01.2026
JUICE LESKINEN,VIIDESTOISTA YÖ,MF,FIN44B11,
JUICE LESKINEN,VIIDESTOISTA YÖ,MF,FIN8A9,
JUICE LESKINEN,VIIDESTOISTA YÖ,K,POW02,
JUICE LESKINEN,VIIDESTOISTA YÖ,M,MDV11,
JUICE LESKINEN,VIIDESTOISTA YÖ,C,POWER,02.07.2024
JUICE LESKINEN,VIIME YÖNÄ ENNEN KAHTA,M,MDV59,
JUICE LESKINEN,VOI JOSPA JOSTAIN,C,3700,15.11.2025
JUICE LESKINEN,YÖLENTO,C_O,POY,30.09.2024
JUICE LESKINEN & MIKKO ALATALO,KESKIYÖN ERIKOINEN,K,KONEPC,
JUICE LESKINEN & MIKKO ALATALO,KLOVNI HEITTÄÄ VEIVIN,C_O,POY,07.04.2025
JUJU,HULLU,M,SAT13,
JUJU,ONNELLISEKSI,M,LK24,
JUJU,ONNELLISEKSI,M,SAT12,
JUJU,OODI,M,MDV61,
JUKKA HALLIKAINEN,EN TEKISI TOISIN,M,MEL50X,
JUKKA HALLIKAINEN,EN TEKISI TOISIN,M,MG17,20.03.2026
JUKKA HALLIKAINEN,HERÄTÄ HENKIIN,M,MG19,20.03.2026
JUKKA KUOPPAMÄKI,AIKA NÄYTTÄÄ,MF,FIN32A9,
JUKKA KUOPPAMÄKI,KISKOT VIEVÄT ETELÄÄN,MF,FIN47B6,
JUKKA KUOPPAMÄKI,KISKOT VIEVÄT ETELÄÄN,M,MEL01Z,
JUKKA KUOPPAMÄKI,KULTAA TAIKKA KUNNIAA,M,MEL02Z,
JUKKA KUOPPAMÄKI,KULTAA TAIKKA KUNNIAA,C,MELPLAY,18.10.2015
JUKKA KUOPPAMÄKI,KUN YÖ ON HILJAA,M,COV08,
JUKKA KUOPPAMÄKI,PALJON SANOMATTA JÄÄ,MF,FIN33A5,
JUKKA KUOPPAMÄKI,PALJON SANOMATTA JÄÄ,M,MDV23,
JUKKA KUOPPAMÄKI,PIENI MIES,M,MEL02Z,
JUKKA KUOPPAMÄKI,PIKAJUNA POHJOISEEN,MF,FIN43A4,
JUKKA KUOPPAMÄKI,SININEN JA VALKOINEN,MF,FIN38A13,
JUKKA KUOPPAMÄKI,SININEN JA VALKOINEN,MF,FIN3A11,
JUKKA KUOPPAMÄKI,SININEN JA VALKOINEN,K,POW01,
JUKKA KUOPPAMÄKI,SININEN JA VALKOINEN,M,MDV11,
JUKKA KUOPPAMÄKI,SININEN JA VALKOINEN,C,TOIVEKARAOKE,02.07.2024
JUKKA KUOPPAMÄKI,TYTTÖ PIENI,M,MEL30X,
JUKKA KUOPPAMÄKI,VALTATIE,M,MEL01Z,
JUKKA KUOPPAMÄKI,VOIT KAIKEN ALKAA UUDESTAAN,M,MEL29X,
JUKKA LAMPELA,CIAO AMICI CIAO,C,TATSIA,24.05.2024
JUKKA LEPPILAMPI,MINUN KÄTENI SOI,C,FIAT,01.09.2026
JUKKA LEPPILAMPI & MARZI NYMAN TRIO,KOLME PUUTA,C,FIAT,01.09.2026
JUKKA POIKA,BRAND NEW IHANUUS,M,LK24,
JUKKA POIKA,BRAND NEW IHANUUS,M,SAT12,
JUKKA POIKA,EN MITÄÄN EN KETÄÄN,M,SAT04,
JUKKA POIKA,IKIROUTA,M,MEL54,
JUKKA POIKA,KYLMÄSTÄ LÄMPIMÄÄN,K,LK17,
JUKKA POIKA,KYLMÄSTÄ LÄMPIMÄÄN,M,MDV57,
JUKKA POIKA,LAINEET,M,LK23,
JUKKA POIKA,LAINEET,M,SAT10,
JUKKA POIKA,LAUTALLA,M,LK23,
JUKKA POIKA,MIELIHYVÄÄ,K,LK16,
JUKKA POIKA,MIELIHYVÄÄ,M,MEL53PRO,
JUKKA POIKA,PELIMIES,M,SAT10,
JUKKA POIKA,SIIDERIPISSIS,K,LK18,
JUKKA POIKA,SIIDERIPISSIS,M,SAT07,
JUKKA POIKA,SILKKII,K,LK16,
JUKKA POIKA,SILKKII,M,KPP40,
JUKKA POIKA,SILKKII,M,SAT04,
JUKKA POIKA,ÄLÄ TYRI NYT,K,LK17,
JUKKA POIKA,ÄLÄ TYRI NYT,M,SAT06,
JUKKA POIKA (JUHA TAPIO),MITÄ SILMÄT EI NÄÄ,M,MDV61,
JUKKA RAITANEN,KERRAN SAAVUN TAKAISIN,C,COVER,12.05.2024
JUKKA RAITANEN,KUKA ON VIATON,C,COVER,12.05.2024
JUKKA RAITANEN,KULKURIN KITARA,C,COVER,12.05.2024
JUKKA RAITANEN,LIIAN KAUKANA,C_O,POY,30.10.2024
JUKKA RAITANEN,LÄHDE KOTIIN,C,FIAT,01.09.2026
JUKKA RAITANEN,MUA HYVÄILE TOUKOKUU,M,COV18,
JUKKA RAITANEN,ON KYYNELEET TURHIA,C_O,POY,14.05.2026
JUKKA RAITANEN,ORVON OSA,C,FIAT,01.09.2026
JUKKA RAITANEN,PALJON ON MENNYT,C,FIAT,01.09.2026
JUKKA RAITANEN,PALJON SUN LUONASI SAIN,C,FIAT,01.09.2026
JUKKA RAITANEN,VANGIN TOIVE,MF,FIN31A10,
JUKKA RAITANEN,VANGIN TOIVE,M,MDV23,
JUKKA RAITANEN,VAPAA OON,M,MEL21Z,
JUKKA TAKALO,JOKAINEN ON VÄHÄN HOMO,M,SAT05,
JULIE ANDREWS,EDELWEISS,M,TOPHIT27,
JULIE ANDREWS,I COULD HAVE DACED ALL NIGHT,M,PIO13A14,
JULIET JONESIN SYDÄN,HELPPO ELÄMÄ,M,MEL52X,
JULIET JONESIN SYDÄN,HELPPO ELÄMÄ,C_O,POY,03.11.2025
JULIET JONESIN SYDÄN,PERJANTAI ILTA,C_O,POY,23.06.2023
JULIET JONESIN SYDÄN,RAKKAUSLAULU,K,POW09SR2,
JULIET JONESIN SYDÄN,RAKKAUSLAULU,M,MEL37Z,
JULIO IGLESIAS,TO ALL THE GIRLS I'VE LOVED BEFORE,K,XP1,
JUNNU KAIHOMIELI,KUN MÄ KUOLEN,M,POW30,
JUNNU KAIHOMIELI,PALJAANA,M,POW30,
JUNNU KAIHOMIELI,TURAKAINEN THAIMAASSA,M,POW30,
JUNO,ÄLÄ MUUTA MITÄÄN,C,KUNINGAS,10.09.2026
JUSSI & THE BOYS,HÄN KUUDENTOISTA ON,M,MEL32X,
JUSSI & THE BOYS,KESÄDUUNI BLUES,M,MEL38Z,
JUSSI & THE BOYS,METSÄMÖKIN TONTTU,M,M60'S,
JUSSI & THE BOYS,MURTUNEEN SYDÄMEN HOTELLI,M,M60'S,
JUSSI & THE BOYS,MÄ OON ROCK KUNINGAS,M,M60'S,
JUSSI & THE BOYS,YYTERI TWIST,M,MEL32X,
JUSSI HAKULINEN,VAALEANPUNAINEN MAJATALO,M,MEL32X,
JUSSI RAITTINEN,KESÄDUUNI BLUES,K,POW14,
JUSSI RAITTINEN,KROKOTIILIROCK,M,MEL34Z,
JUSSI RAITTINEN,KÄY OHITSEIN,M,MDV12,
JUSSI RAITTINEN,LENINGRAD,M,MEL33X,
JUSSI RAITTINEN,METSÄMÖKIN TONTTU,MF,FIN33A6,
JUSSI RAITTINEN,NO NIIN MARY LOU,M,M60'S,
JUSSI RAITTINEN,OLET PAHA,M,M60'S,
JUSSI RAITTINEN,VALTATIE 66,M,MDV10,
JUSSI RAITTINEN,VALTATIE 66 (ROUTE 66),C,MELPLAY,19.01.2021
JUSSI RAITTINEN,VANKILAROCK,M,MEL13Z,
JUSTAMENT,KAUA SA KANNATAD KURBADE NAERU (EST),M_U,EST2,
JUSTAMENT,KAUA SA KANNATAD KURBADE NAERU (EST),M_U,EST4,
JUSTAMENT,MAA TULEB TÄITA LASTEGA (EST),M_U,EST2,
JUSTAMENT,VANGILE EI MEELDI TRELLID (EST),M_U,EST1,
JUSTEERI,KAKSI VANHAA TUKKIJÄTKÄÄ,MF,FIN6B10,
JUSTEERI,ROVANIEMEN MARKKINOILLA,MF,FIN15B8,
JUSTIMUSFILMS,SAUNALAULU,C,TUOTTAJA,21.02.2023
JUSTIN BIEBER,SORRY,C,SINGKING,11.11.2021
JUSTIN TIMBERLAKE,ROCK YOUR BODY,K,XP1,
JUSTIN TIMBERLAKE,SEXY BACK,K,XP3,
JVG,AMATIMIES,M,COV19,
JVG,IKUINEN VAPPU,M,COV08,
JVG,JÄÄPÄHÄN,C_O,POY,09.01.2026
JVG,PALUU TULEVAISUUTEEN,M,LK25,
JVG,REHELLISESTI,C_O,POY,28.12.2025
JVG,TARKENEE,M,LK25,
JVG,VIIKONLOPPU,M,COV18,
JVG,VOITOLLA YÖHÖN,M,LK23,
JVG,VOITOLLA YÖHÖN,M,SAT11,
JVG FT FREEMAN,KARJALA TAKASIN,M,SAT06,
JVG FT RAAPPANA,KRAN TURISMO,K,LK18,
JVG FT RAAPPANA,KRAN TURISMO,M,SAT07,
JÖRGEN PETERSEN,SÄRKYNEEN TOIVEEN KATU,MF,FIN4B2,
KAARLO KYTÖ JA PARLOPHON ORKESTERI,SUURSAARI,C_O,POY,04.01.2024
KAARTIN SOITTOKUNTA,MAAMME,C,TUOTTAJA,21.01.2026
KADI TOOM,OODATES SIND (EST),M_U,EST4,
KAI HYTTINEN,BELLA CIAO,MF,FIN28A9,
KAI HYTTINEN,BELLA CIAO,M,NYT HUMPATAAN,
KAI HYTTINEN,DIRLANDA,MF,FIN9B10,
KAI HYTTINEN,DIRLANDA,K,POW02,
KAI HYTTINEN,DIRLANDA,M,MDV14,
KAI HYTTINEN,DIRLANDA,C,KARAOKETÄHTI,02.07.2024
KAI HYTTINEN,FLIRTATEN,MF,FIN30A6,
KAI HYTTINEN,HAVANNAN YÖT,M,MEL02Z,
KAI HYTTINEN,KURKI,MF,FIN39A5,
KAI HYTTINEN,KURKI,M,MEL53PRO,
KAI HYTTINEN,KURKI,C,FINNKARAOKE,07.08.2020
KAI HYTTINEN,KÄYMÄÄN VAIN,MF,FIN1B4,
KAI HYTTINEN,KÄYMÄÄN VAIN,MF,FIN43A13,
KAI HYTTINEN,MANDY LEENA,M,MEL29X,
KAI HYTTINEN,MUISTAN KESÄN,MF,FIN35B8,
KAI HYTTINEN,NAISET,MF,FIN45B4,
KAI HYTTINEN,NAISET,M,MEL40X,
KAI HYTTINEN,NOSTA LIPPU SALKOON,MF,FIN10B9,
KAI HYTTINEN,NOSTA LIPPU SALKOON,K,LK05,
KAI HYTTINEN,NOSTA LIPPU SALKOON,M,MEL34Z,
KAI HYTTINEN,NÄKEMIIN MOSKOVA,M,MEL18Z,
KAI HYTTINEN,PAINAN VAIN PÄÄNI,M,MEL54,
KAI HYTTINEN,RAKASTAN ENEMMÄN SUA KUIN KETÄÄN ENNEN,M,MEL19Z,
KAI HYTTINEN,SAANHAN OLLA HÄN,MF,FIN30A7,
KAI HYTTINEN,TUIKKU MURHEESEEN,K,POW10,
KAI HYTTINEN,TUIKKU MURHEESEEN,M,MEL39X,
KAI HYTTINEN,TYTTÖ,MF,FIN5A7,
KAI HYTTINEN,VARPUNEN,MF,FIN29A7,
KAI HYTTINEN,VARPUNEN,M,MEL46Z,
KAI HYTTINEN,VIE VAIN,M,MEL29X,
KAI HYTTINEN,VOLARE,M,MEL30X,
KAI HYTTINEN,YÖN JÄLKEEN,M,MEL19Z,
KAI JÄMSÄ,JÄTIMME OVEN RAOLLEEN,M,MG19,20.03.2026
KAI LIND,OLI KUU OLI ILTA,MF,FIN13A6,
KAI LIND,PUTTI PUTTI,M,MEL47Z,
KAI LIND,TUHON TIETÄ KULJEN,MF,FIN37A7,
KAI LIND,TUHON TIETÄ KULJEN,K,POW20TANGO,
KAIJA KOO,AJOIN KOKO YÖN,M,LK24,
KAIJA KOO,AJOIN KOKO YÖN,M,MDV63,
KAIJA KOO,EN PELKÄÄ PIMEÄÄ,M,LK24,
KAIJA KOO,EN PELKÄÄ PIMEÄÄ,M,SAT15,
KAIJA KOO,EROTTAMATTOMAT,M,MEL55X,
KAIJA KOO,HANAT AUKEAA,K,POW07,
KAIJA KOO,HANAT AUKEAA,M,MEL15Z,
KAIJA KOO,HEI DJ!,M,SK1,
KAIJA KOO,ISÄ,K,POW11,
KAIJA KOO,ISÄ,M,MEL50X,
KAIJA KOO,KAUNIS RIETAS ONNELLINEN,K,LK16,
KAIJA KOO,KAUNIS RIETAS ONNELLINEN,M,SAT05,
KAIJA KOO,KORUTON,M,MEL54,
KAIJA KOO,KUKA KEKSI RAKKAUDEN,MF,FIN47A11,
KAIJA KOO,KUKA KEKSI RAKKAUDEN,MF,FIN8A1,
KAIJA KOO,KUKA KEKSI RAKKAUDEN,K,POW03,
KAIJA KOO,KUKA KEKSI RAKKAUDEN,M,MDV23,
KAIJA KOO,KUKA KEKSI RAKKAUDEN,C,POWER,07.08.2020
KAIJA KOO,KUKA SEN OPETTAA,M,SAT11,
KAIJA KOO,KYLMÄ ILMAN SUA,K,POW16,
KAIJA KOO,KYLMÄ ILMAN SUA,M,SATC02,
KAIJA KOO,KYLMÄT KYYNELEET,M,MEL33X,
KAIJA KOO,MAAILMAN TUULET VIE,M,MDV64,
KAIJA KOO,MENNÄÄN HILJAA MARKKINOILLE (VAIN ELÄMÄÄ KAUSI 1),K,LK20,
KAIJA KOO,MENTÄVÄ ON,M,MEL47Z,
KAIJA KOO,MIKÄÄN EI RIITÄ,C,FINNISH,31.10.2016
KAIJA KOO,MILTÄ SE TUNTUU,M,MEL47Z,
KAIJA KOO,MINUN TUULESSA SOI,M,MEL02Z,
KAIJA KOO,MINÄ MUISTAN SINUT,M,MEL53PRO,
KAIJA KOO,MUN SYDÄN,C,ZOOM,05.04.2021
KAIJA KOO,MUUTTUNUT MIES MUUTTUNUT NAINEN,M,MDV65,
KAIJA KOO,NIIN KAUNIS ON HILJAISUUS,M,MEL27X,
KAIJA KOO,NIIN KAUNIS ON HILJAISUUS,C,MELPLAY,31.10.2016
KAIJA KOO,ONNEA MATKAAN,M,COV22,
KAIJA KOO,ONNELLINEN LOPPU,M,COV11,
KAIJA KOO,PELKKÄÄ VOITTOO,M,COV08,
KAIJA KOO,PÄIVÄ KERRALLAAN,M,MDV58,
KAIJA KOO,RAKKAUS ON VOIMAA,M,MEL54,
KAIJA KOO,SATEENKAARI PIMEESSÄ,M,COV16,
KAIJA KOO,SEINÄRUUSU,M,MDV59,
KAIJA KOO,SEURAAVASSA ELÄMÄSSÄ,M,MDV59,
KAIJA KOO,SIETÄMÄTÖN MIES,M,MDV57,
KAIJA KOO,SINISET TIKKAAT,M,MDV66,
KAIJA KOO,SUPERNAISET,M,LK23,
KAIJA KOO,SUPERNAISET,M,MDV61,
KAIJA KOO,SURULAPSI,M,LK24,
KAIJA KOO,SURULAPSI,M,SAT14,
KAIJA KOO,TAIPUMATON,M,COV14,
KAIJA KOO,TINAKENKÄTYTTÖ,M,COV19,
KAIJA KOO,TINAKENKÄTYTTÖ,K,LK18,
KAIJA KOO,TINAKENKÄTYTTÖ,M,MDV10,
KAIJA KOO,TULE LÄHEMMÄS BEIBI,M,MEL18Z,
KAIJA KOO,TUULIKELLO,M,MDV12,
KAIJA KOO,TUULTEN VIEMÄÄ,M,MEL13Z,
KAIJA KOO,UNIHIEKKAMYRSKY,M,MEL15Z,
KAIJA KOO,VALERIA,M,MDV57,
KAIJA KOO,VANHAA SUOLAA,K,LK21,
KAIJA KOO,VANHAA SUOLAA,M,MEL54,
KAIJA KOO,VAPAA,M,KPP31,
KAIJA KOO,VAPAA,M,SAT02,
KAIJA KOO,VEDET VIRTAILEE,C_O,POY,23.09.2025
KAIJA KOO,VIIMEINEN LENTO,M,MEL16Z,
KAIJA KOO & ISAC ELLIOT,LATU ON AUKI,C_O,POY,17.04.2026
KAIJA KOO FT CHEEK,NÄÄ YÖT EI ANNA ARMOO,M,SK4,
KAIJA KÄRKINEN & ILE KALLIO,HULLU YÖ,M,KK4,
KAIJA KÄRKINEN & ILE KALLIO,HULLU YÖ,M,MEL50X,
KAIJA KÄRKINEN & ILE KALLIO,JAN,K,POW10,
KAIJA KÄRKINEN & ILE KALLIO,JAN,M,MEL16Z,
KAIJA KÄRKINEN & ILE KALLIO,KOHTALO KULKEE,M,MEL48Z,
KAIJA KÄRKINEN & ILE KALLIO,KUKA SAA KYYNELEET,M,MEL33X,
KAIJA KÄRKINEN & ILE KALLIO,MAAILMAN LAITAAN,M,MEL48Z,
KAIJA KÄRKINEN & ILE KALLIO,PAREMPAA ANNETTAVAA,M,MEL38Z,
KAIJA KÄRKINEN & ILE KALLIO,SADE,K,POW07,
KAIJA KÄRKINEN & ILE KALLIO,SADE,M,MEL21Z,
KAIJA KÄRKINEN & ILE KALLIO,TOINEN TIE,M,MEL47Z,
KAIJA KÄRKINEN & ILE KALLIO,TÄYSIKUU,M,MEL03,
KAIJA KÄRKINEN & ILE KALLIO,VALKOISET VALHEET,M,MEL04X,
KAIJA KÄRKINEN & ILE KALLIO,YÖKIITÄJÄ,K,POW11,
KAIJA KÄRKINEN & ILE KALLIO,YÖKIITÄJÄ,M,MEL21Z,
KAIJA LUKIN,VITAMIINI,M,SAT01,
KAIJA LUSTILA,NÄIDEN TÄHTIEN ALLA,M,MEL53PRO,
KAIJA LUSTILA,ONNEMME KYYNELEET,M,COV17,
KAIJA LUSTILA,SELLAISET SILMÄT,C,FIAT,25.05.2026
KAIJA POHJOLA,EI TURHIA MURHEITA,K,POW07,
KAIJA POHJOLA,TUOL ON MUN KULTANI,C,KANSANLAULUT,17.08.2022
KAIKKIEN AIKOJEN LASTENLAULUT,TAO TAO,C,FIAT,26.01.2026
KAISER CHIEFS,EVERYDAY I LOVE YOU LESS AND LESS,K,XP3,
KAJ,BARA BADA BASTU,C_O_UK,POY,17.03.2025
KAKE RANDELIN,AVAA HAKAS,MF,FIN2B2,
KAKE RANDELIN,AVAA HAKAS,MF,FIN42B15,
KAKE RANDELIN,AVAA HAKAS,M,NYT HUMPATAAN,
KAKE RANDELIN,BELLA BELLA,MF,FIN40B3,
KAKE RANDELIN,HYVÄ JYTÄ HARASOO,C_O,POY,08.04.2026
KAKE RANDELIN,JANNU HUOLETON,M,KK2,
KAKE RANDELIN,JUHANNUSYÖ,M,KK4,
KAKE RANDELIN,KESÄKSI KOTIIN,M,COV18,
KAKE RANDELIN,KESÄKSI KOTIIN,C_O,POY,04.03.2023
KAKE RANDELIN,KIELLETYT TUNTEET,MF,FIN3B9,
KAKE RANDELIN,KIELLETYT TUNTEET,MF,FIN43A15,
KAKE RANDELIN,KIELLETYT TUNTEET,K,KONEPC,
KAKE RANDELIN,KIELLETYT TUNTEET,M,MEL34Z,
KAKE RANDELIN,KIRJE KOTIIN,MF,FIN24A8,
KAKE RANDELIN,KIRJE KOTIIN,M,MEL62,
KAKE RANDELIN,KIRJE KOTIIN,C,FINNHITS (POY),28.07.2022
KAKE RANDELIN,KUIN JOUTSENLAULU,MF,FIN39A8,
KAKE RANDELIN,KUIN JOUTSENLAULU,M,MEL39X,
KAKE RANDELIN,KUIN JOUTSENLAULU,C,FINNKARAOKE,04.08.2020
KAKE RANDELIN,KUKKIA KULKURILTA,MF,FIN41A8,
KAKE RANDELIN,KUKKIA KULKURILTA,M,SK1A5,
KAKE RANDELIN,MARGARITA,K,POW08,
KAKE RANDELIN,MÄNTSÄLÄ MIELESSÄIN,MF,FIN33B10,
KAKE RANDELIN,NASTA PIMU,M,MEL53PRO,
KAKE RANDELIN,NEITONEN,C,KANSANLAULUT,02.07.2024
KAKE RANDELIN,OTA MINUT TAKAISIN,M,KK2,
KAKE RANDELIN,PÄIVI HEI,C_O,POY,03.10.2024
KAKE RANDELIN,RAJATON RAKKAUS,M,MEL33X,
KAKE RANDELIN,RENSSELIT PYKÄLÄÄN,M,SK1B7,
KAKE RANDELIN,TARJA,MF,FIN46B6,
KAKE RANDELIN,TARJA,M,MEL50X,
KAKE RANDELIN,TÄTÄ KUKKAA EN HUKKAA,MF,FIN28A6,
KAKE RANDELIN,ÄSSÄHAI,C_O,POY,28.10.2025
KAKE SINGERS,KAKEROCK,MF,FIN36,
KAKE SINGERS,KAKEROCK,M,M60'S,
KAKE SINGERS,NORSUJA NAPAJÄÄLLÄ,C_O,POY,13.01.2026
KAKE SINGERS,OLLAAN KAHDEN LÄLLÄLLÄÄ,C_O,POY,09.04.2024
KAKSIO,AJATTELEN SUA,M,MEL37Z,
KALERVO HÄMÄLÄINEN,VETERAANIN ILTAHUUTO,M,MEL53PRO,
KALEVI KORPI,ANASTASIA,M,MEL21Z,
KALJU TERASMAA,IGAÛHE JAKOS ON KUSKIL KEEGI (EST),M_U,EST4,
KALLE AHOLA,RUMAT LAPSET,M,MEL38Z,
KALLE FÄLT BAND,SAARI,C_O,POY,12.05.2026
KALLE LINDROTH,ANNIKA,M,MDV63,
KALLE PÄÄTALO,LOOTUSASENTOON,C_O,POY,26.12.2025
KANSAN SUOSIKIT,MAALAISPOJAN MOOTTORITIE,M,COV19,
KANSAN SUOSIKIT,SUOMALAINEN RAKKAUS,M,COV11,
KANSAS,CARRY ON WAYWARD SON,C,ZOOM,21.03.2026
KANSAS,DUST IN THE WIND,C,ZZANG,28.08.2021
KARAVAN,VOLARE (EST),M_U,EST1,
KAREN YOUNG,NOBODY'S CHILD,K,XP2,
KARI HIRVONEN,SANAT LEIKKIVÄT HUULILLAS,M,MEL30X,
KARI K JURVA,HAAVEKUVA,M,MEL24X,
KARI K JURVA,RUNOTAR,M,MEL25X,
KARI KUIVALAINEN,PÄIVÄ KAHDEN IHMISEN,M,KSF1Z,
KARI KUUVA,ASFALTTIA JA SEMENTTIÄ,MF,FIN41B9,
KARI KUUVA,ASFALTTIA JA SEMENTTIÄ,M,MEL33X,
KARI KUUVA,GO GO SYLVI,C_O,POY,25.03.2022
KARI KUUVA,PIKKU NINA,MF,FIN14B5,
KARI KUUVA,PIKKU NINA,M,MDV23,
KARI KUUVA,RUPSAHDA RAUHASSA RAKKAANI,C,MAURIK,14.11.2022
KARI KUUVA,SPEEDY GONZALES,M,MEL42Z,
KARI KUUVA,TANGO PELARGONIA,MF,FIN9B6,
KARI KUUVA,TANGO PELARGONIA,C,FINNKARAOKE,18.10.2015
KARI PEITSAMO,JYTÄORKESTERI TULEE TAAS,M,M60'S,
KARI PEITSAMO,KAUPPAOPISTON NAISET,K,POW03,
KARI PEITSAMO,KAUPPAOPISTON NAISET,M,M60'S,
KARI PEITSAMO,KAUPPAOPISTON NAISET,C,POWER,27.01.2014
KARI PEITSAMO,ROCK'N ROLL,M,M60'S,
KARI PEITSAMO,ROKATEN YMPÄRI MAAILMAA,M,MEL47Z,
KARI RYDMAN,NIIN KAUNIS ON MAA,MF,FIN27B10,
KARI TAPIO,AAVERATSASTAJAT,C,FIAT,06.01.2026
KARI TAPIO,AIKAAN TÄYSIKUUN,M,MDV10,
KARI TAPIO,AINUT MAAILMASSA,M,MDV59,
KARI TAPIO,ALUMIINITÄHDET,M,COV17,
KARI TAPIO,ANNA AJAN ARMAHTAA,MF,FIN45A2,
KARI TAPIO,ATLANTIS,C_O,POY,02.12.2025
KARI TAPIO,BELLA CAPRI,M,MDV09,
KARI TAPIO,DELFIINIPOIKA,MF,FIN16A6,
KARI TAPIO,EI EKSY TAIVAAN LINTUKAAN,M,MEL50X,
KARI TAPIO,EI EKSY TAIVAAN LINTUKAAN,C_O,POY,02.10.2023
KARI TAPIO,EI IHME JOS JANOTTAA,M,MEL45Z,
KARI TAPIO,EI KOSKAAN RAKASTAA VOI LIIKAA,M,MDV63,
KARI TAPIO,EI TOISET TOIPUA VOI,M,MEL38Z,
KARI TAPIO,EI TOIVETTA SEN KUMMEMPAA,M,MEL21Z,
KARI TAPIO,ELÄÄ SAIN KESÄN VAIN,M,MEL33X,
KARI TAPIO,EN KADU MITÄÄN,M,COV22,
KARI TAPIO,EN ODOTA HUOMISEEN,MF,FIN53,
KARI TAPIO,EN ODOTA HUOMISEEN,M,MEL22X,
KARI TAPIO,ENKELEITÄ SEITSEMÄN,M,MDV20,
KARI TAPIO,ENSIRAKKAUS,M,MDV66,
KARI TAPIO,EXTRAPALLO,M,MEL16Z,
KARI TAPIO,EXTRAPALLO,C_O,POY,15.07.2023
KARI TAPIO,HAAVETANGO,MF,FIN52,
KARI TAPIO,HAAVETANGO,M,MEL15Z,
KARI TAPIO,HEINILLÄ HÄRKIEN KAUKALON,C,TUOTTAJA,10.12.2025
KARI TAPIO,HILJAISIN SIIVIN,M,MEL33X,
KARI TAPIO,JOS,M,MEL45Z,
KARI TAPIO,JOS MINUUTIN SAAN AJASTASI,M,MEL51Z,
KARI TAPIO,JOS RAKAS SULLE OISIN,M,MDV64,
KARI TAPIO,JOS VOIT TULE LUO,MF,FIN45A10,
KARI TAPIO,JOS VOIT TULE LUO,M,MEL60,
KARI TAPIO,JOULU ENSIMMÄINEN,C,TUOTTAJA,10.12.2025
KARI TAPIO,JOULUN TARINA,C,TUOTTAJA,02.12.2025
KARI TAPIO,JUNA KULKEE,K,LK02,
KARI TAPIO,JUNA KULKEE,M,MEL27X,
KARI TAPIO,JÄLKEMME HIEKALLA,M,MDV12,
KARI TAPIO,KAIKKI JÄIKÖ VIIME KERTAAN,M,MEL19Z,
KARI TAPIO,KAIPUU,MF,FIN29A5,
KARI TAPIO,KAIPUU,M,MEL41Z,
KARI TAPIO,KELLOT SOI,C,TUOTTAJA,10.12.2025
KARI TAPIO,KESÄ KUUSKYTVIIS,M,MEL60,
KARI TAPIO,KESÄ KUUSKYTVIIS,C,MELPLAY,21.10.2022
KARI TAPIO,KORTIT,M,MEL53PRO,
KARI TAPIO,KORTIT NÄÄ,C_O,POY,26.07.2025
KARI TAPIO,KUIN LAPSENA ENNEN,M,COV15,
KARI TAPIO,KUIN LAPSENA ENNEN,M,MDV61,
KARI TAPIO,KUIN LIITO LINNUN,M,MEL18Z,
KARI TAPIO,KUIN TAIVAISIIN,M,MEL44X,
KARI TAPIO,KUIN TAIVAISIIN,C,MAGNUM (POY),11.03.2022
KARI TAPIO,KUKKA HIUKSISSAAN,M,MDV10,
KARI TAPIO,KUN KAHDEN KULJETAAN,M,MEL49Z,
KARI TAPIO,LANGENNEET,M,MDV65,
KARI TAPIO,LAULA KANSSAIN,MF,FIN20B3,
KARI TAPIO,LAULA KANSSAIN,M,MDV59,
KARI TAPIO,LUOKSEIN SUA KAIPAAN,C_O,POY,29.01.2025
KARI TAPIO,LUOKSESI TUKHOLMAAN,M,KK2,
KARI TAPIO,MAAILMAN VALOT,C,TUOTTAJA,01.02.2025
KARI TAPIO,MARIA DOLORES,C,MELPLAY,21.10.2022
KARI TAPIO,MUA PAINA SYLEILYYS,C_O,POY,01.06.2024
KARI TAPIO,MUISTOISSAIN,M,MDV68,
KARI TAPIO,MUISTOJENI JULIA,MF,FIN25A9,
KARI TAPIO,MUN SYDÄMENI TÄNNE JÄÄ,M,MDV23,
KARI TAPIO,MYRSKYN JÄLKEEN,MF,FIN28A1,
KARI TAPIO,MYRSKYN JÄLKEEN,K,POW01,
KARI TAPIO,MYRSKYN JÄLKEEN,M,MDV23,
KARI TAPIO,MYRSKYN JÄLKEEN,C,RV@EV CHANNEL,07.08.2020
KARI TAPIO,MÄ LUULEN VAIN,M,MEL46Z,
KARI TAPIO,NAINEN,MF,FIN46B2,
KARI TAPIO,NAINEN,M,MDV59,
KARI TAPIO,NÄIN KÄY,M,MEL44X,
KARI TAPIO,OLEN KUULLUT ON KAUPUNKI TUOLLA,C,MELPLAY,05.03.2020
KARI TAPIO,OLEN ONNELLINEN,MF,FIN42B2,
KARI TAPIO,OLEN SUOMALAINEN,MF,FIN1A9,
KARI TAPIO,OLEN SUOMALAINEN,MF,FIN36,
KARI TAPIO,OLEN SUOMALAINEN,K,POW03,
KARI TAPIO,OLEN SUOMALAINEN,M,MDV11,
KARI TAPIO,ON NIIN YKSIN,M,MEL18Z,
KARI TAPIO,ON NIIN YKSIN,C,MELPLAY,04.07.2022
KARI TAPIO,ON YKSI RUUSU,M,MEL13Z,
KARI TAPIO,ONNETTAREN POIKA,C_O,POY,18.09.2024
KARI TAPIO,OP EH OP,C_O,POY,18.09.2024
KARI TAPIO,OSUIT OIKEAAN,M,MEL13Z,
KARI TAPIO,PAALUPAIKKA,K,LK07,
KARI TAPIO,PAALUPAIKKA,M,MEL41Z,
KARI TAPIO,PAALUPAIKKA,M,POW19,20.03.2026
KARI TAPIO,PELURI,M,MEL07,
KARI TAPIO,PILVI TAIVAAN PEITTÄÄ,M,MDV63,
KARI TAPIO,POIS LÄHTEE MAAILMAIN,M,MEL27X,
KARI TAPIO,PORTOFINO,M,MEL51Z,
KARI TAPIO,PORTUGALIN HUHTIKUU,MF,FIN32B6,
KARI TAPIO,POTKI POTKI SÄ VAIN,M,MEL47Z,
KARI TAPIO,PYHÄ LUCIA,C,TUOTTAJA,02.12.2025
KARI TAPIO,PÄIVIN ILLOIN,C_O,POY,18.09.2024
KARI TAPIO,RANNAN TAVERNASSA,MF,FIN52,
KARI TAPIO,RANNAN TAVERNASSA KERRAN,M,MEL05Z,
KARI TAPIO,REBECCA,M,MEL46Z,
KARI TAPIO,ROMANELLA,M,MEL36Z,
KARI TAPIO,SAANHAN MENNÄ LUOTAS POIS,M,MDV69,
KARI TAPIO,SE JOKIN ALKAA,K,MG06,
KARI TAPIO,SE JOKIN ALKAA,M,MEL44X,
KARI TAPIO,SEN EKI TEKI VAAN,K,POW10,
KARI TAPIO,SEN TUNNUSTAN,M,MEL46Z,
KARI TAPIO,SIELU SYDÄN JA KYYNELEET,K,POW11,
KARI TAPIO,SIELU SYDÄN JA KYYNELEET,M,MEL22X,
KARI TAPIO,SINUT TULEN AINA MUISTAMAAN,MF,FIN46A8,
KARI TAPIO,SINUT TULEN AINA MUISTAMAAN,M,MEL03,
KARI TAPIO,SINUT TULEN AINA MUISTAMAAN,C,MELPLAY,19.01.2021
KARI TAPIO,SINÄ SUNNUNTAINA SILLOIN,M,MEL24X,
KARI TAPIO,SOITTAJAN VAIMO,M,MDV08,
KARI TAPIO,SOLENZARA,M,MDV58,
KARI TAPIO,SUUDELMIN SULJETUT KIRJEET (SEALED WITH A KISS),C,FIAT,01.09.2026
KARI TAPIO,SYDÄMENI LYÖ,M,MDV66,
KARI TAPIO,SYDÄMESI MUUKALAINEN,C_O,POY,16.03.2023
KARI TAPIO,SYDÄNPUOLI SÄÄTÄ VASTEN,M,MEL54,
KARI TAPIO,SYYS SURUMIELINEN,M,MEL24X,
KARI TAPIO,SYYS SURUMIELINEN,C,MELPLAY,05.07.2022
KARI TAPIO,SYYS TULLA VOI VARHAIN,M,MEL49Z,
KARI TAPIO,TAISTELIJA,M,MEL45Z,
KARI TAPIO,TAISTELIJA,C_O,POY,03.11.2025
KARI TAPIO,TALVEN YLI,C_O,POY,01.09.2025
KARI TAPIO,TANSSI LOPPUUN RAKKAUDEN,M,MDV06,
KARI TAPIO,TANSSI LOPPUUN RAKKAUDEN,C,SINGA,29.10.2022
KARI TAPIO,TOINEN SENSSI,M,SK4,
KARI TAPIO,TOISENLAISET VEET,M,MEL18Z,
KARI TAPIO,TOISET ON LUOTUJA KULKEMAAN,K,LK06,
KARI TAPIO,TUULI KÄÄNTYKÖÖN,M,MDV68,
KARI TAPIO,TYTTÖ KUIN TAIVAASTA,M,MEL15Z,
KARI TAPIO,TÄHTI JA MERIPOIKA,M,MDV11,
KARI TAPIO,TÄHTI JA MERIPOIKA (FOX),M,COV06,
KARI TAPIO,TÄNÄÄN RUUSUT NÄÄ KUKKII VAIN SULLE,K,POW08,
KARI TAPIO,TÄNÄÄN RUUSUT NÄÄ KUKKII VAIN SULLE,M,MEL67,
KARI TAPIO,TÄÄ KÄSI PITÄÄ,M,MEL16Z,
KARI TAPIO,VALAISE YÖ,M,MEL47Z,
KARI TAPIO,VALAISE YÖ,C,MAGNUM (POY),14.07.2022
KARI TAPIO,VALENTINA,M,MEL45Z,
KARI TAPIO,VALOON PÄIN,MF,FIN44A2,
KARI TAPIO,VALOON PÄIN,C_O,POY,03.11.2025
KARI TAPIO,VALOT,M,MEL45Z,
KARI TAPIO,VIELÄ KERRAN,M,COV14,
KARI TAPIO,VIELÄ KERRAN,M,COV23,
KARI TAPIO,VIIMEINEN VALSSI,M,COV06,
KARI TAPIO,VIIMEINEN VALSSI,M,MEL55X,
KARI TAPIO,VIIMEISEEN PISARAAN,M,MEL50X,
KARI TAPIO,VIISITOISTA KESÄÄ,MF,FIN19B2,
KARI TAPIO,VIISITOISTA KESÄÄ,K,POW16,
KARI TAPIO,VIISITOISTA KESÄÄ,M,MDV11,
KARI TAPIO,VILLI NAINEN,M,MEL38Z,
KARI TAPIO,VIOLETTA,M,MDV23,
KARI TAPIO,YÖN TUULI VAIN,M,MDV61,
KARI TAPIO,ÄITI VALVOO,M,MEL45Z,
KARI TAPIO,ÄITI VALVOO,C,MAGNUM,21.07.2022
KARI TAPIO,ÄLÄ LÄHDE POIS,M,MDV09,
KARI TAPIO (OLAVI VIRTA),MEREN KUISKETTA (IL MARE NEL CASETTO),M,COV08,
KARI TAPIO & PAULA KOIVUNIEMI,MISSISSIPPI,M,MEL34Z,
KARI VEPSÄ,ISÄN TYTTÖ,M,COV23,
KARI VEPSÄ,NÄÄN SINUT VIELÄ,MF,FIN39A4,
KARI VEPSÄ,ONNENMAA,MF,FIN30A3,
KARI VEPSÄ,SATEINEN ILTA,M,COV11,
KASEVA,HYVÄÄ HUOMENTA SUOMI,K,POW06,
KARMA,MANJANA,M,MDV09,
KARMA,ROCK'N ROLL TAAS SOI,K,POW07,
KARMA,ROCK'N ROLL TAAS SOI,M,M60'S,
KARMA,WIG WAM BAM,K,LK05,
KARMA,WIG WAM BAM,M,MDV08,
KARMA,WIG WAM BAM,M,MEL70'S,
KARRI KOIRA,LÄHE MUN KAA,K,LK21,
KARRI KOIRA,LÄHE MUN KAA,M,SAT08,
KARU,PITKÄÄN POISSA,C,TUOTTAJA,21.02.2023
KARMA,HYVÄÄ HUOMENTA SUOMI,C,PIANO KARAOKE,27.08.2020
KASEVA,IKÄVÄ,C_O,POY,20.05.2026
KASEVA,KUN MAAILMA ELÄÄ,M,MEL42Z,
KASEVA,MARI,M,MEL01Z,
KASEVA,MONEN VUODEN JÄLKEEN,M,MDV57,
KASEVA,PENA,M,MDV06,
KASEVA,STRIPTEASE TANSSIJA,MF,FIN35A4,
KASEVA,STRIPTEASE TANSSIJA,M,MDV57,
KASEVA,TYHJÄÄ,M,MEL04X,
KASEVA,VANHA MIES,M,COV14,
KASMIR,AMEN,M,SAT18,
KASMIR,IHOLLA,M,LK24,
KASMIR,IHOLLA,M,MDV63,
KASMIR,VADELMAVENE,M,LK23,
KASMIR,VADELMAVENE,M,SAT13,
KASMIR FT SAARA,VAUVOJA,M,LK25,
KASMIR FT SAARA,VAUVOJA,M,SAT16,
KATARIINA HONKANEN,SILTA,M,MEL13Z,
KATARIINA HÄNNINEN,KUOLEMATON,K,POW18SR4,
KATARIINA HÄNNINEN,KUOLEMATON,M,MEL33X,
KATARIINA HÄNNINEN,PALA TAIVASTA,M,MEL42Z,
KATE,PERPETUUM MOBILE (EST),M_U,EST4,
KATE BUSH,WUTHERING HEIGHTS,K,XP2,
KATI FORS,KARATAAN,K,MG06,
KATI FORS,SIELUNI SIIVET,M,MEL45Z,
KATJA KÄTKÄ,HYVÄÄ ILTAA,C,KANSANLAULUT,17.08.2022
KATJA KÄTKÄ,HÄÄMATKA,C,KANSANLAULUT,02.07.2024
KATJA KÄTKÄ,TUONNE TAAKSE METSÄMAAN,C,KANSANLAULUT,02.07.2024
KATJA LUKIN,HERRA KÄDELLÄSI,C,FIAT,25.05.2026
KATRA,TUONELAN SUUDELMA,M,MEL48Z,
KATRI HELENA,ALMAZ ONNEN LAPSI,MF,FIN38A9,
KATRI HELENA,ALMAZ ONNEN LAPSI,M,MEL40X,
KATRI HELENA,ALMAZ ONNEN LAPSI,C,MAURIK,30.03.2022
KATRI HELENA,ANNA MULLE TÄHTITAIVAS,MF,FIN40B15,
KATRI HELENA,ANNA MULLE TÄHTITAIVAS,MF,FIN6A1,
KATRI HELENA,ANNA MULLE TÄHTITAIVAS,K,POW02,
KATRI HELENA,ANNA MULLE TÄHTITAIVAS,M,MDV23,
KATRI HELENA,ANNA MULLE TÄHTITAIVAS,C,POWER,03.12.2014
KATRI HELENA,ANTEEKSI SUO,MF,FIN39B1,
KATRI HELENA,ANTEEKSI SUO,M,MDV14,
KATRI HELENA,AURINKOON,C_O,POY,05.03.2026
KATRI HELENA,BRASILERO,K,POW07,
KATRI HELENA,BUDAPESTIN SILLAT,MF,FIN37B6,
KATRI HELENA,BUDAPESTIN SILLAT,M,MEL43Z,
KATRI HELENA,EI KAUNIIMPAA,MF,FIN14B3,
KATRI HELENA,EI KAUNIIMPAA,K,POW03,
KATRI HELENA,EI KAUNIIMPAA,M,MEL34Z,
KATRI HELENA,HYMY,MF,FIN45B12,
KATRI HELENA,HYMY,MF,FIN4B5,
KATRI HELENA,JIN JA JANG,M,MEL42Z,
KATRI HELENA,JOHNNY BLUE,MF,FIN32B2,
KATRI HELENA,JOHNNY BLUE,M,MEL46Z,
KATRI HELENA,JOULUMAA,M,MJK1,
KATRI HELENA,JULISKA,MF,FIN47B5,
KATRI HELENA,JULISKA,M,MEL43Z,
KATRI HELENA,KAI LAULAA SAAN,MF,FIN22B1,
KATRI HELENA,KAI LAULAA SAAN,M,MEL70'S,
KATRI HELENA,KAI MUISTAT SEN,M,MEL13Z,
KATRI HELENA,KAIHONKUKKA,M,COV07,
KATRI HELENA,KAKSI MAAILMAA,M,MEL42Z,
KATRI HELENA,KATSON AUTIOTA HIEKKARANTAA,MF,FIN2A2,
KATRI HELENA,KATSON AUTIOTA HIEKKARANTAA,MF,FIN35A12,
KATRI HELENA,KATSON AUTIOTA HIEKKARANTAA,K,POW01,
KATRI HELENA,KATSON AUTIOTA HIEKKARANTAA,M,MDV23,
KATRI HELENA,KATSON SINEEN TAIVAAN,MF,FIN22A5,
KATRI HELENA,KATSON SINEEN TAIVAAN,K,LK07,
KATRI HELENA,KATSON SINEEN TAIVAAN,M,MEL34Z,
KATRI HELENA,KATSON SINEEN TAIVAAN,C,FINNKARAOKE,02.07.2024
KATRI HELENA,KESÄNLAPSI,M,MEL62,
KATRI HELENA,KIRJE SULLE,M,MDV12,
KATRI HELENA,KUKAT KELLOJANI SOITTAA,M,SK1A8,
KATRI HELENA,KULKURIEN KUNINGAS,M,KK2,
KATRI HELENA,KUN KELLOHAME HEILAHTAA,MF,FIN39A1,
KATRI HELENA,KUN KELLOHAME HEILAHTAA,M,MEL39X,
KATRI HELENA,KUN KELLOHAME HEILAHTAA,C,FINNKARAOKE,05.08.2020
KATRI HELENA,KUN KOHDATTIIN,K,KONEPC,
KATRI HELENA,KUUDENIKÄINEN,MF,FIN29A10,
KATRI HELENA,KUUDENIKÄINEN,M,MEL46Z,
KATRI HELENA,LADY LOVE,K,POW17,
KATRI HELENA,LETKIS,K,POW04,
KATRI HELENA,LINTU JA LAPSI,MF,FIN10B2,
KATRI HELENA,LINTU JA LAPSI,M,MEL26X,
KATRI HELENA,LUI,MF,FIN26A6,
KATRI HELENA,LUI,M,MEL34Z,
KATRI HELENA,LUI,C,FINNHITS (POY),07.08.2022
KATRI HELENA,LÄHEMMÄKSI,MF,FIN14A2,
KATRI HELENA,MAAILMAN PIHAPUUT,MF,FIN47B3,
KATRI HELENA,ME TEIMME SEN,MF,FIN31B1,
KATRI HELENA,MIKSI ET VIEREEN JÄÄ,M,MEL44X,
KATRI HELENA,MILJOONA RUUSUA,M,MDV11,
KATRI HELENA,MILJOONA RUUSUA (MILLION ROZ),C,NIKOKARRAS,29.10.2022
KATRI HELENA,MINNE TUULI KULJETTAA,MF,FIN24B1,
KATRI HELENA,MINNE TUULI KULJETTAA,M,MEL41Z,
KATRI HELENA,MINÄ TOIVON,M,MEL29X,
KATRI HELENA,MISSÄ OOT,M,MDV06,
KATRI HELENA,MUN SYDÄMENI TÄNNE JÄÄ,MF,FIN20B1,
KATRI HELENA,MÄ PÄIVÄNSÄTEEN NÄIN KERRAN,MF,FIN29B7,
KATRI HELENA,NUORUUS ON SEIKKAILU,MF,FIN30A4,
KATRI HELENA,NUORUUS ON SEIKKAILU,M,MEL46Z,
KATRI HELENA,NUORUUS ON SEIKKAILU,C_O,POY,14.09.2022
KATRI HELENA,NÄIN ALKAA RAKKAUS,MF,FIN13A1,
KATRI HELENA,OLEN ELOSSA TAAS (STILL ALIVE),M,MDV59,
KATRI HELENA,ON ELÄMÄ LAULU,MF,FIN34B6,
KATRI HELENA,ONNEN ONKIJA,K,MG06,
KATRI HELENA,ONNEN ONKIJA,M,MEL49Z,
KATRI HELENA,PALMAN MAININGIT,M,MEL07,
KATRI HELENA,PALOMA BLANCA,MF,FIN12A9,
KATRI HELENA,PALOMA BLANCA,K,LK02,
KATRI HELENA,PUHELINLANGAT LAULAA,MF,FIN2B5,
KATRI HELENA,PUHELINLANGAT LAULAA,MF,FIN40A13,
KATRI HELENA,PUHELINLANGAT LAULAA,C,FINNKARAOKE,02.07.2024
KATRI HELENA,RAKKAUS,MF,FIN42A6,
KATRI HELENA,SOITTAJA,K,POW12,
KATRI HELENA,SUA RAKASTAN,M,MEL13Z,
KATRI HELENA,SYDÄNTANGO,MF,FIN40A5,
KATRI HELENA,SYDÄNTANGO,C_O,POY,01.11.2022
KATRI HELENA,SYYSUNELMA,MF,FIN36,
KATRI HELENA,SYYSUNELMA,MF,FIN3A8,
KATRI HELENA,SYYSUNELMA,K,POW15,
KATRI HELENA,SYYSUNELMA,M,MEL26X,
KATRI HELENA,TULE LUO,MF,FIN35B14,
KATRI HELENA,TULE LUO,MF,FIN7A2,
KATRI HELENA,TUMMA POIKAMIES,M,COV11,
KATRI HELENA,UNTEN ERÄMAA,MF,FIN38B4,
KATRI HELENA,UNTEN ERÄMAA,C,SINGA,16.11.2022
KATRI HELENA,VAIN HIEMAN RAUHAA,MF,FIN33A9,
KATRI HELENA,VALHEITA VAIN,M,MEL42Z,
KATRI HELENA,VASTEN AURINGON SILTAA,M,COV23,
KATRI HELENA,VASTEN AURINGON SILTAA,MF,FIN17A5,
KATRI HELENA,VIE MINUT,MF,FIN20A1,
KATRI HELENA,VIERAS SISAR,M,MDV57,
KATRI HELENA,VIIMEINEN KUULUTUS,M,MEL40X,
KATRI HELENA,VIRTA VIE,M,MDV09,
KATRI HELENA,ÄLÄ ELÄMÄÄ PELKÄÄ,M,SK1B2,
KATRI HELENA,ÄÄNESI MÄ KUULEN,MF,FIN37B2,
KATRI HELENA,ÄÄNESI MÄ KUULEN,M,MEL41Z,
KATRI JA JARI,VIERELLESI KAIPAAN,M,MEL47Z,
KATRI METSO,HYVÄSTI HUOMINEN,M,MEL53PRO,
KATRI YLANDER,AAMUAURINKOON,C_O,POY,06.08.2025
KATRI YLANDER,MANSIKKAMÄKI,K,LK09,
KATRI YLANDER,ONKO VIELÄ AIKAA,K,LK09,
KATRI YLANDER,ONKO VIELÄ AIKAA,M,MEL45Z,
KATRI YLANDER,VALEHDELLAAN,M,MEL54,
KATRI YLANDER,VUOROLLAAN,K,LK09,
KATRINA & THE WAVES,WALKING ON SUNSHINE,K,XP4,
KATY PERRY,I KISSED A GIRL,C,SINGKING,25.10.2022
KATY PERRY FT TIMBALAND,IF WE EVER MEET AGAIN,C,POCKET24,04.08.2022
KAUKO KÄYHKÖ,IRJA,MF,FIN3B6,
KAUKO KÄYHKÖ,IRJA,MF,FIN41A13,
KAUKO KÄYHKÖ,IRJA,M,MEL43Z,
KAUKO KÄYHKÖ,IRJA,C,FINNHITS (POY),22.02.2023
KAUKO KÄYHKÖ,KALASTAJA EEMELIN VALSSI,MF,FIN16B10,
KAUKO KÄYHKÖ,KALASTAJA EEMELIN VALSSI,M,MELVALS,
KAUKO KÄYHKÖ,KULJEN YKSIN AUTIOLLA TIELLÄ,C,MAURIK,14.11.2022
KAUKO KÄYHKÖ,KUUBALAINEN SERENADI,MF,FIN25B10,
KAUKO KÄYHKÖ,RAKASTAN ELÄMÄÄ,MF,FIN8B4,
KAUKO KÄYHKÖ,REMPALLAAN,MF,FIN16B8,
KAUKO KÄYHKÖ,REMPALLAAN,M,MEL30X,
KAUKO KÄYHKÖ,REMPALLAAN,C_O,POY,21.02.2022
KAUKO KÄYHKÖ,TUNTURISATU,MF,FIN17B3,
KAUKO KÄYHKÖ,TUNTURISATU,M,MEL34N,
KAUKO KÄYHKÖ,TUNTURISATU,C,FINNHITS,18.10.2015
KAUKO RÖYHKÄ,LAURALLE,MF,FIN45B6,
KAUKO RÖYHKÄ,PIKKU ENKELI,M,SAT01,
KAUKO RÖYHKÄ,SINÄ,K,LK16,
KEANE,BEND AND BREAK,K,XP3,
KEANE,CAN'T STOP NOW,K,XP3,
KEANE,IS IT ANY WONDER,K,XP3,
KEANE,IS IT ANY WONDER,C,CCKARAOKE,06.08.2024
KEANE,SOMEWHERE ONLY WE KNOW,C,ZOOM,11.09.2023
KEBA,KESÄ ESPALLA,K,POW18SR4,
KEIJO MINERVA,SAMAA KEHÄÄ KÄYN,C,FIAT,23.08.2026
KEKO SALATA,MINÄ JA MUN AJATUKSET,C,FIAT,25.05.2026
KELLY CLARKSON,BECAUSE OF YOU,K,XP3,
KELLY CLARKSON,BREAKAWAY,K,XP3,
KELLY CLARKSON,NEVER AGAIN,K,XP4,
KELLY CLARKSON,WALK AWAY,K,XP3,
KELLY OSBOURNE,ONE WORD,K,XP2,
KELLY OSBOURNE,PAPA DON'T PREACH,M,PT1,
KEMOPETROL,CHILD IS MY NAME,C,KUNINGAS,17.04.2026
KENNY LOGGINS,FOOTLOOSE,K,XP3,
KENNY ROGERS,LADY,C,KTV,13.08.2018
KENNY ROGERS,RUBY DON'T TAKE YOU'S LOVE TO TOWN,K,XP1,
KENNY ROGERS,THE GAMBLER,K,XP2,
KENNY ROGERS,THE GAMBLER,C,SUNFLY,13.12.2019
KENT,KÄRLEKEN VÄNTAR (SWE),M_U,SWE,
KENTUCKY HEADHUNTERS,OH LONESOME ME,C,CLOUD,25.04.2022
KERKKO KOSKINEN KOLLEKTIIVI,LAURA PALMER,K,LK19,
KERKKO KOSKINEN KOLLEKTIIVI,LAURA PALMER,M,SAT09,
KESHA,TIK TOK,C,SINGKING,29.04.2018
KICKE PAANANEN,VILLIÄINEN,M,MEL55X,
KID ROCK,BAWITDABA,C,LETSSING,02.08.2024
KID ROCK,COWBOY,C,ADVISORY,02.08.2024
KID ROCK FT SHERYL CROW,PICTURE,C,ZOOM,25.09.2022
KIDS KARAOKE,WHAT SHALL WE DO WITH THE DRUNKEN SAILOR,C,ZOOM,16.05.2023
KIKKA,AITO FRENDI,M,MEL42Z,
KIKKA,ANNA RAKAS RAJU HETKI,C_O,POY,13.03.2024
KIKKA,HUONE 105,M,SAT02,
KIKKA,KAIKKI LÄHTEE AIKANAAN,C,FIAT,25.05.2026
KIKKA,KIIHKEÄT TUULET,K,KONEPC,
KIKKA,KIKKA POTPURI,M,COV23,
KIKKA,KÄYRÄ NOUSEMAAN,M,COV22,
KIKKA,MÄ HALUUN VIIHDYTTÄÄ,M,MEL01Z,
KIKKA,PARHAAT PUOLENI,M,MDV69,
KIKKA,RAKKAUDEN TALO,M,COV06,
KIKKA,RAKKAUDEN TALO,M,MDV68,
KIKKA,SUKKULA VENUKSEEN,MF,FIN21A3,
KIKKA,SUKKULA VENUKSEEN,M,MEL39X,
KIKKA,SUKKULA VENUKSEEN (REMIX),C,FIAT,03.09.2026
KIKKA,TARTU TIUKASTI HANURIIN,MF,FIN23A1,
KIKKA,TARTU TIUKASTI HANURIIN,K,POW04,
KIKKA,TARTU TIUKASTI HANURIIN,M,MEL41Z,
KIKKA LAITINEN,DA,M,MG19,20.03.2026
KILPI,NEROKASTA IKÄVÄÄ,M,HEVI 4,
KILPI,NEROKASTA IKÄVÄÄ,K,POW18SR4,
KILPI,SIELUT ISKEE TULTA,M,HEVI 4,
KILPI,SIELUT ISKEE TULTA,K,POW18SR4,
KIM CARNES,BETTE DAVIS EYES,C,CHANNEL,25.04.2022
KIM CARNES,BETTE DAVIS EYES,M,MP&R2,
KIM FLOOR & PÄIVI PAUNU,MUISTATHAN,M,MEL36Z,
KIM LÖNNHOLM,LAINATUT LAUSEET,C_O,POY,03.09.2024
KIM LÖNNHOLM,MINÄ OLEN MUISTANUT,MF,FIN2A3,
KIM LÖNNHOLM,MINÄ OLEN MUISTANUT,MF,FIN40A14,
KIM LÖNNHOLM,MINÄ OLEN MUISTANUT,C,FINNHITS,31.10.2016
KIM WILDE,KIDS IN AMERICA,M,MP&R1,
KIM WILDE,YOU KEEP ME HANGIN' ON,M,PIO13B2,
KIMMO KUUSNIEMI BAND,TUHANNEN MEGAWATIN TOTUUS,M,HEVI 3,
KINGS OF LEON,SEX ON FIRE,C,SINGKING,25.04.2022
KINGSTON WALL,AND I HEAR YOU CALL,C_O_UK,POY,27.04.2024
KINGSTON WALL,FIRE,C_O_UK,POY,24.03.2023
KINGSTON WALL,I'M NOT THE ONE,C_O_UK,POY,30.07.2024
KINGSTON WALL,SHINE ON ME,C,KUNINGAS,02.12.2025
KINGSTON WALL,SHINE ON ME,C_O_UK,POY,27.09.2024
KINGSTON WALL,USED TO FEEL BEFORE,C_O_UK,POY,09.08.2024
KINGSTON WALL,WITH MY MIND,C_O_UK,POY,23.07.2024
KIPPARIKVARTETTI,KISÄLLIT KESÄLLÄ,M,KK4,
KIPPARIKVARTETTI,MUURARI,MF,FIN7B7,
KIPPARIKVARTETTI,SAIMAAN VALSSI,C,MAURIK,16.11.2022
KIRKA,ALKU KAIKEN KAUNIIN,MF,FIN29A9,
KIRKA,ALKU KAIKEN KAUNIIN,M,MEL46Z,
KIRKA,ANNA KÄSI,MF,FIN15A1,
KIRKA,DAA DA DAA DA,K,LK02,
KIRKA,DANIEL,C_O,POY,22.09.2024
KIRKA,DEN GLIDER IN,MF,FIN18A1,
KIRKA,EHKÄ SUUKON ANTAA SAAN,MF,FIN13A9,
KIRKA,EI RAKKAUS YÖTÄ PELKÄÄ,C_O,POY,14.07.2024
KIRKA,ELÄMÄÄNI EKSYNYT,K,LK06,
KIRKA,ELÄMÄÄNI EKSYNYT,M,MEL38Z,
KIRKA,HENGAILLAAN,MF,FIN23B2,
KIRKA,HENGAILLAAN,K,LK02,
KIRKA,HENGAILLAAN,M,MEL41Z,
KIRKA,HENGAILLAAN,C,KARAOKETÄHTI,02.07.2024
KIRKA,HETKEN UNTA VAIN,C_O,POY,05.09.2024
KIRKA,HETKI LYÖ,MF,FIN2B1,
KIRKA,HETKI LYÖ,MF,FIN38B12,
KIRKA,HETKI LYÖ,K,POW04,
KIRKA,HETKI LYÖ,M,MEL53PRO,
KIRKA,HETKI LYÖ,C,POWER,12.11.2020
KIRKA,I'LL BE YOURS,C_O_UK,POY,12.05.2024
KIRKA,IN MY DREAMS,C_O_UK,POY,02.03.2024
KIRKA,KAKSIN RANNALLA YKSINÄISET,MF,FIN33B7,
KIRKA,KANELIPUUN ALLA,M,MEL70'S,
KIRKA,KULMAN KUNDIT,MF,FIN34B4,
KIRKA,KULMAN KUNDIT,M,M60'S,
KIRKA,KUN ALKAA ROCK'N ROLL,M,M60'S,
KIRKA,KYYNELEET,C_O,POY,29.03.2023
KIRKA,KYYNELEET,M,POW19,20.03.2026
KIRKA,LADY TÄÄ ON ELÄMÄÄ,C_O,POY,24.08.2025
KIRKA,LEIJAT,MF,FIN12A10,
KIRKA,LEIJAT,M,MEL46Z,
KIRKA,LEIJAT,C_O,POY,16.05.2023
KIRKA,MAGGIE MAY,C_O,POY,22.07.2026
KIRKA,MAMY BLUE,MF,FIN34A5,
KIRKA,MAMY BLUE,M,MEL41Z,
KIRKA,MUISTOJA MUISTOJA VAIN,C_O,POY,23.01.2025
KIRKA,NIIN PALJON SE SATTUU,M,COV17,
KIRKA,NIIN PALJON SE SATTUU,MF,FIN19A3,
KIRKA,ODOTAN SINUA KOTIIN,M,MDV66,
KIRKA,OTA LÄHELLESI,MF,FIN34A4,
KIRKA,OTA LÄHELLESI,M,MEL62,
KIRKA,PIKKUVELI,K,LK05,
KIRKA,PYYDÄ VAIN,K,POW10,
KIRKA,PYYDÄ VAIN,M,MEL48Z,
KIRKA,PÄÄSI RINNAILLEIN PAINUU,M,MEL70'S,
KIRKA,PÄÄSI RINNALLEIN PAINUU,MF,FIN37B11,
KIRKA,PÄÄSI RINNALLEIN PAINUU,MF,FIN3A9,
KIRKA,PÄÄSKYNEN,C_O,POY,05.09.2024
KIRKA,R O C K,C_O_UK,POY,06.06.2024
KIRKA,SATEINEN PÄIVÄ,C_O,POY,05.09.2024
KIRKA,SILTA YLI SYNKÄN VIRRAN,MF,FIN19A7,
KIRKA,SILTA YLI SYNKÄN VIRRAN,M,MEL70'S,
KIRKA,SISKOSEIN,C_O,POY,29.12.2024
KIRKA,SOITIN VAIN KUN TAAS SUA KAIPAAN,K,LK05,
KIRKA,SOITIN VAIN KUN TAAS SUA KAIPAAN,M,MEL03,
KIRKA,STRANGERS IN THE NIGHT,C_O_UK,POY,06.02.2024
KIRKA,SURUN PYYHIT SILMISTÄNI,MF,FIN1A1,
KIRKA,SURUN PYYHIT SILMISTÄNI,MF,FIN38A11,
KIRKA,SURUN PYYHIT SILMISTÄNI,K,POW02,
KIRKA,SURUN PYYHIT SILMISTÄNI,M,MDV11,
KIRKA,SURUN PYYHIT SILMISTÄNI,C,KARAOKETÄHTI,18.07.2024
KIRKA,SUSANNA,K,POW04,
KIRKA,SÄ VAIN,M,MEL44X,
KIRKA,TIE HUOMISEEN,M,MEL01Z,
KIRKA,TUNNE ET MUA VIELÄKÄÄN,MF,FIN36,
KIRKA,TUNNETKO,MF,FIN32A5,
KIRKA,TUNNETKO,M,MEL41Z,
KIRKA,VARRELLA VIRRAN,MF,FIN1A10,
KIRKA,VARRELLA VIRRAN,MF,FIN39B11,
KIRKA,VARRELLA VIRRAN,K,POW02,
KIRKA,VARRELLA VIRRAN,M,MEL39X,
KIRKA,VARRELLA VIRRAN,C,POWER,03.12.2014
KIRKA,VENUS,MF,FIN22A6,
KIRKA,VENUS,M,MEL70'S,
KIRKA,VIIMEISEEN MIEHEEN,MF,FIN18A7,
KIRKA,VIIMEISEEN MIEHEEN,M,MEL70'S,
KIRKA,YÖN LAPSI,M,MEL48Z,
KIRKA & ISLANDERS,ROCK'N ROLL HOOCIE KOO,M,M60'S,
KIRKA & ISLANDERS,TAAS NOUSEN JUNAAN,M,MEL70'S,
KIRKA & SAMMY,MRS ROBINSON,M,MEL70'S,
KIRKA JA ANNA,SINUT HALUAN VAIN,K,POW10,
KIRKA JA ANNA,SINUT HALUAN VAIN,M,MEL70'S,
KIRSI RANTO,ANNA MUN TULLA KOTIIN,M,MEL55X,
KIRSI RANTO,CIAO ROMERO,M,COV11,
KIRSI RANTO,CIAO ROMERO,M,SK1B8,
KIRSI RANTO,EI JAKSA KIINNOSTAA,M,MEL30X,
KIRSI RANTO,KESYTÖN,K,POW12,
KIRSI RANTO,LONTOOSEEN,M,MEL33X,
KIRSI RANTO,MARGARITA,M,MEL18Z,
KIRSI RANTO,ONNEN PÄIVÄT,M,MEL27X,
KIRSI RANTO,SIIHEN KAKSI TARVITAAN,K,POW12,
KIRSI RANTO,SOITELLAAN,K,POW07,
KIRSI RANTO,SOITELLAAN,M,MEL62,
KISS,BLACK DIAMOND,C,HEAVY,02.08.2024
KISS,CALLING DR LOVE,C,CCKARAOKE,02.08.2024
KISS,COLD GIN,C,SINCROELSANGRON,02.08.2024
KISS,CRAZY CRAZY NIGHTS,C,ZOOM,26.03.2018
KISS,CREATURES OF THE NIGHT,C,KARAFUN,03.08.2024
KISS,DETROIT ROCK CITY,K,XP2,
KISS,DETROIT ROCK CITY,C,VOCALSTAR,03.08.2024
KISS,DEUCE,C,HEAVY,03.08.2024
KISS,FIREHOUSE,C,HEAVY,04.08.2024
KISS,GOD GAVE ROCK 'N' ROLL TO YOU II,C,SUNFLY,05.08.2024
KISS,GOD OF THUNDER,C,VOCALSTAR,05.08.2024
KISS,GOIN' BLIND,C,HEAVY,05.08.2024
KISS,HARD LUCK WOMAN,C,KARAFUN,05.08.2024
KISS,HEAVEN'S ON FIRE,C,KARAFUN,05.08.2024
KISS,I LOVE IT LOUD,C,CHANNEL,05.08.2024
KISS,I WAS MADE FOR LOVIN' YOU,M,HR1,
KISS,I WAS MADE FOR LOVING YOU,K,XP3,
KISS,I WAS MADE FOR LOVING YOU,C,MELPLAY,02.07.2024
KISS,LICK IT UP,C,PUNK MEDIA,08.08.2024
KISS,LOVE GUN,K,XP2,
KISS,LOVE GUN,C,CHANNEL,09.08.2024
KISS,PLASTER CASTER,C,UNPLUGGED LIVE,13.08.2024
KISS,PSYCHO CIRCUS,C,VOCALSTAR,13.08.2024
KISS,ROCK AND ROLL ALL NITE,M,HR1,
KISS,ROCK AND ROLL ALL NITE,C,PARTYTYME,13.08.2024
KISS,ROCK AND ROLL ALL NITE,M,ROCK,
KISS,SHOUT IT OUT LOUD,C,HEAVY,14.08.2024
KISS,STRUTTER,C,SBI,15.08.2024
KISS,SURE KNOW SOMETHING,C,HEAVY,15.08.2024
KISS,TEARS ARE FALLING,C,LYRICEDITOR,16.08.2024
KISS,YOU WANTED THE BEST,C,SOUNDCHOICE,18.08.2024
KISU,ALAHAN TULLA,M,MEL70'S,
KISU,ALLA POLTTAVAN AURINGON,M,MDV09,
KISU,ANNA HETKEKSI SYDÄMES,M,POW19,20.03.2026
KISU,HASTA MAÑANA,M,MEL46Z,
KISU,HENGISSÄ,M,MEL47Z,
KISU,JOKAISEEN PÄIVÄÄN NIIN PALJON MAHTUU,M,MEL33X,
KISU,KULJEN PUISTOON PÄIN,M,MDV08,
KISU,KUN PALJON ANTAA,MF,FIN30A10,
KISU,KUN PALJON ANTAA,M,MEL46Z,
KISU,KUN PALJON ANTAA,C,FINNKARAOKE,04.07.2021
KISU,LÄHDIT TAAKSE PILVIEN,M,MEL45Z,
KISU,MEIDÄN ON TÄYSIKUU,M,MEL45Z,
KISU,MIHIN IKINÄ SÄ MEET,C_O,POY,09.01.2025
KISU,ONNESTAIN ON PUOLET SINUN,M,MEL70'S,
KISU,SINUN RAKKAUTESI,C_O,POY,11.01.2025
KISU,STOP THE MUSIC,C_O_UK,POY,30.05.2024
KISU,SUN JA MUN (RUNAWAY),M,MEL07,
KISU,TOUKOKUU,M,MEL01Z,
KISU,TUNTEET,MF,FIN4A4,
KISU,UNEEN AIKA VAIPUU,MF,FIN29B1,
KISU,UNEEN AIKA VAIPUU,M,MEL39X,
KISU,UNEEN AIKA VAIPUU,C,MAURIK,15.11.2022
KISU,VIIKONLOPPU,C_O,POY,08.04.2026
KISU,VÄLIÄKÖS SILLÄ SITTEN ON,M,MEL13Z,
KITI NEUVONEN,NUORUUSTANGO,MF,FIN23B7,
KITI NEUVONEN,NUORUUSTANGO,M,MEL41Z,
KIUAS,WARRIOR SOUL,M,HEVI 2,
KLAMYDIA,AKU ANKKA LAULU,C_O,POY,04.04.2025
KLAMYDIA,KAUNEHIN OOT,C_O,POY,06.11.2024
KLAMYDIA,KOOMIKON KYYNELEET,C,3700,15.11.2025
KLAMYDIA,KRAPULA TULEE (MINÄ MÄÄRÄÄN PÄIVÄN),C_O,POY,03.11.2025
KLAMYDIA,KÄNNI ÄÄLIÖN PALUU,C,3700,20.05.2026
KLAMYDIA,KÄNNI ÄÄLIÖN PALUU,C_O,POY,07.10.2024
KLAMYDIA,LIEKKI PALAA,C_O,POY,17.05.2025
KLAMYDIA,MILJOONAN KILSAN TENNARIT,C_O,POY,07.02.2025
KLAMYDIA,MÄ LÄHDEN HIMAAN,C_O,POY,02.10.2024
KLAMYDIA,MÄ LÄHDEN HIMAAN (HUOM! PUUTTUU ÄÄNI),M,SAT03,
KLAMYDIA,OOKKO TEHNY LENKKIÄ (PYÖRÄLLÄ ILMAN PENKKIÄ),C,FIAT,25.05.2026
KLAMYDIA,OTA VAATTEET POIS,C_O,POY,02.10.2024
KLAMYDIA,PALA RAUHAA,K,POW05SR1,
KLAMYDIA,PALA RAUHAA,C,POWER,30.07.2016
KLAMYDIA,PERSEESEEN,C,FIAT,25.05.2026
KLAMYDIA,PIENEN POJAN ELÄMÄÄ,M,MEL50X,
KLAMYDIA,PIENI SUURI ELÄMÄ,C_O,POY,16.03.2023
KLAMYDIA,PILKE SILMÄKULMASSA,C,FIAT,25.05.2026
KLAMYDIA,PILKE SILMÄKULMASSA,C_O,POY,01.12.2024
KLAMYDIA,POHJANMAALLA,M,MEL51Z,
KLAMYDIA,POHJANMAALLA,C_O,POY,03.11.2025
KLAMYDIA,PYYNTÖ,C_O,POY,03.11.2025
KLAMYDIA,RAKAS HULLU,C,3700,15.11.2025
KLAMYDIA,SUOMALAINEN TARINA,C,3700,15.11.2025
KLAMYDIA,SUOMI ON SUN,C,FIAT,25.05.2026
KLAMYDIA,SYDÄMESSÄ MUKANA,C_O,POY,27.12.2023
KLAMYDIA,TYÖTÖN ELVIS,C,3700,15.11.2025
KLAMYDIA,VANHA HOLVIKIRKKO,C,FIAT,27.04.2026
KLAMYDIA,VOIMAA!,C,FIAT,25.05.2026
KLS.,TEET MINUSTA TOTTA,C,FIAT,22.08.2026
KLS.,TÄMÄ KAUPUNKI,C,FIAT,22.08.2026
KOIT TOOME,MERE LAPSED (EST),M_U,EST4,
KOJO,NUKU POMMIIN,M,KSF1Z,
KOLLAA KESTÄÄ,JÄÄHYVÄISET ASEILLE,C_O,POY,01.08.2025
KOLLANE ALLVEELAEV G,BABY COME BACK (EST),M_U,EST3,
KOLLANE ALLVEELAEV G,SUZANNE (EST),M_U,EST4,
KOLMAS NAINEN,ASSERIN KAPAKKAAN,C_O,POY,15.04.2023
KOLMAS NAINEN,ELÄMÄN TARKOITUS,M,MEL32X,
KOLMAS NAINEN,HYVÄÄ JA KAUNISTA,K,POW13SR3,
KOLMAS NAINEN,KARTAT MUA,M,MEL32X,
KOLMAS NAINEN,LAUTALLA,M,MEL60,
KOLMAS NAINEN,MAANANTAI,C_O,POY,03.11.2025
KOLMAS NAINEN,ME OLLAAN NE,C_O,POY,20.08.2022
KOLMAS NAINEN,OI SUOMEN NUORIA,M,MEL52X,
KOLMAS NAINEN,SÄHKÖKITARA HYVÄÄ TAHTOA JA KAVEREITA,M,MEL32X,
KOLMAS NAINEN,TOVERUKSET,M,MEL32X,
KOLMAS NAINEN,TÄSTÄ ASTI AIKAA,K,POW06,
KOLMAS NAINEN,TÄSTÄ ASTI AIKAA,C,KARAOKETÄHTI,18.07.2024
KOLMAS NAINEN,VALEHTELISIN JOS VÄITTÄISIN,K,POW05SR1,
KOLMAS NAINEN,VALEHTELISIN JOS VÄITTÄISIN,M,MEL62,
KOLMAS NAINEN,VALEHTELISIN JOS VÄITTÄISIN,C,LAULAVAKOIRA,18.07.2024
KOLMAS NAINEN,ÄITI POJASTAAN PAPPIA TOIVOI,K,POW09SR2,
KOLMAS NAINEN,ÄITI POJASTAAN PAPPIA TOIVOI,M,MEL53PRO,
KOM-TEATTERI,KALLIOLLE KUKKULALLE,MF,FIN15A7,
KOM-TEATTERI,KANSAINVÄLINEN,K,POW11,
KOM-TEATTERI,NIIN PALJON MEITÄ PETETTIIN,K,POW12,
KOMIAT,KAIHOSIELU,C,KUNINGAS,05.11.2025
KOMIAT,LULULAI,C,KUNINGAS,21.05.2026
KOMIAT,MINÄHÄN VIEN,C_O,POY,01.03.2023
KOMIAT,PAKKA SEKAISIN,C_O,POY,03.11.2025
KOMODO,(I JUST) DIED IN YOUR ARMS,C_O_U,POY,01.02.2022
KONSTA JYLHÄ,VAIENNUT VIULU,MF,FIN21B10,
KONTRA,JERRY COTTON,K,POW01,
KONTRA,JERRY COTTON,M,MEL41Z,
KONTRA,KOLMEN MINUUTIN MUNA,K,POW09SR2,
KONTRA,MUUMI MUUMI,M,M60'S,
KONTRA,SUURET PALLIT TULESSA,K,POW13SR3,
KONTRA,SUURET PALLIT TULESSA,M,M60'S,
KOOL & THE GANG,CELEBRATION,K,XP1,
KORN,COMING UNDONE,C,CCKARAOKE,02.08.2024
KORN,FALLING AWAY FROM ME,C,CCKARAOKE,04.08.2024
KORN,FREAK ON A LEASH,C,CCKARAOKE,12.04.2024
KORN,GOT THE LIFE,C,FUNBOX,05.08.2024
KORN,HERE TO STAY,C,CCKARAOKE,05.08.2024
KORN,MAKE ME BAD,C,TAVITOR DUARTE,09.08.2024
KORN,SOMEBODY SOMEONE,C,WTF,15.08.2024
KORN,TWISTED TRANSISTOR,C,CCKARAOKE,18.08.2024
KORPIKLAANI,HAPPY LITTLE BOOZER,M,HEVI 4,
KORPIKLAANI,METSÄMIES,C_O,POY,14.03.2023
KORPIKLAANI,WOODEN PINTS,C,KARAMETAL,30.07.2025
KORPIT,PULLIAINEN,K,LK17,
KORROOSIO,HEI HEI HEI HEI,C_O,POY,02.04.2025
KORSUORKESTERI,ELDANKAJÄRVEN JÄÄ,MF,FIN32B10,
KORSUORKESTERI,ELÄMÄÄ JUOKSUHAUDOISSA,C,FINNKARAOKE,19.06.2015
KORSUORKESTERI,KANNAKSEN POIKIA,M,NYT HUMPATAAN,
KORSUORKESTERI,SYLIN TÄYDELTÄ,K,POW16,
KORSUORKESTERI,SÄRKYNEITÄ TOIVEITA,K,POW08,
KOSTI JA TELELAITOS,LAULU LAPSELLE (HIRVIÖ),C_O,POY,09.09.2025
KOTIPELTO,REASONS,M,HEVI 2,
KOTITEOLLISUUS,HELVETISTÄ ITÄÄN,K,POW18SR4,
KOTITEOLLISUUS,JOS SANON,M,HEVI 1,
KOTITEOLLISUUS,MINÄ OLEN,K,POW18SR4,
KOTITEOLLISUUS,TUONELAN KOIVUT,C_O,POY,25.01.2026
KRISTA SIEGFRIDS,CAN YOU SEE ME,M,SAT10,
KRISTIAN,TOISET VAAN KATSOO,C_O,POY,09.03.2025
KRISTIAN,VAARAA,C_O,POY,21.09.2024
KRISTIAN MEURMAN,HALLELUJA,M,MEL51Z,
KRISTIAN MEURMAN,HALLELUJA,C,MELPLAY,04.07.2022
KRISTIAN MEURMAN,LÄPI YÖN,M,MEL48Z,
KRISTIAN MEURMAN,MYRSKYLUODON MAIJA,M,MEL50X,
KRISTIINA BRASK,F32,M,MDV57,
KRISTIINA BRASK,KUIVILLA SUSTA,K,LK14,
KRISTIINA BRASK,KUIVILLA SUSTA,M,MEL52X,
KRISTIINA BRASK,NYT MÄ MEEN,M,MEL51Z,
KRISTIINA BRASK,SILMÄT SYDÄMEENI,M,MDV57,
KRISTIINA HALKOLA,JOS RAKASTAT,M,MDV09,
KRISTIINA HALKOLA,LAULU RAKASTAMISEN VAIKEUDESTA,M,MEL05Z,
KRISTIINA HALKOLA,MAGDALEENAN LAULU,K,LK16,
KRISTIINA HAUTALA,EN KOSKAAN,MF,FIN5B10,
KRISTIINA HAUTALA,JOKAINEN HETKI,M,SASO12,
KRISTIINA HAUTALA,KENEN SYY KENEN SYY?,M,MDV10,
KRISTIINA HAUTALA,KUN KELLO KÄY,M,KSF1Z,
KRISTIINA MÄKI,RAKKAUDEN PALAT,M,MEL53PRO,
KRISTIINA WHEELER,KIITOS KUN MUISTIT,K,LK17,
KROKUS,EAT THE RICH,C,PARTYTYME,04.08.2024
KROKUS,MIDNITE MANIAC,C,LYRICEDITOR,09.08.2024
KROKUS,SCREAMING IN THE NIGHT,C,LYRICEDITOR,14.08.2024
KUBE,100,C,TUOTTAJA,13.04.2024
KUBE,CLEAN,C,TUOTTAJA,21.01.2026
KUBE,PURPPURA,C,TUOTTAJA,17.02.2026
KUKERPILLID,KIHNU SAAR (EST),M_U,EST4,
KUKERPILLID,LAS JÄÄDA NII KUIS OLI (EST),M_U,EST1,
KUKERPILLID,MA EI TEA (EST),M_U,EST4,
KUKERPILLID,MARINA (EST),M_U,EST1,
KUKERPILLID,TAHAN LENNATA (EST),M_U,EST2,
KULDNE TRIO,HOPP JOHANNA (EST),M_U,EST2,
KULDNE TRIO,SUKU SUKU (EST),M_U,EST3,
KULDSED KUUEKÜMNENDAD,ENNE ÖÖD SÕIDA LINNA (EST),M_U,EST4,
KULDSED KUUEKÜMNENDAD,MA IHKAN KOJU (VÕÕRSIL) (EST),M_U,EST4,
KULDSED LINDID,SULLE KÕIK NÛÛD ÛTLEN (EST),M_U,EST1,
KULTAKURKUT,MILJOONA KILOMETRIÄ,K,POW10,
KUMMELI,ANTAKAA MÄÄKIN HUUDAN MÄÄKIN OLEN KÄNNISSÄ,M,SAT03,
KUMMELI,JUMANKAUTA JUU NÄÄS PÄIVÄÄ,C,FIAT,26.01.2026
KUMMELI,RUMAT IHMISET,M,POW30,
KUNINGASIDEA,ENEMMÄN DUUOO KU SOOLOO,K,LK18,
KUNINGASIDEA,ENEMMÄN DUUOO KU SOOLOO,M,SAT07,
KUNINGASIDEA,POHJOLAN TUULET,M,LK24,
KUNINGASIDEA,POHJOLAN TUULET,M,SAT14,
KURRE,JÄIT SATEEN TAA,K,POW12,
KUUMAA,HYVÄSTEJÄ IHANASTI,C,FIAT,27.08.2026
KUUMAA,JÄLKEEN SUN,C,FIAT,27.08.2026
KUUMAA,LUOTAN TULEVAAN,C,FIAT,20.04.2026
KUUMAA,SATAMA,C,FIAT,20.04.2026
KUUMAA,TULIPALO,C,FIAT,20.04.2026
KUUMAA,TÄYDELLISIN,C,FIAT,22.08.2026
KUUMAA,VALOA VARTEN,C,FIAT,20.04.2026
KUUMAA,VALOA VARTEN,C_O,POY,07.01.2026
KUUMAA,YLIVOIMAINEN,M,COV22,
KUUMAA,YLIVOIMAINEN,C,FIAT,20.04.2026
KUUNKUISKAAJAT,TYÖLKI ELLÄÄ,K,LK14,
KUUNKUISKAAJAT,TYÖLKI ELLÄÄ,M,MEL53PRO,
KWAN,SHINE,K,LK04,
KYLIE MINOGUE,2 HEARTS,K,XP4,
KYLIE MINOGUE,CAN'T GET YOU OUT OF MY HEAD,K,XP1,
KYLIE MINOGUE,LOVE AT FIRST SIGHT,K,XP2,
KYLIE MINOGUE,RED BLOODED WOMAN,K,XP1,
KYLIE MINOGUE,SLOW,K,XP2,
KYLIE MINOGUE,THE LOCOMOTION,K,XP3,
KYMPPILINJA FT MARISKA,MINÄ,M,KPP31,
KYÖSTI ALLAN,ANNA MUN SYDÄMENI OLLA,C_O,POY,20.05.2026
KYÖSTI MÄKIMATTILA,JOS SIELUSI LÖYDÄT,C,FIAT,08.02.2026
KÄÄRIJÄ,CHA CHA CHA,C,TUOTTAJA,15.05.2023
LA GUNS,THE BALLAD OF JAYNE,C,PINOY,16.08.2024
LADY ANTEBELLUM,NEED YOU NOW,C,ZOOM,25.04.2022
LADY GAGA,ALWAYS REMEMBER US THIS WAY,C,SINGKING,11.11.2021
LADY GAGA,BAD ROMANCE,C,SINGKING,28.03.2018
LADY GAGA,LOVE GAME,C,POCKET3,04.08.2022
LADY GAGA,MILLION REASONS,C,SINGKING,26.11.2023
LADY GAGA,POKER FACE,C,ZOOM,02.09.2023
LADY GAGA,YOU AND I,C,CHANNEL,30.04.2022
LADY GAGA AND BRADLEY COOPER,SHALLOW,C,GRIT,08.03.2020
LADY GAGA FT BEYONCE,TELEPHONE,C,POCKET24,04.08.2022
LAID BACK,SUNSHINE REGGAE,C,MARIOKAR,29.04.2022
LAILA HALME,KITARA JA MERI,MF,FIN39B6,
LAILA HALME,MUISTOJEN LAULU,M,KSF1Z,
LAILA HALME,SURUJEN KITARA,MF,FIN9B3,
LAILA JA RITVA KINNUNEN,JOSEF JOSEF,MF,FIN9B7,
LAILA KINNUNEN,BRIGITTE BARDOT,M,MEL42Z,
LAILA KINNUNEN,ILLALLA ILLALLA,MF,FIN36,
LAILA KINNUNEN,KELLÄ KULTA SILLÄ ONNI,MF,FIN41B8,
LAILA KINNUNEN,KERRO KULTAINEN KUU,MF,FIN42B3,
LAILA KINNUNEN,KUUME,M,MEL22X,
LAILA KINNUNEN,LAUANTAI,M,MEL42Z,
LAILA KINNUNEN,LAZZARELLA,MF,FIN19B8,
LAILA KINNUNEN,LENNÄ MUN LEMPENI LAULU,M,MELVALS,
LAILA KINNUNEN,LENNÄ MUN LEMPENI LAULU,C,SINGA,14.11.2022
LAILA KINNUNEN,MANTSURIAN KUKKULOILLA,MF,FIN23B10,
LAILA KINNUNEN,MANTSURIAN KUKKULOILLA,C,FINNKARAOKE,19.06.2015
LAILA KINNUNEN,MUISTOJEN BULEVARDI,M,MEL67,
LAILA KINNUNEN,MUISTOJEN BULEVRDI,MF,FIN27A9,
LAILA KINNUNEN,PIENI KUKKANEN,MF,FIN26B3,
LAILA KINNUNEN,PIENI SYDÄN,M,MEL41Z,
LAILA KINNUNEN,PIKKU PIKKU BIKINISSÄ,C,FINNKARAOKE,02.07.2024
LAILA KINNUNEN,POJAT,K,POW02,
LAILA KINNUNEN,RANSKALAISET KOROT,K,POW14,
LAILA KINNUNEN,SOITTAJAPOIKA,M,MEL41Z,
LAILA KINNUNEN,SOITTAJAPOIKA,M,MEL43Z,
LAILA KINNUNEN,SÄ MUISTATKO METSÄTIEN,C,FINNKARAOKE,19.10.2015
LAILA KINNUNEN,TIET,M,MDV58,
LAILA KINNUNEN,TIETÄÄ TÄHTI JOKAINEN,M,SASO12,
LAILA KINNUNEN,TOISET MEISTÄ,MF,FIN45A15,
LAILA KINNUNEN,URALIN PIHLAJA,MF,FIN42A12,
LAILA KINNUNEN,URALIN PIHLAJA,MF,FIN4B4,
LAILA KINNUNEN,VALOA IKKUNASSA,MF,FIN21A9,
LAILA KINNUNEN,VESIVEHMAAN JENKKA,MF,FIN16B7,
LAILA KINNUNEN,YÖN ÄÄNET,M,MEL42Z,
LAILA KINNUNEN & JORMA KÄÄRIÄINEN AGENTS,IDÄN JA LÄNNEN TIET,M,COV13,
LAILA KINNUNEN & JORMA KÄÄRIÄINEN AGENTS,IDÄN JA LÄNNEN TIET,M,MEL07,
LAILA KINNUNEN & RITVA KINNUNEN,POJAT,MF,FIN37B15,
LAILA KINNUNEN & RITVA KINNUNEN,POJAT,MF,FIN6B6,
LAILA KINNUNEN & RITVA KINNUNEN,POJAT,M,MDV23,
LAILA & RITVA KINNUNEN,POJAT,C,POWER,03.12.2014
LAILA KINNUNEN & RITVA KINNUNEN,SOITTAJAPOIKA,MF,FIN25B1,
LAILA KINNUNEN & RITVA KINNUNEN,SÄ KAUNEHIN OOT,MF,FIN2A10,
LAILA KINNUNEN & RITVA KINNUNEN,SÄ KAUNEHIN OOT,MF,FIN38A14,
LAILA KINNUNEN & RITVA KINNUNEN,SÄ KAUNEHIN OOT,M,MDV11,
LAMBERTTA,BIMBO,M,ROCK,
LAPINLAHDEN LINNUT,SE EI KÄY,C_O,POY,06.08.2025
LAPINLAHDEN LINNUT,SEDÄT JAKSAA HEILUA,K,POW05SR1,
LAPINLAHDEN LINNUT,TAPASIN NAISEN,M,MEL36Z,
LAPINLAHDEN LINNUT,VANHA SUOMALAISTEN POIKAIN VITUTUSLAULU,C_O,POY,20.02.2023
LAPINLAHDEN LINNUT,VIHTAASI ON KUSTU,C,KUNINGAS,11.05.2026
LARA FABIAN,JE SUIS MALADE (FRA),C_U,FRA,10.09.2025
LARRY GRAHAM,ONE IN A MILLION YOU,K,XP4,
LARS WINNERBÄCK,ELEGI (SWE),M_U,SWE,
LARS WINNERBÄCK & MISS LI,OM DU LÄMNADE MIG NU (SWE),M_U,SWE,
LASSE HAVU,KANTAVAA MAATA,C_O,POY,09.09.2025
LASSE HOIKKA,YÖN KYLMÄT KYYNELEET,C,POWER,18.10.2015
LASSE HOIKKA & SOUVARIT,RAKKAUDEN KULTAHIPUT,M,MEL43Z,
LASSE HOIKKA & SOUVARIT,SYKSY,C,FIAT,03.09.2026
LASSE HOIKKA & SOUVARIT,TOPPAROIKKA TULEE,M,MEL43Z,
LASSE HOIKKA & SOUVARIT,VIRTA TOI VIRTA VEI,M,MEL43Z,
LASSE LIEMOLA,ANNA POIS,MF,FIN12B2,
LASSE LIEMOLA,DIIVAILLEN,M,MEL01Z,
LASSE LIEMOLA,NO NIIN MARY LOU,MF,FIN13B4,
LASSE MÅRTENSON,HEI HEI PUSSYCAT,M,MEL19Z,
LASSE MÅRTENSON,KAIKESSA SOI BLUES,MF,FIN39A6,
LASSE MÅRTENSON,KUINKA KAUNISTA ON,MF,FIN44B2,
LASSE MÅRTENSON,KUINKA KAUNISTA ON,M,MEL30N,
LASSE MÅRTENSON,LAISKOTELLEN,MF,FIN27A7,
LASSE MÅRTENSON,MILTÄ MENO MAISTUU,M,MDV63,
LASSE MÅRTENSON,MINUN TIENI,MF,FIN12B8,
LASSE MÅRTENSON,NOUSEVAN AURINGON TALO,MF,FIN1B3,
LASSE MÅRTENSON,NOUSEVAN AURINGON TALO,MF,FIN42A11,
LASSE MÅRTENSON,NOUSEVAN AURINGON TALO,K,POW16,
LASSE MÅRTENSON,NOUSEVAN AURINGON TALO,M,MEL26X,
LASSE MÅRTENSON,ON IHMEEN HYVÄ KOTIIN TULLA TAAS,MF,FIN9A6,
LASSE MÅRTENSON,ON IHMEEN HYVÄ KOTIIN TULLA TAAS,M,MEL41Z,
LASSE MÅRTENSON,ON IHMEEN HYVÄ KOTIIN TULLA TAAS,C,MAURIK,09.10.2021
LASSE MÅRTENSON,PIENI SANA,MF,FIN42A7,
LASSE MÅRTENSON,PURJEHDUS,M,MEL15Z,
LASSE MÅRTENSON,TIEN KUNINGAS,MF,FIN17B1,
LASSE MÅRTENSON & CAROLA,MÄ LÄHDEN STADIIN,MF,FIN7B2,
LASSI VALTONEN,TUHKAA JA HIEKKAA,M,MDV57,
LASSI VALTONEN,VANHANAIKAINEN,M,MEL55X,
LASTEN KARAOKE,JÄNÖJUSSIN MÄENLASKU,C,POY,08.04.2024
LAULUPARTIO RUOTUKAVERIT,ELDANKAJÄRVEN JÄÄ,M,MEL43Z,
LAURA BRANIGAN,GLORIA,K,XP4,
LAURA BRANIGAN,GLORIA,C,ZOOM,05.08.2024
LAURA BRANIGAN,SELF CONTROL,C,HD,07.09.2018
LAURA NÄRHI,HETKEN TIE ON KEVYT,K,LK17,
LAURA NÄRHI,KAKSI IRRALLAAN,M,SAT03,
LAURA NÄRHI,KUUTAMOLLA,K,LK01,
LAURA NÄRHI,KUUTAMOLLA,M,MEL21Z,
LAURA NÄRHI,MÄ ANNAN SUT POIS,K,LK16,
LAURA NÄRHI,MÄ ANNAN SUT POIS,M,LK23,
LAURA NÄRHI,MÄ ANNAN SUT POIS,M,SAT03,
LAURA NÄRHI,SAAT SYTTYMÄÄN,M,SAT09,
LAURA NÄRHI,SUPERSANKARI,C_O,POY,15.04.2024
LAURA NÄRHI,SUPERSANKARI,C,FIAT,01.09.2026
LAURA NÄRHI,TUHLARI,K,LK18,
LAURA NÄRHI,TUHLARI,M,MDV58,
LAURA NÄRHI,TÄMÄ ON TOTTA,M,KPP31,
LAURA NÄRHI,TÄMÄ ON TOTTA,M,SAT03,
LAURA NÄRHI,VIIMEINEN AAMU,M,SAT08,
LAURA NÄRHI (KOLMAS NAINEN),SIIPEEN JOS SAIN,M,LK23,
LAURA NÄRHI (KOLMAS NAINEN),SIIPEEN JOS SAIN,M,MDV61,
LAURA NÄRHI FT ERIN,SISKONI,K,LK19,
LAURA NÄRHI FT ERIN,SISKONI,M,MDV58,
LAURA VOUTILAINEN,ADDICTED TO YOU,MF,FIN52,
LAURA VOUTILAINEN,EN MIELESTÄIN SUA SAA,MF,FIN53,
LAURA VOUTILAINEN,EN MIELESTÄIN SUA SAA,M,MEL19Z,
LAURA VOUTILAINEN,EN MIELESTÄIN SUA SAA,C_O,POY,16.07.2023
LAURA VOUTILAINEN,ENNEN SUA,M,MEL50X,
LAURA VOUTILAINEN,ETELÄN YÖSSÄ,MF,FIN38A1,
LAURA VOUTILAINEN,KAKSI KARTTAA,MF,FIN26A2,
LAURA VOUTILAINEN,KARUN MAAN KUKKA,M,LK23,
LAURA VOUTILAINEN,KERRAN,MF,FIN10A1,
LAURA VOUTILAINEN,KERRAN,K,POW02,
LAURA VOUTILAINEN,KERRAN,M,MEL39X,
LAURA VOUTILAINEN,KESÄSADE,MF,FIN24A1,
LAURA VOUTILAINEN,KESÄSADE,K,POW14,
LAURA VOUTILAINEN,KIITOS,M,MEL52X,
LAURA VOUTILAINEN,KOKONAINEN NAINEN,K,LK18,
LAURA VOUTILAINEN,KOKONAINEN NAINEN,M,MDV58,
LAURA VOUTILAINEN,KOKONAINEN NAINEN,M,MG19,20.03.2026
LAURA VOUTILAINEN,KOSKETA MUA,M,MEL47Z,
LAURA VOUTILAINEN,KOTIINPALAAVA,M,POW19,20.03.2026
LAURA VOUTILAINEN,KUN KATSON TÄHTIIN HOPEISIIN,MF,FIN40A2,
LAURA VOUTILAINEN,KUULTA KYSELEN,M,MEL51Z,
LAURA VOUTILAINEN,KYYNELVIRTA,MF,FIN12A1,
LAURA VOUTILAINEN,LILJANKUKKA,C_O,POY,17.03.2026
LAURA VOUTILAINEN,LUPAA SIIHEN EN SAA,MF,FIN14A4,
LAURA VOUTILAINEN,MIKS EI,M,MDV66,
LAURA VOUTILAINEN,MONTA MONTA,M,MEL49Z,
LAURA VOUTILAINEN,MONTA MONTA,C,MAGNUM (POY),14.07.2022
LAURA VOUTILAINEN,MUUTTANUT OOT MAAILMAIN,MF,FIN13A2,
LAURA VOUTILAINEN,MUUTTANUT OOT MAAILMAIN,M,MEL48Z,
LAURA VOUTILAINEN,NIIN HYVÄÄ,MF,FIN28A2,
LAURA VOUTILAINEN,NIIN KUIN MEREN HIEKKAA,M,COV06,
LAURA VOUTILAINEN,NIIN KUIN MEREN HIEKKAA,MF,FIN39A9,
LAURA VOUTILAINEN,NIIN KUIN MEREN HIEKKAA,M,MDV69,
LAURA VOUTILAINEN,OLET MULLE ENEMMÄN,M,LK25,
LAURA VOUTILAINEN,PALAA,M,MEL48Z,
LAURA VOUTILAINEN,PELKÄÄ EN,MF,FIN41A2,
LAURA VOUTILAINEN,PRINSESSA,MF,FIN27A2,
LAURA VOUTILAINEN,PRINSESSA,K,POW06,
LAURA VOUTILAINEN,PÄIVÄKIRJA,K,POW13SR3,
LAURA VOUTILAINEN,RAKKAUTTA EI PIILOON SAA,M,COV13,
LAURA VOUTILAINEN,RAKKAUTTA EI PIILOON SAA,K,LK09,
LAURA VOUTILAINEN,RAKKAUTTA EI PIILOON SAA,M,MEL47Z,
LAURA VOUTILAINEN,ROOMAAN TAI PARIISIIN,M,MEL50X,
LAURA VOUTILAINEN,SALAMATAIVAS,M,MEL51Z,
LAURA VOUTILAINEN,SINUUN PAINAUDUN,MF,FIN39A3,
LAURA VOUTILAINEN,SYDÄNTUHKAA,M,MEL52X,
LAURA VOUTILAINEN,TEETHÄN SEN,MF,FIN25A1,
LAURA VOUTILAINEN,TEIN EILEN SEN,C_O,POY,16.08.2025
LAURA VOUTILAINEN,TIMANTTINEN TÄHTI,M,MEL49Z,
LAURA VOUTILAINEN,TOINEN SINÄ,C_O,POY,13.04.2026
LAURA VOUTILAINEN,TYHJÄÄ PUOLILLAAN,M,MEL37Z,
LAURA VOUTILAINEN,VAARALLINEN YLLÄTYS,M,MEL48Z,
LAURA VOUTILAINEN,VUOKSI SUN,K,POW12,
LAURI,HEAVY,C_O_UK,POY,19.09.2024
LAURI TÄHKÄ,AAVIKKO,M,COV14,
LAURI TÄHKÄ,BLAABLAA,C,POY (POY),07.07.2022
LAURI TÄHKÄ,EI KUKAAN TUU SULTA TUNTUMAAN,M,SK4,
LAURI TÄHKÄ,HESSA,M,MDV61,
LAURI TÄHKÄ,HETKEKSI EN SULLE RUPIA,C,RV@EV CHANNEL,05.03.2020
LAURI TÄHKÄ,JUOMARIPOIKA,C,KARAOKETÄHTI,02.07.2024
LAURI TÄHKÄ,KESKIYÖN COWBOY,M,COV17,
LAURI TÄHKÄ,MAAILMA ON RENKI,C,KARAOKETÄHTI,02.07.2024
LAURI TÄHKÄ,MINUN SUOMENI,C_O,POY,09.04.2026
LAURI TÄHKÄ,MORSIAN,M,SAT18,
LAURI TÄHKÄ,MUSTAHERUKAN TUOKSUINEN TYTTÖ,C_O,POY,15.06.2026
LAURI TÄHKÄ,MÄ EN PELKÄÄ,M,COV08,
LAURI TÄHKÄ,NUKKUVAT AAMUT,M,COV18,
LAURI TÄHKÄ,ORJANRUUSU,M,MDV61,
LAURI TÄHKÄ,PALAVAA VETTÄ,M,COV08,
LAURI TÄHKÄ,POLTE,K,LK17,
LAURI TÄHKÄ,POLTE (HUOM! LOPPUU KESKEN),M,SAT05,
LAURI TÄHKÄ,PUOLIKAS,M,SAT10,
LAURI TÄHKÄ,RAKKAUS EI OO PYSYVÄÄ,C,RV@EV CHANNEL,05.03.2020
LAURI TÄHKÄ,SANOIT ETTÄ MINÄKIN,C,KARAOKETÄHTI,02.07.2024
LAURI TÄHKÄ,SINÄ OLET MINUN,C,RV@EV CHANNEL,05.03.2020
LAURI TÄHKÄ,SINÄ OLET MINUN,M,SK1,
LAURI TÄHKÄ,SUUDELLAAN,C,KARAOKETÄHTI,02.07.2024
LAURI TÄHKÄ,SYYSKUUN KYY,M,KPP40,
LAURI TÄHKÄ,SYYSKUUN KYY,M,SAT04,
LAURI TÄHKÄ,TAHDON ELÄÄ,C_O,POY,05.09.2025
LAURI TÄHKÄ,TULKOON MITÄ VAAN,M,MEL60,
LAURI TÄHKÄ,ÄLÄ ÄITEE SURE,M,MEL55X,
LAURI TÄHKÄ & ELONKERJUU,AINOAAS,M,MEL47Z,
LAURI TÄHKÄ & ELONKERJUU,HETKEKSI EN SULLE RUPIA,K,LK10,
LAURI TÄHKÄ & ELONKERJUU,HETKEKSI EN SULLE RUPIA,M,MEL45Z,
LAURI TÄHKÄ & ELONKERJUU,HYVÄSTI,K,LK09,
LAURI TÄHKÄ & ELONKERJUU,ISTU TYTTÖ POLVELLE,M,MEL40X,
LAURI TÄHKÄ & ELONKERJUU,KIMPALE KULTAA,K,LK10,
LAURI TÄHKÄ & ELONKERJUU,KIMPALE KULTAA,M,MEL45Z,
LAURI TÄHKÄ & ELONKERJUU,KIRVESSAARI,M,MEL51Z,
LAURI TÄHKÄ & ELONKERJUU,MAAILMA ON RENKI,M,MEL49Z,
LAURI TÄHKÄ & ELONKERJUU,MANNAKORVEN MAILLA,K,POW18SR4,
LAURI TÄHKÄ & ELONKERJUU,NUAREN LIKAN ELÄMÄ,M,MEL42Z,
LAURI TÄHKÄ & ELONKERJUU,PAPUKAIJA,M,MEL33X,
LAURI TÄHKÄ & ELONKERJUU,PAUHAAVA SYDÄN,K,LK10,
LAURI TÄHKÄ & ELONKERJUU,PAUHAAVA SYDÄN,M,MEL45Z,
LAURI TÄHKÄ & ELONKERJUU,PITKÄT PELLOT,K,LK09,
LAURI TÄHKÄ & ELONKERJUU,PITKÄT PELLOT,M,MEL44X,
LAURI TÄHKÄ & ELONKERJUU,RAKKAUS EI OO PYSYVÄÄ,K,LK08,
LAURI TÄHKÄ & ELONKERJUU,RAKKAUS EI OO PYSYVÄÄ,M,MEL42Z,
LAURI TÄHKÄ & ELONKERJUU,REIKÄINEN TAIVAS,K,LK10,
LAURI TÄHKÄ & ELONKERJUU,SUOJAAN KAIKELTA,M,MEL52X,
LAURI TÄHKÄ & ELONKERJUU,SURU SYRÄMMES,M,MEL44X,
LAURI TÄHKÄ & ELONKERJUU,SUUDELLAAN,M,MEL51Z,
LAURI TÄHKÄ & ELONKERJUU,TEHTAANKATU,M,MEL47Z,
LAURI TÄHKÄ & ELONKERJUU,TYTTÖRUKKA,C,FIAT,25.05.2026
LAVIGNE AVRIL,COMPLICATED,K,XP1,
LAVIGNE AVRIL,GIRLFRIEND,K,XP4,
LAVIGNE AVRIL,NOBODY'S HOME,K,XP2,
LAVIGNE AVRIL,SK8TER BOY,K,XP1,
LEA LAVEN,AAMULLA RAKKAANI NÄIN (EARLY MORNING RAIN),M,MEL03,
LEA LAVEN,ADIOS AMIGO,MF,FIN32B7,
LEA LAVEN,CHANSON D'AMOUR,MF,FIN40A10,
LEA LAVEN,DR KIS KIS,M,MEL02Z,
LEA LAVEN,EI OO EI TUU,MF,FIN13A5,
LEA LAVEN,EI OO EI TUU,K,POW01,
LEA LAVEN,EI OO EI TUU,M,MDV17,
LEA LAVEN,EN KADU MITÄÄN,M,MEL13Z,
LEA LAVEN,EN SAA SUA MIELESTÄIN,M,MEL30X,
LEA LAVEN,HÄN MENNYT ON,M,MEL36Z,
LEA LAVEN,KAHVILAAN PIENEEN MÄ KÄYN,M,MEL05Z,
LEA LAVEN,KESÄÄ VAIN RAKASTAN,M,MEL16Z,
LEA LAVEN,KIITOS,M,MEL25X,
LEA LAVEN,KORTIT KERTOO KOHTALOMME,K,POW16,
LEA LAVEN,KRIMINAL TANGO,C,POWER,30.07.2016
LEA LAVEN,MIESTEN TÄHDEN,MF,FIN43B3,
LEA LAVEN,MISSÄ OLIT SILLOIN,MF,FIN47A2,
LEA LAVEN,MISSÄ OLIT SILLOIN,M,MEL40X,
LEA LAVEN,NIIN SE KÄY,K,POW10,
LEA LAVEN,NYT KUN OOT MENNYT,MF,FIN45A1,
LEA LAVEN,NYT KUN OOT MENNYT,M,MDV14,
LEA LAVEN,PIKKU LURJUS,M,COV13,
LEA LAVEN,RAKKAUS KAUNISTAA,M,MEL16Z,
LEA LAVEN,ROTUNAINEN,K,POW02,
LEA LAVEN,ROTUNAINEN,M,MEL46Z,
LEA LAVEN,SAMPANJAA,M,NYT HUMPATAAN,
LEA LAVEN,SAMPPANJAA,M,KK2,
LEA LAVEN,SANAT MURENEVAT,M,MEL18Z,
LEA LAVEN,SE ON ELÄMÄÄ,M,MEL18Z,
LEA LAVEN,SORRY JOS OON LADY,M,COV16,
LEA LAVEN,SURUNHARMAUS,M,MEL18Z,
LEA LAVEN,TUMMA NAINEN,MF,FIN24A5,
LEA LAVEN,TUMMA NAINEN,K,LK05,
LEA LAVEN,TUMMA NAINEN,M,MDV23,
LEA LAVEN,TUMMA NAINEN,C,KARAOKETÄHTI,02.07.2024
LEA LAVEN,VIE MEIDÄT RAKKAUTEEN,MF,FIN14A8,
LEA LAVEN & KARI TAPIO,MUISTOJEN HEHKU,M,MEL13Z,
LEANN RIMES,CAN'T FIGHT THE MOONLIGHT,K,XP3,
LEANN RIMES,HOW DO I LIVE (DANCE MIX),K,XP2,
LED ZEPPELIN,ALL MY LOVE,C,CCKARAOKE,01.08.2024
LED ZEPPELIN,BABE I'M GONNA LEAVE YOU,C,MARIACHISCARTAGENA,01.08.2024
LED ZEPPELIN,BLACK DOG,M,EXT1,
LED ZEPPELIN,BLACK DOG,C,A,02.08.2024
LED ZEPPELIN,BRING IT ON HOME,C,GOODSONGS,02.08.2024
LED ZEPPELIN,CELEBRATION DAY,C,GOODSONGS,02.08.2024
LED ZEPPELIN,COMMUNICATION BREAKDOWN,C,GOODSONGS,02.08.2024
LED ZEPPELIN,CUSTARD PIE,C,HD,03.08.2024
LED ZEPPELIN,DANCING DAYS,C,CCKARAOKE,03.08.2024
LED ZEPPELIN,FOOL IN THE RAIN,C,GOLDENCHORALE,04.08.2024
LED ZEPPELIN,GOING TO CALIFORNIA,C,SOUNDCHOICE,05.08.2024
LED ZEPPELIN,GOOD TIMES BAD TIMES,C,CCKARAOKE,05.08.2024
LED ZEPPELIN,HEY HEY WHAT CAN I DO,C,GOODSONGS,05.08.2024
LED ZEPPELIN,HOUSES OF THE HOLY,C,SILOSABECANTE,05.08.2024
LED ZEPPELIN,HOW MANY MORE TIMES,C,BIGHOUSE,05.08.2024
LED ZEPPELIN,I CAN'T QUIT YOU BABY,C,SATYABE,05.08.2024
LED ZEPPELIN,IMMIGRANT SONG,C,OFFICE,06.08.2024
LED ZEPPELIN,LIVING LOVING MAID (SHE'S JUST A WOMAN),C,CCKARAOKE,08.08.2024
LED ZEPPELIN,MISTY MOUNTAIN HOP,C,BIGHOUSE,28.09.2026
LED ZEPPELIN,OUT ON THE TILES,C,CCKARAOKE,10.08.2024
LED ZEPPELIN,OVER THE HILLS AND FAR AWAY,C,CCKARAOKE,10.08.2024
LED ZEPPELIN,RAMBLE ON,C,CCKARAOKE,13.08.2024
LED ZEPPELIN,ROCK AND ROLL,M,HR1,
LED ZEPPELIN,ROCK AND ROLL,C,SOUNDCHOICE,13.12.2019
LED ZEPPELIN,SINCE I´VE BEEN LOVING YOU,C,SILOSABECANTE,31.03.2024
LED ZEPPELIN,STAIRWAY TO HEAVEN,K,XP1,
LED ZEPPELIN,STAIRWAY TO HEAVEN,C,CCKARAOKE,07.01.2021
LED ZEPPELIN,STAIRWAY TO HEAVEN,M,MP&R1,
LED ZEPPELIN,THANK YOU,C,SOUNDCHOICE,16.08.2024
LED ZEPPELIN,THE CRUNGE,C,GOODSONGS,16.08.2024
LED ZEPPELIN,THE OCEAN,C,HD,16.08.2024
LED ZEPPELIN,WHAT IS AND WHAT SHOULD NEVER BE,C,CCKARAOKE,18.08.2024
LED ZEPPELIN,WHOLE LOTTA LOVE,M,HR1,
LED ZEPPELIN,WHOLE LOTTA LOVE,C,CCKARAOKE,07.01.2021
LED ZEPPELIN,YOUR TIME IS GONNA COME,C,MRENTERTAINER,21.08.2024
LEEVI AND THE LEAVINGS,1963 VIISITOISTA VUOTTA MYÖHEMMIN,M,MEL32X,
LEEVI AND THE LEAVINGS,AMALIA,M,MEL15Z,
LEEVI AND THE LEAVINGS,ELINA MITÄ MÄ TEEN,M,KSF1Z,
LEEVI AND THE LEAVINGS,ELINA MITÄ MÄ TEEN,M,MEL53PRO,
LEEVI AND THE LEAVINGS,ELÄMÄ IKKUNAN TAKANA,C,TUOTTAJA,06.09.2022
LEEVI AND THE LEAVINGS,ELÄMÄN MENO,M,MDV09,
LEEVI AND THE LEAVINGS,ELÄMÄÄ,M,KK5,
LEEVI AND THE LEAVINGS,ELÄMÄÄ,M,MEL16Z,
LEEVI AND THE LEAVINGS,EN TAHDO SINUA ENÄÄ,M,MEL36Z,
LEEVI AND THE LEAVINGS,EN TAHDO SINUA ENÄÄ,C,TUOTTAJA,06.09.2022
LEEVI AND THE LEAVINGS,HUBAA HABAA,M,MEL02Z,
LEEVI AND THE LEAVINGS,HUOMENNA ON JOULU,C,TUOTTAJA,17.07.2024
LEEVI AND THE LEAVINGS,IHANASTI SANOTTU,M,MEL53PRO,
LEEVI AND THE LEAVINGS,ITKISITKÖ ONNESTA,K,POW01,
LEEVI AND THE LEAVINGS,ITKISITKÖ ONNESTA,M,MEL39X,
LEEVI AND THE LEAVINGS,ITKISITKÖ ONNESTA,C,MELPLAY,02.07.2024
LEEVI AND THE LEAVINGS,JOSSAIN ON KAI VIELÄ JOULU,C,TUOTTAJA,06.09.2022
LEEVI AND THE LEAVINGS,JOULUKERTOMUS,C,TUOTTAJA,18.08.2022
LEEVI AND THE LEAVINGS,KERRO TERVEISET LAPSILLE,M,MEL21Z,
LEEVI AND THE LEAVINGS,KYLLIKKI,K,POW03,
LEEVI AND THE LEAVINGS,KYLLIKKI,M,KSF1Z,
LEEVI AND THE LEAVINGS,KYLLIKKI,M,MEL62,
LEEVI AND THE LEAVINGS,LAINEEN PIA,C,KUNINGAS,08.05.2026
LEEVI AND THE LEAVINGS,LAURA JENNA ELLINOORA ALEXANDRA CAMILLA JURVANEN,MF,FIN33B6,
LEEVI AND THE LEAVINGS,LAURA JENNA ELLINOORA ALEXANDRA CAMILLA JURVANEN,M,KSF1Z,
LEEVI AND THE LEAVINGS,LAURA JENNA ELLINOORA ALEXANDRA CAMILLA JURVANEN,M,MEL54,
LEEVI AND THE LEAVINGS,LAURA JENNA ELLINOORA ALEXANDRA CAMILLA JURVANEN,C,TUOTTAJA,14.08.2022
LEEVI AND THE LEAVINGS,LAURA JENNA ELLINOORA ALEXANDRA CAMILLA JURVANEN,C_O,POY,03.11.2025
LEEVI AND THE LEAVINGS,MARJO RIITTA RAHTARIN RAKKAUS,M,MEL19Z,
LEEVI AND THE LEAVINGS,MATKALLA OMIIN HAUTAJAISIIN,M,SK4,
LEEVI AND THE LEAVINGS,MATKAMUISTOJA,M,KK5,
LEEVI AND THE LEAVINGS,MATKAMUISTOJA,M,MEL21Z,
LEEVI AND THE LEAVINGS,MIELETÖN MELINDA,M,KK5,
LEEVI AND THE LEAVINGS,MIELETÖN MELINDA,M,KSF1Z,
LEEVI AND THE LEAVINGS,MIELETÖN MELINDA,C,TUOTTAJA,25.09.2022
LEEVI AND THE LEAVINGS,MITÄ KUULUU MARJA LEENA,MF,FIN21A4,
LEEVI AND THE LEAVINGS,MITÄ SÄ MEINAAT,M,KSF1Z,
LEEVI AND THE LEAVINGS,MUOTITIETOINEN,M,MEL18Z,
LEEVI AND THE LEAVINGS,MUOTITIETOINEN,C,TUOTTAJA,14.08.2022
LEEVI AND THE LEAVINGS,MÄYRÄ,M,MEL13Z,
LEEVI AND THE LEAVINGS,OIKEIN SURULLISTA JOULUA,C,TUOTTAJA,13.04.2024
LEEVI AND THE LEAVINGS,ONNELLISET,M,MDV20,
LEEVI AND THE LEAVINGS,PALAVA RAKKAUS,M,MEL51Z,
LEEVI AND THE LEAVINGS,PIHLAJANKUKKA,C,KUNINGAS,21.05.2026
LEEVI AND THE LEAVINGS,PIKKU PRINSESSA,M,MEL37Z,
LEEVI AND THE LEAVINGS,PIMEÄ TIE MUKAVAA MATKAA,M,MDV12,
LEEVI AND THE LEAVINGS,POHJOIS KARJALA,M,MDV06,
LEEVI AND THE LEAVINGS,POHJOISEN TAIVAAN ALLA,M,KSF1Z,
LEEVI AND THE LEAVINGS,POHJOISEN TAIVAAN ALLA,C,TUOTTAJA,21.02.2023
LEEVI AND THE LEAVINGS,POIKA NIMELTÄ PÄIVI,M,MDV20,
LEEVI AND THE LEAVINGS,POJAT TANSSIMAAN,M,MEL37Z,
LEEVI AND THE LEAVINGS,RAKKAUDEN TYÖKALU,M,MEL22X,
LEEVI AND THE LEAVINGS,RAPARPERITAIVAS,M,KK5,
LEEVI AND THE LEAVINGS,RAPARPERITAIVAS,C,TUOTTAJA,14.08.2022
LEEVI AND THE LEAVINGS,RIN TIN TIN,M,MEL19Z,
LEEVI AND THE LEAVINGS,RIN TIN TIN,C,TUOTTAJA,14.08.2022
LEEVI AND THE LEAVINGS,SINISILMÄ MANSIKKASUU,C,TUOTTAJA,13.04.2024
LEEVI AND THE LEAVINGS,SOIVA JOULUYLLÄTYS,C,TUOTTAJA,17.07.2024
LEEVI AND THE LEAVINGS,SOPIVASTI LIHAVA,MF,FIN23A2,
LEEVI AND THE LEAVINGS,SOPIVASTI LIHAVA,M,KSF1Z,
LEEVI AND THE LEAVINGS,SOPIVASTI LIHAVA,M,MEL62,
LEEVI AND THE LEAVINGS,TEUVO MAANTEIDEN KUNINGAS,MF,FIN34B7,
LEEVI AND THE LEAVINGS,TEUVO MAANTEIDEN KUNINGAS,K,LK05,
LEEVI AND THE LEAVINGS,TEUVO MAANTEIDEN KUNINGAS,M,MEL26X,
LEEVI AND THE LEAVINGS,TEUVO MAANTEIDEN KUNINGAS,C,MELPLAY,05.08.2020
LEEVI AND THE LEAVINGS,TIKAPUUT TAIVAASEEN,M,MEL19Z,
LEEVI AND THE LEAVINGS,TOIVEUNTA,M,MDV69,
LEEVI AND THE LEAVINGS,TURKMENIALAINEN TYTTÖYSTÄVÄ,M,KK5,
LEEVI AND THE LEAVINGS,TURKMENIALAINEN TYTTÖYSTÄVÄ,C,TUOTTAJA,25.09.2022
LEEVI AND THE LEAVINGS,UNELMIA JA TOIMISTOHOMMIA,M,KSF1Z,
LEEVI AND THE LEAVINGS,UNELMIA JA TOIMISTOHOMMIA,C,TUOTTAJA,25.09.2022
LEEVI AND THE LEAVINGS,UNELMIA JA TOIMISTOHOMMIA,C_O,POY,03.11.2025
LEEVI AND THE LEAVINGS,VAKOSAMETTIHOUSUINEN MIES,MF,FIN23A6,
LEEVI AND THE LEAVINGS,VAKOSAMETTIHOUSUINEN MIES,M,KSF1Z,
LEEVI AND THE LEAVINGS,VAKOSAMETTIHOUSUINEN MIES,M,MEL62,
LEEVI AND THE LEAVINGS,VASARA JA NAULOJA,MF,FIN47A9,
LEEVI AND THE LEAVINGS,VASARA JA NAULOJA,M,KSF1Z,
LEEVI AND THE LEAVINGS,VASARA JA NAULOJA,C,TUOTTAJA,21.02.2023
LEEVI AND THE LEAVINGS,VIISAS TALONMIES,M,KSF1Z,
LEHTIVIHREÄT,AURINKO LASKEE,C_O,POY,17.07.2025
LEHTIVIHREÄT,POIKA POHJOISEN,C_O,POY,20.08.2025
LEIDIT,HITTIPUTKI,C_O,POY,22.12.2023
LEIF WAGER,ROMANSSI,MF,FIN47A15,
LEIF WAGER,ROMANSSI,MF,FIN5A6,
LEIF WAGER,ROMANSSI,M,MEL55X,
LEIF WAGER,ROMANSSI,C,FINNHITS,19.06.2015
LEIF WAGER,TÄHDET KERTOVAT,MF,FIN42B8,
LEILA MILLER,KUULEN SAMME (EST),M_U,EST4,
LEMMENKIPEET,HULLUMIES,M,MDV57,
LEMMENKIPEET,HUOMENTA KULTA,M,MEL33X,
LEMMENKIPEET,MÄ HALUUN,M,MEL32X,
LEMON,NAINEN TUMMISSA,MF,FIN28A5,
LEMON,NAINEN TUMMISSA,C,FINNKARAOKE,02.07.2024
LENA MAYER,SATELLITE,C,POCKET24,04.08.2022
LENA PHILIPSSON,DANSA I NEON (SWE),M_U,SWE,
LENINGRAD COWBOYS,LENINGRAD,C_O_UK,POY,27.09.2025
LENINGRAD COWBOYS,THOSE WERE THE DAYS,C,OBSKURE,14.11.2022
LENNE & LEE KINGS,SOITTO SEIS,MF,FIN30A8,
LEO JOKELA,NAINEN POLIISI JA TAKSI,M,MEL42Z,
LEO JOKELA,NAINEN POLIISI JA TAXI,M,POW30,
LEO LUOTO,AHAA AHAA,C_O,POY,06.08.2026
LEO LUOTO,RANTAREGEE,C_O,POY,22.01.2025
LEO LUOTO,VILLI YÖ (LIVE IS LIFE),C_O,POY,08.06.2026
LEO MORACCHIOLI,THE HOUSE OF THE RISING SUN (METAL COVER),C_O_U,POY,05.07.2023
LEO MORACCHIOLI,WHAT'S UP (METAL COVER),C_O_U,POY,27.01.2024
LEO MORACCHIOLI FT MARY SPENDER,SULTANS OF SWING (METAL COVER),C_O_U,POY,19.04.2023
LEO SAYER,MORE THAN I CAN SAY,M,TOPHIT27,
LEO SAYER,WHEN I NEED YOU,K,XP4,
LEO SAYER,WHEN I NEED YOU,C,ZOOM,25.04.2022
LEONA LEWIS,RUN,C,POCKET3,04.08.2022
LEONARD COHEN,DANCE ME TO THE END OF LOVE,C,KARAFUN,25.04.2022
LEONARD COHEN,SUZANNE,C,KARAFUN,25.04.2022
LESLEY GORE,IT'S MY PARTY,K,XP4,
LESLEY GORE,IT'S MY PARTY,M,PIO005,
LEVEL 42,RUNNING IN THE FAMILY,C,ZOOM,25.04.2022
LEVEL 42,SOMETHING ABOUT YOU,K,XP4,
LIBERTY X,JUST A LITTLE,K,XP1,
LIGHTHOUSE FAMILY,LIFTED,K,XP1,
LIGHTNING SEEDS,THREE LIONS (FOOTBALLS COMING HOME),K,XP2,
LIISA TAVI,ELÄMÄLLE KIITOS,M,MEL50X,
LIISA TUHKANEN,MUSTAA JÄÄTÄ,M,POW29,
LIISA TUHKANEN,VANHA FILLARI,M,MEL30X,
LILLI,VEKSIN ENKELI,C,TUOTTAJA,21.02.2023
LILY ALLEN,SMILE,K,XP4,
LILY ALLEN,SOMEWHERE ONLY WE KNOW,C,ZOOM,31.03.2024
LIMP BIZKIT,BEHIND BLUE EYES,C,EK,10.10.2021
LIMP BIZKIT,BREAK STUFF,C,BELLYSINGS,31.03.2024
LIMP BIZKIT,MY GENERATION,C,ROCK,09.08.2024
LIMP BIZKIT,NOOKIE,C,CCKARAOKE,31.03.2024
LIMP BIZKIT,ROLLIN,C,CCKARAOKE,10.10.2021
LIMP BIZKIT,TAKE A LOOK AROUND,C,SOUNDCHOICE,10.10.2021
LINDA BENGTZING,HUR SVÅRT KAN DET VA (SWE),M_U,SWE,
LINDA LAMPENIUS JA PETE PARKKONEN,LIEKINHEITIN,C,SINGKING,22.06.2026
LINDA RONSTADT,WHEN WILL I BE LOVED,K,XP4,
LINKIN PARK,CRAWLING,C,CCKARAOKE,03.08.2024
LINKIN PARK,IN THE END,C,KIL,30.03.2020
LIONEL RICHIE,ALL NIGHT LONG,K,XP1,
LIONEL RICHIE,HELLO,C,SBI,13.08.2018
LIONEL RICHIE,HELLO,M,MP&R1,
LIONEL RICHIE,SAY YOU SAY ME,K,XP4,
LIONEL RICHIE & DIANA ROSS,ENDLESS LOVE,K,XP1,
LIPA LIUKKONEN & LAITAKADUN KULKIJAT,ASUN LAHDESSA,C_O,POY,06.11.2023
LIPA LIUKKONEN & LAITAKADUN KULKIJAT,MUSTAA JÄÄTÄ,C_O,POY,01.09.2026
LIPPS INC,FUNKYTOWN,C,CHANNEL,25.04.2022
LISA NILSSON,HIMLEN RUNT HORNET (SWE),M_U,SWE,
LITA FORD,BACK TO THE CAVE,C,CHADC,01.08.2024
LITA FORD,KISS ME DEADLY,C,SINGALONG,08.08.2024
LITA FORD,SHOT OF POISON,C,CHADC,14.08.2024
LITTLE EVA,THE LOCOMOTION,M,PIO005,
LITTLE RICHARD,LONG TALL SALLY,M,PIO1A4,
LITTLE RICHARD,THE GIRL CAN'T HELP IT,K,XP3,
LITTLE RICHARD,TUTTI FRUTTI,M,DKG16,
LIVE,LIGHTNING CRASHES,C,CCKARAOKE,08.08.2024
LIVE AID UUSI LASTENSAIRAALA 2017,LOHTU,M,SAT13,
LIZ PHAIR,WHY CAN'T I,K,XP4,
LLOYD PRICE (JOHN LENNON),JUST BECAUSE,C,CLOUD,02.08.2021
LOBO,HOW CAN I TELL HER (ABOUT YOU),M,TOPHIT27,
LOBO,I'D LOVE YOU TO WANT ME,C,SINGKING,01.04.2024
LOBODA,ПО УКРАЇНСЬКИ (UKRAINAAN) (UKR),C_U,UKR,02.12.2023
LOBODA,РОДНОЙ (SUKULAISET) (UKR),C_U,UKR,02.12.2023
LOBODA,СЛУЧАЙНАЯ (VAHINGOSSA) (UKR),C_U,UKR,02.07.2024
LOITUMA,IEVAN POLKKA,M,MEL55X,
LONDON BEAT,I'VE BEEN THINKING ABOUT YOU,C,ZOOM,25.04.2022
LONNIE DONEGAN,HAVE A DRINK ON ME,K,XP2,
LONNIE DONEGAN,MY OLD MAN'S A DUSTMAN,K,XP4,
LOOKING GLASS,BRANDY YOU'RE A FINE GIRL,M,PIO13B7,
LOOSE ENDS,HANGING ON A STRING,K,XP4,
LORD EST,SUN VIERES ON LÄMMIN,M,MEL52X,
LORD EST,SÄ TEET,M,MEL50X,
LORD EST & MARISKA,HELLÄ ORI,M,SAT01,
LORD EST FT MIKAEL GABRIEL,VUOSI VAIHTUU,M,SAT05,
LORD EST FT PETRI NYGÅRD,REGGAEREKKA,K,LK16,
LORD EST FT PETRI NYGÅRD,REGGAEREKKA,M,SAT04,
LORD EST FT SPEKTI,HANAT AUKI,M,MDV61,
LORDI,HARD ROCK HALLELUJAH,M,HEVI 3,
LORDI,HARD ROCK HALLELUJAH,K,KONEPC,
LORDI,IT SNOWS IN HELL,M,HEVI 4,
LORDI,TOM TOM TOM (VAIN ELÄMÄÄ KAUSI 16),C_O_UK,POY,30.11.2025
LORDI,WOULD YOU LOVE A MONSTERMAN,M,HEVI 2,
LORDI,WOULD YOU LOVE A MONSTERMAN,C,TUOTTAJA,21.02.2023
LOREN ALLRED,NEVER ENOUGH,C,MRK,19.03.2023
LOS LOBOS,BEAUTIFUL MARIA OF MY SOUL,C,ZZANG,01.04.2024
LOST FREQUENCIES FT CALUM SCOTT,WHERE ARE YOU NOW,C,SINGKING,18.08.2022
LOTTA ENGBERG,FYRA BUGG OCH EN COCA COLA (SWE),M_U,SWE,
LOU BEGA,MAMBO NRO 5,M,MP&R1,
LOU RAWLS,YOU'LL NEVER FIND ANOTHER LOVE LIKE MINE,K,XP3,
LOU RAWLS,YOU'LL NEVER FIND ANOTHER LOVE LIKE MINE,C,ZOOM,25.04.2022
LOU REED,PERFECT DAY,C,KARAFUN,25.04.2022
LOU REED,WALK ON THE WILD SIDE,C,KARAFUN,01.04.2024
LOUIS ARMSTRONG,WHAT A WONDERFUL WORLD,K,XP4,
LOUIS ARMSTRONG,WHAT A WONDERFUL WORLD,C,CHANNEL,11.12.2020
LOUIS ARMSTRONG,WHEN THE SAINTS GO MARCHING IN,C,CLOUD,28.12.2019
LOUISE,STUCK IN THE MIDDLE WITH YOU,K,XP3,
LOVERBOY,THE KID IS HOT TONITE,C,PARTYTYME,08.08.2024
LOVERBOY,WORKING FOR THE WEEKEND,C,KARAFUN,18.08.2024
LUIS FONSI FT DADDY YANKEE,DESPACITO (SPA),C_U,SPA,19.01.2021
LULLACRY,STRANGER IN YOU,M,HEVI 4,
LULU,OH ME OH MY,K,XP2,
LULU,SHOUT,K,XP1,
LUMO,VESIVEHMAAN JENCCA,K,POW09SR2,
LUTHER VANDROSS,DANCE WITH MY FATHER,K,XP3,
LUTHER VANDROSS,NEVER TOO MUCH,K,XP3,
LYNN ANDERSON,ROSE GARDEN,K,XP1,
LYNYRD SKYNYRD,CALL ME THE BREEZE,C,KARAFUN,19.07.2020
LYNYRD SKYNYRD,FREE BIRD,C,RETROMANS,25.03.2023
LYNYRD SKYNYRD,I NEED YOU,C,KARAFUN,16.05.2026
LYNYRD SKYNYRD,SIMPLE MAN,C,SOUNDCHOICE,07.01.2024
LYNYRD SKYNYRD,SWEET HOME ALABAMA,M,HR1,
LYNYRD SKYNYRD,SWEET HOME ALABAMA,K,XP2,
LYNYRD SKYNYRD,SWEET HOME ALABAMA,C,KARAFUN,10.09.2023
LYNYRD SKYNYRD,THE BALLAD OF CURTIS LOEW,C,ZOOM,15.03.2026
LYNYRD SKYNYRD,THE BALLAD OF CURTIS LOEW,C,ZOOM,15.03.2026
M MÜÜRSEPP JA E KRIEGER,SÕBRA LAUL (EST),M_U,EST4,
M NUORVA,YKSINÄINEN ILTA,M,MEL25X,
M NUORVA,YÖTÄ MYÖTEN,M,MEL27X,
M PEOPLE,MOVING ON UP,K,XP1,
MA NUMMINEN,KISSA VIEKÖÖN,MF,FIN37B4,
MA NUMMINEN,KOTIHARJUN PÄÄLLÄ,C_O,POY,06.01.2022
MA NUMMINEN,MAAILMA SE ON KUIN SILKKIÄ VAAN,M,COV14,
MAARIT HURMERINTA,ANNA TUKAN VALUU VAAN,K,POW05SR1,
MAARIT HURMERINTA,EI EILISEEN,M,MDV20,
MAARIT HURMERINTA,HYMYPOIKA,MF,FIN45B3,
MAARIT HURMERINTA,IHMEIDEN PÄIVÄ,M,MEL19Z,
MAARIT HURMERINTA,JOS TAHDOT TIETÄÄ,MF,FIN8A5,
MAARIT HURMERINTA,JOS TAHDOT TIETÄÄ,K,LK10,
MAARIT HURMERINTA,JOS TAHDOT TIETÄÄ,M,MEL25X,
MAARIT HURMERINTA,JÄÄTELÖKESÄ,MF,FIN21A2,
MAARIT HURMERINTA,JÄÄTELÖKESÄ,M,MEL34Z,
MAARIT HURMERINTA,JÄÄTELÖKESÄ,C,KARAOKETÄHTI,02.07.2024
MAARIT HURMERINTA,KAKSI PUUTA,M,LK23,
MAARIT HURMERINTA,LAAKSON LILJA,M,MEL19Z,
MAARIT HURMERINTA,LAINAA VAIN,M,MEL02Z,
MAARIT HURMERINTA,SIIVET SAAN,C_O,POY,19.10.2023
MAARIT PELTONIEMI,HAAVEIDEN LAIVA,MF,FIN38A2,
MAARIT PELTONIEMI,KUN SUUDELLAAN,M,MDV09,
MAARIT PELTONIEMI,ONNENMAA,K,POW12,
MAARIT PELTONIEMI,TUULEEN KIRJOITAN,K,POW12,
MAARIT PELTONIEMI,VAIN AJAN HIEKKAA,K,POW07,
MAARIT PELTONIEMI,VAIN AJAN HIEKKAA,M,MDV14,
MAARJA-LIIS & IVO LINNA,KAAELAKEE HÄÄL (EST),M_U,EST1,
MAC DAVIS,BABY DON'T GET HOOKED ON ME,M,PIO018,
MAC DAVIS,I BELIEVE IN MUSIC,M,PIO007,
MACY GRAY,I TRY,K,XP1,
MADDIE ZAHM,FAT FUNNY FRIEND,C,KAK,06.03.2022
MADNESS,BAGGY TROUSERS,K,XP1,
MADNESS,MY GIRL,K,XP4,
MADONNA,AMERICAN PIE,C,ZOOM,24.12.2022
MADONNA,DON'T CRY FOR ME ARGENTINA (DANCE MIX),K,XP2,
MADONNA,FROZEN,C,KARAOKEJP,15.07.2020
MADONNA,GET TOGETHER,K,XP3,
MADONNA,HOLIDAY,K,XP4,
MADONNA,LA ISLA BONITA,K,XP4,
MADONNA,LA ISLA BONITA,M,MP&R1,
MADONNA,LIKE A PRAYER,K,XP1,
MADONNA,LIKE A PRAYER,M,MP&R3,
MADONNA,LIKE A VIRGIN,K,XP1,
MADONNA,LIKE A VIRGIN,M,PT2,
MADONNA,LIVE TO TELL,C,EK,18.07.2024
MADONNA,MATERIAL GIRL,K,XP3,
MADONNA,MATERIAL GIRL,M,MP&R3,
MADONNA,MATERIAL GIRL,M,PIO13A8,
MADONNA,OPEN YOUR HEART,C,SOUNDCHOICE,17.08.2020
MADONNA,PAPA DON'T PREACH,C,ZOOM,21.08.2021
MADONNA,YOU'LL SEE,C,KAPAOKENO1,15.07.2020
MAGGIE REILLY,MOONLIGHT SHADOW,M,MEL03,
MAIJA HAPUOJA,SOI VIENOSTI MURHEENI SOITTO,C,KANSANLAULUT,17.08.2022
MAIJA HAPUOJA & JUKKA VÄLIPAKKA,ONNELLISET,C,KANSANLAULUT,02.07.2024
MAIJA SALO JA LAPSIKUORO,KÄY MUUMILAAKSOON,C,FINNKARAOKE,12.10.2021
MAIJA VILKKUMAA,AUTA MUA,M,MEL36Z,
MAIJA VILKKUMAA,EI,K,LK01,
MAIJA VILKKUMAA,EI,M,MEL25X,
MAIJA VILKKUMAA,EI SAA SURETTAA,M,MEL32X,
MAIJA VILKKUMAA,HEI TIE,M,MEL42Z,
MAIJA VILKKUMAA,INGALSIN LAURA,K,POW09SR2,
MAIJA VILKKUMAA,KATU,M,MEL45Z,
MAIJA VILKKUMAA,KESÄ,K,LK07,
MAIJA VILKKUMAA,KESÄ,M,POW29,
MAIJA VILKKUMAA,KISSAVIDEOITA,M,MDV65,
MAIJA VILKKUMAA,LASTENHOITAJA,M,MEL32X,
MAIJA VILKKUMAA,LIIAN KAUAN,K,LK07,
MAIJA VILKKUMAA,LIIAN KAUAN,M,MEL37Z,
MAIJA VILKKUMAA,LIIAN KAUAN,M,POW29,
MAIJA VILKKUMAA,LISSU JA MÄ,M,SAT15,
MAIJA VILKKUMAA,LOTTOVOITTO,M,MEL53PRO,
MAIJA VILKKUMAA,MUN ELÄMÄ,K,POW13SR3,
MAIJA VILKKUMAA,NIIN KUIN MUUTKIN,M,MEL32X,
MAIJA VILKKUMAA,PRINSESSA JÄÄ,M,MEL50X,
MAIJA VILKKUMAA,SATUMAA TANGO,K,POW05SR1,
MAIJA VILKKUMAA,SATUMAA TANGO,M,MEL62,
MAIJA VILKKUMAA,TOTUUTTA JA TEHTÄVÄÄ,K,POW09SR2,
MAIJA VILKKUMAA,VIIMEINEN ELÄMÄ,M,COV15,
MAISA,RAKKAUDESTA LAULU,K,LK18,
MAISA,RAKKAUDESTA LAULU,M,SAT06,
MAIT MALTIS,GLORIA (EST),M_U,EST1,
MAIT MALTIS,KAUGE AEG (EST),M_U,EST1,
MAIT MALTIS,MARI ELIISA (EST),M_U,EST1,
MAIT MALTIS,MARI ELIISA (EST),M_U,EST4,
MAIT MALTIS,MUST KOHV (EST),M_U,EST3,
MAIT MALTIS,SUUDLUSET NÛÛD (EST),M_U,EST1,
MAIT MALTIS,ÛKS MEIST NAINE TEINE MEES (EST),M_U,EST1,
MAIT MALTIS,VABA MEES (EST),M_U,EST2,
MAJ KARMA,KYYNEL,M,MEL32X,
MAJ KARMA,SODANKYLÄ,M,HEVI 1,
MAJ KARMA,UKKONEN,M,HEVI 4,
MAJ KARMA,UKKONEN,C_O,POY,15.04.2023
MAKE ANKEE,ÄIDIN TYTTÖ,M,MEL40X,
MAKE TOMMILA,AURINGONNOUSUSTA AURINGONLASKUUN,C_O,POY,09.07.2026
MAMBA,1.8.1985,C_O,POY,13.01.2026
MAMBA,HEI PETE,M,MEL15Z,
MAMBA,KULKUSET,C,TUOTTAJA,02.12.2025
MAMBA,KUN SIGNAALI ON HEIKKO,M,MEL55X,
MAMBA,LAUANTAI ILTA,MF,FIN52,
MAMBA,LAUANTAI ILTA,M,MDV06,
MAMBA,MEILLE VAI TEILLE,M,MEL36Z,
MAMBA,MITÄ YHDESTÄ SÄRKYNEESTÄ SYDÄMESTÄ,M,SATC04,
MAMBA,MITÄ YHDESTÄ SÄRKYNEESTÄ SYDÄMESTÄ,C_O,POY,11.08.2024
MAMBA,MÄ PANIN MUN SYDÄMENI JÄIHIN,M,MEL55X,
MAMBA,PIENI LEMMENLEIKKI,MF,FIN20A7,
MAMBA,PIENI LEMMENLEIKKI,M,MDV68,
MAMBA,PYYHI KYYNELEET,M,MEL27X,
MAMBA,PYYHI KYYNELEET,C,MELPLAY,30.07.2016
MAMBA,SAA KOSKETTAA,M,MEL22X,
MAMBA,SAA KOSKETTAA,C_O,POY,19.04.2023
MAMBA,SÄ ONNENI OOT,M,MDV12,
MAMBA,TUOLLAINEN TYTTÖ,MF,FIN14B2,
MAMBA,TUOLLAINEN TYTTÖ,M,MEL62,
MAMBA,VALOKUVIA,MF,FIN17A1,
MAMBA,VALOKUVIA,M,MDV23,
MAMBA,VASTUSTAMATON,MF,FIN32A6,
MAMBA,VIE MUT LÄPI YÖN,K,LK04,
MAMBA,VIELÄ ON KESÄÄ JÄLJELLÄ,MF,FIN52,
MAMBA,VIELÄ ON KESÄÄ JÄLJELLÄ,K,LK02,
MAMBA,VIELÄ ON KESÄÄ JÄLJELLÄ,M,MEL21Z,
MAMBA,VIELÄ ON KESÄÄ JÄLJELLÄ,C,MELPLAY,02.07.2024
MAMBA,YÖ ON HELLÄ,MF,FIN40B1,
MAMBA,ÄLÄ JÄTÄ MINUA,MF,FIN38B14,
MAMBA,ÄLÄ JÄTÄ MINUA,MF,FIN4B11,
MAMBA,ÄLÄ JÄTÄ MINUA,K,POW16,
MAN MAN,HEAD ON (HOLD ON TO YOUR HEART),C,BOATBAND,02.02.2021
MANFRED MANN,DOO WAH DIDDY,K,XP4,
MANIFEST,PUITA KAMINAAN,M,M60'S,
MANOWAR,WARRIORS OF THE WORLD,C,GLAUCIODJ,19.03.2023
MARC ALMOND & GENE PITNEY,SOMETHING'S GOTTEN HOLD OF MY HEART (PIANO),C,SIGN4MOON,29.04.2022
MARC ANTHONY,YOU SANG TO ME,M,MP&R2,
MAREENA SILANDER,EN VOI OLLA NAISESI SUN,M,MEL47Z,
MARI LAURILA,AJA HILJAA ISI,MF,FIN8B10,
MARI RANTASILA,ANTEEKSI,M,MEL27X,
MARI RANTASILA,AURINGOSSA,K,POW05SR1,
MARI RANTASILA,JOTAIN OHI ON,K,POW17,
MARI RANTASILA,KUN TAAS SINUT NÄHDÄ SAAN,K,POW17,
MARI RANTASILA,MEIDÄN MATKA,M,MDV17,
MARI RANTASILA,NÄKEMIIN RAKKAANI,C_O,POY,03.11.2025
MARI RANTASILA,TYTTÖNÄ OON,M,MDV20,
MARI RANTASILA,VAIN RAKKAUS,K,POW04,
MARI RANTASILA,VAIN RAKKAUS,M,MDV14,
MARIA HIETAHARJU,AINOKAINEN,C,FIAT,03.09.2026
MARIA JOSE QUINTANILLA,FUE DIFICIL (SPA),C_U,SPA,03.05.2026
MARIA LUND,SURUPUKU,C,KUNINGAS,11.05.2026
MARIA YLIPÄÄ,BALLADI ELOKUVASTA KLAANI,M,COV18,
MARIAH CAREY,LEAD THE WAY,K,XP3,
MARIAH CAREY,SAY SOMETHIN',K,XP3,
MARIAH CAREY,WE BELONG TOGETHER,K,XP2,
MARIAH MCKEE,SHOW ME HEAVEN,K,XP1,
MARIE FREDRISSON,TRO (SWE),M_U,SWE,
MARIE FREDRISSON,ÄNNU DOFTAR KÄRLEK (SWE),M_U,SWE,
MARIE OSMOND,PAPER ROSES,K,XP4,
MARIJA SERIFOVIC,RUKOILEN,M,MEL44X,
MARIKA UUS,HUULEVÄRV SU KRAE PEAL (EST),M_U,EST3,
MARILII,NAUTIN ELÄMÄSTÄ,M,MEL55X,
MARILII,SIIVILLÄIN LENNÄN,K,POW07,
MARILII,SINUN,M,MDV17,
MARILYN MANSON,DISPOSABLE TEENS,C,SOUNDCHOICE,03.08.2024
MARILYN MANSON,SWEET DREAMS (ARE MADE OF THIS),C,RANDOM,07.12.2019
MARILYN MANSON,SWEET DREAMS,K,XP3,
MARILYN MANSON,TAINTED LOVE,C,CLOAKYOKE,15.08.2024
MARILYN MANSON,THIS IS HALLOWEEN,C,MRENTERTAINER,28.10.2024
MARILYN MONROE,DIAMOND'S ARE A GIRLS BEST FRIENDS,K,XP3,
MARION,EL BIMBO,MF,FIN14A7,
MARION,EL BIMBO,C,FINNHITS,02.07.2024
MARION,EVIVA ESPANJA,MF,FIN1A8,
MARION,EVIVA ESPANJA,MF,FIN37A12,
MARION,EVIVA ESPANJA,K,POW11,
MARION,EVIVA ESPANJA,M,MDV14,
MARION,HYVÄSTI YÖ,MF,FIN18A10,
MARION,JOULUPUKIN MAA,C,TUOTTAJA,02.12.2025
MARION,KUIVAA MUN KYYNELEET,C,FIAT,01.09.2026
MARION,KULKUSET,C,TUOTTAJA,02.12.2025
MARION,KYLÄHÄÄT,MF,FIN46A11,
MARION,LUPAUS,MF,FIN45A5,
MARION,MIRJAMIN VALSSI,M,MEL36Z,
MARION,OVEN AUKAISIN,M,MDV14,
MARION,RAKKAIN (I'D LOVE YOU TO WANT ME),C_O,POY,27.05.2026
MARION,SENORITA POR FAVOR,M,KK2,
MARION,SENORITA POR FAVOR,M,MEL70'S,
MARION,TIPI TII,MF,FIN15B1,
MARION,TOM TOM TOM,MF,FIN31A7,
MARION & KIRKA,SILLOIN,M,MEL37Z,
MARION JA CAROLA,HAVA NAGILA,M,MEL70'S,
MARISKA,ENTISELLE,M,SK1,
MARISKA,ITSERAKKAUSJUTTUU,C_O,POY,03.11.2025
MARISKA,ITSERAKKAUSJUTTUU,M,SAT16,
MARISKA,KIITOS,C,KUNINGAS,11.05.2026
MARISKA,MINÄ LIITYIN SINUUN,C_O,POY,07.04.2025
MARISKA,PAINU HELVETTIIN,M,SATC04,
MARISKA,SINÄ PÄIVÄNÄ KUN SÄ LÄHDET,K,LK20,
MARISKA,TERVEISIN DORIS,M,COV15,
MARISKA & PAHAT SUDET,KUKKURUKUU,K,LK18,
MARISKA & PAHAT SUDET,KUKKURUKUU,M,MDV58,
MARISKA & PAHAT SUDET,KUKKURUKUU,C,FINNISH,19.06.2015
MARISKA & PAHAT SUDET,KUOLEMA ON KALAMIES,K,LK20,
MARISKA & PAHAT SUDET,KUOLEMA ON KALAMIES,M,SAT08,
MARISKA & PAHAT SUDET,LIEKKI,K,LK18,
MARISKA & PAHAT SUDET,LIEKKI,M,MG19,20.03.2026
MARISKA & PAHAT SUDET,MURHA,M,SAT02,
MARISKA & PAHAT SUDET,SUA KAIPAAN,M,SATC01,
MARISKA & PAHAT SUDET,SULOINEN MYRKYNKEITTÄJÄ,M,KPP31,
MARISKA & PAHAT SUDET,SULOINEN MYRKYNKEITTÄJÄ,M,SAT02,
MARITA TAAVITSAINEN,ANDRE,MF,FIN42A1,
MARITA TAAVITSAINEN,ANDRE,K,POW01,
MARITA TAAVITSAINEN,ANDRE,M,MEL03,
MARITA TAAVITSAINEN,ANDRE,C,KARAOKETÄHTI,02.07.2024
MARITA TAAVITSAINEN,ELOON JÄÄN,M,MEL24X,
MARITA TAAVITSAINEN,ET SITÄ NÄÄ,M,MEL47Z,
MARITA TAAVITSAINEN,KELLOT MOSKOVAN,K,POW10,
MARITA TAAVITSAINEN,KELLOT MOSKOVAN,M,MEL22X,
MARITA TAAVITSAINEN,KULTAHIEKKAA,K,POW16,
MARITA TAAVITSAINEN,KUN KOSKET MUA,M,MDV08,
MARITA TAAVITSAINEN,KUN LÄHDIT POIS,M,COV18,
MARITA TAAVITSAINEN,KURKKIJA,M,MDV06,
MARITA TAAVITSAINEN,KUUN MORSIAN,M,MDV23,
MARITA TAAVITSAINEN,LUOJA YKSIN TIETÄÄ,M,MEL54,
MARITA TAAVITSAINEN,MISSÄ AIOT SÄ VIETTÄÄ YÖSI,M,KK4,
MARITA TAAVITSAINEN,POHJOISEN POIKA,M,MEL51Z,
MARITA TAAVITSAINEN,PUUTERILUNTA,M,MDV06,
MARITA TAAVITSAINEN,RAKASTAA EI RAKASTA,C,MAGNUM,02.07.2024
MARITA TAAVITSAINEN,RAKASTAN RAKASTAN RAKASTAN,K,POW20TANGO,
MARITA TAAVITSAINEN,RAKASTAN RAKASTAN RAKASTAN,M,MEL04X,
MARITA TAAVITSAINEN,RAKASTAN RAKASTAN RAKASTAN,M,SK1A6,
MARITA TAAVITSAINEN,RAKKAUTTA ONKO TÄÄ,MF,FIN46A1,
MARITA TAAVITSAINEN,SALAINEN PUUTARHA,MF,FIN43A2,
MARITA TAAVITSAINEN,SUUDELMIA JA SHAMPANJAA,K,POW20TANGO,
MARITA TAAVITSAINEN,TAAS ESPANJAAN,M,MEL47Z,
MARITTA & HANKAHUMPPA,ARMAANI SILMÄT,M,SASO12,
MARIZA,KANSSAS KÄVELEN RANTAAN,C,SINGA,10.09.2026
MARJA KOSKI,TAHDON MIEHEN,M,MEL55X,
MARJA KOSKI,TÄNNE JÄÄN,M,MDV65,
MARJATTA & LASSE,LEIKITEN,M,MEL02Z,
MARJATTA LEPPÄNEN,ONNI,M,MDV06,
MARJATTA LEPPÄNEN,SYDÄMESI TYHJÄ HUONE,MF,FIN20B5,
MARJATTA LEPPÄNEN,SYDÄMESI TYHJÄ HUONE,C,FINNKARAOKE,02.07.2024
MARJORIE,HUONE 213,K,POW12,
MARJORIE,KORTTITALO VAAN,M,MEL38Z,
MARK MOON,ONNETON,C,KAKA,02.07.2024
MARK RONSON FT BRUNO MARS,UPTOWN FUNK,C,GRIT,01.04.2024
MARKETTA JOUTSI & FOUR CATS,PAJUNKÖYTTÄ,M,MEL38Z,
MARKKU ARO,AINA LIIAN MYÖHÄÄN,C_O,POY,26.03.2026
MARKKU ARO,AINOAIN OOT SÄ VAIN,M,MEL44X,
MARKKU ARO,ALLA TUTTUJEN TUULIEN,C_O,POY,06.04.2026
MARKKU ARO,ANNA KAIKKIEN KUKKIEN KUKKIA,MF,FIN47B13,
MARKKU ARO,ANNA KAIKKIEN KUKKIEN KUKKIA,MF,FIN6B1,
MARKKU ARO,ANNA KAIKKIEN KUKKIEN KUKKIA,M,MEL34Z,
MARKKU ARO,ELÄMÄNI ON KUIN SUURI HAAVE,M,MEL49Z,
MARKKU ARO,ETSIN KUNNES LÖYDÄN SUN,MF,FIN9A4,
MARKKU ARO,ETSIN KUNNES LÖYDÄN SUN,M,MEL62,
MARKKU ARO,HEINÄKUUSSA VUOSI SITTEN,C_O,POY,28.03.2026
MARKKU ARO,HUNAJAISIN HUULIN,M,MDV14,
MARKKU ARO,HYPPÄÄ TYTTÖ KYYTIIN,K,LK10,
MARKKU ARO,HYVÄNNÄKÖINEN,K,POW06,
MARKKU ARO,HYVÄNNÄKÖINEN,M,MDV17,
MARKKU ARO,JESTAS SENTÄÄN,MF,FIN35B2,
MARKKU ARO,JESTAS SENTÄÄN,K,POW06,
MARKKU ARO,JESTAS SENTÄÄN,M,MEL70'S,
MARKKU ARO,JOTAIN TAIKAA SINUSSA ON,MF,FIN52,
MARKKU ARO,KAIKKI TIET LUOKSES JOHTAA,C_O,POY,28.03.2026
MARKKU ARO,KAKSI RAKKAINTA,C,FLAMINGO,13.03.2022
MARKKU ARO,KATSO LUONTOA JA HUOMAA,MF,FIN43A5,
MARKKU ARO,KATSO LUONTOA JA HUOMAA,K,POW01,
MARKKU ARO,KESKIYÖN AIKAAN,MF,FIN23A5,
MARKKU ARO,KESKIYÖN AIKAAN,M,MEL39X,
MARKKU ARO,KESTÄN MITÄ VAAN,K,MG06,
MARKKU ARO,KESTÄN MITÄ VAAN,C_O,POY,30.03.2023
MARKKU ARO,KUN SÄ VIERELLÄIN SATEESSA OOT,MF,FIN18A8,
MARKKU ARO,KÄYN UUDELLEEN EILISEEN,MF,FIN24A7,
MARKKU ARO,KÄYN UUDELLEEN EILISEEN,M,MEL41Z,
MARKKU ARO,KÄYN UUDELLEEN EILISEEN,C,FINNKARAOKE,19.10.2015
MARKKU ARO,LOIT ELÄMÄLLE POHJAA,MF,FIN44A10,
MARKKU ARO,MIES JA SKITTA,C_O,POY,18.02.2025
MARKKU ARO,MOSKIITTO,M,MDV11,
MARKKU ARO,NIIN ONNELLINEN OON,C_O,POY,23.02.2025
MARKKU ARO,OLLAAN LÄHEKKÄIN,MF,FIN17A4,
MARKKU ARO,OMA KULTASEIN,MF,FIN34B5,
MARKKU ARO,OO MIKÄ NAINEN,K,POW07,
MARKKU ARO,SUA RAKASTAN,M,MEL53PRO,
MARKKU ARO,TAIVAANSINISET SILMÄT,C_O,POY,07.04.2026
MARKKU ARO,YKSI HUURTEINEN,K,POW07,
MARKKU ARO,ÄLÄ LÄHDE RAKKAIN,C_O,POY,05.04.2026
MARKKU ARO & KOIVISTOLAISET,TIE UUTEEN PÄIVÄÄN,M,KSF1Z,
MARKKU KARJALAINEN,LÄÄHÄTÄN JA LÄKÄHDYN,K,POW06,
MARKKU KETOLA,SYLI TÄYNÄ RENTUKOITA,M,MEL04X,
MARKKU SUOMINEN,AMMUIN HÄNET,M,MEL29X,
MARKKU SUOMINEN,EILEN KUN MÄ TIENNYT EN,M,MEL21Z,
MARKKU SUOMINEN,HÄN,MF,FIN13B3,
MARKKU SUOMINEN,MISSÄ MUN RAKKAANI ON,C_O,POY,12.03.2025
MARKKU SUOMINEN,SADE,M,COV11,
MARKKU SUOMINEN,SADE,MF,FIN42A5,
MARKKU SUOMINEN,SADE,K,POW03,
MARKKU SUOMINEN,TYHJÄT PÄIVÄT,C_O,POY,11.03.2025
MARKO HAAVISTO & POUTAHAUKAT,ELÄMÄÄN TARKOITUSTA,C_O,POY,03.04.2026
MARKO HAAVISTO & POUTAHAUKAT,ENSIMMÄINEN KESÄ,C_O,POY,01.10.2025
MARKO HAAVISTO & POUTAHAUKAT,MYRSKYN KESKELLÄ,C_O,POY,07.09.2025
MARKO HAAVISTO & POUTAHAUKAT,NIIN KUIN LUMI (JOKA SATAA HILJALLEEN),C_O,POY,04.08.2025
MARKO HAAVISTO & POUTAHAUKAT,PAHA VAANII,M,MDV20,
MARKO HAAVISTO & POUTAHAUKAT,PAHA VAANII,C,MELPLAY,19.01.2021
MARKO HAAVISTO & POUTAHAUKAT,TOUKOKUUN ENSIMMÄINEN,C_O,POY,13.12.2025
MARKO LÄMSÄ,ANNA ARMOA,M,MEL46Z,
MARKO LÄMSÄ,IKUISESTI SINUN,C,MAGNUM (POY),25.07.2022
MARKO LÄMSÄ,PÄÄTÄ JO,M,MEL50X,
MARKO MAUNUKSELA,MAAILMANLOPPU,M,MEL55X,
MARKO MAUNUKSELA,VANAMO,M,COV15,
MARKO RITOLA,POPPIKONEET SOIMAAN,M,MDV59,
MARKO TUOVINEN,KOLME TOIVOMUSTA,M,MDV17,
MARKO TUOVINEN,SIELUNMAISEMAA,K,POW11,
MARKUS,HÄN ON OLLUT RAKKAIN,M,MEL19Z,
MARKUS,NIIN KAUAN KUN ON AIKAA,M,MEL18Z,
MARKUS,PEPITA,M,MDV20,
MARKUS,VAIN KOTKA LENTÄÄ AURINKOON,MF,FIN31B2,
MARKUS,VAIN KOTKA LENTÄÄ AURINKOON,M,MEL70'S,
MARKUS,VAIN KOTKA LENTÄÄ AURINKOON,C,MAURIK,14.11.2022
MARKUS,VIIMEINEN KEVÄT,MF,FIN45A14,
MARKUS,VIIMEINEN KEVÄT,MF,FIN8B2,
MARKUS,VIIMEINEN KEVÄT,M,MEL49Z,
MARKUS ALLAN,MUSTALAISVIULU,C,FINNKARAOKE,07.08.2020
MARKUS HULTSI,KUIN GRANIITTIA,K,POW17,
MARKUS TÖRMÄLÄ & FBI BEAT,JÄI SUSTA JÄLKI SYDÄMEEN,MF,FIN52,
MARKUS TÖRMÄLÄ & FBI BEAT,JÄI SUSTA JÄLKI SYDÄMEEN,M,MDV20,
MARKUS TÖRMÄLÄ & FBI BEAT,POHJOISTEN TUULIEN MAA,K,POW17,
MARKUS TÖRMÄLÄ & FBI BEAT,POHJOISTEN TUULTEN MAA,M,MEL37Z,
MAROON 5,MUST GET OUT,K,XP2,
MAROON 5,SUNDAY MORNING,K,XP2,
MAROON 5,THIS LOVE,C,SINGKING,01.04.2024
MARTIN STENMARCK,7 MILAKLIV (SWE),M_U,SWE,
MARTINA MCBRIDE,HAVE YOURSELF A MERRY LITTLE CHRISTMAS,C,KARAFUN,04.07.2022
MARTTI GARAM,EI KUKAAN TOINEN,M,MDVTAN,
MARTTI GARAM,MUUKALAISET YÖSSÄ,MF,FIN8A7,
MARTTI HUUHAA INNANEN,ELSA KOHTALON LAPSI,MF,FIN18B2,
MARTTI HUUHAA INNANEN,GUNNAR VIERASMAALAINEN,K,POW07,
MARTTI HUUHAA INNANEN,KUMITERÄSAAPPAAT,M,COV11,
MARTTI HUUHAA INNANEN,URJALAN TAIKAYÖ,K,POW06,
MARTTI SAARINEN,SE ALKAA TAAS,M,SAT04,
MARTTI SERVO & NAPANDER,AUTOTIE,C,AUTOTIE,02.07.2024
MARTTI SERVO & NAPANDER,HYVÄLTÄ NÄYTTÄÄ,C,FIAT,25.05.2026
MARTTI SERVO & NAPANDER,MAAILMAN SINISIN TAIVAS,M,MEL25X,
MARTTI SERVO & NAPANDER,MIKÄ ON KUN EI TAIDOT RIITÄ,K,POW12,
MARTTI SERVO & NAPANDER,MIKÄ ON KUN TAIDOT EI RIITÄ,M,MEL27X,
MARTTI SERVO & NAPANDER,NYT NAPPAA,C_O,POY,04.01.2024
MARTTI SERVO & NAPANDER,UFO TARJOSI KAAKAON,C_O,POY,29.05.2024
MARTTI SERVO & NAPANDER,VIIKONLOPPU,C_O,POY,07.02.2024
MARTTI SUOSALO,YÖTÖN YÖ,C,TUOTTAJA,02.12.2025
MARTTI VAINAA & SALATUT AINEET,PELIMIES,M,MEL37Z,
MARTY ROBBINS,HAVE I TOLD LATELY THAT I LOVE YOU,M,PIO13B6,
MARTY ROBBINS,WHITE SPORT COAT (AND A PINK CARNATION),M,PIO018,
MARTY WILDE,BAD BOY,K,XP2,
MARY CHAPIN CARPENTER,PASSIONATE KISSES,K,XP3,
MARY HOPKINS,THOSE WERE THE DAYS,K,XP1,
MARY HOPKINS,THOSE WERE THE DAYS,M,MP&R3,
MARY J BLIGE,NO MORE DRAMA,K,XP2,
MARY MARY,SHACKLES,K,XP2,
MASCARA,ERITTÄIN HYVÄ (ELLEI TÄYDELLINEN),K,POW06,
MASCARA,ERITTÄIN HYVÄ (ELLEI TÄYDELLINEN),M,SAT03,
MASCARA,TYYLILYYLI,C_O,POY,01.07.2026
MATCHBOX,ROCKABILLY REBEL,K,XP3,
MATCHBOX,ROCKABILLY REBEL,C,ZOOM,25.04.2022
MATHIAS HOLMGREN,NÅGOT SOM KAN HÄNDA (SWE),M_U,SWE,
MATI NUUDE,BUENOS DIOS ARGENTINA (EST),M_U,EST1,
MATI NUUDE,CALIFORNIA BLUE (EST),M_U,EST1,
MATI NUUDE,EL BAJON (EST),M_U,EST2,
MATI NUUDE,EL BIMBO (EST),M_U,EST1,
MATI NUUDE,ET OLEKS RAHU (EST),M_U,EST1,
MATI NUUDE,HELLO MERYLOU (EST),M_U,EST3,
MATI NUUDE,JAMBALAYA (EST),M_U,EST1,
MATI NUUDE,KORRAKS VAID (EST),M_U,EST1,
MATI NUUDE,KÕRTSI SHOW (EST),M_U,EST3,
MATI NUUDE,MATKALAUL (EST),M_U,EST3,
MATI NUUDE,OI AEGU AMMUSEID (EST),M_U,EST1,
MATI NUUDE,OI NEED SINAVAD VEED (EST),M_U,EST2,
MATI NUUDE,PEAGI SAABUN TAGASI SU JUURDE (EST),M_U,EST4,
MATI NUUDE,SUVEÖÖ (EST),M_U,EST3,
MATI NUUDE,TAAS ÛKSI JÄÄN (EST),M_U,EST3,
MATI NUUDE,TAAS ÛKSI JÄÄN (EST),M_U,EST4,
MATI NUUDE,TAHAN OLLA SULLE HELL (EST),M_U,EST1,
MATI NUUDE,TSHINGIS KHAAN (EST),M_U,EST2,
MATI NUUDE,UNA PALOMA BLANCA (EST),M_U,EST1,
MATI NUUDE,VÄIKE NEIU (EST),M_U,EST4,
MATT MONRO,IF I NEVER SING ANOTHER SONG,K,XP2,
MATT MONRO,WALK AWAY,K,XP2,
MATTI ESKO,EI ITKU ENÄÄN AUTA,M,MEL04X,
MATTI ESKO,HELLÄ JOKA YÖ,MF,FIN35A7,
MATTI ESKO,HYVÄÄ HUOMENTA SUOMI,K,LK05,
MATTI ESKO,HYVÄÄ HUOMENTA SUOMI,M,MEL34Z,
MATTI ESKO,JENNIE JENNIE,MF,FIN31B8,
MATTI ESKO,JOULUPUKKI MATKAAN JO KÄY,M,MJK1,
MATTI ESKO,KEIKKA OULUUN,C_O,POY,26.09.2024
MATTI ESKO,LÄMMIN HELLÄ PEHMOINEN,MF,FIN27A3,
MATTI ESKO,LÄMMIN HELLÄ PEHMOINEN,C,FINNHITS,02.07.2024
MATTI ESKO,NÄIN SUOMI PYSYY PYÖRILLÄÄN,M,MEL18Z,
MATTI ESKO,NÄIN SUOMI PYSYY PYÖRILLÄÄN,C,MELPLAY,04.07.2022
MATTI ESKO,PIENI JA LÄMPÖINEN,K,POW17,
MATTI ESKO,REISSUMIES,K,POW01,
MATTI ESKO,REISSUMIES,M,SK1,
MATTI ESKO,REKKAMIES,MF,FIN29A8,
MATTI ESKO,REKKAMIES,M,MEL34Z,
MATTI ESKO,REKKAMIES,C_O,POY,03.11.2025
MATTI ESKO,SUN LÄHELLÄSI,M,POW19,20.03.2026
MATTI ESKO,TIETÄÄ SAAT VIIMEINKIN,M,MEL54,
MATTI ESKO,TRASSELIJUSSIN SALSA,M,MDV66,
MATTI ESKO,TUHANSIEN TÄHTIEN HOTELLI,M,COV18,
MATTI ESKO,TULEN KUUSAMOON,C_O,POY,03.11.2025
MATTI ESKO,VANHAT LAULUT NUO,M,MEL44X,
MATTI ESKO,VIISI PITKÄÄ YÖTÄ,M,MEL30X,
MATTI ESKO,VIISI PITKÄÄ YÖTÄ,C,MELPLAY,20.02.2023
MATTI ESKO,YKSIN,K,POW15,
MATTI ESKO & ESA ELORANTA,OMAN ELÄMÄNI COWBOY,M,MEL54,
MATTI ESKO A WISKARI P PARKKONEN STIG,VIIKSIMIES,C_O,POY,24.07.2025
MATTI HEINIVAHO,LÄNNEN TIE,MF,FIN36,
MATTI HEINIVAHO,LÄNNEN TIE,C,FINNHITS,29.07.2016
MATTI HEINIVAHO,TUNTURIN JUURELLA,M,COV11,
MATTI HEINIVAHO,TUNTURIN JUURELLA,MF,FIN16B4,
MATTI ISOPERKKIÖ,MÄ HAJOAN,C,TUOTTAJA,13.04.2024
MATTI JA TEPPO,AITO TUNNE,K,POW08,
MATTI JA TEPPO,CARA MIA,MF,FIN28A4,
MATTI JA TEPPO,CARA MIA,M,MEL46Z,
MATTI JA TEPPO,ENSIMMÄINEN,M,MDV12,
MATTI JA TEPPO,ET VOI TULLA RAJAN TAA,MF,FIN25A5,
MATTI JA TEPPO,HILJAISUUDEN ÄÄNET (SOUND OF SILENCE),C_O,POY,03.11.2025
MATTI JA TEPPO,HÄNELLE,M,MEL29X,
MATTI JA TEPPO,HÄNELLE,C,MELPLAY,02.07.2024
MATTI JA TEPPO,JOS OLET ONNELLINEN,MF,FIN30B5,
MATTI JA TEPPO,JOULUMAA,C,TUOTTAJA,02.12.2025
MATTI JA TEPPO,KAIKEN TAKANA ON NAINEN,MF,FIN40A4,
MATTI JA TEPPO,KAIKEN TAKANA ON NAINEN,M,MEL02Z,
MATTI JA TEPPO,KISSANKULTAA,MF,FIN14A9,
MATTI JA TEPPO,KUKA ON TUO MIES,M,MEL46Z,
MATTI JA TEPPO,KUULUT AIKAAN PARHAIMPAAN,M,MEL49Z,
MATTI JA TEPPO,KYLLÄ MAAILMA ON IHMEELLINEN,M,MELVALS,
MATTI JA TEPPO,LÄHTÖHETKI,M,MEL03,
MATTI JA TEPPO,LÄHTÖHETKI,C,MELPLAY,05.07.2022
MATTI JA TEPPO,MEIDÄN LAULU,M,MEL45Z,
MATTI JA TEPPO,MEIDÄN LAULU,C,MELPLAY,04.07.2022
MATTI JA TEPPO,MINÄ RAKASTAN SUA,MF,FIN36,
MATTI JA TEPPO,MINÄ RAKASTAN SUA,M,MELVALS,
MATTI JA TEPPO,MISSÄ SITÄ OLLAAN OLTU,MF,FIN41A4,
MATTI JA TEPPO,MISSÄ SITÄ OLLAAN OLTU,K,POW03,
MATTI JA TEPPO,MY LOVE,C_O,POY,13.11.2025
MATTI JA TEPPO,MÄ JOKA PÄIVÄ TÖITÄ TEEN,MF,FIN16A5,
MATTI JA TEPPO,NÄIN SE KESÄLOMA TOIMII,M,KK4,
MATTI JA TEPPO,NÄIN SE KESÄLOMA TOIMII,M,MEL46Z,
MATTI JA TEPPO,NÄIN SE KESÄLOMA TOIMII,C,MELPLAY,05.07.2022
MATTI JA TEPPO,NÄITÄ POLKUJA TALLAAN,MF,FIN36,
MATTI JA TEPPO,NÄITÄ POLKUJA TALLAAN,MF,FIN4A9,
MATTI JA TEPPO,NÄITÄ POLKUJA TALLAAN,M,NYT HUMPATAAN,
MATTI JA TEPPO,PIDÄ ITSESTÄSI HUOLTA,MF,FIN27A5,
MATTI JA TEPPO,PIDÄ ITSESTÄSI HUOLTA,C,FINNHITS (POY),17.09.2022
MATTI JA TEPPO,POHJAN POIKA,M,MEL51Z,
MATTI JA TEPPO,PÖYTÄ TÄYTEEN,M,MEL54,
MATTI JA TEPPO,PÖYTÄ TÄYTEEN,M,NYT HUMPATAAN,
MATTI JA TEPPO,SATOI TAI PAISTOI,M,MEL48Z,
MATTI JA TEPPO,SATOI TAI PAISTOI,C_O,POY,03.11.2025
MATTI JA TEPPO,SUVIVALSSI,M,MEL34Z,
MATTI JA TEPPO,SUVIVALSSI,C,FINNKARAOKE,19.06.2015
MATTI JA TEPPO,SÄ MINUT SYTTYMÄÄN SAAT,K,POW08,
MATTI JA TEPPO,TAIVAS AUKEAA,M,MEL45Z,
MATTI JA TEPPO,TAIVAS AUKEAA,C,MELPLAY,05.07.2022
MATTI JA TEPPO,TAIVAS AUKEAA,M,POW19,20.03.2026
MATTI JA TEPPO,TIEDÄTHÄN SEN,M,MDV68,
MATTI JA TEPPO,TIEDÄTHÄN SEN,C_O,POY,31.01.2022
MATTI JA TEPPO,TÄÄ ME OSATAAN,C_O,POY,16.03.2026
MATTI JA TEPPO,VAUHTI KIIHTYY,C_O,POY,26.06.2023
MATTI JA TEPPO,VAUHTI KIIHTYY,M,POW19,20.03.2026
MATTI JA TEPPO,YSTÄVÄN JOS MENETÄN,M,MEL49Z,
MATTI JURVA,KAUNIS VEERA,M,MEL03,
MATTI JURVA,SAVONMUAN HILMA,M,MEL15Z,
MATTI KID HYTÖNEN,KUKA PUOLESTANI ITKEE,C,FIAT,23.08.2026
MATTI KORKIALA,KALLEIN AARRE,MF,FIN34A2,
MATTI KORKIALA,YÖ KERRAN UNHOA ANNOIT,M,MDV17,
MATTI LOUHIVUORI,MINÄ SOITAN SULLE ILLALLA,MF,FIN12B9,
MATTI LOUHIVUORI,PIENI POLKU,M,NYT HUMPATAAN,
MATTI LOUHIVUORI,SUOPURSU,MF,FIN47B9,
MATTI LOUHIVUORI,VANHAN MYLLYN TARINA,MF,FIN24B8,
MATTI NYKÄNEN,EHKÄ OTIN EHKÄ EN,M,MEL40X,
MATTI NYKÄNEN,ELÄMÄ ON LAIFFII,K,POW13SR3,
MATTI NYKÄNEN,ELÄMÄ ON LAIFFII,M,SAT02,
MATTI NYKÄNEN,SAMAA NAUHAA,C,FIAT,26.01.2026
MATTI PELLONPÄÄ,KEKE ROSBERG FORMULA ROCK,M,MEL55X,
MATTI SALMINEN,KULLAN YLISTYS,K,POW11,
MATTI SALMINEN,RIIPPAKOIVUN ALLA,K,POW08,
MAUKKA PERUSJÄTKÄ,SÄPINÄÄ,C_O,POY,06.01.2023
MAUKKA PERUSJÄTKÄ,VAATTEET,M,MDV06,
MAUKKA PERUSJÄTKÄ & VALLILAN VANGIT,OLETKO KOSKAAN NÄHNYT TRAKTORIA,C_O,POY,01.10.2024
MAUNO KUUSISTO,EDELWEISS,M,MEL18Z,
MAUNO KUUSISTO,HEIJASTUS,MF,FIN7B10,
MAUNO KUUSISTO,KERTOKAA SE HÄNELLE,M,MEL05Z,
MAUNO KUUSISTO,KERTOKAA SE HÄNELLE,C,MELPLAY,21.10.2022
MAUNO KUUSISTO,PALAJA SORRENTOON,M,MDV06,
MAUSTETYTÖT,JOS MULLA EI OIS SUA MULLA EI OIS MITÄÄN,C,KUNINGAS,11.05.2026
MAUSTETYTÖT,TALVI TALVIKIN KANSSA,C,3700,15.11.2025
MAUSTETYTÖT,TEIN KAI LOTTORIVINI VÄÄRIN,C,KUNINGAS,10.11.2025
MAUSTETYTÖT,VIIDESTOISTA PÄIVÄ,C_O,POY,16.03.2025
MAVERICKS,DANCE THE NIGHT AWAY,K,XP1,
MAVERICKS,THE LOSING SIDE OF ME,C,VOCALSTAR,01.02.2025
MAXI PRIEST,WILD WORLD,C,ZOOM,26.06.2022
MAXX,GET A WAY,C,RAGLAN,25.04.2022
MC NIKKE T,JOS HALUU SAADA ON PAKKO ANTAA,K,POW07,
MCCARTNEY & JACKSON,EBONY AND IVORY,K,XP1,
MCFADDEN & WHITEHEAD,AIN'T NO STOPPIN' US NOW,K,XP4,
MCFLY,ALL ABOUT YOU,K,XP2,
MCGUIRE SISTERS,SUGARTIME,K,XP3,
MEAT LOAF,BAT OUT OF HELL,K,XP1,
MEAT LOAF,BAT OUT OF HELL,C,ZOOM,02.08.2024
MEAT LOAF,PARADISE BY THE DASHBOARD LIGHTS,K,XP4,
MEELIS PUNDER,MEHHIKO NEID (EST),M_U,EST4,
MEELIS PUNDER,SU SILMADE SÄRA (EST),M_U,EST2,
MEGADETH,A TOUT LE MONDE,C,123,02.10.2023
MEGADETH,ANGRY AGAIN,C,POKOYTUS,01.08.2024
MEGADETH,PEACE SELLS,C,CCKARAOKE,10.08.2024
MEGADETH,SWEATING BULLETS,C,ARKARAOKE,02.10.2023
MEGADETH,SYMPHONY OF DESTRUCTION,C,ZZANG,02.10.2023
MEIE MEES,KAS TUNNED MAAD (EST),M_U,EST1,
MEIE MEES,MOSKVA (EST),M_U,EST1,
MEIE MEES,SHALALAA (EST),M_U,EST1,
MEIE MEES,SUVE MÄLESTUS (EST),M_U,EST1,
MEIE MEES,VALGE MERSU (VALKOINEN MERSU) (EST),C_O_U,EST,29.07.2026
MEIJU SUVAS,ANDALUCIAN YÖ,M,COV22,
MEIJU SUVAS,KAUNOTAR JA KULKURI,MF,FIN21B2,
MEIJU SUVAS,KAUNOTAR JA KULKURI,M,MEL46Z,
MEIJU SUVAS,KUN LÄHDET ARMEIJAAN,M,MEL15Z,
MEIJU SUVAS,MUUKALAINEN,MF,FIN13A4,
MEIJU SUVAS,OMA MAAILMA,M,MEL48Z,
MEIJU SUVAS,OOT PAHA,C,FIAT,25.05.2026
MEIJU SUVAS,OTA KII (YOU’RE MY HEART YOU’RE MY SOUL),C_O,POY,25.08.2025
MEIJU SUVAS,PURE MUA,M,MDV08,
MEIJU SUVAS,SUKELLA SIELUUN ASTI,MF,FIN26A5,
MEIJU SUVAS,SYDÄMET ISKI KIPINÄÄ,M,SASO12,
MEIJU SUVAS,SYTTYMÄÄN SAAT LIEKIN,M,MEL44X,
MEIJU SUVAS,TAHDON SINUT,MF,FIN33B2,
MEIJU SUVAS,TAHDON SINUT,M,MEL46Z,
MEIJU SUVAS,TAHDON SINUT,C_O,POY,26.03.2023
MEIJU SUVAS,TÄÄ ONNEA ON,C_O,POY,28.04.2026
MEIJU SUVAS,VIET ITSEKONTROLLIN,M,MEL16Z,
MEIJU SUVAS,YKSI JA AINUT,M,MEL15Z,
MEIJU SUVAS,YKSI VAIN,M,SASO12,
MEL C,I TURN TO YOU,K,XP2,
MEL C,I TURN TO YOU (REMIX),C,VOCALSTAR,12.01.2025
MELANIE FIONA,MONDAY MORNING,C,POCKET24,04.08.2022
MELART,LADY YÖ,M,MEL15Z,
MELISSA ETHERIDGE,COME TO MY WINDOW,C,SOLUTION,02.08.2024
MELISSA ETHERIDGE,I'M THE ONLY ONE,C,LETSSING,06.08.2024
MELROSE,RICH LITTLE BITCH,C_O_UK,POY,15.04.2023
MEN AT WORK,DOWN UNDER,K,XP3,
MEN AT WORK,DOWN UNDER,C,ZOOM,25.04.2022
MENNEISYYDEN VANGIT,EI OO HELPPOO OLLA NAINEN,M,MEL48Z,
MENNEISYYDEN VANGIT,SAIN YÖN,M,MEL51Z,
MENNEISYYDEN VANGIT,SUA KAIPAAN NIIN,M,MEL48Z,
MENNEISYYDEN VANGIT,TÄHDET NÄYTTÄÄ TIEN,M,MEL48Z,
MERJA LAAKSONEN,HETKEN JUHLA,C,FIAT,03.09.2026
MERJA RANTAMÄKI,JOSSAIN,MF,FIN31A9,
MERJA RANTAMÄKI,MÄ MISTÄ LÖYTÄISIN SEN LAULUN,MF,FIN13B6,
MERJA RANTAMÄKI,SINUN OMASI,K,POW14,
MERJA RANTAMÄKI,VEIT SYDÄMEIN,C_O,POY,28.07.2026
MERJA RANTAMÄKI JA PASI KAUNISTO,KELTAISET LEHDET,C_O,POY,02.09.2024
MERJA RASKI,AAMUYÖ,C,SINGA,14.11.2022
MERSEYBEATS,WISHIN' AND A HOPIN',K,XP2,
MERTSI MERI,JOS OLET OLLUT YKSIN,C,FIAT,03.09.2026
MERTSI MERI,SUA KAIVATEN MÄ MUISTELEN,M,COV16,
MERVI ALA TUHERO JA JORMA KOVANEN,NUHA LÄHTEE NUSSIMALLA,C,FIAT,25.05.2026
METALLICA,AND JUSTICE FOR ALL,C,CCKARAOKE,25.12.2020
METALLICA,BATTERY,C,CCKARAOKE,25.12.2020
METALLICA,BLACKENED,C,CCKARAOKE,25.12.2020
METALLICA,DIE DIE MY DARLING,C,SOUNDCHOICE,03.08.2024
METALLICA,DISPOSABLE HEROES,C,CCKARAOKE,25.12.2020
METALLICA,ENTER SANDMAN,M,HR1,
METALLICA,ENTER SANDMAN,C,CCKARAOKE,25.12.2020
METALLICA,FADE TO BLACK,C,BATTLE,04.08.2024
METALLICA,FOR WHOM THE BELL TOLLS,C,CCKARAOKE,04.08.2024
METALLICA,FUEL,C,CCKARAOKE,25.12.2020
METALLICA,HERO OF THE DAY,C,LOAD,05.08.2024
METALLICA,I DISPPEAR,C,CCKARAOKE,25.12.2020
METALLICA,KING NOTHING,C,CCKARAOKE,25.12.2020
METALLICA,MASTER OF PUPPETS,C,CCKARAOKE,25.12.2020
METALLICA,NO LEAF CLOVER,C,CCKARAOKE,10.08.2024
METALLICA,NOTHING ELSE MATTERS,M,HR1,
METALLICA,NOTHING ELSE MATTERS,C,T4W,12.12.2016
METALLICA,ONE,M,HR1,
METALLICA,ONE,C,CCKARAOKE,25.12.2020
METALLICA,RIDE THE LIGHTNING,C,CCKARAOKE,25.12.2020
METALLICA,SAD BUT TRUE,C,CCKARAOKE,25.12.2020
METALLICA,SEEK AND DESTROY,C,POKOYTUS,14.08.2024
METALLICA,STONE COLD CRAZY,C,SOUNDCHOICE,15.08.2024
METALLICA,THE MEMORY REMAINS,C,CCKARAOKE,25.12.2020
METALLICA,THE SHORTEST STRAW,C,CCKARAOKE,25.12.2020
METALLICA,THE UNFORGIVEN,C,CCKARAOKE,25.12.2020
METALLICA,THE UNFORGIVEN II,C,BELLYSINGS,16.08.2024
METALLICA,THE UNFORGIVEN II,M,HR1,
METALLICA,THE UNFORGIVEN III,C,CCKARAOKE,16.08.2024
METALLICA,THE UNNAMED FEELING,C,BELLYSINGS,16.08.2024
METALLICA,TURN THE PAGE,C,KARAFUN,18.08.2024
METALLICA,UNTIL IT SLEEPS,C,PINOY,01.04.2024
METALLICA,WELCOME HOME (SANITARIUM),C,CCKARAOKE,25.12.2020
METALLICA,WHEREVER I MAY ROAM,C,CCKARAOKE,18.08.2024
METALLICA,WHISKEY IN THE JAR,C,CHANNEL,02.07.2024
METRO-TYTÖT,ELÄMÄÄ SUOMALAISMETSISSÄ,M,MDV14,
METRO-TYTÖT,ETHÄN MINUA UNHOITA,MF,FIN23A9,
METRO-TYTÖT,HILJAINEN KYLÄTIE,MF,FIN9A10,
METRO-TYTÖT,JUSSISTA SAAN MIEHEN ARMAAN,MF,FIN18B8,
METRO-TYTÖT,KENPÄ TIETÄIS SEN,MF,FIN13A10,
METRO-TYTÖT,KOIVU VALSSI,M,SASO12,
METRO-TYTÖT,KYLMÄT HUULET,MF,FIN19B4,
METRO-TYTÖT,LESKIÄIDIN TYTTÄRET,M,MEL07,
METRO-TYTÖT,LOKKI,M,MDV12,
METRO-TYTÖT,MUISTA MINUA,MF,FIN37B14,
METRO-TYTÖT,MUISTA MINUA,MF,FIN5B5,
METRO-TYTÖT,ORVOKKEJA ÄIDILLE (VIOLER TILL MOR),M,MEL03,
METRO-TYTÖT,TAIKAYÖ,MF,FIN36,
METRO-TYTÖT,TAIKAYÖ,M,MELVALS,
METRO-TYTÖT,ÄIDIN SYNTYMÄPÄIVÄ,M,MDV08,
METSATÖLL,SAAREMAA VÄGIMEES (EST),M,EST,
MICHAEL BOLTON,GO THE DISTANCE,C,KARAFUN,23.07.2024
MICHAEL BOLTON,HOW AM I SUPPOSED TO LIVE WITHOUT YOU,K,XP1,
MICHAEL BUBLE,HOME,K,XP2,
MICHAEL BUBLE,SWAY,K,XP2,
MICHAEL HOLIDAY,STARRY EYED,K,XP2,
MICHAEL JACKSON,AIN'T NO SUNSHINE,K,XP3,
MICHAEL JACKSON,BAD,C,CCKARAOKE,07.01.2021
MICHAEL JACKSON,BILLIE JEAN,C,SINGKING,29.04.2018
MICHAEL JACKSON,HEAL THE WORLD,K,XP3,
MICHAEL JACKSON,THRILLER,C,CCKARAOKE,07.01.2021
MICHELLE BRANCH & SANTANA,GAME OF LOVE,K,XP1,
MICK CLARKE,CRAZY 'BOUT A WOMAN,C_O_U,POY,04.06.2026
MIDNIGHT OIL,BEDS ARE BURNING,C,KARAFUN,02.07.2024
MIESKONE,KULKIJAPOIKA,C_O,POY,09.10.2024
MIESKONE,ROOSA JA KAHDEKSAN MUUTA,M,MEL04X,
MIINA,JÄÄTYNYT MAA,M,MEL27X,
MIKA JA TURKKA MALI,ANTEEKS' NIEMINEN,C_O,POY,04.08.2026
MIKA JA TURKKA MALI,ONHAN VIELÄ KAIKKI ENNALLAAN,C,KTM MUSABOX,08.10.2022
MIKA JA TURKKA MALI,RONKELI PUMPULIENKELI,C_O,POY,09.08.2026
MIKA JA TURKKA MALI,RÖNNIN EETU,C_O,POY,26.04.2026
MIKA JA TURKKA MALI,VELJENI TUULI,C_O,POY,07.01.2023
MIKA POHJONEN,RAKKAUSTARINA,C_O,POY,29.12.2024
MIKA SUNDQVIST,AURINKOLAIVA,M,MEL70'S,
MIKA SUNDQVIST,HORMOONIHIIRET,C_O,POY,11.10.2024
MIKA SUNDQVIST,MOOTTORIPYÖRÄ ON MOOTTORIPYÖRÄ,MF,FIN53,
MIKA SUNDQVIST,MOOTTORIPYÖRÄ ON MOOTTORIPYÖRÄ,M,MEL01Z,
MIKA SUNDQVIST,MOOTTORIPYÖRÄ ON MOOTTORIPYÖRÄ,C,MAURIK (POY),22.03.2023
MIKA SUNDQVIST,ON IHMEEN HYVÄ KOTIIN TULLA TAAS,C_O,POY,29.01.2025
MIKA SUNDQVIST,SADE,M,MEL52X,
MIKA SUNDQVIST,VOE VOE KU HAETARI VUOTAA,C_O,POY,01.05.2026
MIKAEL GABRIEL,KIPUA,M,MEL60,
MIKAEL GABRIEL,OLI AIKOI,M,COV11,
MIKAEL GABRIEL,POHJOSEN POIKA,M,MEL55X,
MIKAEL GABRIEL,SÄ OLIT OIKEES,M,SAT03,
MIKAEL GABRIEL,TYTÖLLENI,M,MDV58,
MIKAEL GABRIEL FT DIANDRA,PÄÄSTÄ MUT POIS,M,MDV59,
MIKAEL GABRIEL FT DIANDRA,VIIMEISEN KERRAN,M,MDV65,
MIKAEL GABRIEL JA ISAC ELLIOT,LIIKAA SUSSA KII,C,KUNINGAS,06.11.2025
MIKAEL KONTTINEN,ELÄN ILMAN SUA,M,MEL52X,
MIKAEL KONTTINEN,OTA KIINNI,M,MEL53PRO,
MIKE & THE MECHANICS,THE LIVING YEARS,K,XP4,
MIKE OLDFIELD,MOONLIGHT SHADOW,C,HRSTUDIO,05.04.2018
MIKKO ALATALO,AINO,C_O,POY,26.07.2026
MIKKO ALATALO,AJOLÄHTÖ,M,COV17,
MIKKO ALATALO,ANNA MULLE YKSI YÖ,K,POW07,
MIKKO ALATALO,HYASINTTIEN AIKAAN,M,MEL13Z,
MIKKO ALATALO,HÄN HYMYILEE KUIN LAPSI,C,MAURIK,14.11.2022
MIKKO ALATALO,IHMISEN IKÄVÄ TOISEN LUO,MF,FIN1A7,
MIKKO ALATALO,IHMISEN IKÄVÄ TOISEN LUO,MF,FIN40A12,
MIKKO ALATALO,IHMISEN IKÄVÄ TOISEN LUO,K,LK02,
MIKKO ALATALO,IHMISEN IKÄVÄ TOISEN LUO,M,MEL62,
MIKKO ALATALO,IHMISEN IKÄVÄ TOISEN LUO,C,KARAOKETÄHTI,02.07.2024
MIKKO ALATALO,JOS SÄ MENET LAPPIIN (ÄLÄ ANNA MUILLE),M,COV15,
MIKKO ALATALO,KIIMINKIJOKI,M,MDV64,
MIKKO ALATALO,KULTA ETKÖ TULIS HAKEMAAN MUA KOTIIN,C_O,POY,20.02.2025
MIKKO ALATALO,KÄNKKÄRÄNKKÄ,K,POW17,
MIKKO ALATALO,MAALAISPOIKA OON,MF,FIN17A2,
MIKKO ALATALO,MAALAISPOIKA OON,C,FINNKARAOKE,29.07.2016
MIKKO ALATALO,POHJOISEN LAULU,M,MDV20,
MIKKO ALATALO,ROKKLAULAJA,M,MEL70'S,
MIKKO ALATALO,SE ON ELDANKAA,C_O,POY,28.04.2026
MIKKO ALATALO,SUOJELUSENKELI,C_O,POY,19.06.2026
MIKKO ALATALO,TAITAA TULLA KESÄ,MF,FIN15A5,
MIKKO ALATALO,TYTÖT TAHTOO PITÄÄ HAUSKAA,K,POW01,
MIKKO ALATALO,TYTÖT TAHTOO PITÄÄ HAUSKAA,M,MDV65,
MIKKO ALATALO,VESILASI VESSANAVAIN HEINIÄ PAALI,C_O,POY,14.10.2024
MIKKO ALATALO,VICKY LEE,MF,FIN33B1,
MIKKO ALATALO,VICKY LEE,M,MEL70'S,
MIKKO ALATALO,VIIVY VIELÄ HETKI,MF,FIN34A8,
MIKKO HARJU,ANNA MENNÄ LENNÄ,C,FIAT,25.05.2026
MIKKO HARJU,HENGITÄ,C,FIAT,25.05.2026
MIKKO HARJU,MÄ NÄÄN SUT,C,FIAT,25.05.2026
MIKKO HARJU,MÄ OLEN TÄSSÄ,C,KUNINGAS,21.05.2026
MIKKO HARJU,RIKAS SYDÄN,C,FIAT,25.05.2026
MIKKO HARJU,SINÄ OLET ELÄMÄ,C,FIAT,25.05.2026
MIKKO HARJU,SINÄ RIITÄT,M,COV06,
MIKKO HARJU,SINÄ RIITÄT,C,FIAT,25.05.2026
MIKKO HARJU,TAIVAS EI OO RAJANA,C,FIAT,25.05.2026
MIKKO HIRVOSKOSKI,PIENI ENKELI,C_O,POY,10.10.2024
MIKKO KILKKINEN,SOITTAKAA LUJEMPAA,MF,FIN52,
MIKKO KILKKINEN,SOITTAKAA LUJEMPAA,M,MEL21Z,
MIKKO KUUSTONEN,AINOAIN,M,MEL25X,
MIKKO KUUSTONEN,AURORA,M,SATC04,
MIKKO KUUSTONEN,ENKELIT LENTÄÄ SUN UNIIN,K,POW07,
MIKKO KUUSTONEN,ENKELIT LENTÄÄ SUN UNIIN,M,MDV14,
MIKKO KUUSTONEN,JERUSALEMIIN,M,SATC01,
MIKKO KUUSTONEN,KAKTUSVIINAA,M,MDV57,
MIKKO KUUSTONEN,SUORAA HUUTOA,C_O,POY,31.03.2026
MIKKO KUUSTONEN,TAIKURI,M,MEL25X,
MIKKO KUUSTONEN,TAIVAS VARJELE,M,SATC01,
MIKKO LEPPILAMPI,SALAISUUS,M,MEL40X,
MIKKO MÄKELÄINEN & MYRSKYLYHTY,BAARIN KAUNEIN NAINEN,M,MEL49Z,
MIKKO MÄKELÄINEN & MYRSKYLYHTY,EN OLE HÄN,K,LK02,
MIKKO MÄKELÄINEN & MYRSKYLYHTY,KOVAA JA KORKEALTA,M,MEL44X,
MIKKO MÄKELÄINEN & MYRSKYLYHTY,ON TULLUT MONI ON MENNYT MONI,M,MEL33X,
MIKKO MÄKELÄINEN & MYRSKYLYHTY,TOISELLA TÄHDELLÄ,M,MEL45Z,
MIKKO MÄKELÄINEN & MYRSKYLYHTY,TYPERÄ MIES,M,MEL47Z,
MIKKO POHJOLA,PAIKKANI TIEDÄN,M,SAT03,
MIKKO SALMI,247,M,MEL29X,
MIKKO SILTALA,HERÄÄ SISKO,M,MEL54,
MIKKO SILTALA,JOS MEILLÄ HUOMISTA EI OIS,M,MEL49Z,
MIKKO SILTALA,SANOINKO SULLE KOSKAAN,M,MEL47Z,
MIKKO SILTALA,TALVIPARATIISI,M,MEL54,
MILANA,KUU RIITTÄÄ,M,MEL18Z,
MILEY CYRUS,DREAM AS ONE,C,KUNINGAS,15.11.2025
MILEY CYRUS,FLOWERS,C,SINGKING,21.02.2023
MILEY CYRUS,SEE YOU AGAIN,K,XP4,
MILJOONASADE,506 IKKUNAA,M,MEL52X,
MILJOONASADE,IKÄVÄNI TALLINNAAN,MF,FIN7A4,
MILJOONASADE,KÖYHÄT,M,MEL32X,
MILJOONASADE,LAPSUUDEN SANKARILLE,K,POW04,
MILJOONASADE,LAPSUUDEN SANKARILLE,M,MEL07,
MILJOONASADE,MADE IN HONG KONG,M,MEL60,
MILJOONASADE,MARRASKUU,MF,FIN1A3,
MILJOONASADE,MARRASKUU,MF,FIN41A11,
MILJOONASADE,MARRASKUU,K,POW01,
MILJOONASADE,MARRASKUU,M,MEL62,
MILJOONASADE,OLKINAINEN,C,KUNINGAS,05.11.2025
MILJOONASADE,ROKKIBÄNDI WOUNDED KNEE,M,MDV57,
MILJOONASADE,RUNOILIJA,M,MEL32X,
MILJOONASADE,RYYPPYRUUSU,C_O,POY,11.01.2025
MILJOONASADE,SILMITÖN TALVI,M,MEL32X,
MILJOONASADE,SISKON LUO SAN DIEGOON,C,KUNINGAS,05.11.2025
MILJOONASADE,TULITIKKU,M,MEL07,
MILJOONASADE,TULKOON RAKKAUS,M,MEL32X,
MILJOONASADE,VOIPALLO,M,POW29,
MILLENNIUM PROJECT FT AMANDA,HETKI LYÖ,C,FIAT,25.05.2026
MILLENNIUM PROJECT FT AMANDA,JOKA PÄIVÄ JA JOKA IKINEN YÖ,C,FIAT,25.05.2026
MILLENNIUM PROJECT FT AMANDA,LEIJAT,C,FIAT,25.05.2026
MILLENNIUM PROJECT FT AMANDA,TAHDON RAKASTELLA SINUA,C,FIAT,25.05.2026
MILOW,AYO TECHNOLOGY,C,KARAOK&VOUS,19.09.2023
MIMMI MUSTAKALLIO,BORRIQUITO,M,MEL13Z,
MIMMI MUSTAKALLIO,VARKAAT KULKURIT,M,MDV08,
MINNA FRIMODIG,ELÄVÄNÄ HAUDATTU,M,MEL48Z,
MINNA IKONEN,ELKEET KUIN PEDOLLA,M,SASO12,
MINNIE RIPERTON,LOVING YOU,K,XP1,
MINTTU,EVEREST,C,KUNINGAS,08.06.2026
MINTTU,TYTTÖYSTÄVÄ,C,KUNINGAS,20.11.2025
MIRA KUNNASLUOTO,EN TAVOITA SINUA ENÄÄ,M,MEL50X,
MIRA KUNNASLUOTO,KUUMA SINKKU,K,POW10,
MIRA KUNNASLUOTO,MIEHENI,K,POW07,
MIRA KUNNASLUOTO,MIEHENI,M,MEL49Z,
MIRA KUNNASLUOTO (TUULIKKI ELORANTA),HARHAKUVIA (WE PRETEND),M,COV08,
MIRA LUOTI,IHAN VAAN IHMINEN,C,FIAT,25.05.2026
MIRA LUOTI,PINNAN ALLA,M,SAT18,
MIRA SUNNARI,KARAOKEKUNINGAS,M,MDV20,
MIRELLA,KAIKKI VIEL EDESSÄ,C,FIAT,25.05.2026
MIRELLA,LÖYTÄÄ MUT,C,FIAT,02.12.2025
MIRELLA,PAINAVA SYDÄN,C,FIAT,25.05.2026
MIRELLA,PAINAVA SYDÄN,C,FIAT,14.05.2026
MIRELLA,PARKKIS,C,KUNINGAS,05.11.2025
MIRELLA,PELOTTAA,C,KUNINGAS,05.11.2025
MIRELLA,SALAMA,C,KUNINGAS,05.11.2025
MIRELLA,SEIREENI,C,FIAT,02.12.2025
MIRELLA,TIMANTTEI,C_O,POY,10.06.2024
MIRELLA,TYTTÖ JOKA ITKEE ILTAISIN,C,KUNINGAS,11.05.2026
MIRELLA,TÄS MÄ OON,C,FIAT,02.12.2025
MIRELLA,UUTEEN EILISEEN,C,KUNINGAS,05.11.2025
MIRELLA,VÄHÄN ENEMMÄN,C,KUNINGAS,05.11.2025
MIRELLA JA LAURI HAAV,LUOTATHAN,C,KUNINGAS,05.11.2025
MIRIAM,KUULUISIA VIIMEISIÄ SANOJA,C,FIAT,01.09.2026
MITMED ESITAJAD,ME POLE ENAM VÄIKESED (EST),M_U,EST4,
MITRA,KUKKA KAIPAA VALOA,M,SAT15,
MITRA KAISLARANTA,KUKKA KAIPAA VALOA,M,LK24,
MITRA KAISLARANTA,ÄKKISYVÄÄ,M,LK23,
MITRA KAISLARANTA,ÄKKISYVÄÄ,M,SAT11,
MODERN ENGLISH,I MELT WITH YOU,K,XP3,
MODERN TALKING,BROTHER LOUIE LOUIE,C,ONLINE,07.09.2018
MODERN TALKING,CHERI CHERI LADY,C,MARIOKAR,07.09.2018
MODERN TALKING,CHERI CHERI LADY,M,MP&R3,
MODERN TALKING,YOU'RE MY HEART YOU'RE MY SOUL,C,HD,07.04.2018
MODERN TALKING,YOU'RE MY HEART YOU'RE MY SOUL,M,MP&R1,
MOKOMA,HAUDAN TAKAA,M,HEVI 3,
MOKOMA,TAKATALVI,M,HEVI 1,
MOLLY HATCHET,FLIRTIN WITH DISASTER,C,EQ,25.04.2022
MONA CARITA,DA DOO RON RON,C_O,POY,02.09.2025
MONA CARITA,HELLI MUA HILJAA,M,MEL39X,
MONA CARITA,KAUPUNGIN LAPSET,K,POW05SR1,
MONA CARITA,KAUPUNGIN LAPSET,M,MEL70'S,
MONA CARITA,ME EMME LASKE VIITEEN (FAME),C_O,POY,13.04.2026
MONA CARITA,MIKÄ FIILIS,K,POW12,
MONA CARITA,RASPUTIN,K,POW01,
MONA CARITA,RASPUTIN,M,MEL46Z,
MONA CARITA,SOITA MULLE,K,POW07,
MONITOR,EI NÄE MA TEISI (EST),M_U,EST3,
MOOGETMOOGS,KOLMEN MINUUTIN MUNA,M,MEL32X,
MORRIS ALBERT,FEELINGS,C,ZOOM,25.04.2022
MOTHER,DANZIG,C,CCKARAOKE,09.08.2024
MOTÖRHEAD,ACE OF SPADES,C,KARAFUN,06.12.2019
MOVETRON,ALLA KOIVUPUUN,C,FIAT,02.12.2025
MOVETRON,EI KENENKÄÄN MAA,M,MEL48Z,
MOVETRON,KIERREPORTAAT,C,FIAT,08.05.2026
MOVETRON,NOUSIN KYYTIIN,C,FIAT,26.01.2026
MOVETRON,NÄYTÄ,C,FIAT,25.05.2026
MOVETRON,PAKKO LÄHTEE,C,FIAT,25.05.2026
MOVETRON,ROMEO JA JULIA,MF,FIN20A4,
MOVETRON,ROMEO JA JULIA,M,SAT03,
MOVETRON,SATUTAT,C,FIAT,02.12.2025
MOVETRON,SUN SUUDELMAAN,C,FIAT,25.05.2026
MOVETRON,UNI,C,FIAT,02.12.2025
MOVETRON,VOIKUKKASEPPELE,C,FIAT,25.05.2026
MR BIG,WILD WORLD,C,KARAFUN,26.06.2022
MR MISTER,BROKEN WINGS,K,XP4,
MR MISTER,BROKEN WINGS,C,GERMANO ROCHA,02.08.2024
MR PRESIDENT,COCO JAMBO,C,KARAFUN,29.04.2022
MUD,LONELY THIS CHRISTMAS,C,ZOOM,31.10.2022
MUD,THE END OF THE WORLD,C,ZOOM,25.04.2022
MUDDY WATERS,GOT MY MOJO WORKING,K,XP2,
MUNGO JERRY,IN THE SUMMERTIME,K,XP1,
MUNGO JERRY,IN THE SUMMERTIME,C,EK,14.02.2020
MUSE,TIME IS RUNNING OUT,C,ZOOM,05.10.2022
MUSKA,JAMBALAYA,MF,FIN40B12,
MUSKA,JAMBALAYA,MF,FIN4A5,
MUSKA,JARI JA MARI,M,MEL40X,
MUSKA,JOHNNY B GOODE,K,POW05SR1,
MUSKA,KALIFORNIAN AURINKOON,M,MEL47Z,
MUSKA,KIRJOITA POSTIKORTTIIN,K,POW06,
MUSKA,KIRJOITA POSTIKORTTIIN,M,M60'S,
MUSKA,KROKOTIILIROCK,MF,FIN19B1,
MUSKA,KROKOTIILIROCK,K,POW11,
MUSKA,KROKOTIILIROCK,M,M60'S,
MUSKA,LAULAN PIMEÄÄ POIS,M,MEL44X,
MUSKA,PAHA TYTTÖ,M,M60'S,
MUSKA,PIDÄ KII,M,MEL32X,
MUSKA,SININEN HETKI,M,MEL33X,
MUSKA,TÄÄ SE PÄIVÄ ON,M,M60'S,
MUSKA,TÄÄ SE PÄIVÄ ON,M,MEL32X,
MUSKA,YÖN ENKELI,M,MEL44X,
MUSTA BARBAARI,SALIL EKA SALIL VIKA,M,SAT10,
MUSTASCH,LAWBREAKER,C,KUNINGAS,05.11.2025
MUSTAT ENKELIT,KERRAN VIELÄ,C,3700,15.11.2025
MUTKATTOMAT,JÄTKÄN HUMPPA,MF,FIN2B9,
MUTKATTOMAT,JÄTKÄN HUMPPA,MF,FIN35B11,
MUTKATTOMAT,JÄTKÄN HUMPPA,K,POW15,
MUTKATTOMAT,JÄTKÄN HUMPPA,M,MDV23,
MUTKATTOMAT,JÄTKÄN HUMPPA,C,KARAOKETÄHTI,02.07.2024
MUTKATTOMAT,LIMPERIN MUORIN HUMPPA,M,MEL25X,
MUTKATTOMAT,LIMPERIN MUORIN HUMPPA,M,NYT HUMPATAAN,
MUTKATTOMAT,TAKAMETSIEN KAIPUU,M,MEL43Z,
MY CHEMICAL ROMANCE,I'M NOT OKAY I PROMISE,C,CCKARAOKE,24.04.2024
MY FIRST BAND,DON'T BREAK MY CORAZON,M,SAT14,
MÅNESKIN,BEGGIN,C,GOLDEN KEYS,30.08.2025
MÅNESKIN,FEEL,C,VERSION,30.08.2025
MÅNESKIN,I WANNA BE YOUR SLAVE,C,SINGKING,30.08.2025
MÅNESKIN,MAMMAMIA,C,STINGRAY,30.08.2025
MÅNESKIN,SOMEBODY TOLD ME,C,NOX,30.08.2025
MÅNESKIN,SUPERMODEL,C,GOLDEN KEYS,30.08.2025
MÅNESKIN,TIMEZONE,C,VERSION,30.08.2025
MÄKKI FT REINO NORDIN,SATAMILJOONAA KERTAA,C,TUOTTAJA,06.09.2022
MÄRT RANNAMÄE,SINULE SINULE TUKSUB MINU RINNAKE (EST),M_U,EST4,
MÖTLEY CRÜE,DON'T GO AWAY MAD (JUST GO AWAY),C,CCKARAOKE,03.08.2024
MÖTLEY CRÜE,DR FEELGOOD,C,GOODSONGS,03.08.2024
MÖTLEY CRÜE,GIRLS GIRLS GIRLS,M,HR1,
MÖTLEY CRÜE,GIRLS GIRLS GIRLS,K,XP3,
MÖTLEY CRÜE,GIRLS GIRLS GIRLS,C,GOODSONGS,05.08.2024
MÖTLEY CRÜE,HOME SWEET HOME,C,PINOY,05.08.2024
MÖTLEY CRÜE,HOME SWEET HOME,M,ROCK,
MÖTLEY CRÜE,IF I DIE TOMORROW,C,SOUNDCHOICE,06.08.2024
MÖTLEY CRÜE,KICKSTART MY HEART,C,OPENMIKE,08.08.2024
MÖTLEY CRÜE,LIVE WIRE,C,LYRICEDITOR,08.08.2024
MÖTLEY CRÜE,LOOKS THAT KILL,C,CCKARAOKE,09.08.2024
MÖTLEY CRÜE,PRIMAL SCREAM,C,SOUNDCHOICE,13.08.2024
MÖTLEY CRÜE,SAME OF SITUATION,C,GOOGSONGS,14.08.2024
MÖTLEY CRÜE,SHOUT AT THE DEVIL,K,XP2,
MÖTLEY CRÜE,SHOUT AT THE DEVIL,C,GOODSONGS,14.08.2024
MÖTLEY CRÜE,SMOKIN' IN THE BOYS ROOM,C,CLAUD,15.08.2024
MÖTLEY CRÜE,SMOKING IN THE BOYS ROOM,K,XP4,
MÖTLEY CRÜE,TEN SECONDS TO LOVE,C,LYRICEDITOR,16.08.2024
MÖTLEY CRÜE,TOO YOUNG TO FALL IN LOVE,C,KILLER,16.08.2024
MÖTLEY CRÜE,WILD SIDE,C,CHANNEL,18.08.2024
MÖTLEY CRÜE,WITHOUT YOU,C,BLUEAURA,18.08.2024
NANCY SINATRA,THESE BOOTS ARE MADE FOR WALKING,K,XP1,
NANCY SINATRA & LEE HAZELWOOD,SUMMER WINE,M,TOPHIT27,
NASMA TEAM,VILLI YÖ,K,POW17,
NAT KING COLE,IT’S ONLY A PAPER MOON,M,DKG16,
NAT KING COLE,LET'S FACE THE MUSIC AND DANCE,K,XP2,
NAT KING COLE,SMILE,C,ZOOM,01.04.2024
NAT KING COLE,TOO YOUNG,M,TOPHIT27,
NATALIE IMBRUGLIA,TORN,K,XP4,
NATALIE IMBRUGLIA,TORN,C,ZOOM,16.08.2024
NATASHA BEDINGFIELD,UNWRITTEN,C,SINGKING,16.05.2026
NATIONALTEATERN,LIVET ÄR EN FEST (SWE),M_U,SWE,
NATSIPASKA,HEVIMIES,M,HEVI 1,
NAURAVAT NAKIT,DAVID HASSELHOFF,M,SAT05,
NAURAVAT NAKIT,LADY GAGA,M,SAT02,
NAZARETH,HAIR OF THE DOG,C,DANCEROUS,05.08.2024
NAZARETH,LOVE HURTS,C,RLUCRA,03.04.2018
NAZARETH,LOVE HURTS,M,MP&R1,
NE LUUMÄET,ONNELLINEN PERHE,K,POW05SR1,
NE LUUMÄET,ONNELLINEN PERHE,M,SATC01,
NE LUUMÄET,TUOMARI,M,MEL32X,
NEGATIVE,BELIEVE,C,KUNINGAS,17.04.2026
NEGATIVE,STILL ALIVE,M,SATC01,
NEIL DIAMOND,BROTHER LOVE'S TRAVELING SALVATION SHOW,K,XP3,
NEIL DIAMOND,CRACKLIN' ROSIE,K,XP1,
NEIL DIAMOND,KENTUCKY WOMAN,K,XP2,
NEIL DIAMOND,LOVE ON THE ROCKS,K,XP1,
NEIL DIAMOND,SOLITARY MAN,C,GOODSONGS,25.04.2022
NEIL DIAMOND,SONG SUNG BLUE,K,XP2,
NEIL DIAMOND,SWEET CAROLINE,K,XP1,
NEIL DIAMOND,SWEET CAROLINE,M,PT2,
NEIL DIAMOND,THE GRASS WON'T PAY NO MIND,K,XP2,
NEIL SEDAKA,LOVE WILL KEEP US TOGETHER,M,PIO007,
NEIL YOUNG,ALL TIME LOVE,K,XP3,
NEIL YOUNG,EVERGREEN,K,XP3,
NEIL YOUNG,HARVEST MOON,K,XP2,
NEIL YOUNG,HEART OF GOLD,K,XP4,
NEIL YOUNG,HEART OF GOLD,C,RLUCRA,03.07.2016
NEIL YOUNG,HEY HEY MY MY (INTO THE BLACK),C,ZOOM,17.10.2022
NEIL YOUNG,MY MY HEY HEY,C,KUNINGAS,05.11.2025
NEIL YOUNG,MY MY HEY HEY (OUT OF THE BLUE),C,KV,16.10.2022
NEIL YOUNG,ROCKIN' IN THE FREE WORLD,C,SOUNDCHOICE,20.06.2020
NEIL YOUNG,WHO AM I,K,XP3,
NEIL YOUNG AND STEPHEN STILLS,LONG MAY YOU RUN,C,NERDS,05.07.2025
NEK,LAURA NON C'E (ITA),C_U,ITA,02.07.2024
NEKROMANTIX,DEMONS ARE A GIRLS BEST FRIEND,C_O_U,POY,01.08.2024
NEKROMANTIX,DIAL 666,C,FUNBOX,27.07.2025
NEKROMANTIX,NICE DAY FOR A RESURRECTION,C_O_U,POY,24.06.2024
NEKROMANTIX,SEA OF RED,C_O_U,POY,28.06.2024
NELJÄ BARITONIA,POP MUSIIKKIA,K,LK03,
NELJÄ BARITONIA,POP MUSIIKKIA,C,POWER,23.09.2014
NELJÄ RUUSUA,1000X,C,TUOTTAJA,22.02.2023
NELJÄ RUUSUA,80 LUVULLA,C,TUOTTAJA,27.02.2023
NELJÄ RUUSUA,AJELEN,M,MDV64,
NELJÄ RUUSUA,AMELIE,C,TUOTTAJA,22.02.2023
NELJÄ RUUSUA,ANARKIAA,M,MEL32X,
NELJÄ RUUSUA,APOSTOLI,C,TUOTTAJA,22.02.2023
NELJÄ RUUSUA,B & C,C,TUOTTAJA,22.02.2023
NELJÄ RUUSUA,ELÄMÄ ON IHANAA,C,TUOTTAJA,26.02.2023
NELJÄ RUUSUA,ELÄN VAIN KERRAN,K,LK03,
NELJÄ RUUSUA,ELÄN VAIN KERRAN,M,MEL32X,
NELJÄ RUUSUA,EN VOI,C,TUOTTAJA,26.02.2023
NELJÄ RUUSUA,ENNEN KUOLEMAA,C,TUOTTAJA,26.02.2023
NELJÄ RUUSUA,ENSI ILTA,C,TUOTTAJA,26.02.2023
NELJÄ RUUSUA,ESIRIPPU,C,TUOTTAJA,26.02.2023
NELJÄ RUUSUA,EUTANASIA,C,TUOTTAJA,26.02.2023
NELJÄ RUUSUA,HUNNINGOLLA,K,LK03,
NELJÄ RUUSUA,JUOVUKSISSA LIEKSASSA,C,TUOTTAJA,26.02.2023
NELJÄ RUUSUA,JUPPIHIPPIPUNKKARI,K,LK03,
NELJÄ RUUSUA,JUPPIHIPPIPUNKKARI,M,MEL41Z,
NELJÄ RUUSUA,JÄÄTIKKÖ SULAA,C,TUOTTAJA,26.02.2023
NELJÄ RUUSUA,KANSANKYNTTILÄT,C,TUOTTAJA,26.02.2023
NELJÄ RUUSUA,KARKAAN,C,TUOTTAJA,26.02.2023
NELJÄ RUUSUA,KATKERA KUU,K,LK19,
NELJÄ RUUSUA,KATKERA KUU,M,SAT07,
NELJÄ RUUSUA,KAUPPAKESKUSKUOLEMA,C,TUOTTAJA,26.02.2023
NELJÄ RUUSUA,KELAAN,C,TUOTTAJA,14.08.2023
NELJÄ RUUSUA,KENGÄT,C,TUOTTAJA,26.02.2023
NELJÄ RUUSUA,KUKA NÄKEE,C,TUOTTAJA,26.02.2023
NELJÄ RUUSUA,KURJUUDEN KARTANO,C,TUOTTAJA,26.02.2023
NELJÄ RUUSUA,LEVON HETKI,C,TUOTTAJA,26.02.2023
NELJÄ RUUSUA,LUEN,C,TUOTTAJA,26.02.2023
NELJÄ RUUSUA,LUOTSIVENE,M,MDV12,
NELJÄ RUUSUA,MARIANNE,C,TUOTTAJA,26.02.2023
NELJÄ RUUSUA,MATKA ON SYVÄ,C,TUOTTAJA,26.02.2023
NELJÄ RUUSUA,MEIDÄN MAA,C,TUOTTAJA,26.02.2023
NELJÄ RUUSUA,MEIDÄT VIEDÄÄN POIS,C,TUOTTAJA,26.02.2023
NELJÄ RUUSUA,MEISTÄ JOKAINEN,C,TUOTTAJA,26.02.2023
NELJÄ RUUSUA,MISSÄ VAAN,K,POW09SR2,
NELJÄ RUUSUA,MISSÄ VAAN,M,SATC04,
NELJÄ RUUSUA,MUSTIA RUUSUJA,M,MDV69,
NELJÄ RUUSUA,MUSTIA RUUSUJA,C,TUOTTAJA,12.08.2026
NELJÄ RUUSUA,MUUTTOLINNUT,C,TUOTTAJA,26.02.2023
NELJÄ RUUSUA,NEUVOSTOLIITTO,C,TUOTTAJA,26.02.2023
NELJÄ RUUSUA,NORMCOREPROTOHIPSTERI,C,TUOTTAJA,26.02.2023
NELJÄ RUUSUA,NUOLI JA SYDÄN,C,TUOTTAJA,26.02.2023
NELJÄ RUUSUA,NUORI IKÄISEKSEEN,C,TUOTTAJA,26.02.2023
NELJÄ RUUSUA,NÄHDÄÄNKÖ HUOMENNA,C,TUOTTAJA,26.02.2023
NELJÄ RUUSUA,NÄKEMIIN,C,TUOTTAJA,26.02.2023
NELJÄ RUUSUA,PAIKALLINEN PAAVI,C,TUOTTAJA,14.08.2022
NELJÄ RUUSUA,PELKKIÄ YSTÄVIÄ,C,TUOTTAJA,26.02.2023
NELJÄ RUUSUA,POPLAULAJAN VAPAAPÄIVÄ,K,POW05SR1,
NELJÄ RUUSUA,POPLAULAJAN VAPAAPÄIVÄ,M,MEL32X,
NELJÄ RUUSUA,POPLAULAJAN VAPAAPÄIVÄ,C,POWER,30.07.2016
NELJÄ RUUSUA,POPMUSEO,M,MEL30X,
NELJÄ RUUSUA,POPMUSEO,C,TUOTTAJA,23.04.2022
NELJÄ RUUSUA,POPSTARS,M,MEL33X,
NELJÄ RUUSUA,PYHÄINMIESTENPÄIVÄ,C,TUOTTAJA,26.02.2023
NELJÄ RUUSUA,RAKKAUDEN ERÄMAA,C,TUOTTAJA,26.02.2023
NELJÄ RUUSUA,RAKKAUDEN JUMALA,C,TUOTTAJA,26.02.2023
NELJÄ RUUSUA,RIEMUKAARI,C,TUOTTAJA,26.02.2023
NELJÄ RUUSUA,SAARONIN LILJA,C,TUOTTAJA,14.08.2022
NELJÄ RUUSUA,SEITSEMÄN PÄIVÄÄ SELVINPÄIN,K,LK19,
NELJÄ RUUSUA,SEITSEMÄN PÄIVÄÄ SELVINPÄIN,M,SAT07,
NELJÄ RUUSUA,SEURAAN SUA,C,TUOTTAJA,26.02.2023
NELJÄ RUUSUA,SININEN SUNNUNTAI,M,COV07,
NELJÄ RUUSUA,SININEN SUNNUNTAI,M,SAT15,
NELJÄ RUUSUA,SUN TÄYTYY MENNÄ,C,TUOTTAJA,23.04.2022
NELJÄ RUUSUA,SURUTULITUS,C,TUOTTAJA,26.02.2023
NELJÄ RUUSUA,SUURIKSI SYNTYNEET,C,TUOTTAJA,26.02.2023
NELJÄ RUUSUA,SYYSKUU,C,TUOTTAJA,14.08.2023
NELJÄ RUUSUA,SÄHKÖKITARA,C,TUOTTAJA,23.04.2022
NELJÄ RUUSUA,TAHDON,C,TUOTTAJA,26.02.2023
NELJÄ RUUSUA,TALLINNAN AALLOT,C,TUOTTAJA,26.02.2023
NELJÄ RUUSUA,TIE AJATUKSIIN,M,MEL32X,
NELJÄ RUUSUA,TIE AJATUKSIIN,C,TUOTTAJA,23.04.2022
NELJÄ RUUSUA,TOISET SAA,C,TUOTTAJA,26.02.2023
NELJÄ RUUSUA,TÄHDELLISET,C,TUOTTAJA,26.02.2023
NELJÄ RUUSUA,TÄHTISILMÄ,C,TUOTTAJA,26.02.2023
NELJÄ RUUSUA,UUSI AIKA,C,TUOTTAJA,26.02.2023
NELJÄ RUUSUA,VAAN YHDEN SAAT,C,TUOTTAJA,26.02.2023
NELJÄ RUUSUA,VALLAN ALLA,C,TUOTTAJA,26.02.2023
NELJÄ RUUSUA,VALOPILKKU,C,TUOTTAJA,26.02.2023
NELJÄ RUUSUA,VALUVA TAIVAS,K,POW13SR3,
NELJÄ RUUSUA,VARJO,C,TUOTTAJA,26.02.2023
NELJÄ RUUSUA,VERI,C,TUOTTAJA,23.04.2022
NELJÄ RUUSUA,VIIMEINEN VALSSI,C,TUOTTAJA,26.02.2023
NELJÄ RUUSUA,VIIMEINKIN,C,TUOTTAJA,26.02.2023
NELJÄ RUUSUA,ÄLÄ LUOVUTA,M,MDV69,
NELJÄ RUUSUA,ÖISELLÄ RANNALLA,M,MEL32X,
NELJÄ RUUSUA,ÖISELLÄ RANNALLA,C,TUOTTAJA,26.02.2023
NELJÄNSUORA,AURINKO,M,MDV61,
NELJÄNSUORA,ILMAN SINUA,C_O,POY,02.03.2023
NELJÄNSUORA,ILMAN SINUA,M,SAT09,
NELJÄNSUORA,JULIA,K,LK20,
NELJÄNSUORA,JULIA,M,MDV59,
NELJÄNSUORA,KAKSI KAUNEINTA,M,SAT16,
NELJÄNSUORA,KESÄYÖ,M,MEL21Z,
NELJÄNSUORA,LÖYTÄJÄ SAA PITÄÄ,K,LK16,
NELJÄNSUORA,LÖYTÄJÄ SAA PITÄÄ,M,KPP31,
NELJÄNSUORA,LÖYTÄJÄ SAA PITÄÄ,M,MEL54,
NELJÄNSUORA,MANSIKKAA JA VALKOAPILAA,K,LK16,
NELJÄNSUORA,MANSIKKAA JA VALKOAPILAA,M,MEL53PRO,
NELJÄNSUORA,MUSTA TUNTUU,K,MG06,
NELJÄNSUORA,SIIPIRIKKO,M,MEL50X,
NELJÄNSUORA,SIIPIRIKKO,M,MG17,20.03.2026
NELJÄNSUORA,VALTAVA MAAILMA,K,LK16,
NELJÄNSUORA FT STIG,KESÄ VIELÄ JÄÄDÄ VOIS,M,MDV61,
NELJÄNSUORA FT SUVI TERÄSNISKA,TÄÄVALSSI,K,LK19,
NELJÄNSUORA FT SUVI TERÄSNISKA,TÄÄVALSSI (HUOM! PUUTTUU ÄÄNI),M,MDV58,
NELLI,PIDÄ MUSTA KII,M,SATC02,
NELLI MATULA,HITAAMMIN HAUTAAN,C,SINGKING,16.12.2025
NELLI MATULA,MUN VUORO LUOVUTTAA,C,FIAT,25.05.2026
NELLI MATULA,SUKUPUUTTOON,C,KUNINGAS,11.05.2026
NELLY FURTADO,MANEATER,K,XP3,
NELOSET,BARBARA,M,MEL16Z,
NELOSET,MATKAMIES,M,MDV08,
NEMO,PETLIK ÕNN (EST),M_U,EST1,
NENA,99 LUFTBALLONS (GER),C_U,GER,04.02.2024
NEON 2,EI YKSINÄINEN UNTA SAA,K,POW13SR3,
NEON 2,ITSENI KALTAINEN,M,SK4,
NEON 2,KEMIAA,K,LK01,
NEON 2,KEMIAA,M,MEL25X,
NEON 2,KEMIAA,C,MELPLAY,02.07.2024
NEON 2,MENNÄÄN JO KOTIIN,C_O,POY,04.12.2025
NEON 2,PIENINÄ PALASINA,M,COV18,
NEON 2,POLKU,K,POW09SR2,
NEON 2,POLKU,M,MEL62,
NEON 2,POLKU,C,POWER,30.07.2016
NEON 2,SORRY,M,MEL25X,
NEON 2,TÄSSÄ TALOSSA,K,POW05SR1,
NERDEE,BROKEN GLASS,K,LK01,
NEUMANN,NAISELLENI,M,MDV10,
NEUMANN,NAISELLENI,C,MELPLAY,19.01.2021
NEW JOYS,MIKSET MUA HUOMAA,M,MEL05Z,
NEW ORDER,BLUE MONDAY,K,XP4,
NEW SEEKERS,BEG STEAL OR BORROW,K,XP2,
NEXUS,LUBASID TULLA (EST),M_U,EST4,
NEXUS,NII KUUM (EST),M_U,EST2,
NICK BORGEN,WE ARE ALL THE WINNERS,M,FF,
NICK CAVE AND KYLIE MINOGUE,WHERE THE WILD ROSES GROW,C,SUNFLY,07.12.2019
NICK CAVE AND KYLIE MINOGUE,WHERE THE WILD ROSES GROW,M,MP&R2,
NICK LOWE,CRUEL TO BE KIND,C,ZOOM,29.04.2022
NICK LOWE,I KNEW THE BRIDE,K,XP3,
NICKELBACK,HOW YOU REMIND ME,K,XP3,
NICKELBACK,HOW YOU REMIND ME,C,CCKARAOKE,05.08.2024
NICKELBACK,IF TODAY WAS YOUR LAST DAY,C,PARTYTYME,06.08.2024
NICKELBACK,ROCKSTAR,K,XP4,
NICKELBACK,ROCKSTAR,C,ZOOM,13.08.2024
NICKI MINAJ,SUPER BASS,C,SINGKING,15.07.2023
NIGHTLIGHT DUO,JÄLJED LIIVAL (EST),M_U,EST4,
NIGHTWISH,AMARANTH,C,CCKARAOKE,01.08.2024
NIGHTWISH,AMARANTH,M,SAT01,
NIGHTWISH,BLESS THE CHILD,C,HEAVY,02.08.2024
NIGHTWISH,DEAD TO THE WORLD,C,HEAVY,03.08.2024
NIGHTWISH,EVA (HUOM! VÄRI EI VAIHDU),C,SUGAR KEISY,04.08.2024
NIGHTWISH,EVER DREAM,C,HEAVY,04.08.2024
NIGHTWISH,NEMO,M,HEVI 1,
NIGHTWISH,NEMO,K,XP3,
NIGHTWISH,NEMO,C,KARAFUN,02.07.2024
NIGHTWISH,OVER THE HILLS AND FAR AWAY,C,KARAFUN,02.07.2024
NIGHTWISH,SLAYING THE DREAMER,M,HEVI 3,
NIGHTWISH,SLEEPING SUN,M,HEVI 2,
NIGHTWISH,SLEEPING SUN,C,CLAUDIU,28.03.2018
NIGHTWISH,SLEEPWALKER,M,KSF1Z,
NIGHTWISH,THE ISLANDER,C,CCKARAOKE,07.01.2023
NIGHTWISH,WALKING IN THE AIR,C,OLEGLYAPIN,02.07.2024
NIGHTWISH,WHILE YOUR LIPS ARE STILL RED,C,K,10.10.2021
NIGHTWISH,WISH I HAD AN ANGEL,M,HEVI 1,
NIGHTWISH,WISH I HAD AN ANGEL,M,MEL32X,
NIGHTWISH,WISH I HAD AN ANGEL,C,KARAFUN,02.07.2024
NIGHTWISH,WISHMASTER,M,HEVI 4,
NIILO,ITSENI VIHOLLINEN,C_O,POY,14.05.2026
NIILO FT ANTTI,PAHA VAANII,C_O,POY,01.12.2025
NIINA PÄIVÄNURMI,OLE PAISTEENA AURINGON,C,FIAT,20.04.2026
NIINA PÄIVÄNURMI,RANNALLA TUULEE,K,POW20TANGO,
NIINA PÄIVÄNURMI,TOTTA SÄ OOT VAIN,M,SK1B6,
NIKKE ANKARA,ETTEI NYT VAAN SATTUIS MITÄÄN,M,SAT18,
NIKO AHVONEN,AAVEKAUPUNKI,M,MEL27X,
NILSSON,WITHOUT YOU,C,ZOOM,18.08.2024
NIMETÖN,KUULEEKO KUKAAN,M,SAT06,
NIMETÖN,PEILI,M,SAT06,
NINA TAPIO,MASKIN TAA,C_O,POY,02.01.2026
NINA TAPIO & MIKKO LEPPILAMPI,JOTAIN JÄÄ,M,MEL45Z,
NINA ÅSTRÖM,A LITTLE BIT,M,KSF1Z,
NINE INCH NAILS,CLOSER,C,OBSKURE,02.08.2024
NINE INCH NAILS,DEEP,C,CARITAS,03.08.2024
NINE INCH NAILS,HEAD LIKE A HOLE,C,CCKARAOKE,05.08.2024
NIRVANA,COME AS YOU ARE,M,HR1,
NIRVANA,LITHIUM,C,CLOUD,11.07.2021
NIRVANA,POLLY,C,BRILLIANT TRASH,05.10.2025
NIRVANA,SMELLS LIKE TEEN SPIRIT,M,HR1,
NIRVANA,SMELLS LIKE TEEN SPIRIT,K,XP4,
NIRVANA,SMELLS LIKE TEEN SPIRIT,C,SBI,19.05.2018
NIRVANA,THE MAN WHO SOLD THE WORLD,C,CHANNEL,06.12.2019
NIRVANA,WHERE DID YOU SLEEP LAST NIGHT,C,808,26.02.2020
NIRVANA,YOU KNOW YOU'RE RIGHT,C,CCKARAOKE,18.08.2024
NISA SORAYA,HUONE 105,MF,FIN34A7,
NO DOUBT,COME ON EILEEN,K,XP2,
NO DOUBT,DON'T SPEAK,K,XP1,
NO DOUBT,DON'T SPEAK,C,SINGKING,03.08.2024
NO MANS BAND,PELIPÖYTÄ,M,MEL51Z,
NO MANS BAND,PIKKUSISKO,M,MEL50X,
NOCEBO,PIRJO,C_O,POY,19.07.2024
NOCEBO,SADISTI,C_O,POY,27.08.2025
NOITALINNA HURAA,PIKKUVELI,M,MEL24X,
NOPSAJALKA,LUPAAN OLLA,C_O,POY,04.09.2023
NOPSAJALKA,LUPAAN OLLA,M,SAT12,
NOPSAJALKA,NIIN KUIN MÄ,M,SAT15,
NOPSAJALKA FT ERIN,SEURAAVA,M,LK24,
NORAH JONES,COME AWAY WITH ME,K,XP3,
NORAH JONES,DON'T KNOW WHY,K,XP3,
NORAH JONES,LOVE ME TENDER,C,KARAFUN,18.07.2024
NORDMAN,DET SISTA DU SER (SWE),M_U,SWE,
NORDMAN,VANDRAREN (SWE),C_U,SWE,25.04.2022
NORDMAN,VANDRAREN (SWE),M_U,SWE,
NORMAN GREENBAUM,SPIRIT IN THE SKY,K,XP3,
NORTHER,UNLEASH HELL,M,HEVI 3,
NORTHER KINGS,MY WAY,C,OBSCURE,07.10.2023
NOST3,PASKA KESÄ,M,SAT07,
NUKET,ASKELEET,C_O,POY,10.02.2026
NYLON BEAT,12 APINAA,K,LK01,
NYLON BEAT,12 APINAA,M,MEL27X,
NYLON BEAT,ANNA MULLE,K,POW10,
NYLON BEAT,ANNA MULLE,K,LK01,
NYLON BEAT,ANNA MULLE,M,MEL18Z,
NYLON BEAT,COMEBACK,M,MEL30X,
NYLON BEAT,KEVYTLINJA,K,POW13SR3,
NYLON BEAT,NAPARENGAS,C_O,POY,02.01.2026
NYLON BEAT,PSYKEDELIAA,M,MEL29X,
NYLON BEAT,RAKASTUIN MÄ LOOSERIIN,C_O,POY,06.11.2024
NYLON BEAT,SANOJA,K,POW11,
NYLON BEAT,SATASEN LAINA,MF,FIN33A8,
NYLON BEAT,SEKSI VIE JA TAKSI TUO,K,POW04,
NYLON BEAT,SOITA MULLE,M,MDV20,
NYLON BEAT,SYYTÖN,C,LAULAVAKOIRA,19.01.2021
NYLON BEAT,TEFLONLOVE,K,POW12,
NYLON BEAT,TEFLONLOVE,M,MEL45Z,
NYLON BEAT,UNN MA MA,M,KSF1Z,
NYLON BEAT,VIHA JA RAKKAUS,M,MDV10,
NYLON BEAT,VIIMEINEN,K,LK01,
NYLON BEAT,VIIMEINEN,M,MEL03,
NYPYKÄT,LASTENLAULU,C_O,POY,10.03.2023
OAKS 2024 OST,INFERNOSSA ON TUNNELMAA,C,TUOTTAJA,21.01.2026
OAKS 2024 OST,JALLUA SAUNASSA,C,TUOTTAJA,21.01.2026
OAKS 2024 OST,NORSU INFERNON A SAITILLA,C,TUOTTAJA,21.01.2026
OAKS 2024 OST,SHERIFFI,C,TUOTTAJA,21.01.2026
OASIS,CHAMPAGNE SUPERNOVA,K,XP4,
OASIS,CHAMPAGNE SUPERNOVA,C,SINGKING,02.08.2024
OASIS,DON'T LOOK BACK IN ANGER,K,XP2,
OASIS,DON'T LOOK BACK IN ANGER,C,SINGKING,03.08.2024
OASIS,LYLA,K,XP2,
OASIS,LYLA,C,MRENTERTAINER,09.08.2024
OASIS,SOME MIGHT SAY,C,ZOOM,15.08.2024
OASIS,WONDERWALL,K,XP2,
OASIS,WONDERWALL,C,SINGKING,28.03.2018
OILI VAINIO,SYKSYN LEHDET,M,COV07,
OILI VAINIO,TANSSIN SUN KANSSASI AAMUUN,MF,FIN25A7,
OLAVI UUSIVIRTA,KAKEN JÄLKEEN OLET KAUNIS,K,LK19,
OLAVI UUSIVIRTA,KAUNEUS SEKOITTAA MUN PÄÄN,M,SAT11,
OLAVI UUSIVIRTA,KESÄYÖN UNI,C,ZOOM,05.04.2021
OLAVI UUSIVIRTA,KULTAA HIUKSISSA,C_O,POY,29.10.2023
OLAVI UUSIVIRTA,ME EI KUOLLA KOSKAAN,K,LK08,
OLAVI UUSIVIRTA,ME EI KUOLLA KOSKAAN,M,POW29,
OLAVI UUSIVIRTA,NUORUUS,K,LK18,
OLAVI UUSIVIRTA,OLLAANKO TÄMÄ KESÄ NÄIN,M,LK24,
OLAVI UUSIVIRTA,OLLAANKO TÄMÄ KESÄ NÄIN,M,SAT13,
OLAVI UUSIVIRTA,ON NIIN HELPPO OLLA ONNELLINEN,K,LK07,
OLAVI UUSIVIRTA,ON NIIN HELPPO OLLA ONNELLINEN,M,MEL53PRO,
OLAVI UUSIVIRTA,OODI ILOLLE,M,SAT06,
OLAVI UUSIVIRTA,TANSSIT VAIKKA ET OSAA,M,SAT18,
OLAVI UUSIVIRTA,TIET ETÄISYYKSIIN,K,LK21,
OLAVI UUSIVIRTA,TIET ETÄISYYKSIIN,M,SAT08,
OLAVI UUSIVIRTA,TUU MUN VAIMOKSEIN,K,LK20,
OLAVI VIRTA,AAMU AIRISTOLLA,MF,FIN8B7,
OLAVI VIRTA,AAMU AIRISTOLLA,M,MEL28,
OLAVI VIRTA,AILA PIENI,M,MEL35Z,
OLAVI VIRTA,AJOMIES,MF,FIN25B8,
OLAVI VIRTA,ALLA VENÄLÄISEN KUUN,M,MELOLA,
OLAVI VIRTA,AMOR AMOR AMOR,MF,FIN32B8,
OLAVI VIRTA,AMOR AMOR AMOR,M,MEL28,
OLAVI VIRTA,ANGELIQUE,MF,FIN32B9,
OLAVI VIRTA,ANGELIQUE,M,MEL28,
OLAVI VIRTA,ANNABELLA,M,MELOLA,
OLAVI VIRTA,ARMI,MF,FIN13B7,
OLAVI VIRTA,ARMI,M,MEL28,
OLAVI VIRTA,ASSUNCION,M,MEL28,
OLAVI VIRTA,BANAANINLASTAAJAN LAULU,M,MEL35Z,
OLAVI VIRTA,BEGIN THE BEGUINE,M,MEL35Z,
OLAVI VIRTA,CARMEN SYLVA,M,MEL28,
OLAVI VIRTA,CUBANCAN,M,MELOLA,
OLAVI VIRTA,DELFIINIPOIKA,M,MELOLA,
OLAVI VIRTA,EEVA,MF,FIN38B3,
OLAVI VIRTA,EEVA,C,SINGA,03.11.2022
OLAVI VIRTA,ENNEN KUOLEMAA,M,MEL28,
OLAVI VIRTA,ENSI KERRAN,MF,FIN36,
OLAVI VIRTA,ENSI SUUDELMA,M,MELOLA,
OLAVI VIRTA,ENSIMMÄISENÄ ILTANA,M,MEL35Z,
OLAVI VIRTA,ERON HETKI ON KAUNIS,MF,FIN44B12,
OLAVI VIRTA,ERON HETKI ON KAUNIS,MF,FIN6B5,
OLAVI VIRTA,ESPANJALAINEN TANGO,M,MELOLA,
OLAVI VIRTA,ESTRELLITA,M,MEL35Z,
OLAVI VIRTA,HAAVEKUVA,MF,FIN39A14,
OLAVI VIRTA,HAAVEKUVA,M,MEL35Z,
OLAVI VIRTA,HERNANDON SALAISUUS,M,MEL35Z,
OLAVI VIRTA,HOPEAPILVET,M,MEL35Z,
OLAVI VIRTA,HOPEINEN KUU,MF,FIN2A8,
OLAVI VIRTA,HOPEINEN KUU,MF,FIN39B12,
OLAVI VIRTA,HOPEINEN KUU,K,POW02,
OLAVI VIRTA,HOPEINEN KUU,M,MDV11,
OLAVI VIRTA,HOPEINEN KUU (GUARDA CHE LUNA),C,MELPLAY,07.08.2020
OLAVI VIRTA,HURMIO,MF,FIN26B5,
OLAVI VIRTA,HURMIO,M,MEL28,
OLAVI VIRTA,HYMY,M,MEL35Z,
OLAVI VIRTA,HYMY KUKKA JA RAKKAUS,M,MELOLA,
OLAVI VIRTA,HÄÄMUISTOJEN VALSSI,MF,FIN43B10,
OLAVI VIRTA,HÄÄMUISTOJEN VALSSI,M,MEL18Z,
OLAVI VIRTA,HÄÄMUISTOJEN VALSSI,C,FINNHITS,02.07.2024
OLAVI VIRTA,IKKUNAPRINSSI,MF,FIN17A8,
OLAVI VIRTA,IKKUNAPRINSSI,M,MEL28,
OLAVI VIRTA,ILTA PIENESSÄ KAUPUNGISSA,M,MEL35Z,
OLAVI VIRTA,ILTA SANTA CRUZISSA,M,MDVTAN,
OLAVI VIRTA,ILTA SANTA CRUZISSA,M,MEL35Z,
OLAVI VIRTA,ILTARUSKO,M,MEL28,
OLAVI VIRTA,ISABELLA,M,MEL35Z,
OLAVI VIRTA,ISTANBUL,M,MEL35Z,
OLAVI VIRTA,JOEN TOISELLA PUOLELLA,M,MEL35Z,
OLAVI VIRTA,JOHNNY MUA MUISTATHAN,MF,FIN29B5,
OLAVI VIRTA,JOHNNY MUA MUISTATHAN,M,MEL28,
OLAVI VIRTA,JÄÄ HYVÄSTI ARMAS,M,MEL35Z,
OLAVI VIRTA,KAIPAAN KAHTA SANAA,MF,FIN40B7,
OLAVI VIRTA,KAIPAAN KAHTA SANAA,M,MDVTAN,
OLAVI VIRTA,KAKSI RUUSUA,MF,FIN42B9,
OLAVI VIRTA,KAKSI RUUSUA,M,MEL28,
OLAVI VIRTA,KARAVAANI,M,MEL35Z,
OLAVI VIRTA,KATUPOIKIEN LAULU,M,MEL43Z,
OLAVI VIRTA,KAUNEIN ILTAMME,M,MELOLA,
OLAVI VIRTA,KAUNIS MORSIAN,M,MELOLA,
OLAVI VIRTA,KEINU KANSSANI,MF,FIN39B14,
OLAVI VIRTA,KEINU KANSSANI,MF,FIN4B6,
OLAVI VIRTA,KEINU KANSSANI,M,MEL28,
OLAVI VIRTA,KERRAN VIEL,M,MEL19Z,
OLAVI VIRTA,KESÄLLÄ KERRAN,M,MEL35Z,
OLAVI VIRTA,KEVÄT TOI TULLESSAAN,M,MEL35Z,
OLAVI VIRTA,KOHTAUS,M,MEL35Z,
OLAVI VIRTA,KOLME KITARAA,M,MELOLA,
OLAVI VIRTA,KOTIHARJUN PÄÄLLÄ,M,MEL35Z,
OLAVI VIRTA,KUINKA SAATOITKAAN,M,MEL18Z,
OLAVI VIRTA,KULTAINEN TANGO,M,MEL35Z,
OLAVI VIRTA,KUN ILTA EHTII,K,POW20TANGO,
OLAVI VIRTA,KUN ILTA EHTII,M,MEL28,
OLAVI VIRTA,KYLLIKKI,M,MEL35Z,
OLAVI VIRTA,KYLMÄ RAKKAUS,MF,FIN36,
OLAVI VIRTA,KYLMÄ RAKKAUS,M,MEL28,
OLAVI VIRTA,KYLMÄ RAKKAUS,C,FINNHITS,07.08.2020
OLAVI VIRTA,KYLMÄT HUULET,M,MELOLA,
OLAVI VIRTA,KYLMÄT HUULET,C,FINNKARAOKE,07.08.2020
OLAVI VIRTA,KYYNELSILMIN,M,MEL35Z,
OLAVI VIRTA,KÄYN VANHAAN KOIVULEHTOON,M,MEL35Z,
OLAVI VIRTA,LA CUMPARSITA,MF,FIN10A4,
OLAVI VIRTA,LA CUMPARSITA,M,MEL28,
OLAVI VIRTA,LA CUMPARSITA,C,FINNKARAOKE,19.06.2015
OLAVI VIRTA,LAPIKASTA LATTIAAN,M,MELOLA,
OLAVI VIRTA,LAULELLEN,M,MEL35Z,
OLAVI VIRTA,LAZZARELLA,M,MDV11,
OLAVI VIRTA,LEIRINUOTIOLLA,MF,FIN24B6,
OLAVI VIRTA,LEIRINUOTIOLLA,M,MEL28,
OLAVI VIRTA,LIEKKI,M,MEL05Z,
OLAVI VIRTA,LIIAN NUORI,M,MEL35Z,
OLAVI VIRTA,LUKITTU OVI,M,MEL35Z,
OLAVI VIRTA,LULLABY OF BIRDLAND,M,MEL35Z,
OLAVI VIRTA,LUONNONLAPSI,MF,FIN30B4,
OLAVI VIRTA,LUONNONLAPSI,M,MEL35Z,
OLAVI VIRTA,MAMBO ITALIANO,MF,FIN47B8,
OLAVI VIRTA,MAMBO ITALIANO,M,MDV06,
OLAVI VIRTA,MARIANNE,M,MEL35Z,
OLAVI VIRTA,MARUZELLA,M,MEL35Z,
OLAVI VIRTA,MERIMIEHEN HAUDALLA EI KUKI RUUSUT,M,MEL35Z,
OLAVI VIRTA,METSÄKUKKIA,M,MEL28,
OLAVI VIRTA,MUISTOJEN ILTA,M,MEL35Z,
OLAVI VIRTA,MUISTOJEN TIELLÄ,M,MEL35Z,
OLAVI VIRTA,MUSTALAISRUHTINATAR,M,MEL28,
OLAVI VIRTA,MUSTALAISRUHTINATAR,C,MELPLAY,19.01.2021
OLAVI VIRTA,MUSTASUKKAISUUTTA,MF,FIN41B14,
OLAVI VIRTA,MUSTASUKKAISUUTTA,MF,FIN5A9,
OLAVI VIRTA,MUSTASUKKAISUUTTA,K,POW20TANGO,
OLAVI VIRTA,MUSTASUKKAISUUTTA,M,MEL28,
OLAVI VIRTA,MYLLÄRIN IRENE,M,MELOLA,
OLAVI VIRTA,NIIN RAKASTUNUT SINUUN,M,MEL35Z,
OLAVI VIRTA,NIIN SATEINEN ON TIE,M,MEL35Z,
OLAVI VIRTA,ODOTAN SUA NINA,M,MEL35Z,
OLAVI VIRTA,OI VILLIRUUSU,M,MELOLA,
OLAVI VIRTA,OLE ARMOLLINEN,M,MEL13Z,
OLAVI VIRTA,ONNI JONKA ANNOIN POIS,MF,FIN24B3,
OLAVI VIRTA,PALAA LUOKSENI,M,MEL35Z,
OLAVI VIRTA,PARIISIN NEITONEN,M,MEL35Z,
OLAVI VIRTA,PERFIDIA,MF,FIN44B4,
OLAVI VIRTA,PERFIDIA,M,MEL35Z,
OLAVI VIRTA,POIKA VARJOISELTA KUJALTA,MF,FIN42B11,
OLAVI VIRTA,POIKA VARJOISELTA KUJALTA,MF,FIN5A10,
OLAVI VIRTA,POIKA VARJOISELTA KUJALTA,M,MEL28,
OLAVI VIRTA,POIKA VARJOISELTA KUJALTA,C,FINNKARAOKE,02.07.2024
OLAVI VIRTA,PORTUGALIN HUHTIKUU,M,MEL35Z,
OLAVI VIRTA,PUNAISET LEHDET,MF,FIN18B6,
OLAVI VIRTA,PUNAISET LEHDET,M,MEL28,
OLAVI VIRTA,PUNATUKKAISELLE TYTÖLLENI,MF,FIN24B5,
OLAVI VIRTA,PUNATUKKAISELLE TYTÖLLENI,K,POW20TANGO,
OLAVI VIRTA,PUNATUKKAISELLE TYTÖLLENI,M,MEL28,
OLAVI VIRTA,PURJEHTIJAN VALSSI,M,MEL35Z,
OLAVI VIRTA,PÄIVIN ÖIN,MF,FIN45A8,
OLAVI VIRTA,RAKASTUNUT NAINEN,M,MEL35Z,
OLAVI VIRTA,RAKKAUDEN LAULU,M,MELOLA,
OLAVI VIRTA,RAKKAUTTA EI SE OLLUTKAAN,MF,FIN25B6,
OLAVI VIRTA,RAKKAUTTA EI SE OLLUTKAAN,M,MEL35Z,
OLAVI VIRTA,ROMANESCA,MF,FIN43B4,
OLAVI VIRTA,ROMANESCA,M,MEL28,
OLAVI VIRTA,ROMANIALAINEN KITARA,MF,FIN42B4,
OLAVI VIRTA,ROMANIALAINEN KITARA,M,MEL28,
OLAVI VIRTA,SAAVUTHAN JÄLLEEN ROOMAAN,MF,FIN46B9,
OLAVI VIRTA,SAAVUTHAN JÄLLEEN ROOMAAN,M,MEL28,
OLAVI VIRTA,SAN ANTONION RUUSU,M,MELOLA,
OLAVI VIRTA,SANA VAIN,M,MEL35Z,
OLAVI VIRTA,SATEINEN ILTA,MF,FIN43B9,
OLAVI VIRTA,SATEINEN ILTA,M,MEL28,
OLAVI VIRTA,SELLAISTA ON ELÄMÄ,M,MELOLA,
OLAVI VIRTA,SERENADI,M,MEL35Z,
OLAVI VIRTA,SININEN HUVIMAJA,K,POW20TANGO,
OLAVI VIRTA,SININEN HUVIMAJA,M,MEL28,
OLAVI VIRTA,SININEN TANGO,M,MEL35Z,
OLAVI VIRTA,SINITAIVAS,MF,FIN28A8,
OLAVI VIRTA,SINITAIVAS,M,MEL35Z,
OLAVI VIRTA,SINITAIVAS,C,FINNKARAOKE,02.07.2024
OLAVI VIRTA,SINUN SILMIESI TÄHDEN,MF,FIN10B5,
OLAVI VIRTA,SINUN SILMIESI TÄHDEN (ÄLÄ KÄYTÄ SÄRKEE),M,MEL28,
OLAVI VIRTA,SOI VIULU SOI,M,MEL35Z,
OLAVI VIRTA,SOKERIPALA,MF,FIN10B6,
OLAVI VIRTA,SOKERIPALA,M,MEL28,
OLAVI VIRTA,SOKERIPALA,C,FINNISH,05.03.2020
OLAVI VIRTA,SONNY BOY,M,MELOLA,
OLAVI VIRTA,SORIA MORIA,MF,FIN22B5,
OLAVI VIRTA,SORIA MORIA,M,MEL35Z,
OLAVI VIRTA,SUA LEMMIN KUIN JÄRJETÖN MÄ OISIN,M,MEL15Z,
OLAVI VIRTA,SUKLAASYDÄN,C,POWER,25.01.2014
OLAVI VIRTA,SULLE LAULAN MÄ HILJAA,M,MELOLA,
OLAVI VIRTA,SUUDELMATANGO,M,MEL35Z,
OLAVI VIRTA,SYDÄNSURUJA,MF,FIN19B7,
OLAVI VIRTA,SYDÄNSURUJA,M,MEL28,
OLAVI VIRTA,SYYSUNELMIA,M,MEL35Z,
OLAVI VIRTA,SÄ ET KYYNELTÄ NÄÄ,MF,FIN25B4,
OLAVI VIRTA,TAIKATANGO,M,MEL35Z,
OLAVI VIRTA,TANGO BOLERO,M,MEL35Z,
OLAVI VIRTA,TANGO DESIREE,MF,FIN25B5,
OLAVI VIRTA,TANGO DESIREE,K,POW20TANGO,
OLAVI VIRTA,TANGO DESIREE,M,MEL28,
OLAVI VIRTA,TANGO ILLUSION,MF,FIN28B8,
OLAVI VIRTA,TANGO ILLUSION,M,MEL28,
OLAVI VIRTA,TANGO ILLUSION,C,FINNKARAOKE,02.07.2024
OLAVI VIRTA,TIIKERIHAI,C,FINNHITS,19.10.2015
OLAVI VIRTA,TOM DOOLEY,M,MEL28,
OLAVI VIRTA,TULE TULE TYTTÖ,M,MEL35Z,
OLAVI VIRTA,TULETHAN,M,MEL35Z,
OLAVI VIRTA,TULISUUDELMA,MF,FIN45A12,
OLAVI VIRTA,TULISUUDELMA,MF,FIN4A10,
OLAVI VIRTA,TULISUUDELMA,M,MEL28,
OLAVI VIRTA,TUMMANSININEN SÄVEL,M,MEL35Z,
OLAVI VIRTA,TYTTÖ METSÄSSÄ,MF,FIN17B4,
OLAVI VIRTA,TYTTÖ METSÄSSÄ,M,MEL28,
OLAVI VIRTA,TÄHTI JA MERIPOIKA,MF,FIN7B6,
OLAVI VIRTA,TÄYSIKUU,MF,FIN3B8,
OLAVI VIRTA,TÄYSIKUU,MF,FIN41A15,
OLAVI VIRTA,TÄYSIKUU,M,MDV11,
OLAVI VIRTA,TÄYSIKUU,C,FINNKARAOKE,19.10.2015
OLAVI VIRTA,UNELMATANGO,M,MEL28,
OLAVI VIRTA,VALKOVUOKOT,MF,FIN8B6,
OLAVI VIRTA,VALKOVUOKOT,M,MEL28,
OLAVI VIRTA,VALSSI MENNEILTÄ AJOILTA,MF,FIN25B7,
OLAVI VIRTA,VALSSI MENNEILTÄ AJOILTA,M,MEL35Z,
OLAVI VIRTA,VANHAN KARTANON KEHRÄÄVÄ RUKKI,M,MEL35Z,
OLAVI VIRTA,VIHREÄT NIITYT,MF,FIN41B13,
OLAVI VIRTA,VIHREÄT NIITYT,MF,FIN5A3,
OLAVI VIRTA,VIHREÄT NIITYT,M,MEL28,
OLAVI VIRTA,VIHREÄT NIITYT,C,MELPLAY,05.03.2020
OLAVI VIRTA,YKSINÄISYYS,M,MEL35Z,
OLAVI VIRTA,YLI AALTOJEN,M,MELOLA,
OLAVI VIRTA,YÖ KERRAN UNHOA ANNOIT,MF,FIN26B9,
OLAVI VIRTA,YÖLINTU,MF,FIN36,
OLAVI VIRTA,YÖLINTU,MF,FIN5B7,
OLAVI VIRTA,YÖLINTU,M,MEL19Z,
OLAVI VIRTA,YÖN KULKIJA,M,MEL05Z,
OLAVI VIRTA,ÖISET KITARAT,MF,FIN30B6,
OLAVI VIRTA,ÖISET KITARAT,M,MEL28,
OLEG SÔLG,KÄGU (EST),M_U,EST4,
OLIVIA NEWTON JOHN,HOPELESSLY DEVOTED TO YOU,K,XP1,
OLIVIA NEWTON JOHN,HOPELESSLY DEVOTED TO YOU,M,PIO1A11,
OLIVIA NEWTON JOHN,LET ME BE THERE,M,PIO1A12,
OLLI HALONEN,ISÄN IKÄINEN,M,COV23,
OLLI HALONEN,KYLÄ KESKELLÄ EI MITÄÄN,C_O,POY,12.10.2023
OLLI HALONEN,POHJOLA,M,COV17,
OLLI HALONEN,POHJOLA,C,TUOTTAJA,04.09.2022
OLLI HALONEN,POHJOLA,C_O,POY,03.11.2025
OLLI HALONEN,RAKASTAA JA TULLA RAKASTETUKSI,C,KUNINGAS,11.05.2026
OLLI HALONEN,SUOMEN KESÄ,C,FIAT,25.05.2026
OLLI HALONEN,SUOMEN KESÄ,C_O,POY,03.11.2025
OLLI HALONEN,VÄHÄN RAHAA PALJON RAKKAUTTA,C,KUNINGAS,11.05.2026
OLLI HELENIUS,NYT JA AINA,M,MDV58,
OLLI HELENIUS,SYTYTÄT MUT,M,MEL60,
OLLI LINDHOLM,SURUN AIKA,M,KPP31,
OLLI LINDHOLM,SURUN AIKA,M,MEL54,
ONE DIRECTION,NIGHT CHANGES,C,SINGKING,23.07.2022
ONEREPUBLIC,COUNTING STARS,C,KARAFUN,28.12.2025
ONEREPUBLIC,STOP & STARE,K,XP4,
OPUS,LIVE IS LIFE,C,KARAFUN,06.05.2024
ORCHESTRAL MANOEUVRES IN THE DAR FT SASH,ENOLA GAY 98,C,SUNFLY,16.07.2021
ORCHESTRAL MANOEUVRES IN THE DARK,ENOLA GAY,C,ZOOM,26.07.2016
OSKAR LEHTINEN,PARAS MIES,C_O,POY,08.01.2026
OSSI AHLAPURO,AZZURRO,M,MEL03,
OTIS REDDING,DOCK OF THE BAY,K,XP1,
OTTAWAN,DISCO,M,MP&R3,
OUTLAWS,CRY NO MORE,C_O_U,POY,27.11.2023
OZZY OSBOURNE,BARK AT THE MOON,C,SOUNDCHOICE,02.08.2024
OZZY OSBOURNE,CRAZY TRAIN,C,VERSION,13.03.2022
OZZY OSBOURNE,DIARY OF A MADMAN,C,SOUNDCHOICE,03.08.2024
OZZY OSBOURNE,DREAMER,C,KARAFUN,03.04.2018
OZZY OSBOURNE,DREAMER,M,MP&R3,
OZZY OSBOURNE,FLYING HIGH AGAIN,C,LYRICS&KARAOKE,04.08.2024
OZZY OSBOURNE,GETS ME THROUGH,C,PARTYTYME,05.08.2024
OZZY OSBOURNE,I DON'T KNOW,C,ZZANG,05.08.2024
OZZY OSBOURNE,I DON'T WANNA STOP,C,SOUNDCHOICE,05.08.2024
OZZY OSBOURNE,MAMA I'M COMING HOME,C,KARAFUN,03.04.2018
OZZY OSBOURNE,MR CROWLEY,C,ZZANG,01.04.2024
OZZY OSBOURNE,MR TINKERTRAIN,C,KARAMETAL,30.07.2025
OZZY OSBOURNE,NO MORE TEARS,C,SINGALONG,10.08.2024
OZZY OSBOURNE,OVER THE MOUNTAIN,C,ZZANG,10.08.2024
OZZY OSBOURNE,ROAD TO NOWHERE,C,CHANNEL,13.08.2024
OZZY OSBOURNE,SHOT IN THE DARK,C,SOUNDCHOICE,14.08.2024
OZZY OSBOURNE,YOU CAN'T KILL ROCK AND ROLL,C,SOUNDCHOICE,18.08.2024
OZZY OSBOURNE & LEMMY K,HELLRAISER,C,ZOOM,15.04.2022
OZZY OSBOURNE & LITA FORD,CLOSE MY EYES FOREVER,C,KARAFUN,18.02.2024
OZZY OSBOURNE FT ELTON JOHN,ORDINARY MAN,C,MRENTERTAINER,27.03.2026
PAAVO & ZEPHYR,AAMUÖISEEN SATEESEEN,M,MEL13Z,
PAIN CONFESSOR,FALL ON EVIL DAYS,M,HEVI 4,
PALAVA,LAULUJEN LAULU,M,MEL53PRO,
PALEFACE,HELSINKI   SHANGRI LA,C_O,POY,15.06.2022
PALKINTOPIHA 74,ÄSSÄHAI,C_O,POY,09.11.2022
PANTERA,5 MINUTES ALONE,C,SANDELL,01.08.2024
PANTERA,A NEW LEVEL,C,SANDELL,01.08.2024
PANTERA,BECOMING,C,SANDELL,02.08.2024
PANTERA,CEMETERY GATES,C,STINGRAY,02.08.2024
PANTERA,COWBOYS FROM HELL,C,KARAFUN,02.08.2024
PANTERA,DOMINATION,C,CCKARAOKE,03.08.2024
PANTERA,FUCKING HOSTILE,C,FUNBOX,04.08.2024
PANTERA,HOLLOW,C,CCKARAOKE,05.08.2024
PANTERA,I'M BROKEN,C,CCKARAOKE,06.08.2024
PANTERA,MOUTH FOR WAR,C,CCKARAOKE,09.08.2024
PANTERA,THIS LOVE,C,CCKARAOKE,16.08.2024
PANTERA,WALK,C,SOUNDCHOICE,12.04.2024
PANTERA,WAR NERVE,C,CCKARAOKE,18.08.2024
PARADISE OSKAR,DA DA DAM,K,LK16,
PARATIISIN VARKAAT,AJATUKSENI HARHAILEE,C_O,POY,04.05.2025
PARATIISIN VARKAAT,APPELSIINIRAKEITA,C_O,POY,27.01.2025
PARATIISIN VARKAAT,IHMISSUSI,C_O,POY,28.01.2025
PARIISIN KEVÄT,KESÄYÖ,K,LK18,
PARIISIN KEVÄT,KESÄYÖ,M,SAT07,
PARIISIN KEVÄT,ODOTUS,K,LK21,
PARIISIN KEVÄT,ODOTUS,M,SAT09,
PARIISIN KEVÄT,PIMEYDEN TANGO,C_O,POY,11.02.2023
PARIISIN KEVÄT,SAARI,K,LK18,
PARIISIN KEVÄT,SAARI,M,SAT06,
PARIISIN KEVÄT,TÄMÄN KYLÄN POIKII,M,KPP31,
PARIISIN KEVÄT,TÄMÄN KYLÄN POIKII,M,SAT02,
PARRA FOR CUVA FT ANNA NAKLAB,WICKED GAMES,C,VOCALSTAR,28.08.2021
PARTRIDGE FAMILY,I THINK I LOVE YOU,K,XP4,
PASI KAUNISTO,KOILLISMAA,C_O,POY,04.12.2024
PASI KAUNISTO,KOITERE KARJALAN HELMI,M,MELVALS,
PASI KAUNISTO,KOSKAAN ET MUUTTUA SAA,MF,FIN23A7,
PASI KAUNISTO,KOSKAAN ET MUUTTUA SAA,M,MEL46Z,
PASI KAUNISTO,KURJET,M,MEL01Z,
PASI KAUNISTO,LAKEUDEN KUTSU,MF,FIN22B9,
PASI KAUNISTO,LAKEUDEN KUTSU,M,MEL46Z,
PASI KAUNISTO,MAA MUUTTUKOON,MF,FIN43B5,
PASI KAUNISTO,MAA MUUTTUKOON,M,MEL01Z,
PASI KAUNISTO,MAA MUUTTUKOON,C,FINNKARAOKE,18.10.2015
PASI KAUNISTO,NADJA,MF,FIN30B1,
PASI KAUNISTO,NADJA,M,MEL38Z,
PASI KAUNISTO,NADJA NADJA,C,FINNISH,09.10.2021
PASI KAUNISTO,NELOSTIE,MF,FIN40B6,
PASI KAUNISTO,NELOSTIE,C_O,POY,25.11.2022
PASI KAUNISTO,SANAT EIVÄT RIITÄ KERTOMAAN,MF,FIN21B5,
PASI KAUNISTO,SATA KELLOA,M,MEL16Z,
PASI RUOHONEN,LUMESTA JA JÄÄSTÄ,MF,FIN32B1,
PASI VAINIONPERÄ,OLE TOTTA,M,MEL53PRO,
PASI VAINIONPERÄ,RAKKAUDEN RIKOLLINEN,M,MDV68,
PASI VAINIONPERÄ,RAKKAUDESSA SUURIA,M,MEL52X,
PASI VAINIONPERÄ,RAKKAUDESSA SUURIA,M,MG17,20.03.2026
PAT BENATAR,FIRE AND ICE,C,HD,04.08.2024
PAT BENATAR,HEARTBREAKER,C,ZOOM,25.04.2022
PAT BENATAR,HELL IS FOR CHILDREN,C,SINGKING,05.08.2024
PAT BENATAR,HIT ME WITH YOUR BEST SHOT,K,XP4,
PAT BENATAR,HIT ME WITH YOUR BEST SHOT,C,KARAFUN,05.08.2024
PAT BENATAR,PROMISES IN THE DARK,C,DM,13.08.2024
PAT BENATAR,SHADOWS OF THE NIGHT,C,SINGKING,14.08.2024
PAT BOONE,DON'T FORBID ME,K,XP2,
PAT BOONE,LOVE LETTERS IN THE SAND,C,KARAFUN,25.04.2022
PATE JA PAULA,MÄ LÄHDEN STADIIN,M,MEL39X,
PATE MUSTAJÄRVI,AJAN PÄIVIN AJAN ÖIN,K,LK06,
PATE MUSTAJÄRVI,AJAN PÄIVIN AJAN ÖIN,M,MEL46Z,
PATE MUSTAJÄRVI,AJAN PÄIVIN AJAN ÖIN,C,MAGNUM,02.07.2024
PATE MUSTAJÄRVI,ANNI DOMINI,M,MEL52X,
PATE MUSTAJÄRVI,BOULEVARD DE LA MADELEINE,M,MEL42Z,
PATE MUSTAJÄRVI,EI LUOTUJA KESTÄMÄÄN,M,MDV65,
PATE MUSTAJÄRVI,EI VIELÄ,C_O,POY,13.04.2026
PATE MUSTAJÄRVI,ET VOI YMMÄRTÄÄ,M,MEL54,
PATE MUSTAJÄRVI,HEI ÄIJÄ,C,FIAT,25.05.2026
PATE MUSTAJÄRVI,HÄKKI HEILAHTAA,M,MDV10,
PATE MUSTAJÄRVI,JUKEBOXIN LUONA,M,LK24,
PATE MUSTAJÄRVI,JUKEBOXIN LUONA,C,LAULAVAKOIRA,23.09.2020
PATE MUSTAJÄRVI,KYYNELSILMIN KUUTAMOLLA,M,LK25,
PATE MUSTAJÄRVI,KYYNELSILMIN KUUTAMOLLA,M,SK4,
PATE MUSTAJÄRVI,LOPUT PÄIVÄT,C,3700,10.09.2026
PATE MUSTAJÄRVI,MAAN VALITUS,M,MDV63,
PATE MUSTAJÄRVI,PAHAA VERTA (HÄJYT 2),C,3700,15.11.2025
PATE MUSTAJÄRVI,PATAROUVA JA ÄSSÄHAI,M,MEL60,
PATE MUSTAJÄRVI,ROKKIMAKKARA,M,MEL38Z,
PATE MUSTAJÄRVI,SUURI TULEVAISUUS,M,COV06,
PATE MUSTAJÄRVI,SUURI TULEVAISUUS,C_O,POY,12.02.2024
PATE MUSTAJÄRVI,SYNNYIMME LÄHTEMÄÄN,C,3700,15.11.2025
PATE MUSTAJÄRVI,TARJOAN KIERROKSEN,C,3700,15.11.2025
PATE MUSTAJÄRVI,TULI POLTTAA,M,MEL54,
PATE MUSTAJÄRVI,TYYLILLÄ,M,SK1,
PATE MUSTAJÄRVI,VERHOTKIN VEIT,M,MEL42Z,
PATE MUSTAJÄRVI & SOISALO,HEI PAULA,M,MEL40X,
PATRIK RASMUSSEN,OM IGEN (SWE),M_U,SWE,
PATSY CLINE,CRAZY,K,XP1,
PATSY CLINE,I FALL TO PIECES,K,XP1,
PATSY CLINE,WALKING AFTER MIDNIGHT,K,XP3,
PATTI LABELLE,LADY MARMALADE,C,CHANNEL,25.04.2022
PATTI PAGE,CHANGING PARTNERS,M,TOPHIT27,
PATTI PAGE,TENNESSEE WALTZ,M,PIO007,
PATTI SMITH,BECAUSE THE NIGHT,K,XP3,
PATTI SMITH,BECAUSE THE NIGHT,C,ZOOM,02.08.2024
PATU JA SEN KAVERI,SUTSURELLAA,C_O,POY,02.01.2026
PAUL ANKA,DIANA,C,POCKET,12.07.2016
PAUL ANKA,DIANA (DOWN 3 SEMITONES),C,ZOOM,22.11.2020
PAUL ANKA,LONELY BOY,K,XP2,
PAUL ANKA,PAPA,C,ZZANG,01.04.2024
PAUL ANKA,YOU ARE MY DESTINY,C,LEGENDSSERIES,13.12.2019
PAUL DAVIS,I GO CRAZY,M,PIO13A3,
PAUL MCCARTNEY,MULL OF KINTYRE,K,XP4,
PAUL MCCARTNEY,NO MORE LONELY NIGHTS,C,ZOOM,27.08.2022
PAUL MCCARTNEY,YOUNG BOY,C,SILOSABECANTE,09.12.2021
PAUL MCCARTNEY & WINGS,ANOTHER DAY,C,ZOOM,23.04.2022
PAUL MCCARTNEY & WINGS,BAND ON THE RUN,C,ZOOM,23.04.2022
PAUL MCCARTNEY & WINGS,LISTEN WHAT THE MAN SAID,C,ZOOM,13.07.2024
PAUL MCCARTNEY & WINGS,LIVE AND LET DIE,C,ZOOM,23.04.2022
PAUL MCCARTNEY & WINGS,MY LOVE,C,GLOBAL,13.12.2019
PAUL OXLEY'S UNIT,SPANISH BARS,C_O_UK,POY,22.06.2023
PAUL OXLEY'S UNIT,TERRY'S INSIDE,C_O_UK,POY,17.05.2025
PAUL PETER & MARY,LEAVING ON A JET PLANE,K,XP1,
PAUL REVERE & THE RAIDERS,INDIAN RESERVATION,C,SINGKING,06.08.2024
PAUL YOUNG,EVERY TIME YOU GO AWAY,M,MP&R3,
PAULA KOIVUNIEMI,AIGEIANMEREN LAULU,M,MEL47Z,
PAULA KOIVUNIEMI,AIKAAN SINIKELLOJEN,MF,FIN31B3,
PAULA KOIVUNIEMI,AIKAAN SINIKELLOJEN,M,MDV23,
PAULA KOIVUNIEMI,AIKUINEN NAINEN,MF,FIN19B5,
PAULA KOIVUNIEMI,AIKUINEN NAINEN,K,LK02,
PAULA KOIVUNIEMI,AIKUINEN NAINEN,M,MDV11,
PAULA KOIVUNIEMI,BEBE,M,MEL16Z,
PAULA KOIVUNIEMI,HEI BUANANOTTE,K,POW04,
PAULA KOIVUNIEMI,HEI BUONA NOTTE,M,MEL41Z,
PAULA KOIVUNIEMI,HEI BUONANOTTE,C,POWER,29.07.2016
PAULA KOIVUNIEMI,IKIVANHA LEIKKI,M,COV18,
PAULA KOIVUNIEMI,ILMAN MINUA,MF,FIN2A4,
PAULA KOIVUNIEMI,ILMAN MINUA,MF,FIN36,
PAULA KOIVUNIEMI,ILMAN MINUA,K,POW16,
PAULA KOIVUNIEMI,ILMAN MINUA,M,MDV11,
PAULA KOIVUNIEMI,ILMAN MINUA,C,FINNKARAOKE,04.07.2021
PAULA KOIVUNIEMI,JOS HELMIÄ KYYNELEET OIS,MF,FIN12B1,
PAULA KOIVUNIEMI,JOS KONDUKTÖÖRIN NAIT,M,MEL05Z,
PAULA KOIVUNIEMI,JOS LUOJA SUO,M,MEL51Z,
PAULA KOIVUNIEMI,JOS LUOJA SUO,M,MG17,20.03.2026
PAULA KOIVUNIEMI,KAIKEN ANTANUT,K,LK18,
PAULA KOIVUNIEMI,KAIKEN ANTANUT,M,MDV58,
PAULA KOIVUNIEMI,KAIKKEIN KAUNEINTA,K,LK07,
PAULA KOIVUNIEMI,KAIKKEIN KAUNEINTA,M,MDV17,
PAULA KOIVUNIEMI,KANSSAIN JOS AIOT VÄHÄN MATKAA,M,COV23,
PAULA KOIVUNIEMI,KAPTEENI AIKA,M,KK2,
PAULA KOIVUNIEMI,KERRO YSTÄVÄLLE,M,MEL29X,
PAULA KOIVUNIEMI,KUKA PELKÄÄ PAULAA,K,MG06,
PAULA KOIVUNIEMI,KUKA PELKÄÄ PAULAA,M,MEL41Z,
PAULA KOIVUNIEMI,KULKEA SAIN SATEENKAARENI PÄÄHÄN,M,MEL02Z,
PAULA KOIVUNIEMI,KUN KUUNTELEN TOMPPAA,MF,FIN44A3,
PAULA KOIVUNIEMI,KUN KUUNTELEN TOMPPAA,K,POW16,
PAULA KOIVUNIEMI,KUN KUUNTELEN TOMPPAA,M,MEL26X,
PAULA KOIVUNIEMI,KUULEEKO YÖ,MF,FIN46B7,
PAULA KOIVUNIEMI,KUULEEKO YÖ,M,MEL39X,
PAULA KOIVUNIEMI,KUULEEKO YÖ,C,MAGNUM (POY),17.05.2022
PAULA KOIVUNIEMI,LAULUN LAITUMILLE,MF,FIN26A1,
PAULA KOIVUNIEMI,LAULUT KUN KUOLEVAT,MF,FIN36,
PAULA KOIVUNIEMI,LUOTAN SYDÄMEN ÄÄNEEN,K,POW15,
PAULA KOIVUNIEMI,LUOTAN SYDÄMEN ÄÄNEEN,M,MEL13Z,
PAULA KOIVUNIEMI,LÄHDETÄÄN,M,MEL15Z,
PAULA KOIVUNIEMI,MATKA,M,MDV59,
PAULA KOIVUNIEMI,MEREN TAA,MF,FIN37A10,
PAULA KOIVUNIEMI,MIELEEN JÄÄT,M,SK1B10,
PAULA KOIVUNIEMI,MITEN VOI,M,MEL16Z,
PAULA KOIVUNIEMI,MOSKOVA,M,MEL47Z,
PAULA KOIVUNIEMI,MOSKOVA,C,MAGNUM (POY),13.10.2022
PAULA KOIVUNIEMI,MUSTA TANGO,C_O,POY,19.12.2025
PAULA KOIVUNIEMI,MUSTALAISNAINEN,M,MEL49Z,
PAULA KOIVUNIEMI,NAINEN,M,MEL50X,
PAULA KOIVUNIEMI,NAINEN,M,MG17,20.03.2026
PAULA KOIVUNIEMI,OLET MUN LUONANI SILLOIN,M,MEL18Z,
PAULA KOIVUNIEMI,ON HÄN NIIN YKSINÄINEN,M,MEL15Z,
PAULA KOIVUNIEMI,ONNEN RUUSUT,M,MEL05Z,
PAULA KOIVUNIEMI,PAULAPOTPURI,K,POW11,
PAULA KOIVUNIEMI,PERHONEN,MF,FIN19B3,
PAULA KOIVUNIEMI,PERHONEN,C,FINNISH,05.03.2020
PAULA KOIVUNIEMI,QUEEN,K,LK19,
PAULA KOIVUNIEMI,QUEEN,M,MDV58,
PAULA KOIVUNIEMI,QUEEN,M,MG19,20.03.2026
PAULA KOIVUNIEMI,RAKKAUDELLA SINUN,MF,FIN7A5,
PAULA KOIVUNIEMI,RAKKAUDELLA SINUN,M,MEL34Z,
PAULA KOIVUNIEMI,RAKKAUDEN RIKKAUS,MF,FIN27B3,
PAULA KOIVUNIEMI,RAKKAUS VAIN,M,MEL42Z,
PAULA KOIVUNIEMI,RAKKAUSTARINA,M,MDV65,
PAULA KOIVUNIEMI,ROMANTIIKKAA,MF,FIN37A2,
PAULA KOIVUNIEMI,SATA KESÄÄ TUHAT YÖTÄ,MF,FIN36,
PAULA KOIVUNIEMI,SATA KESÄÄ TUHAT YÖTÄ,K,POW15,
PAULA KOIVUNIEMI,SATA KESÄÄ TUHAT YÖTÄ,M,MDV23,
PAULA KOIVUNIEMI,SATA MIESTÄ,M,MEL42Z,
PAULA KOIVUNIEMI,SE KESÄNI MUN,MF,FIN17A3,
PAULA KOIVUNIEMI,SEN SIKSI TEIN,K,POW14,
PAULA KOIVUNIEMI,SEN SIKSI TEIN,M,MEL15Z,
PAULA KOIVUNIEMI,SHEIKKI TAI DON,MF,FIN36,
PAULA KOIVUNIEMI,SIIVET,M,MEL13Z,
PAULA KOIVUNIEMI,SUA VASTEN AINA PAINAUTUISIN,MF,FIN12A8,
PAULA KOIVUNIEMI,SUA VASTEN AINA PAINAUTUISIN,M,MEL34Z,
PAULA KOIVUNIEMI,SYDÄN ITKEE IKÄVÄÄ,M,MEL29X,
PAULA KOIVUNIEMI,TULISIELU,MF,FIN26A4,
PAULA KOIVUNIEMI,TUMMAT SILMÄT RUSKEA TUKKA,MF,FIN1A5,
PAULA KOIVUNIEMI,TUMMAT SILMÄT RUSKEA TUKKA,MF,FIN35A11,
PAULA KOIVUNIEMI,TUMMAT SILMÄT RUSKEA TUKKA,K,POW03,
PAULA KOIVUNIEMI,TUMMAT SILMÄT RUSKEA TUKKA,M,MEL26X,
PAULA KOIVUNIEMI,TUMMAT SILMÄT RUSKEA TUKKA,C,POWER,01.09.2014
PAULA KOIVUNIEMI,VIE MINUT POIS,M,COV15,
PAULA KOIVUNIEMI,ÄLÄ SANO ETTÄ RAKASTAT MUA,M,MEL54,
PAULA VESALA,MITEN JA MIKSI,M,LK24,
PAULA VESALA,MITEN JA MIKSI,M,MDV63,
PAULA VESALA,NYT ON LÄHTÖ,M,COV07,
PAULA VESALA,SINUUN MINÄ JÄÄN,C_O,POY,08.09.2024
PAULA VESALA,SUA VASTEN AINA PAINAUTUISIN,M,LK24,
PAULI HANHINIEMEN PERUNATEATTERI,IRWIN JA BADDING,C_O,POY,04.07.2024
PAULI HANHINIEMI,MUUTKIN MOKAA,M,MDV61,
PAULI HANHINIEMI,PÖLYÄ HIUKSIA RISUJA,M,SK1,
PAULI HANHINIEMI,SELLAISTA ON C'EST LA VIE,M,SAT14,
PAULI HANHINIEMI,SURU TEKI LÄHTÖÄÄN,M,SK1,
PAULI HANHINIEMI,YKSINKERTAISTA,K,LK04,
PAULI RÄSÄNEN,KOTKAN RUUSU,K,POW14,
PAULI RÄSÄNEN,KOTKAN RUUSU,M,MDV17,
PAULI RÄSÄNEN,KOTKAN RUUSU,C,FINNHITS,18.10.2015
PAVE MAIJANEN,ELÄMÄN NÄLKÄ,M,COV13,
PAVE MAIJANEN,IKÄVÄ,M,COV13,
PAVE MAIJANEN,IKÄVÄ,M,SATC02,
PAVE MAIJANEN,JANO,M,COV13,
PAVE MAIJANEN,JANO,M,MEL62,
PAVE MAIJANEN,JOS TAHDOT,M,COV13,
PAVE MAIJANEN,JOS TAHDOT,M,MEL51Z,
PAVE MAIJANEN,KUUME,M,COV13,
PAVE MAIJANEN,LÄHTISITKÖ,K,POW12,
PAVE MAIJANEN,LÄHTISITKÖ,C,POWER,30.07.2016
PAVE MAIJANEN,LÄHTISITKÖ,M,SATC02,
PAVE MAIJANEN,PIDÄ HUOLTA,MF,FIN46A2,
PAVE MAIJANEN,YAMMA YAMMA,M,KSF1Z,
PEARL JAM,ANIMAL,C,CCKARAOKE,01.08.2024
PEARL JAM,DAUGHTER,C,PINOY,03.08.2024
PEARL JAM,EVEN FLOW,C,ZOOM,04.08.2024
PEARL JAM,JEREMY,C,ZOOM,06.08.2024
PEARL JAM,LAST KISS,C,ORIGINAL,08.08.2024
PEBBLES,MERSEDES BOY,M,PIO13A12,
PEDRO'S HEAVY GENTLEMEN,MILJOONAN MARKAN PAKARAT,M,COV17,
PEER GÜNT,BACKSEAT,M,HEVI 1,
PEER GÜNT,BACKSEAT,K,POW18SR4,
PEER GÜNT,I DON'T WANNA BE A ROCK'N ROLL STAR,C_O_UK,POY,02.10.2023
PEER GÜNT,LOSING MY MIND,C_O_UK,POY,15.04.2023
PEER GÜNT,YEARS ON THE ROAD,C_O_UK,POY,01.08.2023
PEGGY LEE,FEVER,K,XP1,
PEHMOAINO,HALUUN TAKAS MUN PERHOSET,C,FIAT,08.02.2026
PEHMOAINO,MAASTA TAIVAASEEN,C,FIAT,08.02.2026
PEHMOAINO,MIELIPIDE,C,FIAT,03.09.2026
PEHMOAINO,SUOJELUSENKELI,C,FIAT,25.05.2026
PEHMOAINO,VALSSI,C,FIAT,08.02.2026
PEKKA HIMANKA,KALAJOKI VALSSI,M,MELVALS,
PEKKA HIMANKA,KANKAAN KAUNIS KATRIINA,MF,FIN22B8,
PEKKA HIMANKA,KANKAAN KAUNIS KATRIINA,M,MELVALS,
PEKKA JA SUSI,KARHUN ELÄMÄÄ,M,SATC02,
PEKKA JA SUSI,KARHUN ELÄMÄÄ,C_O,POY,03.11.2025
PEKKA ROSELIUS,KIVEN SISÄLLÄ,M,MDV20,
PEKKA RUUSKA,KAIPUU,M,MDV20,
PEKKA RUUSKA,MISSÄ OLET NYT KRISTIINA,C_O,POY,10.07.2026
PEKKA RUUSKA,MYÖHÄINEN YÖ,MF,FIN39A7,
PEKKA RUUSKA,MÄ TAHDON SUN ELÄMÄÄN,C,SATNIGHT,21.10.2022
PEKKA RUUSKA,MÄ TAHDON SUN ELÄMÄÄN,M,SATC01,
PEKKA RUUSKA,OHRANKELTAINEN KUU,MF,FIN47B10,
PEKKA RUUSKA,PÄIVIEN SÄVEL,M,MDV10,
PEKKA RUUSKA,RAFAELIN ENKELI,MF,FIN44B15,
PEKKA RUUSKA,RAFAELIN ENKELI,MF,FIN6A5,
PEKKA RUUSKA,RAFAELIN ENKELI,K,POW03,
PEKKA RUUSKA,RAFAELIN ENKELI,M,MEL41Z,
PEKKA RUUSKA,RAFAELIN ENKELI,C,POWER,01.09.2014
PELIMANNET,AMORE,M,SK1B3,
PELLE MILJOONA,HEI HEI HEI (AIKA MEITÄ ODOTA EI),C_O,POY,22.07.2023
PELLE MILJOONA,HYVÄÄ YÖTÄ MAAILMA,M,MEL52X,
PELLE MILJOONA,INTIAANIKESÄ,M,MEL70'S,
PELLE MILJOONA,JUOKSE VILLI LAPSI,K,POW05SR1,
PELLE MILJOONA,LANKA PALAA,M,MDV09,
PELLE MILJOONA,LANKA PALAA,C,MELPLAY,19.01.2021
PELLE MILJOONA,MOOTTORITIE ON KUUMA,K,POW02,
PELLE MILJOONA,MOOTTORITIE ON KUUMA,M,MEL39X,
PELLE MILJOONA,MOOTTORITIE ON KUUMA,C,FINNISH,05.03.2020
PELLE MILJOONA,OLEN KAUNIS,C_O,POY,31.10.2024
PELLE MILJOONA,TAHDON RAKASTELLA SINUA,MF,FIN22A10,
PELLE MILJOONA,TAHDON RAKASTELLA SINUA,M,MEL41Z,
PELLE MILJOONA,TAHDON RAKASTELLA SINUA,C,FINNKARAOKE,02.07.2024
PELLE MILJOONA,TAHDON RAKASTELLA SINUA,C_O,POY,03.11.2025
PENTTI HIETANEN,JOULULAULU,M,MJK1,
PENTTI HIETANEN,OI BETLEHEM SÄ PIENOINEN,M,MJK1,
PENTTI HIETANEN,OI JOULUYÖ,M,MJK1,
PENTTI HIETANEN,PALJON SANOMATTA JÄÄ,C,FIAT,26.01.2026
PENTTI HIETANEN,YÖ VÄISTYY,C,FIAT,25.05.2026
PENTTI KUMPULAINEN,SULKAVAN SOUTUHUMPPA,M,NYT HUMPATAAN,
PEPE WILLBERG,AAMU,MF,FIN9B5,
PEPE WILLBERG,AAMU,M,MEL49Z,
PEPE WILLBERG,AAMU,C,MAURIK,14.11.2022
PEPE WILLBERG,ELÄMÄLTÄ KAIKEN SAIN,MF,FIN23A4,
PEPE WILLBERG,ELÄMÄLTÄ KAIKEN SAIN,M,MEL62,
PEPE WILLBERG,HERMES,MF,FIN53,
PEPE WILLBERG,HERMES,M,MEL25X,
PEPE WILLBERG,HERMES,C_O,POY,03.11.2025
PEPE WILLBERG,ISÄNMAA ÄIDINTAIVAS,C_O,POY,01.01.2026
PEPE WILLBERG,JOS SÄ LÄHDET POIS,C,KUNINGAS,20.11.2025
PEPE WILLBERG,KAIPUU (ANGEL OF THE MORNING),C_O,POY,19.05.2026
PEPE WILLBERG,RASVIS MÄ OON,M,MEL36Z,
PEPE WILLBERG,RÖÖPERIIN,M,MEL02Z,
PEPE WILLBERG,RÖÖPERIIN,C,KARAOKETÄHTI,02.07.2024
PEPE WILLBERG,TOISET MEISTÄ,M,MEL34N,
PER-ERIK FÖRARS,DOMINO,MF,FIN36,
PERCY SLEDGE,WHEN A MAN LOVES A WOMAN,K,XP3,
PERRY COMO,AND I LOVE YOU SO,M,PIO1B6,
PERRY COMO,DELAWARE,K,XP2,
PERRY COMO,THEN YOU CAN TELL ME GOODBYE,M,PIO13B11,
PERTSA KOIVULA,ELÄMÄ ON TÄYNNÄ KYYNELEITÄ,MF,FIN40B2,
PERTTI KURIKAN NIMIPÄIVÄT,AINA MUN PITÄÄ,M,LK24,
PET SHOP BOYS,IT'S A SIN,C,ZOOM,03.05.2022
PET SHOP BOYS,IT'S A SIN,M,MP&R1,
PET SHOP BOYS,MIRACLES,K,XP2,
PET SHOP BOYS,OPPORTUNITIES,C,ZOOM,24.04.2022
PET SHOP BOYS,RENT,C,ZOOM,24.04.2022
PET SHOP BOYS,WEST END GIRLS,K,XP4,
PETE PARKKONEN,MITÄ MINÄ SANOIN,C_O,POY,03.09.2023
PETE PARKKONEN,MUN,M,MDV63,
PETER JÖBÄCK,STOCKHOLM I NAT (SWE),M_U,SWE,
PETRI & PETTERSSON BRASS,ANGIE,M,MEL02Z,
PETRI & PETTERSSON BRASS,MAALAISMAISEMA,MF,FIN14B6,
PETRI & PETTERSSON BRASS,MAALAISMAISEMA,M,MEL46Z,
PETRI & PETTERSSON BRASS,PÄÄTTÖMÄLLÄ POLLELLA,M,MEL70'S,
PETRI & PETTERSSON BRASS,SYLVIAN ÄITI,M,MEL05Z,
PETRI HERVANTO,SURUSILMÄINEN,MF,FIN47A8,
PETRI LAAKSONEN,HYVÄÄ MATKAA,C,MAURIK,15.11.2022
PETRI LAAKSONEN,KULTAREUNAPILVET,MF,FIN39A2,
PETRI LAAKSONEN,KULTAREUNAPILVET,M,MDV17,
PETRI LAAKSONEN,TÄÄLLÄ POHJANTÄHDEN ALLA,MF,FIN20A8,
PETRI LAAKSONEN,TÄÄLLÄ POHJANTÄHDEN ALLA,K,POW03,
PETRI LAAKSONEN,TÄÄLLÄ POHJANTÄHDEN ALLA,M,MDV23,
PETRI LAAKSONEN,TÄÄLLÄ POHJANTÄHDEN ALLA,C,POWER,18.07.2024
PETRI LEHTINEN & ARLENE KOTALA,MAJAKKA,M,MDV14,
PETRI MUNCK,LEVOTON PRINSSI,K,POW13SR3,
PETRI MUNCK,LEVOTON PRINSSI,M,MEL29X,
PETRI MUNCK,PYSTYTKÖ LUPAAMAAN,K,LK01,
PETRI MUNCK,PYSTYTKÖ LUPAAMAAN,M,MEL30X,
PETRI NYGÅRD,LÄHEKKÖ PANEE,M,SATC03,
PETRI NYGÅRD,MÄRKÄÄ,M,SAT06,
PETRI NYGÅRD,SELVÄ PÄIVÄ,C,MANKKA (POY),02.07.2024
PETRI NYGÅRD,SELVÄ PÄIVÄ,M,SAT03,
PETRI NYGÅRD,VILLI JA VITUN VAPAA,M,SATC03,
PETRUS SCHRODERUS,RAKASTAN SINUA ELÄMÄ,C,TUOTTAJA,13.04.2024
PETULA CLARK,DOWNTOWN,K,XP1,
PHIL COLLINS,AGAINST ALL ODDS (TAKE A LOOK AT ME NOW),C,CLOUD,07.01.2015
PHIL COLLINS,ANOTHER DAY IN PARADISE,C,ZOOM,21.11.2020
PHIL COLLINS,DON'T LET HIM STEAL YOUR HEART AWAY,K,XP2,
PHIL COLLINS,GROOVY KIND OF LOVE,K,XP1,
PHIL COLLINS,IN THE AIR TONIGHT,M,EXT1,
PHIL COLLINS,IN THE AIR TONIGHT,C,CHANNEL,30.09.2014
PHIL COLLINS,YOU CON'T HURRY LOVE,C,CHANNEL,26.07.2016
PHILIP BAILEY AND PHIL COLLINS,EASY LOVER,C,ZOOM,09.12.2020
PHOEBE SNOW,SOMETHING REAL,K,XP2,
PIANO SINGALONG,I'M FOREVER BLOWING BUBBLES,C,ZOOM,02.04.2024
PIHALLA,OMENAPUU,C,KUNINGAS,05.11.2025
PIHASOITTAJAT,ELÄMÄN KUTSU,M,MEL03,
PIHASOITTAJAT,VIULU UKKO,M,KSF1Z,
PIKKU G FT SOPHIA,ROMEO JA JULIA,C,FIAT,02.12.2025
PILVI HÄMÄLÄINEN,MON CHÉRI,C_O,POY,08.02.2025
PINK,I DON'T BELIEVE YOU,C,ZOOM,01.04.2024
PINK,STUPID GIRLS,K,XP3,
PINK,WHO KNEW,K,XP3,
PINK & NATE RUESS,JUST GIVE ME A REASON,C,KARAFUN,18.07.2024
PINK FLOYD,ANOTHER BRICK IN THE WALL,K,XP4,
PINK FLOYD,ANOTHER BRICK IN THE WALL,C,HD,25.06.2014
PINK FLOYD,BRAIN DAMAGE ECLIPSE,C,KARAOKE JUNKIES,07.01.2021
PINK FLOYD,COMFORTABLY NUMB,C,CHANNEL,11.08.2024
PINK FLOYD,COMFORTABLY NUMB (LIVE),C,LIVE,26.01.2017
PINK FLOYD,GOODBYE BLUE SKY,C,BELLYSINGS,13.04.2024
PINK FLOYD,HAVE A CIGAR,C,CCKARAOKE,05.08.2024
PINK FLOYD,HEY YOU,C,ZOOM,05.08.2024
PINK FLOYD,HIGH HOPES,C,KARAOKE JUNKIES,07.01.2021
PINK FLOYD,LEARNING TO FLY,C,GOODSONGS,08.08.2024
PINK FLOYD,LEARNING TO FLY,C,KARAOKE JUNKIES,07.01.2021
PINK FLOYD,MONEY,C,CCKARAOKE,07.01.2021
PINK FLOYD,SHINE ON YOU GRAZY DIAMOND,C,CCKARAOKE,07.01.2021
PINK FLOYD,TIME,C,KARAOKE JUNKIES,07.01.2021
PINK FLOYD,WISH YOU WERE HERE,C,CCKARAOKE,07.01.2021
PIRJO KÄMPPI,KIELLETTY RAKKAUS,C,FIAT,01.09.2026
PIRJO KÄMPPI,YKSIN KULJEN SATEESEEN,M,MEL22X,
PIRJO LEHTI,MUA ÄLÄ JÄTÄ YÖHÖN,M,COV11,
PIRKKA-PEKKA PETELIUS,BUDAPESTIN YÖSSÄ,M,MEL37Z,
PIRKKA-PEKKA PETELIUS,BULU BULU BULU,M,MEL43Z,
PIRKKA-PEKKA PETELIUS,KAUNIITA KESÄPÄIVIÄ,M,MEL37Z,
PIRKKA-PEKKA PETELIUS,KAUNIITA KESÄPÄIVIÄ,C,MELPLAY,21.10.2022
PIRKKA-PEKKA PETELIUS,MUISTAN SUA ELAINE,MF,FIN16A9,
PIRKKA-PEKKA PETELIUS,PIMPPARAUTA,M,POW30,
PIRKKA-PEKKA PETELIUS,TAHITI,M,MEL43Z,
PIRKKA-PEKKA PETELIUS,TRA LA LA,M,MEL36Z,
PIRKKA-PEKKA PETELIUS,TRA LA LA,C,MELPLAY,19.01.2021
PIRKKO JAAKKOLA,KELTARUUSU,MF,FIN14B7,
PIRKKO JAAKKOLA,PARIISIN TAIVAAN ALLA,M,MDV11,
PIRKKO MANNOLA,DIANA,MF,FIN47B15,
PIRKKO MANNOLA,DIANA,MF,FIN7A8,
PIRKKO MANNOLA,KUINKA RAKKAUS ALKOI,MF,FIN41B12,
PIRKKO MANNOLA,KUINKA RAKKAUS ALKOI,MF,FIN4A6,
PIRKKO MANNOLA,KUMIPALLO,M,MDV08,
PIRKKO MANNOLA,MAAILMAN PARAS LEVY,MF,FIN16B2,
PISTEPISTE,ELÄN SUT UUDESTAAN,K,LK18,
PISTEPISTE,ELÄN SUT UUDESTAAN,M,MDV58,
PISTEPISTE,HETKEN MAAILMA ON TÄSSÄ,M,SAT09,
PISTEPISTE,VILJAA,M,LK23,
PIXIE TWINS,RASKE LOOBUDA (EST),M_U,EST4,
PJ BROBY,MARIA,K,XP2,
PLAIN WHITE T'S,HEY THERE DELILAH,K,XP4,
PMJJ (PEKKA MYLLYKOSKI JA JYTÄJEMMARIT),VIEKÄÄ MINUT BAARIIN TAAS,C,3700,15.11.2025
PMMP,AATSIPOPPAA,M,COV17,
PMMP,HELIUMPALLO,K,LK17,
PMMP,HELIUMPALLO,M,MDV57,
PMMP,HENKILÖKOHTAISESTI,K,LK09,
PMMP,JEESUS EI TULE OLETKO VALMIS,K,LK20,
PMMP,JOUTSENET,C_O,POY,08.09.2023
PMMP,KOKO SHOW,K,LK21,
PMMP,KORKEASAARI II,M,LK23,
PMMP,KOVEMMAT KÄDET,C,KUNINGAS,21.05.2026
PMMP,LAUTTURI,M,MEL51Z,
PMMP,MATKALAULU,K,LK07,
PMMP,OO SIELLÄ JOSSAIN MUN,K,LK06,
PMMP,PAHVINAAMARI,K,LK20,
PMMP,PIKKUVELI,K,LK06,
PMMP,PÄIVÄKOTI,K,POW13SR3,
PMMP,PÄIVÄKOTI,M,MEL36Z,
PMMP,RAKKAALLENI,K,LK18,
PMMP,RAKKAALLENI,M,SAT07,
PMMP,RUSKETUSRAIDAT,K,POW13SR3,
PMMP,RUSKETUSRAIDAT,M,MEL29X,
PMMP,TYTÖT,K,LK21,
PMMP,TYTÖT,M,SAT08,
PMMP,TÄSSÄ ELÄMÄ ON,K,LK09,
PMMP,VALLOITTAMATON,M,SAT10,
POD,SCHOOL OF HARD KNOCKS,C,CHANNEL,14.08.2024
POETS OF THE FALL,CARDLED IN LOVE,M,SAT07,
POETS OF THE FALL,CARNIVAL OF RUST,M,SAT10,
POETS OF THE FALL,CARNIVAL OF RUST,C,CCKARAOKE,05.12.2022
POETS OF THE FALL,DAZE,C,CCKARAOKE,14.08.2022
POETS OF THE FALL,ILLUSION AND DREAMS,C_O_UK,POY,15.04.2023
POETS OF THE FALL,LIFT,C,CCKARAOKE,05.12.2022
POISON,EVERY ROSE HAS IT'S THORN,M,HR1,
POISON,EVERY ROSE HAS IT'S THORN,K,XP1,
POISON,EVERY ROSE HAS ITS THORN,C,SINGKING,04.08.2024
POISON,FALLEN ANGEL,C,OLDSKOOL,04.08.2024
POISON,I WANT ACTION,C,PARTYTYME,06.08.2024
POISON,I WON'T FORGET YOU,C,HD,06.08.2024
POISON,LOOK WHAT THE CAT DRAGGED,C,CHANNEL,09.08.2024
POISON,SOMETHING TO BELIEVE IN,C,ROCK,15.08.2024
POISON,TALK DIRTY TO ME,K,XP4,
POISON,TALK DIRTY TO ME,C,CCKARAOKE,16.08.2024
POISON,UNSKINNY BOP,C,CCKARAOKE,18.08.2024
POISON,YOUR MAMMA DON'T DANCE,C,KARAFUN,18.08.2024
POJU,ESSON BAARIIN,M,SK4,
POJU,KALSARIKÄNNIT,M,MDV69,
POJU,KATSEET KENTTÄÄN,M,SAT05,
POJU,POIKA (SAUNOO),K,LK16,
POJU,POIKA (SAUNOO),M,SAT04,
POJU & CHORALE,KIPPAAMAAN,C_O,POY,16.03.2023
POLYTEKNIKKOJEN KUORO,NÄLKÄMAAN LAULU,C,FINNISH,02.07.2024
POPA CHUBBY,WORKING CLASS BLUES,C_O_U,POY,13.11.2024
POPEDA,BEIBI ON YLPEE,M,SK4,
POPEDA,BEIBIN KANSSA IRLANTIIN,M,MDV20,
POPEDA,DA DA,C_O,POY,03.04.2024
POPEDA,ELÄINTEN VALLANKUMOUS,C_O,POY,31.12.2025
POPEDA,ELÄN ITSELLENI,M,MEL50X,
POPEDA,EROTOMANIA,M,KK5,
POPEDA,EROTOMANIA,M,SAT03,
POPEDA,HULAPALOO,C,3700,15.11.2025
POPEDA,HUUMETTA,M,MEL32X,
POPEDA,HÄÄKELLOT SOI,M,SAT05,
POPEDA,JOHN HOLMES,C,POWER 25 DVD,14.08.2022
POPEDA,JOHN HOLMES,M,POW25,
POPEDA,JUKEBOXIN LUONA,M,MEL40X,
POPEDA,KAASUA KOMISAARIO PEPPONE,K,POW03,
POPEDA,KAASUA KOMISAARIO PEPPONE,M,MEL41Z,
POPEDA,KAASUA KOMISAARIO PEPPONE,M,POW25,
POPEDA,KAKSKYTÄ CENTTIÄ,K,POW13SR3,
POPEDA,KAKSKYTÄ CENTTIÄ,C,POWER,29.07.2016
POPEDA,KAKSKYTÄ CENTTIÄ,C,POWER 25 DVD,14.08.2022
POPEDA,KAKSKYTÄ CENTTIÄ,M,POW25,
POPEDA,KAKSKYTÄ SENTTIÄ,M,MEL32X,
POPEDA,KAKSKYTÄ VUOTTA SIKANA,M,POW25,
POPEDA,KELLOT LYÖ,M,KK5,
POPEDA,KELLOT LYÖ,M,POW25,
POPEDA,KERSANTTI KAROLIINA,K,LK03,
POPEDA,KERSANTTI KAROLIINA,M,MEL39X,
POPEDA,KERSANTTI KAROLIINA,C,POWER,03.12.2014
POPEDA,KERSANTTI KAROLIINA,C,POWER 25 DVD,14.08.2022
POPEDA,KERSANTTI KAROLIINA,M,POW25,
POPEDA,KOVAN POJAN BLUES,M,MEL32X,
POPEDA,KULMABAARIN KANTAKUNDI,C,3700,15.11.2025
POPEDA,KUULAT SEKAISIN,C_O,POY,18.02.2024
POPEDA,KUUMA KESÄ,K,POW03,
POPEDA,KUUMA KESÄ,M,MEL32X,
POPEDA,KUUMA KESÄ,C,POWER,27.01.2014
POPEDA,KUUMA KESÄ,C,POWER 25 DVD,14.08.2022
POPEDA,KUUMA KESÄ,M,POW25,
POPEDA,LIHAA JA PERUNAA,C,FIAT,23.08.2026
POPEDA,LIIAN KILTTI MIES,C,3700,15.11.2025
POPEDA,LOLA,M,MEL24X,
POPEDA,MATKALLA ALABAMAAN,K,POW04,
POPEDA,MATKALLA ALABAMAAN,M,MEL41Z,
POPEDA,MATKALLA ALABAMAAN,C,KARAOKETÄHTI,02.07.2024
POPEDA,MATKALLA ALABAMAAN,M,POW25,
POPEDA,MAYDAY MAYDAY,C_O,POY,03.11.2025
POPEDA,MUSTAA,M,MDV20,
POPEDA,MUSTAA,C,MELPLAY,19.01.2021
POPEDA,MÄÄ JA TAPPARAN MIES,M,MEL32X,
POPEDA,MÄÄ JA TAPPARAN MIES,C,POWER 25 DVD,14.08.2022
POPEDA,MÄÄ JA TAPPARAN MIES,M,POW25,
POPEDA,MÖRRI MÖYKKY,K,POW04,
POPEDA,ONHAN PÄIVÄ VIELÄ HUOMENNAKIN,M,MEL50X,
POPEDA,ONHAN PÄIVÄ VIELÄ HUOMENNAKIN,C_O,POY,03.11.2025
POPEDA,PAKKO SAADA BMW,M,MEL51Z,
POPEDA,PALJASTAJA KARPPANEN,C,3700,12.08.2026
POPEDA,PALLE AND THE BOYS,C,POWER 25 DVD,15.08.2022
POPEDA,PALLE AND THE BOYS,M,POW25,
POPEDA,POHJANTÄHDEN ALLA,M,KK5,
POPEDA,PUNAISTA JA MAKEAA,M,MEL32X,
POPEDA,PUNAISTA JA MAKEAA,C,POWER 25 DVD,14.08.2022
POPEDA,PUNAISTA JA MAKEAA,M,POW25,
POPEDA,RASWAA KONEESEEN,C_O,POY,30.12.2025
POPEDA,RASWAA KONEESEEN,C,3700,10.09.2026
POPEDA,REINO,C,POWER 25 DVD,14.08.2022
POPEDA,REINO,M,POW25,
POPEDA,REPE JA LISSU,M,KK5,
POPEDA,REPE JA LISSU,M,MEL51Z,
POPEDA,REPE JA LISSU,C,POWER 25 DVD,14.08.2022
POPEDA,REPE JA LISSU,M,POW25,
POPEDA,RIO DE JANEIRO,M,MEL50X,
POPEDA,SEN KUNNIAKSI,C,3700,15.11.2025
POPEDA,SIANKORVAA JA RAANAVETTÄ,M,KK5,
POPEDA,SUKSET,K,POW16,
POPEDA,SUKSET,M,POW25,
POPEDA,SUURET SETELIT,C_O,POY,15.07.2022
POPEDA,SYDÄN SYRJÄLLÄÄN,M,MEL24X,
POPEDA,TAHDOTKO MUT TOSIAAN,M,MEL47Z,
POPEDA,TAHDOTKO MUT TOSIAAN,M,POW25,
POPEDA,TUHKAA,M,MEL24X,
POPEDA,UKKOMETSO,M,MEL24X,
POPEDA,UKKOMETSO,C,MELPLAY (POY),16.05.2022
POPEDA,UKKOMETSO,M,POW25,
POPEDA,VANKILALAULU,C,3700,10.09.2026
POPEDA,YHÄ VIRTAA DON,C,3700,15.11.2025
POPEDA,YÖ,C,POWER 25 DVD,14.08.2022
POPEDA,YÖ,M,POW25,
PORTION BOYS,ELÄMÄN ABC,C_O,POY,02.10.2023
PORTION BOYS,JOULU TAKAS,C,FIAT,02.12.2025
PORTION BOYS,KARJALA TAKAS,M,COV08,
PORTION BOYS,KYLÄBAARI,M,COV15,
PORTION BOYS,MIELENI PAHOTIN,C,3700,15.11.2025
PORTION BOYS,NÄIHIN HOMMIIN EI SYNNYTÄ,C,FIAT,25.05.2026
PORTION BOYS,PUMPPAA,C,FIAT,25.05.2026
PORTION BOYS,SÄ ET OLE YKSIN,C_O,POY,23.12.2025
PORTION BOYS,VAPPUPALLO,C,FIAT,25.05.2026
PORTION BOYS & KAKE RANDELIN,JUHANNUSYÖ,C_O,POY,09.06.2024
PORTION BOYS & MATTI JA TEPPO,VAUHTI KIIHTYY,M,COV17,
PORTION BOYS & MATTI JA TEPPO,VAUHTI KIIHTYY,C,RV@EV CHANNEL (POY),17.05.2022
POSTM JUKEBOX,NEVER GONNA GIVE YOU UP,C,KARAFUN,09.02.2017
PRETENDERS,BACK ON THE CHAIN GANG,K,XP3,
PRIMUS,TOO MANY PUPPIES,C,BELLYSINGS,12.04.2024
PRIMUS,WYNONA'S BIG BROWN BEAVER,C,FUNBOX,12.04.2024
PRIMUS,WYNONA'S BIG BROWN BEAVER,C_O_U,POY,25.04.2023
PRINCE,MOST BEAUTIFUL GIRL,K,XP1,
PRINCE,PURPLE RAIN,K,XP1,
PROBLEMS,EI TÄÄ LAMA PÄÄHÄN KÄY,C_O,POY,16.08.2023
PROBLEMS,KATUPOIKIEN LAULU,K,POW18SR4,
PROBLEMS,KATUPOIKIEN LAULU,M,SK1,
PROBLEMS,MAANANTAI,C_O,POY,17.12.2024
PROCOL HARUM,A WHITER SHADE OF PALE,K,XP2,
PROCOL HARUM,A WHITER SHADE OF PALE,C,HD,25.04.2022
PROCOL HARUM,A WHITER SHADE OF PALE,M,EXT1,
PROTONI,TYTTÖRUKKA,C,FIAT,25.05.2026
PS TROIKA,KUI MERI OLEKS ÖLU (EST),M_U,EST1,
PS TROIKA,PÖDRAKASVATAJA LAUL (EST),M_U,EST1,
PS TROIKA,QUANDO QUANDO (EST),M_U,EST1,
PUBLIC ENEMY FT ANTHRAX,BRING THA NOIZE,C,T2K,02.08.2024
PUFF DADDY & FAITH EVANS,I'LL BE MISSING YOU,K,XP2,
PULKKINEN,RUUSULAULU,C,FIAT,24.01.2026
PULP,COMMON PEOPLE,K,XP2,
PUOLIKUU,HÄMÄRÄÄN HUONEESEEN,K,POW18SR4,
PUOLIKUU,MAKEAA MYRKKYÄ,M,MDV09,
PUOLIKUU,MAKEAA MYRKKYÄ,C,MELPLAY,29.07.2016
PUOLIKUU,NYT LOPPUU TODELLISUUS,K,POW15,
PUOLIKUU,NYT LOPPUU TODELLISUUS,M,MEL54,
PUOLIKUU,OTA MINUT NYT,M,MEL07,
PUOLIKUU,VIIMEISET VIISI KILOMETRIÄ,K,KONEPC,
PUOLIKUU,ÄLÄ OLE HELLÄ,K,POW09SR2,
PUSSYCAT DOLLS,BEEP,K,XP3,
PUSSYCAT DOLLS,BUTTONS,K,XP3,
PVVMSK 1 16 AUK,TÄHÄN ON HYVÄ LOPETTAA,C,TUOTTAJA,07.11.2024
PYHIMYS,JÄTTILÄINEN,C,RV@EV CHANNEL,29.08.2020
PÄIVI KAUTTO-NIEMI,EN KUITENKAAN,M,MEL40X,
PÄIVI KAUTTO-NIEMI,SUORAAN SUONEEN,K,POW17,
PÄIVI KAUTTO-NIEMI,SUORAAN SUONEEN,M,MEL40X,
PÄIVI LEPISTÖ,EN KAIPAA SUA,K,POW13SR3,
PÄIVI LEPISTÖ,EN KAIPAA SUA,M,MDV20,
PÄIVI PAUNU,JOKAINEN PÄIVÄ ON LIIKAA,MF,FIN44A11,
PÄIVI PAUNU,JOKAINEN PÄIVÄ ON LIIKAA,MF,FIN4B1,
PÄIVI PAUNU,JOKAINEN PÄIVÄ ON LIIKAA,M,MEL34Z,
PÄIVI PAUNU,OI NIITÄ AIKOJA,MF,FIN1B7,
PÄIVI PAUNU,OI NIITÄ AIKOJA,MF,FIN45B11,
PÄIVI PAUNU,OI NIITÄ AIKOJA,K,POW15,
PÄIVI PAUNU,PRAHAN KEVÄT,M,COV22,
PÄIVI PAUNU & AARNO RANINEN,MOZART 40,M,MEL38Z,
PÄIVI PORTAANKORVA,BALLADI ELOKUVASTA KLAANI,C,EQ,02.07.2024
PÄÄ KII,SÄ VEIT MUN LEVYT KIRPPARILLE,C,ZOOM,21.10.2023
QUEEN,A KIND OF MAGIC,M,QUEEN,
QUEEN,ANOTHER ONE BITES THE DUST,C,CHANNEL,11.12.2020
QUEEN,ANOTHER ONE BITES THE DUST,C,SINGKING,01.08.2024
QUEEN,ANOTHER ONE BITES THE DUST,M,QUEEN,
QUEEN,BOHEMIAN RHAPSODY,K,XP1,
QUEEN,BOHEMIAN RHAPSODY,C,CCKARAOKE,07.01.2021
QUEEN,BOHEMIAN RHAPSODY,M,QUEEN,
QUEEN,BREAKTHRU,C,BELLYSINGS,27.07.2024
QUEEN,CRAZY LITTLE THING CALLED LOVE,K,XP4,
QUEEN,CRAZY LITTLE THING CALLED LOVE,C,CHANNEL,11.12.2020
QUEEN,CRAZY LITTLE THING CALLED LOVE,M,PIO007,
QUEEN,DEATH ON TWO LEGS,C,BELLYSINGS,13.04.2024
QUEEN,DON'T STOP ME NOW,C,CHANNEL,11.12.2020
QUEEN,FACE IT ALONE,C,BELLYSINGS,13.04.2024
QUEEN,I WANT TO BREAK FREE,C,CCKARAOKE,07.01.2021
QUEEN,I WANT TO BREAK FREE,M,QUEEN,
QUEEN,I WAS BORN TO LOVE YOU,C,GRIT,11.12.2020
QUEEN,I'M GOING SLIGHTLY MAD,K,XP2,
QUEEN,I'M GOING SLIGHTLY MAD,C,CCKARAOKE,06.08.2024
QUEEN,IN THE LAP OF THE GODS REVISITED,C,BELLYSINGS,13.04.2024
QUEEN,INNUENDO,C,BELLYSINGS,13.04.2024
QUEEN,KILLER QUEEN,C,CCKARAOKE,07.01.2021
QUEEN,KILLER QUEEN,M,QUEEN,
QUEEN,LAZING ON A SUNDAY AFTERNOON,C,BELLYSINGS,13.04.2024
QUEEN,LET ME ENTERTAIN YOU,C,BELLYSINGS,13.04.2024
QUEEN,LOVE OF MY LIFE,C,SINGKING,08.12.2020
QUEEN,ONE YEAR OF LOVE,C,SBI,15.08.2016
QUEEN,PRINCES OF THE UNIVERSE,C,BELLYSINGS,13.04.2024
QUEEN,QUEEN (MEDLEY I 2 SONGS),C,ZOOM,25.04.2022
QUEEN,QUEEN (MEDLEY II 3 SONGS),C,ZOOM,25.04.2022
QUEEN,QUEEN (MEDLEY III 3 SONGS),C,ZOOM,25.04.2022
QUEEN,RADIO GA GA,C,CCKARAOKE,07.01.2021
QUEEN,RADIO GA GA,M,QUEEN,
QUEEN,SOMEBODY TO LOVE,C,GOODSONGS,11.12.2020
QUEEN,SOMEBODY TO LOVE,M,QUEEN,
QUEEN,SPREAD YOUR WINGS,C,BELLYSINGS,13.04.2024
QUEEN,TEAR IT UP,C,BELLYSINGS,13.04.2024
QUEEN,THE SHOW MUST GO ON,C,CCKARAOKE,07.01.2021
QUEEN,THESE ARE THE BEST OF OUR LIVES,M,QUEEN,
QUEEN,WANT TO BREAK FREE,C,RLUCRA,03.04.2018
QUEEN,WE ARE THE CHAMPIONS,M,HR1,
QUEEN,WE ARE THE CHAMPIONS,K,XP4,
QUEEN,WE ARE THE CHAMPIONS,C,SBI,19.05.2018
QUEEN,WE ARE THE CHAMPIONS,M,QUEEN,
QUEEN,WE WILL ROCK YOU,M,HR1,
QUEEN,WE WILL ROCK YOU,K,XP1,
QUEEN,WE WILL ROCK YOU,C,CCKARAOKE,07.01.2021
QUEEN,WE WILL ROCK YOU,M,QUEEN,
QUEEN,WHO WANTS TO LIVE FOREVER,C,CCKARAOKE,31.10.2022
QUEEN,YOU'RE MY BEST FRIEND,C,CCKARAOKE,07.01.2021
QUEENSRŸCHE,ANOTHER RAINY NIGHT,C,SOUNDCHOICE,01.08.2024
QUEENSRŸCHE,DELLA BROWN,C,MICROPHONE,03.08.2024
QUEENSRŸCHE,EMPIRE,C,CCKARAOKE,04.08.2024
QUEENSRŸCHE,EYES OF A STRANGER,C,MINDCRIME,04.08.2024
QUEENSRŸCHE,I DON'T BELIEVE IN LOVE,C,SOUNDCHOICE,03.09.2022
QUEENSRŸCHE,JET CITY WOMAN,C,CCKARAOKE,08.08.2024
QUEENSRŸCHE,QUEEN OF THE REICH,C,SOUNDCHOICE,13.08.2024
QUEENSRŸCHE,SILENT LUCIDITY,C,ZOOM,03.09.2022
QUEENSRŸCHE,TAKE HOLD OF THE FLAME,C,BIG JOHN,15.08.2024
QUIET RIOT,COME ON FEEL THE NOISE,C,SINCROELSANGRON,02.08.2024
QUIET RIOT,MAMA WEER ALL CRAZEE NOW,C,LYRICEDITOR,09.08.2024
QUIET RIOT,METAL HEALTH (BANG YOUR HEAD),C,LYRICEDITOR,09.08.2024
QUIET RIOT,SLICK BLACK CADILLAC,C,CHANNEL,14.08.2024
RAAKA-AINE,MIEHEN TYÖ,M,SAT02,
RAAKA-AINE,MIEHEN TYÖ,C_O,POY,03.11.2025
RAAPPANA,KAUAS POIS,K,LK20,
RAAPPANA,KAUAS POIS,M,MDV63,
RADIO MILLENIUM,EI ENÄÄ PELITÄ,C,FIAT,08.02.2026
RADIOHEAD,CREEP,C,SOUNDCHOICE,17.02.2020
RAGE AGAINST THE MACHINE,GUERRILLA RADIO,C,CCKARAOKE,05.08.2024
RAGE AGAINST THE MACHINE,HOW I COULD JUST KILL A MAN,C,CCKARAOKE,05.08.2024
RAGE AGAINST THE MACHINE,KILLING IN THE NAME,C,CCKARAOKE,08.08.2024
RAGE AGAINST THE MACHINE,RENEGADES OF FUNK,C,CCKARAOKE,13.08.2024
RAGE AGAINST THE MACHINE,TESTIFY,C,CCKARAOKE,16.08.2024
RAGGARS,UNIHIEKKAA (NUKKUMATTI),K,POW09SR2,
RAGNI MALMSTEN,RIEPUMATTO,M,MDV06,
RAGNI MALMSTEN,TANGO RUOHIKOLLA,M,MEL29X,
RAGNI MALMSTEN,UNOHTUMATON ELMERI,M,MDV12,
RAHVALIK,HULKURI VALSS (EST),M_U,EST1,
RAHVALIK,HULKURI VALSS (EST),M_U,EST2,
RAHVALIK,LÄÄNEMERE LAINED (EST),M_U,EST4,
RAHVALIK,MEREMEHE LAUL (ROTERDAM) (EST),M_U,EST3,
RAHVALIK,OO SUSANNA (EST),M_U,EST4,
RAHVALIK,POSTIPOISS (EST),M_U,EST2,
RAIMO PIIPPONEN & TULIPUNARUUSUT,HÄKKILINTU,K,POW15,
RAIMO PIIPPONEN & TULIPUNARUUSUT,KARJALAN MARJAANA,M,MEL43Z,
RAIMO PIIPPONEN & TULIPUNARUUSUT,KARJALAN MARJAANA,M,NYT HUMPATAAN,
RAIMO PIIPPONEN & TULIPUNARUUSUT,KOHTALON HETKI,M,COV18,
RAIMO PIIPPONEN & TULIPUNARUUSUT,ROMANTIIKKAA RUUSUTARHASSA,M,SK1A9,
RAIMO PIIPPONEN & TULIPUNARUUSUT,SILMÄT KUIN TÄHDET,C_O,POY,02.04.2023
RAIMO SIRKIÄ,AURINKONI,MF,FIN26B1,
RAIMOND VALGRE,MUINASLUGU MUUSIKAS (EST),M_U,EST4,
RAIMOND VALGRE,ÕIGE VALIK (EST),M_U,EST2,
RAIMOND VALGRE,SINILIND (EST),M_U,EST3,
RAIN PARIS FT RIHANNA,S&M,C_O_U,POY,13.01.2024
RAINBOW,CAN'T HAPPEN HERE,C,KAMIKAZE,13.04.2025
RAINBOW,I SURRENDER,C,ZOOM,09.12.2020
RAINBOW,MAN ON THE SILVER MOUNTAIN,C,ZZANG,30.03.2024
RAINBOW,SINCE YOU'VE BEEN GONE,M,HR1,
RAINBOW,SINCE YOU'VE BEEN GONE,C,ZOOM,14.08.2024
RAINBOW,STARGAZER,C,ANTSEM2015,21.03.2026
RAINBOW,STONE COLD,C,COQUI,15.08.2024
RAINBOW,STREET OF DREAMS,C,MUSICMASTER,25.10.2024
RAINBOW,TEMPLE OF THE KING,C,RLUCRA,17.08.2020
RAINER BOLLSTRÖM,NYT SEN TEEN,C_O,POY,03.11.2025
RAINER BOLLSTRÖM,NYT SEN TEEN,C,FIAT,23.08.2026
RAINER BOLLSTRÖM,SYTTYY JA RÄJÄHTÄÄ,C_O,POY,20.11.2022
RAINER FRIMAN,EHKÄ JÄLLEEN,K,POW12,
RAINER FRIMAN,ILLAN KAUNEIN TYTTÖ,M,MEL21Z,
RAINER FRIMAN,LINNUT,MF,FIN33A2,
RAINER FRIMAN,LINNUT,K,POW02,
RAINER FRIMAN,LINNUT,C,POWER,02.07.2024
RAINER FRIMAN,OI KUU OI KUU,M,KK2,
RAINER FRIMAN,SE ON SALAISUUS,MF,FIN34A1,
RAINER FRIMAN,SINÄ ILTANA TÄHDET,MF,FIN34A9,
RAINER FRIMAN,SINÄ ILTANA TÄHDET,C,FINNHITS,18.10.2015
RAINER FRIMAN,VALKEAT VAUNUT,M,COV07,
RAINER FRIMAN,VALKEAT VAUNUT,M,MEL54,
RAINER FRIMAN,VIRTA VIE VIRTA TUO,MF,FIN47A13,
RAINER FRIMAN,VIRTA VIE VIRTA TUO,MF,FIN6A7,
RAINER FRIMAN,VIRTA VIE VIRTA TUO,K,POW03,
RAINER FRIMAN,VIRTA VIE VIRTA TUO,M,MDV17,
RAINER FRIMAN,VIRTA VIE VIRTA TUO,C,POWER,01.09.2014
RAINER FRIMAN (HENRY THEEL),UNHOITA MENNEET,M,COV08,
RAINIO BROS,HILJAISISSA HUONEISSA,M,MDV20,
RALPH MCTELL,STREETS OF LONDON,C,ZOOM,21.11.2020
RAMMSTEIN,AMERIKA (GER),C_U,GER,27.07.2025
RAMMSTEIN,DEUTCHLAND (GER),C_U,GER,12.04.2023
RAMMSTEIN,DU HAST (GER),C_U,GER,25.04.2022
RAMMSTEIN,ENGEL (GER),C_U,GER,30.07.2025
RAMMSTEIN,FEUER FREI (GER),C_U,GER,30.07.2026
RAMMSTEIN,ICH WILL (GER),C_U,GER,30.07.2025
RAMMSTEIN,OHNE DICH (GER),C_U,GER,31.08.2025
RAMMSTEIN,SONNE (GER),C_U,GER,11.09.2023
RAMONES,BLITZKRIEG BOP,C,PUNK MEDIA,02.08.2024
RAMONES,I WANNA BE SEDATED,C,CCKARAOKE,24.04.2024
RAMONES,PET SEMATARY,C,SOUNDCHOICE,06.12.2019
RAMONES,ROCK 'N' ROLL HIGH SCHOOL,C,CCKARAOKE,13.08.2024
RAMONES,SHEENA IS A PUNK ROCKER,C,RELIABLE,14.08.2024
RAMONES,THE KKK TOOK MY BABY AWAY,C,HD,16.08.2024
RAMSES II,VILLIELÄIN,M,COV19,
RAMSES II,VILLIELÄIN,C,TUOTTAJA,22.02.2023
RAMSES II,VILLIELÄIN,C_O,POY,03.11.2025
RANDY CRAWFORD,STREET LIFE,K,XP2,
RANDY TRAVIS,FOREVER & EVER AMEN,M,PIO018,
RAPTORI,DEBBIE GIBSON,M,MDV14,
RAPTORI,OI BEIBI,K,POW13SR3,
RAPTORI,OI BEIBI,M,SAT02,
RAPTORI,TOSI TARTTUVA TÄYTEBIISI,M,SAT02,
RASKASTA ISKELMÄÄ,AJETAAN TANDEMILLA,C_O,POY,14.08.2024
RASKASTA ISKELMÄÄ,KESÄKATU,C_O,POY,07.03.2024
RASKASTA ISKELMÄÄ,MÄ ELÄN VIELÄKIN,C_O,POY,19.02.2024
RASKASTA ISKELMÄÄ,RAKKAUDEN JÄLKEEN,C_O,POY,25.06.2024
RASKASTA ISKELMÄÄ,VASTEN AURINGON SILTAA,C_O,POY,27.02.2024
RASKASTA JOULUA,TULKOON JOULU,C,TUOTTAJA,21.12.2025
RATSIA,LONTOON SKIDIT,M,MEL52X,
RATT,BACK FOR MORE,C,LYRICEDITOR,01.08.2024
RATT,LACK OF COMMUNICATION,C,LYRICEDITOR,08.08.2024
RATT,LAY IT DOWN,C,LYRICEDITOR,08.08.2024
RATT,ROUND AND ROUND,C,GOODSONGS,14.08.2024
RATT,WAY COOL JR,C,SOUNDCHOICE,18.08.2024
RAUL SEPPER JA VITAMIIN,LINDA (EST),M_U,EST1,
RAUL SEPPER JA VITAMIIN,LINDA (EST),M_U,EST2,
RAULI BADDING SOMERJOKI,AAMUÖISEEN SATEESEEN,C,KARAOKETÄHTI,12.05.2024
RAULI BADDING SOMERJOKI,ANTAUDUN RAKKAIN,C,FINNKARAOKE,19.10.2015
RAULI BADDING SOMERJOKI,ARPISET HAAVAT,M,COV22,
RAULI BADDING SOMERJOKI,ARPISET HAAVAT,C,KARAOKETÄHTI,12.05.2024
RAULI BADDING SOMERJOKI,BENSAA SUONISSA,MF,FIN18A4,
RAULI BADDING SOMERJOKI,BENSAA SUONISSA,M,MEL41Z,
RAULI BADDING SOMERJOKI,BENSAA SUONISSA,C,KARAOKETÄHTI,02.07.2024
RAULI BADDING SOMERJOKI,FIILATEN JA HÖYLÄTEN,MF,FIN31A8,
RAULI BADDING SOMERJOKI,FIILATEN JA HÖYLÄTEN,K,POW06,
RAULI BADDING SOMERJOKI,FIILATEN JA HÖYLÄTEN,M,MEL34Z,
RAULI BADDING SOMERJOKI,HÄMÄRÄN PRINSESSA,C_O,POY,17.08.2024
RAULI BADDING SOMERJOKI,IKKUNAPRINSESSA,K,POW03,
RAULI BADDING SOMERJOKI,IKKUNAPRINSESSA,M,MEL70'S,
RAULI BADDING SOMERJOKI,IKKUNAPRINSESSA,C,KARAOKETÄHTI,02.07.2024
RAULI BADDING SOMERJOKI,ILLAN VARJOON HIMMEÄÄN,C,KARAOKETÄHTI,02.07.2024
RAULI BADDING SOMERJOKI,JA ROKKI SOI,MF,FIN33A4,
RAULI BADDING SOMERJOKI,JA ROKKI SOI,M,MEL39X,
RAULI BADDING SOMERJOKI,JA ROKKI SOI,C,KARAOKETÄHTI,02.07.2024
RAULI BADDING SOMERJOKI,JYKEVÄÄ ON RAKKAUS,K,POW09SR2,
RAULI BADDING SOMERJOKI,JYKEVÄÄ ON RAKKAUS,M,M60'S,
RAULI BADDING SOMERJOKI,JYKEVÄÄ ON RAKKAUS,C,KARAOKETÄHTI,12.10.2021
RAULI BADDING SOMERJOKI,KAIKKI HYVIN MAMA,M,M60'S,
RAULI BADDING SOMERJOKI,LAIVAT,MF,FIN2A9,
RAULI BADDING SOMERJOKI,LAIVAT,MF,FIN41A14,
RAULI BADDING SOMERJOKI,LAIVAT,K,LK02,
RAULI BADDING SOMERJOKI,LAIVAT,M,MDV11,
RAULI BADDING SOMERJOKI,LAIVAT,C,KARAOKETÄHTI,02.07.2024
RAULI BADDING SOMERJOKI,LUUT KASAAN BEETHOVEN,M,M60'S,
RAULI BADDING SOMERJOKI,MARI NAAPURIN HÄNEN VIIMEISIN,C_O,POY,04.04.2023
RAULI BADDING SOMERJOKI,MIKSET NUKU SISKO PIENI,C_O,POY,10.09.2024
RAULI BADDING SOMERJOKI,MUISTA HYVIÄ AIKOJA,C_O,POY,04.02.2025
RAULI BADDING SOMERJOKI,MUN SORMUKSEIN,M,M60'S,
RAULI BADDING SOMERJOKI,MÄ HALUAN SUN,C_O,POY,23.06.2024
RAULI BADDING SOMERJOKI,MÄ JÄIN KII,M,MEL07,
RAULI BADDING SOMERJOKI,NUORI RAKKAUS,MF,FIN46B8,
RAULI BADDING SOMERJOKI,NUORI RAKKAUS,K,POW01,
RAULI BADDING SOMERJOKI,NUORI RAKKAUS,C,POWER,03.12.2014
RAULI BADDING SOMERJOKI,OMISTA MINUT,C_O,POY,03.11.2025
RAULI BADDING SOMERJOKI,PARATIISI,MF,FIN37B12,
RAULI BADDING SOMERJOKI,PARATIISI,MF,FIN4A11,
RAULI BADDING SOMERJOKI,PARATIISI,K,POW01,
RAULI BADDING SOMERJOKI,PARATIISI,M,MDV17,
RAULI BADDING SOMERJOKI,PILVET KARKAA NIIN MINÄKIN,M,COV19,
RAULI BADDING SOMERJOKI,PILVET KARKAA NIIN MINÄKIN,MF,FIN30A2,
RAULI BADDING SOMERJOKI,PILVET KARKAA NIIN MINÄKN,C,KARAOKETÄHTI,02.07.2024
RAULI BADDING SOMERJOKI,SAANHAN VIIMEISEN TANSSIN,M,MEL41Z,
RAULI BADDING SOMERJOKI,SALAINEN RAKKAUS,M,MEL67,
RAULI BADDING SOMERJOKI,SULAMITH,C,KARAOKETÄHTI,02.07.2024
RAULI BADDING SOMERJOKI,SUON KULKIJA,C_O,POY,01.12.2022
RAULI BADDING SOMERJOKI,SUUKKO VAIN,M,MDV08,
RAULI BADDING SOMERJOKI,SYDÄMESSÄIN,C,MELPLAY,29.05.2024
RAULI BADDING SOMERJOKI,TEINIENKELI,M,SAT01,
RAULI BADDING SOMERJOKI,TÄHDET TÄHDET,MF,FIN41B15,
RAULI BADDING SOMERJOKI,TÄHDET TÄHDET,MF,FIN6A9,
RAULI BADDING SOMERJOKI,TÄHDET TÄHDET,M,MEL34N,
RAULI BADDING SOMERJOKI,TÄHDET TÄHDET,C,MAURIK,09.10.2021
RAULI BADDING SOMERJOKI,VALOT,K,POW04,
RAULI BADDING SOMERJOKI,YÖLINJALLA,C,MELPLAY,29.05.2024
RAY CHARLES,AMERICA THE BEAUTIFUL,M,XTA117,
RAY CHARLES,BUSTED,M,XTA117,
RAY CHARLES,CRYING TIME,M,XTA117,
RAY CHARLES,DON’T SET ME FREE,M,XTA117,
RAY CHARLES,DROWN IN MY OWN TEARS,M,XTA117,
RAY CHARLES,GEORGIA ON MY MIND,M,XTA117,
RAY CHARLES,I BELIVE TO MY SOUL,M,XTA117,
RAY CHARLES,I CAN'T STOP LOVING YOU,M,TOPHIT27,
RAY CHARLES,I CAN’T STOP LOVING YOU,M,XTA117,
RAY CHARLES,I GOTTA WOMAN,K,XP3,
RAY CHARLES,I GOTTA WOMAN,M,XTA117,
RAY CHARLES,I LOVE HER SO HALLELUJAH,M,XTA117,
RAY CHARLES,IT HAD TO BE YOU,M,XTA117,
RAY CHARLES,LET’S GO GET STONED,M,XTA117,
RAY CHARLES,MESS AROUND,M,XTA117,
RAY CHARLES,NIGHT TIME IS THE RIGHT TIME,M,XTA117,
RAY CHARLES,SHAKE A TAILFEATHER,M,XTA117,
RAY CHARLES,SONG FOR YOU,M,XTA117,
RAY CHARLES,UNCHAIN MY HEART,M,XTA117,
RAY CHARLES,WHAT’D I SAY,M,XTA117,
RAY CHARLES,YESTERDAY,M,XTA117,
RAY CHARLES,YOU ARE MY SUNSHINE,M,XTA117,
RAY CHARLES,YOU DON’T KNOW ME,M,XTA117,
RAY CHARLES & ELTON JOHN,SORRY SEEMS TO BE THE HARDEST WORD,K,XP2,
RAY CHARLES & ELTON JOHN,SORRY SEEMS TO BE THE HARDEST WORD,M,XTA117,
RAY PRICE,FOR THE GOOD TIMES,K,XP4,
REAL THONG,YOU TO ME ARE EVERYTHING,K,XP1,
RECKLESS LOVE,BACK TO PARADISE,M,SAT03,
RED HOT CHILI PEPPERS,AEROPLANE,C,CCKARAOKE,15.04.2024
RED HOT CHILI PEPPERS,AROUND THE WORLD,C,KARAFUN,03.04.2018
RED HOT CHILI PEPPERS,BY THE WAY,C,ZOOM,11.07.2021
RED HOT CHILI PEPPERS,CABRON,C,CCKARAOKE,15.04.2024
RED HOT CHILI PEPPERS,CALIFORNICATION,C,KARAFUN,02.07.2024
RED HOT CHILI PEPPERS,DANI CALIFORNIA,K,XP3,
RED HOT CHILI PEPPERS,DANI CALIFORNIA,C,COLLECTION,03.04.2018
RED HOT CHILI PEPPERS,DARK NECESSITIES,C,ZOOM,26.01.2023
RED HOT CHILI PEPPERS,DESECRATION SMILE,C,KARAFUN,02.07.2024
RED HOT CHILI PEPPERS,DOSED,C,CCKARAOKE,15.04.2024
RED HOT CHILI PEPPERS,EASILY,C,BELLYSINGS,13.04.2024
RED HOT CHILI PEPPERS,GO ROBOT,C,CCKARAOKE,26.01.2023
RED HOT CHILI PEPPERS,HUMP DE BUMP,C,CCKARAOKE,15.04.2024
RED HOT CHILI PEPPERS,I COULD HAVE LIED,C,CCKARAOKE,15.04.2024
RED HOT CHILI PEPPERS,OTHERSIDE,C,KARAFUN,03.04.2018
RED HOT CHILI PEPPERS,PORCELAIN,C,EMPTYORCHESTRA,15.04.2024
RED HOT CHILI PEPPERS,PURPLE STAIN,C,BELLYSINGS,15.04.2024
RED HOT CHILI PEPPERS,SCAR TISSUE,C,ZOOM,11.07.2021
RED HOT CHILI PEPPERS,SNOW (HEY OH),C,DIAMONDDAVE,14.04.2026
RED HOT CHILI PEPPERS,SOUL TO SQUEEZE,C,PUNK MEDIA,15.04.2024
RED HOT CHILI PEPPERS,STADIUM ARCADIUM,C_O_U,POY,24.03.2025
RED HOT CHILI PEPPERS,UNDER THE BRIDGE,C,KARAFUN,03.04.2018
RED PETERS,THE CLOSING SONG,C,NOX,29.12.2023
REDNEX,WHIS YOU WERE HERE,M,MP&R1,
REDNEX,WISH YOU WERE HERE,C,MRENTERTAINER,29.06.2026
REET JA JANSA,JACKSON (EST),M_U,EST1,
REET LINNA,NOORUSE KAUNEIM LEGEND (EST),M_U,EST4,
REET LINNA,SUHKRUTÜKK (EST),M_U,EST4,
REIJA KORTET,MAGNEETIT,M,MDV14,
REIJO KALLIO,JOS TÄMÄN LAULUN KUULET,C,KUNINGAS,21.05.2026
REIJO KALLIO,LAULUNI SINULLE,C_O,POY,06.04.2026
REIJO KALLIO,NIITTYKUKKASET,M,MELVALS,
REIJO KALLIO,PIENI MIES,MF,FIN45B5,
REIJO KALLIO,SUVIVALSSI,MF,FIN10A8,
REIJO KALLIO,VIIKONLOPPUISÄ,MF,FIN45A6,
REIJO KALLIO,YKSINÄINEN,MF,FIN15A9,
REIJO SALMINEN,TAAS ON AIKA AURINGON,MF,FIN26A10,
REIJO SALMINEN,TAAS ON AIKA AURINGON,M,MDV11,
REIJO TAIPALE,AILA,MF,FIN27B2,
REIJO TAIPALE,ANNA LIISA,C,FIAT,03.09.2026
REIJO TAIPALE,ELÄMÄN PARKETEILLA,M,MEL62,
REIJO TAIPALE,ELÄMÄN PARKETEILLA,K,POW08,
REIJO TAIPALE,ESPERANZA,M,MEL22X,
REIJO TAIPALE,HELMENKALASTAJA,M,MDV10,
REIJO TAIPALE,HELMENKALASTAJA,C,MELPLAY,05.03.2020
REIJO TAIPALE,HILJAA YÖSSÄ (LA CUMPARSITA),C,FIAT,27.08.2026
REIJO TAIPALE,HILJAINEN KYLÄTIE,C,FINNISH,30.07.2016
REIJO TAIPALE,IHAN KUIN NUO TOISET,M,MEL25X,
REIJO TAIPALE,ILTATUULI KASVOILLAIN,M,COV15,
REIJO TAIPALE,JAKSAA VANHAKIN TANSSIA,MF,FIN31A2,
REIJO TAIPALE,JAKSAA VANHAKIN TANSSIA,K,POW06,
REIJO TAIPALE,JAKSAA VANHAKIN TANSSIA,M,MDV59,
REIJO TAIPALE,JÄI YÖSTÄ MUISTO VAIN,M,MDV12,
REIJO TAIPALE,JÄI YÖSTÄ MUISTO VAIN,C,MELPLAY,19.01.2021
REIJO TAIPALE,KANGASTUS,M,COV16,
REIJO TAIPALE,KANGASTUS,MF,FIN22A7,
REIJO TAIPALE,KATSELEN TÄHTIMERTA,C_O,POY,29.05.2026
REIJO TAIPALE,KAUKAINEN YSTÄVÄ,C,FINNKARAOKE,30.07.2016
REIJO TAIPALE,KELLOT SOI,MF,FIN40B5,
REIJO TAIPALE,KESÄINEN MUISTO,M,MDV12,
REIJO TAIPALE,KUKKANI LUMEN ALLA,MF,FIN21A7,
REIJO TAIPALE,KULKURIN KENGÄT,M,MEL45Z,
REIJO TAIPALE,KUPARINEN TÄYSIKUU,C,KUNINGAS,21.05.2026
REIJO TAIPALE,MAAILMANLOPUN TIE,M,MEL60,
REIJO TAIPALE,MEREN RANNALLA,M,MDV08,
REIJO TAIPALE,MONIKA MONIKA MONIKA,MF,FIN21B3,
REIJO TAIPALE,MUISTO,M,MEL15Z,
REIJO TAIPALE,NATALIE,M,MEL15Z,
REIJO TAIPALE,NAUTI ELÄMÄSTÄ,M,MEL25X,
REIJO TAIPALE,NIITTYKUKKASET,MF,FIN35A13,
REIJO TAIPALE,NIITTYKUKKASET,MF,FIN6B4,
REIJO TAIPALE,OLEN SAANUT ELÄÄ,M,MDV12,
REIJO TAIPALE,OLIT TÄYSIKUU,K,POW02,
REIJO TAIPALE,ON SE HETKI (LADY LAURA),C,FIAT,01.09.2026
REIJO TAIPALE,ONNEN MAA,K,POW03,
REIJO TAIPALE,POSKI POSKEA VASTEN,M,MEL16Z,
REIJO TAIPALE,PURISTA MUA HILJAA,M,MEL18Z,
REIJO TAIPALE,RAKKAUDEN SATU,C,FINNKARAOKE,02.07.2024
REIJO TAIPALE,RAKKAUSKIRJE,K,POW08,
REIJO TAIPALE,RANTAKOIVUN ALLA,MF,FIN16B5,
REIJO TAIPALE,RUUSU JOKA VUODESTA,MF,FIN33A7,
REIJO TAIPALE,RUUSU JOKA VUODESTA,M,MELVALS,
REIJO TAIPALE,RYTMI SAMA SYDÄNTEN,K,POW02,
REIJO TAIPALE,SAMMUNUT NUOTIO,C,MAURIK,09.10.2021
REIJO TAIPALE,SATEEN TANGO,MF,FIN39B3,
REIJO TAIPALE,SATU RUSKEISTA SILMISTÄ,MF,FIN24B4,
REIJO TAIPALE,SATUMAA,MF,FIN1B10,
REIJO TAIPALE,SATUMAA,MF,FIN39A11,
REIJO TAIPALE,SATUMAA,K,POW02,
REIJO TAIPALE,SATUMAA,M,MDV11,
REIJO TAIPALE,SATUMAA,C,KARAOKETÄHTI,02.07.2024
REIJO TAIPALE,SOITTAJAN KAIPUU,K,POW08,
REIJO TAIPALE,SUA ILMAN,M,MEL45Z,
REIJO TAIPALE,SUURET TUNTEET,M,COV18,
REIJO TAIPALE,SYDÄMET LYÖVÄT SAMAAN TAHTIIN,K,POW08,
REIJO TAIPALE,SYDÄMET LYÖVÄT SAMAAN TAHTIIN,M,MEL15Z,
REIJO TAIPALE,TAIVAAN KIERTOLAISET,M,MDV61,
REIJO TAIPALE,TANGO HUMIKO,MF,FIN37B5,
REIJO TAIPALE,TANSSI,M,MEL22X,
REIJO TAIPALE,TONAVAN AALLOT,M,MELVALS,
REIJO TAIPALE,TULE SYYSKUU,M,MEL49Z,
REIJO TAIPALE,TUO SURU JONKA SAIN,M,COV16,
REIJO TAIPALE,TYTTÖJEN TÄHDEN,MF,FIN42A2,
REIJO TAIPALE,TÄHDET MEREN YLLÄ,MF,FIN15B3,
REIJO TAIPALE,VAARALLISET HUULET,MF,FIN28B2,
REIJO TAIPALE,VANHA SWINGI,MF,FIN43A1,
REIJO TAIPALE,VIISIKYMPINEN,MF,FIN45A4,
REIJO TAIPALE,VIRRAN RANNALLA,MF,FIN34A3,
REIJO TAIPALE,VUODET ELÄMÄÄ ON,MF,FIN34A6,
REIJO TAIPALE,YÖN RUUSU,MF,FIN40A3,
REIJO TAIPALE & KARI TAPIO,ELÄMÄN VIRTA,M,MDV12,
REIJO TAIPALE & KARI TAPIO,ELÄMÄN VIRTA,C,MELPLAY,05.03.2020
REIJO TAIPALE & TOPI SORSAKOSKI,SILMÄSI ODOTTAVAT MINUA,M,MEL49Z,
REIJO VIITA,HAAVEITA TANSSILAVAN LUONA,K,POW08,
REIJO VIITA,OI JOSEF JOSEF,M,MEL43Z,
REIJO VIITA,SYKSYN SÄVEL,M,MDVTAN,
REINO HELISMAA,MEKSIKON PIKAJUNA,MF,FIN24B9,
REINO HELISMAA,MEKSIKON PIKAJUNA,C,FINNKARAOKE,31.10.2016
REINO HELISMAA,RAKOVALKEALLA,C,TOIVEKARAOKE,02.07.2024
REINO HELISMAA,SORSANMETSÄSTYS,M,MEL60,
REINO NORDIN,ANTAUDUN,C,KUNINGAS,05.11.2025
REM,EVERYBODY HURTS,K,XP1,
REM,EVERYBODY HURTS,C,CLOUD,03.04.2018
REM,LOSING MY RELIGION,K,XP1,
REM,LOSING MY RELIGION,C,ZOOM,01.10.2014
REMIX FT MARTINA AITOLEHTI,SINUT TAHTOISIN LUOKSENI (I JUST DIED IN YOUR ARMS),M,COV14,
REMONTOIDUT ISKELMÄT,KAIKEN TAKANA ON NAINEN,C,FIAT,08.02.2026
REMONTOIDUT ISKELMÄT,KUURANKUKKA,C,FIAT,08.02.2026
REMONTOIDUT ISKELMÄT,MENOLIPPU,C,FIAT,08.02.2026
REMU,PAHOLAISEN MASURKKA,M,COV14,
REMU,TÄYSIKUU,MF,FIN21B6,
RENDEZ-VOUS,TOINEN LUKU,M,MEL42Z,
REPLAY SUOMI MANIA,HETKI LYÖ,C,FIAT,09.01.2026
REPLAY SUOMI MANIA,KUUMA KESÄ,C,FIAT,25.05.2026
REPLAY SUOMI MANIA,LEIJAT,C,FIAT,09.01.2026
REPLAY SUOMI MANIA,LEVOTON TUHKIMO,C,FIAT,09.01.2026
REPLAY SUOMI MANIA,MINTTU SEKÄ VILLE,C,FIAT,09.01.2026
REPLAY SUOMI MANIA,MOMBASA,C,FIAT,09.01.2026
REPLAY SUOMI MANIA,MOOTTORITIE ON KUUMA,C,FIAT,09.01.2026
REPLAY SUOMI MANIA,ODOTA,C,FIAT,09.01.2026
REPLAY SUOMI MANIA,PITKÄ KUUMA KESÄ,C,FIAT,09.01.2026
REPLAY SUOMI MANIA,ROMEO JA JULIA,C,FIAT,09.01.2026
REPLAY SUOMI MANIA,TAHDON RAKASTELLA SINUA,C,FIAT,09.01.2026
REPLAY SUOMI MANIA,VOLGA,C,FIAT,09.01.2026
RESSU REDFORD,EN VOI SUA OMISTAA,K,POW10,
RESSU REDFORD,JOKA KERTA KUN SÄ MEET,M,MEL38Z,
RESSU REDFORD,JOS VIELÄ OOT VAPAA,MF,FIN46A6,
RESSU REDFORD,JOS VIELÄ OOT VAPAA,MF,FIN6A4,
RESSU REDFORD,JOS VIELÄ OOT VAPAA,K,LK01,
RESSU REDFORD,JOS VIELÄ OOT VAPAA,M,MDV17,
RESSU REDFORD,KATO MITÄ SÄ TEET,M,MEL53PRO,
RESSU REDFORD,KUKA ON SE OIKEA,MF,FIN8A8,
RESSU REDFORD,KUKA ON SE OIKEA,C_O,POY,03.11.2025
RESSU REDFORD,KUKA ON SE OIKEA,M,SAT04,
RESSU REDFORD,KUUSI KUUTA JA SATURNUKSEN RENKAAT,MF,FIN9A1,
RESSU REDFORD,KUUSI KUUTA JA SATURNUKSEN RENKAAT,K,LK01,
RESSU REDFORD,KUUSI KUUTA JA SATURNUKSEN RENKAAT,M,SATC04,
RESSU REDFORD,LAULUSSA ON HELPPO RAKASTAA,M,MEL21Z,
RESSU REDFORD,SAUMAA,C_O,POY,20.11.2025
RESSU REDFORD,TAAS AURINKO NOUSEE,MF,FIN8A2,
RESSU REDFORD,TIEDÄN SEN TUNNEN SEN,M,MEL21Z,
RESSU REDFORD,ÄLÄ MEE,MF,FIN1A2,
RESSU REDFORD,ÄLÄ MEE,MF,FIN40A11,
RESSU REDFORD,ÄLÄ MEE,K,POW14,
RESSU REDFORD,ÄLÄ MEE,M,MEL39X,
RESSU REDFORD,ÄLÄ MEE,C,MAURIK,09.10.2021
RESSU REDFORD & JUSSI RAINIO,KATARIINA,K,LK14,
RESSU REDFORD & JUSSI RAINIO,MEILLE JATKAMAAN,M,MDV64,
RESSU REDFORD & JUSSI RAINIO,PIENIÄ POLKUJA,K,LK21,
RESSU REDFORD & JUSSI RAINIO,PRINSESSA,M,MEL52X,
RETROPOP,IEVAN POLKKA,C_O,POY,20.01.2026
RETROPOP,SUOMIHUMPPAA,M,COV19,
REVOLUTION RENAISSANCE,I DID IT MY WAY,C,KARAMETAL,30.07.2025
REX,BLONDIE NAM NAM,M,MEL19Z,
REXI,NAISEKSI MUUTUT NIIN,C_O,POY,12.07.2026
REXI,PUHTAAT PURJEET,MF,FIN28A7,
REXI,PUHTAAT PURJEET,C,FINNKARAOKE,02.07.2024
RICCHI E POVERI,COSA SEI (ITA),M_U,ITA,
RICHARD MARX,HAZARD,K,XP3,
RICHARD MARX,RIGHT HERE WAITING,K,XP4,
RICHARD MARX,RIGHT HERE WAITING,C,SINGKING,29.04.2022
RICK ASTLEY,NEVER GONNA GIVE YOU UP,K,XP3,
RICK ASTLEY,NEVER GONNA GIVE YOU UP,C,CHANNEL,26.07.2016
RICKY MARTIN,LIVIN LA VIDA LOCA,M,MP&R1,
RICKY MARTIN,LIVIN' LA VIDA LOCA,K,XP1,
RICKY MARTIN,MARIA,M,MP&R1,
RICKY NELSON,HELLO MARY LOU,K,XP3,
RICKY NELSON,HELLO MARY LOU,M,PIO007,
RICKY NELSON,SOMEDAY,K,XP2,
RIGHT SAID FRED,I'M TOO SEXY,K,XP3,
RIHANNA,DIAMONDS,C,SINGKING,29.04.2018
RIHANNA,RUDE BOY,C,POCKET24,04.08.2022
RIHANNA,SOS (RESCUE ME),K,XP3,
RIHANNA,UMBRELLA,C,POCKET3,04.08.2022
RIHANNA,UNFAITHFULL,K,XP3,
RIHANNA FT JAY Z,UMBRELLA,C,SINGKING,25.04.2022
RIHANNA FT MIKKY EKKO,STAY,C,SINGKING,15.01.2023
RIKI SORSA,HAAVEISSA VAINKO OOT MUN,MF,FIN16A1,
RIKI SORSA,HAAVEISSA VAINKO OOT MUN,M,MEL41Z,
RIKI SORSA,HALKI MAAILMAN,M,MDV68,
RIKI SORSA,HALKI MAAILMAN,C_O,POY,04.05.2025
RIKI SORSA,JOKI,MF,FIN13A3,
RIKI SORSA,JOKI,M,MEL26X,
RIKI SORSA,MUUTTOHAUKKA,MF,FIN20A9,
RIKI SORSA,MUUTTOHAUKKA,M,MEL62,
RIKI SORSA,REGGAE OK,MF,FIN45B2,
RIKI SORSA,REGGAE OK,K,POW06,
RIKI SORSA,SILMIISI SUN,C_O,POY,06.05.2025
RIKU KOSKI,SININEN ENKELI,C_O,POY,07.10.2024
RINGO STARR,YOU'RE SIXTEEN,K,XP4,
RINGO STARR,YOU'RE SIXTEEN,M,PIO007,
RIPSIPIIRAKKA,OTA MUT,M,MEL32X,
RISE AGAINST,GIVE IT ALL,C,CCKARAOKE,18.07.2024
RITA COOLIDGE,I'D RATHER LEAVE WHILE I'M IN LOVE,K,XP3,
RITCHIE VALENS,DONNA,M,PIO13B10,
RITCHIE VALENS,LA BAMBA (SPA),K,SPA,
RITCHIE VALENS,LA BAMBA (SPA),C_U,SPA,25.04.2022
RITCHIE VALENS,LA BAMBA (SPA),M_U,SPA,
RITVA MUSTONEN,KYLMÄÄ SOTAA JA RAKKAUTTA,M,MEL24X,
RITVA MUSTONEN,MERIMIES KOTIMAASI ON MERI,M,MEL03,
RITVA OKSANEN,METSÄPIRTTI,MF,FIN39B10,
RITVA OKSANEN,TULI MIES,M,MDV12,
RITVA PALUKKA,VAHANUKKE LAULAVA NUKKE,M,MEL24X,
RKELLY,I BELIEVE I CAN FLY,K,XP1,
ROB THOMAS,LONELY NO MORE,K,XP2,
ROB ZOMBIE,DEMON SPEEDING,C,666,03.08.2024
ROB ZOMBIE,DRAGULA,C,CCKARAOKE,07.05.2022
ROB ZOMBIE,LIVING DEAD GIRL,C,HD,08.08.2024
ROB ZOMBIE,NEVER GONNA STOP,C,SOUNDCHOICE,09.08.2024
ROBBIE WILLIAMS,ANGELS,K,XP1,
ROBBIE WILLIAMS,ANGELS,C,FACTORY,28.03.2018
ROBBIE WILLIAMS,ANGELS,M,MP&R3,
ROBBIE WILLIAMS,ANGELS,M,PT2,
ROBBIE WILLIAMS,FEEL,C,FACTORY,13.12.2019
ROBBIE WILLIAMS,FEEL,M,MP&R2,
ROBBIE WILLIAMS,LOVE SOMEBODY,K,XP2,
ROBBIE WILLIAMS,MILLENIUM,K,XP3,
ROBBIE WILLIAMS,MISUNDERSTOOD,K,XP2,
ROBBIE WILLIAMS,ROAD TO MANDALAY,K,XP4,
ROBBIE WILLIAMS,ROCK DJ,M,PT1,
ROBBIE WILLIAMS,SHE'S THE ONE,K,XP1,
ROBBIE WILLIAMS,SIN SIN SIN,K,XP3,
ROBBIE WILLIAMS,SOMETHING BEAUTIFUL,K,XP3,
ROBBIE WILLIAMS,SUPREME,C,CHASSMANIA,25.04.2024
ROBBIE WILLIAMS & NICOLE KIDMAN,SOMETHING STUPID,K,XP1,
ROBERT PALMER,ADDICTED TO LOVE,K,XP4,
ROBERT PALMER,ADDICTED TO LOVE,C,CCKARAOKE,01.08.2024
ROBERT PALMER,SIMPLY IRRESISTABLE,K,XP3,
ROBERTA FLACK,FIRST TIME EVER I SAW YOUR FACE,K,XP1,
ROBERTA FLACK,KILLING ME SOFTLY WITH HIS SONG,M,TOPHIT27,
ROBIN,BOOM KAH,M,MDV61,
ROBIN,FRONTSIDE OLLIE,K,LK17,
ROBIN,HALUAN SUN PALAAVAN,M,MDV63,
ROBIN,LUUPILLA MUN KORVISSA,M,MDV59,
ROBIN,MUA ONNITELKAA,MF,FIN42B6,
ROBIN,ONNELLINEN,M,LK23,
ROBIN,PAPERILENNOKKI,M,SAT15,
ROBIN,PRINSESSA,MF,FIN34B8,
ROBIN,PRINSESSA,M,MEL50X,
ROBIN,PUUTTUVA PALANEN,K,LK19,
ROBIN,SISKO,M,SK1,
ROBIN,SUA VARTEN,M,LK25,
ROBIN,SUA VARTEN,M,SAT16,
ROBIN FT BRÄDI,PUUTTUVA PALANEN,M,MEL60,
ROBIN FT KASMIR,MILLOIN NÄÄN SUT UUDESTAAN,M,SAT17,
ROBIN FT MIKAEL GABRIEL UNIIKKI,BOOM KAH,M,LK23,
ROBIN PACKALEN,1001 TAPAA,C_O,POY,19.04.2026
ROBIN PACKALEN,HÄITÄ PIDELLY,C_O,POY,22.08.2024
ROBIN PACKALEN,IHAN HELMI,C,KUNINGAS,05.11.2025
ROBSON & JEROME,I BELIEVE,K,XP3,
ROCK-OLA,MITÄ VAAN,M,M60'S,
ROCKETMAN (TARON EGERTON),I'M STILL STANDING,C,KARAFUN,02.07.2024
ROCKIN' BERRIES,HE'S IN TOWN,K,XP2,
ROCKWELL,SOMEBODY'S WATCHING ME,C,SINGKING,15.08.2024
ROCKY HORROR,TIMEWARP,K,XP1,
ROD STEWART,DO YA THINK I'M SEXY,K,XP4,
ROD STEWART,DO YA THINK I'M SEXY,C,ZOOM,01.10.2014
ROD STEWART,FAITH OF THE HEART,K,XP1,
ROD STEWART,FOREVER YOUNG,M,SKD606,
ROD STEWART,HAVE I TOLD YOU LATELY,M,SKD606,
ROD STEWART,I DON'T WANT TO TALK ABOUT IT,C,RLUCRA,19.08.2018
ROD STEWART,I'M IN THE MOOD FOR LOVE,C,KARAFUN,11.11.2022
ROD STEWART,IF WE FALL IN LOVE TONIGHT,M,SKD606,
ROD STEWART,MAGGIE MAY,K,XP1,
ROD STEWART,REASON TO BELIVE,M,SKD606,
ROD STEWART,SAILING,C,ZOOM,01.10.2014
ROD STEWART,SAILING,M,MP&R1,
ROD STEWART,TONIGHT IS THE NIGHT,M,SKD606,
ROD STEWART & BRYAN ADAMS & STING,ALL FOR LOVE,M,SKD606,
ROGER MILLER,KING OF THE ROAD,K,XP1,
ROGER WHITTAKER,I DON'T BELIEVE IN IF ANYMORE,K,XP2,
ROGER WHITTAKER,THE LAST FAREWELL,K,XP4,
ROLF BERGSTRÖM & PYHIMYKSET,PORNOJENKKA,M,POW30,
ROMEO VOID,NEVER SAY NEVER,C,GOLDENCHORALE,09.08.2024
RONAN KEATING,ALL OVER AGAIN,K,XP3,
RONAN KEATING,IF TOMORROW NEVER COMES,K,XP4,
RONAN KEATING,LIFE IS A ROLLERCOASTER,K,XP3,
RONAN KEATING,WHEN YOU SAY NOTHING AT ALL,K,XP3,
RONETTES,BE MY BABY,K,XP4,
RONNIE JAMES DIO,HOLY DIVER,C,KING,05.08.2024
RONNY AND THE LOAFERS,SE JOKIN SINULLA ON,MF,FIN12A5,
RONNY AND THE LOAFERS,SE JOKIN SINULLA ON,M,MDV57,
RONNY AND THE LOAFERS,SE JOKIN SINULLA ON,C_O,POY,04.01.2022
ROOPE SALMINEN & KOIRAT,MADAFAKIN DARRA,M,SAT16,
ROOPE SALMINEN & KOIRAT,PILKUN JÄLKEEN,M,SAT17,
ROOPE SALMINEN & KOIRAT,REISSUMIES,M,SAT16,
ROOPE SALMINEN & KOIRAT FT ELLINOORA,TANSSI SE ULOS,C_O,POY,08.11.2023
ROOPE SALMINEN & KOIRAT FT IDA PAULA,MADAFAKIN DARRA,M,LK25,
ROOPE SALMINEN&KOIRAT FT STIG&TEFLON BROTHERS,VITUIKS MÄN,M,COV23,
ROSS ANTONY,YMCA,C,KARAOKE JUNKIES,07.01.2021
ROXETTE,FADING LIKE A FLOWER,C,KARAOKEJP,25.09.2021
ROXETTE,LISTEN TO YOUR HEART,C,KARAFUN,03.04.2018
ROXETTE,LISTEN TO YOUR HEART,M,MP&R1,
ROXETTE,SLEEPING IN MY CAR,K,XP3,
ROXETTE,SLEEPING IN MY CAR,C,RKWORLD,14.08.2024
ROXETTE,THE LOOK,C,KARAFUN,03.04.2018
ROXY MUSIC,AVALON,C,CHANNEL,24.06.2020
ROY ORBISON,BLUE BAYOU,M,PIO007,
ROY ORBISON,CALIFORNIA BLUE,C,RATTAY,07.12.2019
ROY ORBISON,CRYING,K,XP4,
ROY ORBISON,I DROVE ALL NIGHT,M,MP&R3,
ROY ORBISON,OH PRETTY WOMAN,K,XP1,
ROY ORBISON,OH PRETTY WOMAN,C,KARAFUN,21.08.2014
ROY ORBISON,SHE'S A MYSTERY TO ME,K,XP3,
ROY ORBISON,YOU GOT IT,M,MP&R1,
RUDI,TAIVAS SAA ODOTTAA,C_O,POY,08.02.2022
RUJA,KAS VANA ARM KAROOSTETAB (EST),M_U,EST4,
RUOSKA,MIES YLI LAIDAN,M,MDV58,
RUOSKA,TUONEN VIEMÄÄ,M,HEVI 3,
RUPERT HOLMES,ESCAPE,M,DKG16,
RUSH,CLOSER TO THE HEART,C,ZOOM,02.08.2024
RUSH,FLY BY NIGHT,C,PALXO,04.08.2024
RUSH,FREEWILL,C,SAE KTV,04.08.2024
RUSH,LIMELIGHT,C,CCKARAOKE,25.04.2022
RUSH,NEW WORLD MAN,C,WORLD,10.08.2024
RUSH,RED BARCHETTA,C,CCKARAOKE,13.08.2024
RUSH,SUBDIVISIONS,C,CCKARAOKE,15.08.2024
RUSH,THE SPIRIT OF RADIO,C,UPSTREAM,16.08.2024
RUSH,TOM SAWYER,C,CCKARAOKE,29.04.2022
RUUSUT,4321,C,FIAT,25.05.2026
RÄPFAIJA,OMAN KYLÄN BOMBERIT,C_O,POY,22.09.2023
S CLUB 7,DON'T STOP MOVIN',K,XP3,
S CLUB 7,REACH,K,XP3,
S CLUB 7,REACH,M,PT1,
SAANA,MUISTATKO,M,MEL25X,
SAANA,RAKKAUS LIEKKIIN SYTYTTÄÄ,M,MEL25X,
SAARA SUVANTO,LÄHELLÄ SYDÄNTÄNI,C_O,POY,21.05.2026
SABATON,1916,C,BELLYSINGS,15.04.2024
SABATON,40_1,C,BELLYSINGS,15.04.2024
SABATON,ACES IN EXILE,C,KAMIKAZE,13.10.2025
SABATON,ANGELS CALLING,C,LOPENASH,15.04.2024
SABATON,BACK IN CONTROL,C,BELLYSINGS,15.04.2024
SABATON,BISMARCK,C,BELLYSINGS,02.08.2025
SABATON,BLOOD OF BANNOCKBURN,C,BELLYSINGS,15.04.2024
SABATON,CAMOUFLAGE,C,BELLYSINGS,15.04.2024
SABATON,CAROLUS REX,C,BELLYSINGS,15.04.2024
SABATON,CHRISTMAS TRUCE,C,BELLYSINGS,15.04.2024
SABATON,COAT OF ARMS,C,CCKARAOKE,15.04.2024
SABATON,COUNTERSTRIKE,C,ESPADA,15.04.2024
SABATON,DEFENCE OF MOSCOW,C,BELLYSINGS,15.04.2024
SABATON,DREADNOUGHT,C,LOPENASH,15.04.2024
SABATON,FATHER,C,BELLYSINGS,13.10.2025
SABATON,FIELDS OF VERDUN,C,BELLYSINGS,28.09.2025
SABATON,FOR WHOM THE BELL TOLLS,C,BELLYSINGS,15.04.2024
SABATON,GHOST DIVISION,C,ESPADA,15.04.2024
SABATON,GOT MIT UNS (ENGLISH VER.),C,LIKO (POY),16.10.2025
SABATON,GREAT WAR,C,BELLYSINGS,13.10.2025
SABATON,HORDES OF KHAN,C,BELLYSINGS,13.10.2025
SABATON,IN THE ARMY NOW,C,BELLYSINGS,15.04.2024
SABATON,KINDOM COME,C,BELLYSINGS,15.04.2024
SABATON,LADY OF THE DARK,C,BELLYSINGS,13.10.2025
SABATON,LAST DYING BREATH,C,BELLYSINGS,15.04.2024
SABATON,METAL RIPPER,C,CCKARAOKE,15.04.2024
SABATON,NIGHT WITCHES,C,OTOPORENKO,15.04.2024
SABATON,NO BULLETS FLY,C,METAL,13.10.2025
SABATON,PANZER BATTALION,C,ESPADA,15.04.2024
SABATON,PRIMO VICTORIA,C,BELLYSINGS,15.04.2024
SABATON,RACE TO THE SEA,C,BELLYSINGS,15.04.2024
SABATON,RORKE'S DRIFT,C,BELLASINGS,13.10.2025
SABATON,SARAJEVO,C,LOPENASH,15.04.2024
SABATON,SHIROYAMA,C,BELLYSINGS,15.04.2024
SABATON,SMOKING SNAKE,C,PLACYD,15.04.2024
SABATON,SOLDIER OF HEAVEN,C,BELLYSINGS,15.04.2024
SABATON,SPARTA,C,BELLYSINGS,15.04.2024
SABATON,STEEL COMMANDERS,C,BELLYSINGS,15.04.2024
SABATON,STORMTROOPERS,C,BELLYSINGS,15.04.2024
SABATON,SWEDISH PAGANS,C,BELLYSINGS,15.04.2024
SABATON,TEMPLARS,C,BELLYSINGS,04.11.2025
SABATON,THE ART OF WAR,C,BELLYSINGS,15.04.2024
SABATON,THE ATTACK OF THE DEAD MEN,C,LOPENASH,15.04.2024
SABATON,THE BALLAD OF BULL,C,ESPADA,15.04.2024
SABATON,THE END OF THE WAR TO END ALL WARS,C,LOPENASH,04.11.2025
SABATON,THE FIRST SOLDIER,C,BELLYSINGS,04.11.2025
SABATON,THE FUTURE OF WARFARE,C,LOPENASH,02.07.2024
SABATON,THE LAST BATTLE,C,BELLYSINGS,04.11.2025
SABATON,THE LAST STAND,C,BELLYSINGS,15.04.2024
SABATON,THE LION FROM THE NORTH,C,BELLYSINGS,15.04.2024
SABATON,THE LOST BATTALION,C,BELLYSINGS,15.04.2024
SABATON,THE PRICE OF A MILE,C,BELLYSINGS,15.04.2024
SABATON,THE RED BARON,C,LOPENASH,15.04.2024
SABATON,THE UNKILLABLE SOLDIER,C,BELLYSINGS,15.04.2024
SABATON,TO HELL AND BACK,C,SCHLESIEN,04.08.2020
SABATON,VERSAILLES,C,LOPENASH,15.04.2024
SABATON,WE BURN,C,BELLYSINGS,15.04.2024
SABATON,WINGED HUSSARS,C,KAMIKAZE,04.11.2025
SAIJA TUUPANEN,ENEMMÄN KUIN SAAN LUVAN,M,COV06,
SAIJA TUUPANEN,HIEKKAA VARPAISIIN,M,MEL49Z,
SAIJA TUUPANEN,KAKSI KULKIJAA,M,COV19,
SAIJA TUUPANEN,KUURASYDÄN,M,COV17,
SAIJA TUUPANEN,MUISTINKO OIKEIN,M,MG19,20.03.2026
SAIJA TUUPANEN,NÄIN VAIN TYHJÄN TAIVAAN,M,MEL30X,
SAIJA TUUPANEN,ONNI YHTEINEN,M,SASO12,
SAIJA TUUPANEN,OTA SYVÄLLE SYLIIN,M,SK4,
SAIJA TUUPANEN,RANTAKOIVUN ALLA,M,COV22,
SAIJA TUUPANEN,RUUSUJA JA SHAMPANJAA,M,SASO12,
SAIJA TUUPANEN,SIELUNI SOITTO,M,COV13,
SAIJA TUUPANEN,TARTU HETKEEN,M,MDV68,
SAIJA TUUPANEN,TULIT LUOKSENI,M,SASO12,
SAIJA TUUPANEN,TUULTA RIITTÄÄ,M,MG17,20.03.2026
SAIJA TUUPANEN,VAARALLISEN HYVÄÄ,M,COV18,
SAIJA TUUPANEN,VALKOINEN RUUSU,M,COV06,
SAIJA TUUPANEN,ÄIDILLE,M,SASO12,
SAIJA TUUPANEN (SEIJA SIMOLA),EI RAKASTAA VOI TÄMÄN ENEMPÄÄ,M,COV08,
SAIJA TUUPANEN (TULIPUNARUUSUT),SATUTTAVAT SANAT,M,COV08,
SAIJA VARJUS,DAM DAM DA DA DI DUM,MF,FIN31A3,
SAIJA VARJUS,KAURIINMETSÄSTÄJÄ,K,POW16,
SAIJA VARJUS,TAHDON,M,MEL02Z,
SAIJA VARJUS,UNOHDETTU SYDÄN,M,MEL01Z,
SAIJA VARJUS,VASTATUULEEN,M,MEL15Z,
SAIJA VARJUS,VOIT MUA AUTTAA,M,MEL05Z,
SAIJA VARJUS,YAMBAIJAA,M,MEL01Z,
SAIJA VARJUS & ANTTI RAISKI,KUISKATEN,M,MDV17,
SAKARI KUOSMANEN,ENTÄ JOS,M,MEL29X,
SAKARI KUOSMANEN,FINLANDIA,C_O,POY,09.01.2023
SAKARI KUOSMANEN,KAPPALE KAUNEINTA SUOMEA,C,FINNKARAOKE,18.10.2015
SAKARI KUOSMANEN,LAULAJAN HELMI,M,MEL21Z,
SAKARI KUOSMANEN,MUUTTUVAT LAULUT,M,MEL67,
SAKARI KUOSMANEN,ONNENMAA,M,MEL67,
SAKARI KUOSMANEN,OPETA MUA,M,MEL25X,
SAKARI KUOSMANEN,PIENI SYDÄN,MF,FIN53,
SAKARI KUOSMANEN,PIENI SYDÄN,K,POW11,
SAKARI KUOSMANEN,PIENI SYDÄN,M,MEL21Z,
SAKARI KUOSMANEN,RAKKAUDEN HAUDALLA,M,MEL27X,
SALOMON,UNISATU,M,MEL30X,
SALVATORE GANACCI,TAKE ME TO AMERICA,C,KUNINGAS,17.04.2026
SAM BROWN,STOP,C,ZOOM,01.04.2024
SAM COOKE,WONDERFUL WORLD,M,MP&R2,
SAM SMITH,I'M NOT THE ONLY ONE,C,SINGKING,12.04.2023
SAMAE KOSKINEN,HYVÄ PÄIVÄ,C_O,POY,20.08.2026
SAMAE KOSKINEN,KELTAISTA,M,MDV65,
SAMAE KOSKINEN,KIITOS NAISISTA,M,SK1,
SAMAE KOSKINEN,SPOON RIVER,M,SAT08,
SAMI KESKITALO,LAPIN LAPSI,M,COV11,
SAMI KESKITALO,MUISTOJEN KULTAAMA MAA,M,COV22,
SAMI SAARI,AINUTKERTAINEN,K,LK09,
SAMI SAARI,ONNEN KYYNELEET,K,LK09,
SAMI SAARI,ONNEN KYYNELEET,M,SATC02,
SAMMY BABITZIN,DAA DA DAA DA,MF,FIN35B12,
SAMMY BABITZIN,DAA DA DAA DA,MF,FIN3A1,
SAMMY BABITZIN,DAA DA DAA DA,K,POW02,
SAMMY BABITZIN,DAA DA DAA DA,M,MDV14,
SAMMY BABITZIN,DAA DA DAA DA,C,POWER,03.12.2014
SAMMY BABITZIN,NAINEN,M,MEL25X,
SAMMY BABITZIN,PIENEN POJAN NUKKESHOW,M,MEL03,
SAMMY BABITZIN,PIKKU KALLEN PÄIVÄN HUULI,M,MEL42Z,
SAMMY HAGAR,HEAVY METAL,C,KILLER,05.08.2024
SAMMY HAGAR,I CAN'T DRIVE 55,C,VERSION,05.08.2024
SAMMY HAGAR,LITTLE WHITE LIE,C,SOUNDCHOICE,08.08.2024
SAMMY HAGAR,THERE'S ONLY ONE WAY TO ROCK,C,LYRICEDITOR,16.08.2024
SAMMY HAGAR,YOUR LOVE IS DRIVING ME CRAZY,C,GOLDENCHORALE,18.08.2024
SAMU HABER,ENKELTEN KAUPUNKI,M,COV13,
SAMU HABER,HILJAISUUS,C_O,POY,24.07.2025
SAMU HABER,SYÖDÄÄN SIENIÄ,C_O,POY,18.01.2024
SAMU HABER,TÄÄLTÄ TULLAAN,M,COV15,
SAMULI EDELMANN,AVARUUS,C,TUOTTAJA,22.02.2023
SAMULI EDELMANN,AVOIN SALAISUUS,M,COV07,
SAMULI EDELMANN,AVOIN SALAISUUS,M,SK4,
SAMULI EDELMANN,EI MITÄÄN HÄTÄÄ,K,LK16,
SAMULI EDELMANN,EI MITÄÄN HÄTÄÄ,M,SAT04,
SAMULI EDELMANN,ENKELTEN TULI,C,FIAT,27.08.2026
SAMULI EDELMANN,HILJAISUUDEN VALO,C,TUOTTAJA,13.08.2026
SAMULI EDELMANN,IHANA ILTA,C_O,POY,01.10.2023
SAMULI EDELMANN,IHANA VALO,M,MEL16Z,
SAMULI EDELMANN,JOKAINEN TEKO,M,LK25,
SAMULI EDELMANN,JOKAINEN TEKO,M,SAT15,
SAMULI EDELMANN,KAIKKI TAHTOO,K,POW09SR2,
SAMULI EDELMANN,KAIKKI TAHTOO,M,MDV12,
SAMULI EDELMANN,KARAVAANARI,M,MEL33X,
SAMULI EDELMANN,KUN VIELÄ TIENNYT EN,C,TUOTTAJA,13.08.2026
SAMULI EDELMANN,MAHDOLLISUUS,M,LK24,
SAMULI EDELMANN,MAHDOLLISUUS,M,SAT14,
SAMULI EDELMANN,MUN SYDÄMELLÄ ON KYPÄRÄ,M,MEL29X,
SAMULI EDELMANN,PEGGY,K,POW01,
SAMULI EDELMANN,PEGGY,M,LK23,
SAMULI EDELMANN,PEGGY,M,MEL05Z,
SAMULI EDELMANN,PEGGY,C,KARAOKETÄHTI,02.07.2024
SAMULI EDELMANN,PIENESTÄ KII,M,MEL32X,
SAMULI EDELMANN,SE VIIMEINEN,M,SAT05,
SAMULI EDELMANN,SIELLÄKIN ON JOULU,C,TUOTTAJA,02.12.2025
SAMULI EDELMANN,SININEN SOINTU,M,SATC02,
SAMULI EDELMANN,SINUN SILMIESI TÄHDEN,C_O,POY,03.11.2025
SAMULI EDELMANN,TUHAT YÖTÄ,M,MEL62,
SAMULI EDELMANN,TÄHTIPÖLYÄ,K,LK17,
SAMULI EDELMANN,TÄHTIPÖLYÄ,M,MDV57,
SAMULI EDELMANN,VÄLIAIKAINEN,M,LK24,
SAMULI EDELMANN & KATA MANSIKKA-AHO,LEVOTTOMAT,M,MDV09,
SAMULI EDELMANN & KATA MANSIKKA-AHO,LEVOTTOMAT,C,MELPLAY,02.07.2024
SAMULI EDELMANN & SANI,OLEN LUONASI SUN,M,MEL02Z,
SAMULI EDELMANN & SANI,TUHAT YÖTÄ,MF,FIN37B3,
SAMULI EDELMANN & SANI,TUHAT YÖTÄ,K,LK01,
SAMULI PUTRO,ANNA NYT,M,SAT08,
SAMULI PUTRO,IHAN NORMI MAANANTAI,C,KUNINGAS,10.09.2026
SAMULI PUTRO,ILMASTA TEHTYJÄ,C,KUNINGAS,10.09.2026
SAMULI PUTRO,KUKA TAHANSA KELPAA,M,SAT11,
SAMULI PUTRO,ME OLLAAN NE,M,SAT11,
SAMULI PUTRO,METROTUNNELIIN,C,KUNINGAS,10.09.2026
SAMULI PUTRO,MITÄPÄ JOS,C,KUNINGAS,10.09.2026
SAMULI PUTRO,TAVALLISET HAUTAJAISET,M,SAT08,
SANDIE SHAW,PUPPET ON A STRING,K,XP3,
SANDRA,IN THE HEAT OF THE NIGHT,C,BASECLUB,01.04.2024
SANI,JÄÄ,C,FIAT,01.09.2026
SANI,KAIKKI LAULUT,M,MEL36Z,
SANI,VERSOAVA JUURI,M,MDV61,
SANNA JA LAPSET,PIENI MURHAPOLTTAJA,C_O,POY,01.12.2023
SANNA MÄKELÄ,JARNO,K,POW14,
SANNA MÄKELÄ,JARNO,M,MEL67,
SANNA PIETIÄINEN,EN HOITOO SAA,M,MEL40X,
SANNA PIETIÄINEN,TAIKAYÖ,M,MDV06,
SANNA PIETIÄINEN,VILLI SYDÄN,M,MEL07,
SANNA-MARI TITOV,KUKKIA JA SIDONTAA,M,MEL33X,
SANNA-MARI TITOV,SUKELTAA SAAT,M,MEL38Z,
SANNI,2080 LUVULLA,M,LK23,
SANNI,2080-LUVULLA,M,SAT15,
SANNI,DEMENTIA,M,LK23,
SANNI,ETTÄ MITÄHÄN VITTUA,M,LK25,
SANNI,ETTÄ MITÄHÄN VITTUA,M,SAT17,
SANNI,JOS MÄ OON OIKEE,K,LK21,
SANNI,JOS MÄ OON OIKEE,M,SAT10,
SANNI,KESKEN,M,COV17,
SANNI,LAUANTAI ILTANA,M,LK25,
SANNI,ME EI OLLA ENÄÄ ME,M,MEL60,
SANNI,PRINSESSOJA JA ASTRONAUTTEJA,K,LK21,
SANNI,SIT KU MÄ OON VAPAA,M,COV07,
SANNI,SUPERNOVA,M,LK25,
SANNI,SUPERNOVA,M,MDV64,
SANNI,VAHINKO,C,LAULAVAKOIRA,05.08.2020
SANNI FT TIPPA-T,POJAT,M,LK24,
SANTANA,BLACK MAGIC WOMAN,C,HD,25.01.2017
SANTANA,EVIL WAYS,C,CLOUD,14.07.2025
SANTANA,MARIA MARIA,M,MP&R1,
SANTANA FT MANÁ,CORAZÓN ESPINADO (SPA),C_U,SPA,16.06.2026
SANTANA FT ROB THOMAS,SMOOTH,K,XP3,
SARA BAREILLES,LOVE SONG,K,XP4,
SARA SIIPOLA,RAKASTA MUA RAKASTA MUA RAKASTA,C,FIAT,02.12.2025
SARA SIIPOLA,ROHKEE SYDÄN,C_O,POY,03.11.2025
SARA SIIPOLA,SANAT JOTKA JÄI SANOMATTA,C,KUNINGAS,10.11.2025
SARA SIIPOLA,TYHJII LUPAUKSII,C_O,POY,03.11.2025
SARA SIIPOLA FT SEXMANE,JUOSTAAN,C_O,POY,08.08.2024
SARAH MENESCAL,STAND BY ME,C,KARAFUN,10.10.2023
SARAH VAUGHAN,BLACK COFFEE,C,KUNINGAS,05.11.2025
SARE,NÄKYMÄTÖN TYTTÖ,M,MDV61,
SAREK,GENOM ELD OCH VATTEN (SWE),M_U,SWE,
SARI HELLSTEN,MISTÄ SUT ON TEHTY,M,MG19,20.03.2026
SASHA,IF YOU BELIVE,M,MP&R1,
SASKA HELMIKALLIO,KAKSI VARJOA,C_O,POY,03.11.2025
SASKA HELMIKALLIO,MIKÄ SAIS SUT KANSSAIN LÄHTEMÄÄN,K,MG06,
SATOR,I WANNA GO HOME,M,ROCK,
SATU PENTIKÄINEN,JOS SE VOISI OLLA TOTTA,MF,FIN23B3,
SATU PENTIKÄINEN,JOS SE VOISI OLLA TOTTA,M,MEL29X,
SATU PENTIKÄINEN,KEVÄT JA SYYS,M,COV06,
SATU PENTIKÄINEN,NÄÄ BOOTSIT ON MUN OMAT,M,MEL07,
SATU PENTIKÄINEN,PIENEN TYTÖN TÄYTYY,MF,FIN45A9,
SATU PENTIKÄINEN (HENRY THEEL),KESÄYÖN VALSSI,M,COV08,
SAULI LEHTONEN,KUN YÖ ON VALLATON,MF,FIN53,
SAULI LEHTONEN,MUN AIKA MENNÄ ON,M,MEL39X,
SAULI LEHTONEN,MUN AIKA MENNÄ ON,C,POWER,05.03.2020
SAVATAGE,EDGE OF THORNS,C,MONSTER TRACKS,02.07.2024
SCANDAL (PATTY SMYTH),GOODBYE TO YOU,C,KARAFUN,05.08.2024
SCANDINAVIAN MUSIC GROUP,HÖLMÖ RAKKAUS,M,MDV63,
SCANDINAVIAN MUSIC GROUP,VIELÄKÖ SOITAN BANJOA,M,MEL51Z,
SCOOTER,HOW MUCH IS THE FISH,C,NASTYA,25.04.2022
SCOOTER,I'M RAVING,C,BELLYSINGS,13.04.2024
SCORPIONS,ALWAYS SOMEWHERE,C,RLUCRA,12.12.2016
SCORPIONS,BIG CITY NIGHTS,C,GOODSONGS,02.08.2024
SCORPIONS,HOLIDAY,C,ZZANG,11.09.2021
SCORPIONS,NO ONE LIKE YOU,K,XP3,
SCORPIONS,NO ONE LIKE YOU,C,PARTYTYME,15.10.2023
SCORPIONS,ROCK YOU LIKE A HURRICANE,K,XP3,
SCORPIONS,ROCK YOU LIKE A HURRICANE,C,CHANNEL,25.08.2018
SCORPIONS,SEND ME AN ANGEL,C,CLOUD,25.08.2018
SCORPIONS,SEND ME AN ANGEL,M,MP&R3,
SCORPIONS,STILL LOVING YOU,C,GHZ,28.03.2018
SCORPIONS,THE ZOO,C,SOUNDCHOICE,16.08.2024
SCORPIONS,WHEN THE SMOKE IS GOING DOWN,C,RLUCRA,11.09.2021
SCORPIONS,WIND OF CHANGE,C,CHANNEL,25.08.2018
SCORPIONS,WIND OF CHANGE,M,MP&R1,
SCOTT & BRENDO,NORTHWEST,C,TUOTTAJA,13.04.2024
SCOTT MCKENZIE,SAN FRANCISCO (BE SURE TO WEAR SOME FLOWERS IN YOUR HAIR),C,ZOOM,29.04.2022
SEAL,KISS FROM A ROSE,K,XP4,
SEALS & CROFTS,SUMMER BREEZE,M,PIO018,
SEAN PAUL,GIMME THE LIGHT,K,XP1,
SEARCHERS,NEEDLES AND PINS,K,XP3,
SEARCHERS,SWEETS FOR MY SWEET,K,XP3,
SECRET SERVICE,FLASH IN THE NIGHT,C,MKNK,01.01.2020
SEETHER,CARELESS WHISPER,C,HD,02.08.2024
SEIJA KARPIOMAA,MARUZELLA,MF,FIN35B7,
SEIJA KARPIOMAA,SÄRKYNEEN TOIVEEN KATU,MF,FIN43A11,
SEIJA KARPIOMAA,TANGO NOTTURNO,K,POW20TANGO,
SEIJA KARPIOMAA,TANGO NOTTURNO,M,MDV08,
SEIJA LAMPILA,LIIAN NUORI,MF,FIN13A8,
SEIJA SIMOLA,ANNA RAKKAUDELLE TILAISUUS,M,KSF1Z,
SEIJA SIMOLA,ET ITKEÄ SAA ARGENTIINA,K,POW06,
SEIJA SIMOLA,ET ITKEÄ SAA ARGENTIINA,M,MEL46Z,
SEIJA SIMOLA,KESYTETTY,MF,FIN22B7,
SEIJA SIMOLA,KUN AIKA ON,M,MDV10,
SEIJA SIMOLA,KUN AIKA ON,C,MELPLAY,19.10.2015
SEIJA SIMOLA,LAULU KUOLLEESTA RAKASTETUSTA,M,MEL13Z,
SEIJA SIMOLA,MARIZA,M,MEL41Z,
SEIJA SIMOLA,NÄKEMIIN,M,MEL34Z,
SEIJA SIMOLA,RAKKAUS KASVOISTA KASVOIHIN,M,MDV12,
SEIJA SIMOLA,SULLE SILMÄNI ANNAN,MF,FIN29A4,
SEITSEMÄN SEINÄHULLUA VELJESTÄ,BANAANIA POSKEEN,K,POW17,
SEITSEMÄN SEINÄHULLUA VELJESTÄ,BANAANIA POSKEEN,M,MEL70'S,
SEITSEMÄN SEINÄHULLUA VELJESTÄ,CUBA,M,COV23,
SEITSEMÄN SEINÄHULLUA VELJESTÄ,HASTA LA VISTA,C_O,POY,29.08.2024
SEITSEMÄN SEINÄHULLUA VELJESTÄ,HAUSKA TAPPA VANHA TUTTU,C_O,POY,29.04.2026
SEITSEMÄN SEINÄHULLUA VELJESTÄ,KELPAISIKO SEKSI,M,MEL44X,
SEITSEMÄN SEINÄHULLUA VELJESTÄ,LUMIKKI-JENKKA,C_O,POY,26.04.2026
SEITSEMÄN SEINÄHULLUA VELJESTÄ,MIKÄ PUSEROSSA PULLOTTAA,C_O,POY,27.04.2026
SEITSEMÄN SEINÄHULLUA VELJESTÄ,NAKIT JA MUUSI,MF,FIN24A9,
SENTENCED,EXCUSE ME WHILE I KILL MYSELF,M,HEVI 3,
SENTENCED,EXCUSE ME WHILE I KILL MYSELF,C,LIVE,04.08.2024
SENTENCED,EXCUSE ME WHILE I KILL MYSELF,C,HD,04.08.2024
SENTENCED,KILLING ME KILLING YOU,M,HEVI 3,
SENTENCED,KILLING ME KILLING YOU,C,KARAMETAL,18.06.2022
SENTENCED,NOOSE,M,HEVI 2,
SENTENCED,NOOSE,C,KUNINGAS,04.08.2026
SENTENCED,READ MY SCARS,M,HEVI 2,
SEPI KUMPULAINEN,DIP PA DAI,M,MEL13Z,
SEPI KUMPULAINEN,KÄNNISSÄ ON KIVA OLLA,C,FIAT,25.05.2026
SEPPO HANSKI,DONA DONA,MF,FIN47A14,
SEPPO HANSKI,DONA DONA,MF,FIN6B8,
SEPPO HANSKI,EREHDYIN KERRAN,MF,FIN16B1,
SEPPO HANSKI,EREHDYIN KERRAN,M,MEL34Z,
SEPPO NÄRHI,AINOO,C_O,POY,25.07.2026
SEPPO NÄRHI,EKAN LUOKAN RANDEVUU,C_O,POY,03.09.2024
SEPPO NÄRHI,KOIVU JA TÄHTI,M,MEL05Z,
SEPPO NÄRHI,KUPIN KAHVIA KAI JOIS,C_O,POY,10.09.2024
SEPPO NÄRHI,KUULUT TAIVAALLE VAIN,C_O,POY,28.08.2024
SEPPO NÄRHI,MINÄ SEKÄ TOI KUU,C_O,POY,16.09.2024
SEPPO NÄRHI,NAISEN VERRAN,C_O,POY,11.09.2024
SEPPO NÄRHI,PRINSESSA 65,M,MDV06,
SEPPO NÄRHI,TAKKI POIS,C_O,POY,11.09.2024
SEPPO TAMMILEHTO,JOKAINEN PÄIVÄ ON UUS,M,MEL40X,
SEPPO TAMMILEHTO,KUIN HELMINAUHAA,M,MDV68,
SEPPO TAMMILEHTO,KUIN HELMINAUHAA,M,POW19,20.03.2026
SEPPO TAMMILEHTO,ONNELLISEN OLOINEN MIES,M,MEL25X,
SEPPO TAMMILEHTO,VAIN TAIVAS YKSIN TIETÄÄ SEN,M,MEL24X,
SEPPO TAMMILEHTO,VIERIVÄT KIVET,M,MEL38Z,
SERGIO ENDRIGO,IO CHE AMO SOLO TE (ITA),C_U,ITA,25.04.2022
SERGIO MENDES,NEVER GONNA LET YOU GO,M,PIO13A4,
SEVENDUST,BLACK,C,SOUNDCHOICE,02.08.2024
SEX PISTOLS,ANARCHY IN THE UK,K,XP2,
SFLM,KAKS SYDÄNTÄ VAIN,M,MEL48Z,
SHAGGY,ANGEL,K,XP4,
SHAGGY,OH CAROLINA,K,XP4,
SHAKIN' STEVENS,BECAUSE I LOVE YOU,M,MP&R1,
SHAKIN' STEVENS,THIS 'OLE HOUSE,K,XP2,
SHAKIRA,GYPSY,C,POCKET24,04.08.2022
SHAKIRA,HIPS DON'T LIE,K,XP3,
SHAKIRA,HIPS DON'T LIE,M,MP&R3,
SHAKIRA,LA TORTURA,M,MP&R3,
SHAKIRA,SUERTE (SPA),C_U,SPA,03.05.2026
SHAKIRA,TE AVISO TE ANUNCIO (SPA),C_U,SPA,03.05.2026
SHAKIRA,WHENEVER WHEREVER,M,MP&R1,
SHANDI THOM,I WISH I WAS A PUNK ROCKER,K,XP3,
SHANIA TWAIN,LOVE GETS ME EVERY TIME,K,XP3,
SHANIA TWAIN,MAN! FEEL LIKE A WOMAN!,C,LETSSING,20.03.2022
SHANIA TWAIN,YOU'RE STILL THE ONE,K,XP3,
SHANIA TWAIN & BRIAN WHITE,FROM THIS MOMENT ON,K,XP3,
SHANNON,LET THE MUSIC PLAY,K,XP4,
SHAWN MENDES AND CAMILA CABELLO,SEÑORITA,C,SINGKING,15.07.2020
SHEIDI,BE BOP A LULA,K,POW10,
SHEIDI,BE BOP A LULA,M,MEL34Z,
SHEIDI,EN SANONUT NIIN,M,MEL27X,
SHEIDI,KETSUPPITANSSI,M,MEL27X,
SHELLY FABARES,JOHNNY ANGEL,K,XP4,
SHERBET,HOWZAT,C,ZOOM,25.04.2022
SHERYL CROW,THE FIRST CUT IS THE DEEPEST,K,XP3,
SHIRLEY BASSEY,BIG SPENDER,K,XP3,
SHIRLEY BASSEY,CLIMP EVERY MOUNTAIN,K,XP2,
SHIRLEY BASSEY,YOU'LL NEVER KNOW,K,XP2,
SHOCKING BLUE,VENUS,C,LETSSING,25.04.2022
SHOWADDYWADDY,DANCIN' PARTY,K,XP3,
SHOWADDYWADDY,HEARTBEAT,C,ZOOM,25.04.2022
SHOWADDYWADDY,HEY ROCK AND ROLL,C,KARAFUN,25.04.2022
SHOWADDYWADDY,I WONDER WHY,C,ZOOM,25.04.2022
SHOWADDYWADDY,PRETTY LITTLE ANGEL EYES,K,XP2,
SHOWADDYWADDY,THREE STEPS TO HEAVEN,K,XP3,
SHOWADDYWADDY,UNDER THE MOON OF LOVE,K,XP1,
SIA,CHANDELIER,C,GRIT,08.03.2020
SIA,MOVE YOUR BODY,C,PARTYTYME,07.04.2023
SIAMESECAT (4 NON BLONDES),WHAT'S UP,C,SIAMESECAT,21.03.2026
SIAMESECAT (MADONNA),LA ISLA BONITA,C,SIAMESECAT,21.03.2026
SICK PUPPIES,ALL THE SAME,K,XP4,
SID VICIOUS,MY WAY,C,PUNK MEDIA,29.11.2025
SIELUN VELJET,KANOOTTILAULU,C_O,POY,10.11.2022
SIELUN VELJET,PELTIRUMPU,K,POW05SR1,
SIELUN VELJET,PELTIRUMPU,M,MEL39X,
SIELUN VELJET,PELTIRUMPU,C,KARAOKETÄHTI,02.07.2024
SIELUN VELJET,TOISET ON LUOTUJA KULKEMAAN,M,MEL24X,
SIG,HYVÄÄ SYNTYMÄPÄIVÄÄ,MF,FIN23A10,
SIG,HYVÄÄ SYNTYMÄPÄIVÄÄ,M,MEL41Z,
SIG,JOS SÄ RAKASTAT MUA,M,MDV20,
SIG,KUIKA PALJON SUA RAKASTINKAAN,M,MEL55X,
SIG,LEIJAILEN,M,MEL19Z,
SIG,LUDWIG VAN BEETHOVEN,M,MEL60,
SIG,LUDWIG VAN BEETHOVEN,C_O,POY,03.11.2025
SIG,METSURIN KOIRA,M,MEL22X,
SIG,METSURIN KOIRA,C,MELPLAY,07.05.2022
SIG,PIDÄ KII UNELMISTAS,M,MEL52X,
SIG,SADAN VUODEN YKSINÄISYYS,M,MEL16Z,
SIG,TIINA MENEE NAIMISIIN,C_O,POY,21.08.2023
SIG,VIIPURIPOP,M,MDV20,
SIG,VUOSISADAN RAKKAUSTARINA,MF,FIN41A6,
SIG,VUOSISADAN RAKKAUSTARINA,M,MEL18Z,
SIG,VUOSISADAN RAKKAUSTARINA,C_O,POY,01.02.2022
SIG,ÄLÄ SINÄ HUOLI,K,POW11,
SIIRI NORDIN,SYDÄMENI OSUMAN SAI,K,POW13SR3,
SIIRI NORDIN,SYDÄMENI OSUMAN SAI,M,MEL62,
SIMO SALMINEN,ALLE LUJAA,M,POW30,
SIMO SALMINEN,PORNOLAULU,K,POW10,
SIMO SALMINEN,PORNOLAULU,M,MDV17,
SIMO SALMINEN,PORNOLAULU,C,POWER,02.07.2024
SIMO SALMINEN,ROTESTILAULU,M,MEL22X,
SIMO SALMINEN,ROTESTILAULU,M,POW30,
SIMO SALMINEN,TENKKA TENKKA POO,M,MDV09,
SIMO SALMINEN,TENKKA TENKKA POO,M,POW30,
SIMO SILMU,ELÄ VIELÄ,M,MEL48Z,
SIMO SILMU,KAIKKEA HYVÄÄ,M,MEL33X,
SIMO SILMU,KATARIINA,M,MEL40X,
SIMO SILMU,SYDÄNSÄRKYÄ,M,MEL41Z,
SIMO SILMU,TEIN SUSTA LAULUN,M,MEL47Z,
SIMON & GARFUNKEL,BRIDGE OVER TROUBLED WATER,K,XP2,
SIMON & GARFUNKEL,EL CONDOR PASA,C,ZZANG,01.04.2024
SIMON & GARFUNKEL,MRS ROBINSON,K,XP3,
SIMON & GARFUNKEL,MRS ROBINSON,C,RLUCRA,03.07.2016
SIMON & GARFUNKEL,THE BOXER,C,RLUCRA,03.07.2016
SIMON & GARFUNKEL,THE SOUND OF SILENCE,C,KARAFUN,18.02.2025
SIMON & GARFUNKEL,THE SOUND OF SILENCE (SLOW),C,KARAFUN,18.02.2025
SIMPLE MINDS,ALIVE AND KICKING,K,XP4,
SIMPLE MINDS,DON'T YOU FORGET ABOUT ME,K,XP1,
SIMPLE MINDS,DON'T YOU (FORGET ABOUT ME),C,CHANNEL,11.12.2020
SIMPLY RED,FAIRGROUND,C,ZOOM,25.04.2022
SIMPLY RED,HOLDING BACK THE YEARS,K,XP3,
SIMPLY RED,IF YOU DON'T KNOW ME BY NOW,K,XP4,
SIMPLY RED,STARS,K,XP2,
SIMPLY RED,STARS,M,MP&R3,
SINEAD O'CONNOR,NOTHING COMPARES 2 U,K,XP1,
SINEAD O'CONNOR,NOTHING COMPARES 2 U,C,KTV,13.12.2019
SINEAD O'CONNOR,NOTHING COMPARES 2 U,M,MP&R1,
SINI SABOTAGE,LEVIKSET REPEE,K,LK21,
SINI SABOTAGE FT VILLEGALLE,LEVIKSET REPEE,M,SAT09,
SINITAIVAS,ALLA MUN SATEENVARJON (UMBRELLA),M,MEL53PRO,
SINITAIVAS,ON ERON HETKI,M,MEL45Z,
SIOUXSIE AND THE BANSHEES,KISS THEM FOR ME,C,CARITAS,08.08.2024
SIR ELWOODIN HILJAISET VÄRIT,KATSO TÄHTIÄ,C_O,POY,20.12.2025
SIR ELWOODIN HILJAISET VÄRIT,NEITI KEVÄT,C_O,POY,25.04.2023
SIR ELWOODIN HILJAISET VÄRIT,PERUNAMAA,M,MDV68,
SIR ELWOODIN HILJAISET VÄRIT,VANHA VALOKUVA,M,MDV69,
SIR ELWOODIN HILJAISET VÄRIT,VIIMEINKIN,M,SK4,
SIR ELWOODIN HILJAISET VÄRIT,VIIMEISELLÄ RANNALLA,C_O,POY,03.03.2022
SIR ELWOODIN HILJAISET VÄRIT,ÄLÄ ITKE,M,MEL19Z,
SIR ELWOODIN HILJAISET VÄRIT,ÄLÄ ITKE,C_O,POY,10.01.2022
SIR ELWOODIN HILJAISET VÄRIT,ÄLÄ MEE,C_O,POY,03.03.2022
SIR IIVO ALONE ORCHESTRA,SATEENVARJO,M,MEL48Z,
SIRJE JA REIN KURG,KAUGEL KAUGEL (EST),M_U,EST1,
SIRPA SOLA,VILLIT JOUTSENET,M,MEL04X,
SIRU,KAKSI NAISTA,M,MDV63,
SIRU,MUSTELMAT,M,MDV64,
SIRU,SÄ ET KULU POIS,M,SAT13,
SISQUO,THONG SONG,K,XP1,
SISTER SLEDGE,WE ARE FAMILY,K,XP1,
SKEETER DAVIS,THE END OF THE WORLD,M,TOPHIT27,
SKID ROW,I REMEMBER YOU,C,OTEP333,18.09.2022
SKID ROW,MONKEY BUSINESS,C,PARTYTYME,09.08.2024
SKID ROW,WASTED TIME,C,ZZANG,18.08.2024
SKID ROW,YOUTH GONE WILD,C,ZZANG,02.07.2024
SKIN,RAG'N'BONE MAN,C,SINGKING,18.04.2026
SLADE,COZ I LUV YOU,C,MUSICCOMMUNITY,27.06.2023
SLADE,CUM ON FEEL THE NOIZE,C,ZOOM,02.10.2014
SLADE,FAR FAR AWAY,C,MUSICCOMMUNITY,09.12.2020
SLADE,MERRY XMAS EVERYBODY,C,ZOOM,31.10.2022
SLAUGHTER,FLY TO THE ANGELS,C,PINOY,04.08.2024
SLAUGHTER,UP ALL NIGHT,C,LETSSING,18.08.2024
SLAYER,SEASONS IN THE ABYSS,C,CCKARAOKE,14.08.2024
SLEEPY SLEEPERS,EI OO KIOSKILLA NAKKEJA (KEEP ON KNOCKING),C_O,POY,06.07.2023
SLEEPY SLEEPERS,JÄRKEE VAI EI,M,POW30,
SLEEPY SLEEPERS,KAKKA KEPPONEN,C_O,POY,16.02.2026
SLEEPY SLEEPERS,KERRAN KOIN MÄ RAKKAUDEN (TELL HIM),C_O,POY,26.11.2022
SLEEPY SLEEPERS,KESÄMOPO,M,MEL21Z,
SLEEPY SLEEPERS,KUKA MITÄ HÄH,K,POW02,
SLEEPY SLEEPERS,KUKA MITÄ HÄH,M,M60'S,
SLEEPY SLEEPERS,KUKA MITÄ HÄH,C,POWER,30.07.2016
SLEEPY SLEEPERS,LINDA KERRO HINTA,C_O,POY,26.11.2022
SLEEPY SLEEPERS,MR DAMPAX,M,POW30,
SLEEPY SLEEPERS,PIHIPOIKA,C_O,POY,03.11.2025
SLEEPY SLEEPERS,RAPULA PLUUSI,C_O,POY,28.01.2026
SLEEPY SLEEPERS,SULLE SILMÄNI ANNAN,C_O,POY,09.09.2026
SLEEPY SLEEPERS,URPON PALLO,C_O,POY,06.10.2022
SLEEPY SLEEPERS,VÄINÖ,K,POW05SR1,
SLIPKNOT,BEFORE I FORGET,C,CCKARAOKE,10.10.2021
SLIPKNOT,DUALITY,C,CCKARAOKE,04.10.2021
SLIPKNOT,PSYCHOSOCIAL,C,CCKARAOKE,04.10.2021
SLIPKNOT,SNUFF,C,YOUNIQUE,08.10.2022
SLIPKNOT,WAIT AND BLEED,C,CCKARAOKE,18.08.2024
SLY AND THE FAMILY STONE,EVERDAY PEOPLE,M,PIO020,
SLY AND THE FAMILY STONE,THANK YOU (FALETTINME BE MICE ELF AGIN),K,XP3,
SMILERS,KÄIME KATUSEID MÖÖDA (EST),M_U,EST4,
SMILERS,MÕISTUS ON KADUNUD (EST),M_U,EST1,
SMOKIE,DON'T PLAY YOUR ROCK'N ROLL TO ME,C,KARAFUN,19.05.2018
SMOKIE,IF YOU THINK YOU KNOW HOW TO LOVE ME,C,RLUCRA,26.05.2021
SMOKIE,LAY BACK IN THE ARMS OF SOMEONE,C,CLOUD,26.05.2021
SMOKIE,LIVING NEXT DOOR TO ALICE,K,XP2,
SMOKIE,LIVING NEXT DOOR TO ALICE,C,ZOOM,08.08.2024
SMOKIE,MEXICAN GIRL,M,MP&R1,
SMOKIE,NEEDLES AND PINS,M,MP&R3,
SMOKIE & R CHUBBY BROWN,WHO THE FUCK IS ALICE,M_U,EXST 2,
SMURFFIT,SMURFFIJENGI,M,POW30,
SOFIA ROTARU (СОФІЯ РОТАРУ),ЧЕРВОНА РУТА (PUNAINEN REITTI) (UKR),C_U,UKR,03.12.2022
SOFT CELL,TAINTED LOVE,K,XP4,
SOFTENGINE,YELLOW HOUSE,C,TUOTTAJA,13.04.2024
SOLISTIYHTYE SEISKA,ONNI MIETTINEN,M,SK1B5,
SOLISTIYHTYE SUOMI,ARPISET HAAVAT,M,MELVALS,
SOLISTIYHTYE SUOMI,AUTOTYTTÖ,M,MEL43Z,
SOLISTIYHTYE SUOMI,AUTOTYTTÖ,C,MAURIK,29.10.2022
SOLISTIYHTYE SUOMI,ELÄMÄN TSA TSA TSA,C_O,POY,06.06.2023
SOLISTIYHTYE SUOMI,ERÄMAAJÄRVEN MÖKKI,M,MELVALS,
SOLISTIYHTYE SUOMI,HE SOITTAVAT HUMPPAA (KUN KUUNTELEN TOMPPAA),M,NYT HUMPATAAN,
SOLISTIYHTYE SUOMI,JÄÄKUKKIA,M,MELVALS,
SOLISTIYHTYE SUOMI,KAKSI KOLPAKKOA NEITI,MF,FIN34B9,
SOLISTIYHTYE SUOMI,KAKSI KOLPAKKOA NEITI,K,POW14,
SOLISTIYHTYE SUOMI,KAKSI KOLPAKKOA NEITI,M,MEL43Z,
SOLISTIYHTYE SUOMI,KEINUSSA KESÄLLÄ KERRAN,MF,FIN33B9,
SOLISTIYHTYE SUOMI,KEINUSSA KESÄLLÄ KERRAN,M,MELVALS,
SOLISTIYHTYE SUOMI,LENTÄJÄN VALSSI,M,MELVALS,
SOLISTIYHTYE SUOMI,LINDA LINDA,C_O,POY,23.02.2026
SOLISTIYHTYE SUOMI,MAHTAVA PERÄSIN JA PULLEAT PURJEET,MF,FIN15A8,
SOLISTIYHTYE SUOMI,MAHTAVA PERÄSIN JA PULLEAT PURJEET,M,MEL43Z,
SOLISTIYHTYE SUOMI,MAHTAVA PERÄSIN JA PULLEAT PURJEET,M,NYT HUMPATAAN,
SOLISTIYHTYE SUOMI,MIKS EI AINA VOI OLLA LAUANTAI,M,KK4,
SOLISTIYHTYE SUOMI,SHEILA,MF,FIN40B9,
SONATA ARCTICA,FULLMOON,M,HEVI 1,
SONATA ARCTICA,FULLMOON,C,GERMANO ROCHA,08.03.2020
SONATA ARCTICA,LAST DROP FALLS,C,SILENCE,02.07.2024
SONATA ARCTICA,MY LAND,C,GERMANO ROCHA,09.08.2024
SONATA ARCTICA,PAID IN FULL,C,JOYSOUND,03.01.2021
SONATA ARCTICA,SHAMANDALIE (VÄRI EI VAIHDU),C,WOLF,02.07.2024
SONATA ARCTICA,SHY,C,KARAOKE,02.07.2024
SONATA ARCTICA,TALLULAH,M,HEVI 3,
SONATA ARCTICA,TALLULAH,C,GERMANO ROCHA,16.08.2024
SONATA ARCTICA,THE MISERY,C,KARAMETAL,30.07.2025
SONATA ARCTICA,VICTORIA'S SECRET,M,HEVI 2,
SONATA ARCTICA,VICTORIA'S SECRET,C,GERMANO ROCHA,18.08.2024
SONGILO,JÄITKÖ YKSIN SÄ NYT,MF,FIN47A12,
SONGILO,JÄITKÖ YKSIN SÄ NYT,MF,FIN8A6,
SONJA LUMME,ELÄKÖÖN ELÄMÄ,K,POW07,
SONJA LUMME,ELÄKÖÖN ELÄMÄ,M,MEL21Z,
SONJA LUMME,ELÄKÖÖN ELÄMÄ,C,MELPLAY,02.07.2024
SONJA LUMME,LAULUJOUTSENTEN MAA,M,COV07,
SONJA LUMME,MUA JÄTTÄÄ ET SAA,M,MEL18Z,
SONNY & CHER,I GOT YOU BABE,K,XP1,
SONNY & CHER,I GOT YOU BABE,M,PIO020,
SOPHIE ELLIS-BEXTOR,MURDER ON THE DANCEFLOOR,K,XP4,
SOUL ASYLUM,RUNAWAY TRAIN,C,AWOOWOOLF,07.12.2019
SOUND OF THE CLOUDS,MIKSI JUURI MINÄ,M,SASO12,
SOUNDGARDEN,BLACK HOLE SUN,C,VOCALSTAR,05.08.2020
SOUNDGARDEN,BLOW UP THE OUTSIDE WORLD,C,CCKARAOKE,03.07.2016
SOUNDGARDEN,BURDEN IN MY HAND,C,CCKARAOKE,02.08.2024
SOUNDGARDEN,FELL ON BLACK DAYS,C,CCKARAOKE,04.08.2024
SOUNDGARDEN,PRETTY NOOSE,C,BLUEEYE,13.08.2024
SOUVARIT,AMORE MIO,K,POW08,
SOUVARIT,AMORE MIO,C,POWER,09.10.2021
SOUVARIT,EI KOSKAAN VANNOA SAA,M,KK3,
SOUVARIT,EI OO SYNTI EIKÄ HÄPPEE SYNTYY LAPPIIN,M,TAT3,
SOUVARIT,EN VOI ENÄÄ JÄÄDÄ LUOKSES,M,COV07,
SOUVARIT,HETKEMME YHTEINEN,M,TAT3,
SOUVARIT,IHMISMIELI HAAVEILEE AINA ONNESTAAN,K,TAT1,
SOUVARIT,INARINJÄRVI,M,TAT3,
SOUVARIT,ISÄNMAA,M,TAT3,
SOUVARIT,JOS SINÄKIN TAHDOT,M,COV23,
SOUVARIT,JOUTSENEN PIILOPAIKKA,K,TAT1,
SOUVARIT,JÄIT TAAKSE HORISONTIN,M,TAT2,
SOUVARIT,JÄTKÄN LAUANTAI,K,POW08,
SOUVARIT,JÄTKÄN LAULU YHÄ SOI,K,TAT1,
SOUVARIT,JÄTKÄN LINTU LAULAA,M,TAT3,
SOUVARIT,JÄTKÄN OMA KULTA,M,NYT HUMPATAAN,
SOUVARIT,JÄTÄT JÄLKEESI VAIN KYYNELEET,K,TAT1,
SOUVARIT,JÄÄKUKKA SILMISSÄ,K,TAT1,
SOUVARIT,KAAMOKSEN KUKKA,K,TAT1,
SOUVARIT,KADOTAAN,M,TAT3,
SOUVARIT,KAIRAN TYTTÖ TULINEN,M,TAT3,
SOUVARIT,KAKSITOISTA KURKEA,K,TAT1,
SOUVARIT,KAUNEIMMAT RUUSUT,K,TAT1,
SOUVARIT,KEMIJOEN VIIMEINEN UITTO,M,TAT2,
SOUVARIT,KERRAN VAIN YHDEN KERRAN,M,COV18,
SOUVARIT,KESÄNI AURINGOTAR,M,TAT2,
SOUVARIT,KOIVU,M,TAT2,
SOUVARIT,KOLME RUUSUA,M,TAT2,
SOUVARIT,KOLME RUUSUA,K,POW02,
SOUVARIT,KOTIIN LUOKSES SUN,M,TAT3,
SOUVARIT,KUIN HAWAJILLA,K,TAT1,
SOUVARIT,KULTA KUUME,M,TAT2,
SOUVARIT,KULTAMAA,K,TAT1,
SOUVARIT,KUUKKELILAMPI,M,KK1,
SOUVARIT,KUUKKELILAMPI,C_O,POY,30.06.2024
SOUVARIT,KYLMÄN KUKKIA,K,TAT1,
SOUVARIT,LAPIN KULTAA,M,TAT2,
SOUVARIT,LAPIN VALSSI,K,TAT1,
SOUVARIT,LAPSUUTENI RANTAAN,M,TAT2,
SOUVARIT,LAULAJAN TIE,M,TAT3,
SOUVARIT,LAULAJAN TIE,K,POW04,
SOUVARIT,LUMIKUKKIEN MAA,K,TAT1,
SOUVARIT,LUMIPERHONEN,K,TAT1,
SOUVARIT,LUMIPERHONEN,M,MDV23,
SOUVARIT,LUMIPERHONEN,C,F,09.10.2021
SOUVARIT,LUODUT TOISILLEEN,M,KK3,
SOUVARIT,LUODUT TOISILLEEN,K,TAT1,
SOUVARIT,LÄPI KATSEESI VAELLAN,M,TAT2,
SOUVARIT,MEITÄ ENKELIT KOSKETTAA,M,TAT3,
SOUVARIT,MEITÄ ENKELIT KOSKETTAA,M,COV23,
SOUVARIT,MIETIN SUA HAAVEISSAIN,M,COV14,
SOUVARIT,MINÄ KEVÄTTÄ PELKÄÄN,M,KK3,
SOUVARIT,MITÄ TÄLLÄ RAKKAUDELLA TEEN,M,COV15,
SOUVARIT,MITÄÄN VUODET EIVÄT VOI,M,TAT2,
SOUVARIT,MUISTOJA KULTALASTA,M,KK3,
SOUVARIT,NELJÄN TUULEN TIE,M,TAT3,
SOUVARIT,NELJÄN TUULEN TIE,M,KK1,
SOUVARIT,NUO TUMMAT SILMÄT,K,TAT1,
SOUVARIT,NUORUUDEN TIE,M,KK3,
SOUVARIT,NYT OON MÄ ONNELLINEN,M,TAT3,
SOUVARIT,OOTIN NIIN,K,TAT1,
SOUVARIT,OOTIN NIIN,K,KONEPC,
SOUVARIT,PAIKKA AJATON,M,KK3,
SOUVARIT,PALSILLE PALAAN,M,TAT3,
SOUVARIT,PALSIOJA,M,TAT3,
SOUVARIT,PARIISEJA,MF,FIN46A13,
SOUVARIT,PARIISEJA,K,TAT1,
SOUVARIT,PARIISEJA,C,FINNKARAOKE,02.07.2024
SOUVARIT,PITKÄÄ PÄIVÄÄ,M,COV08,
SOUVARIT,POHJOISEN POLUILLA,C_O,POY,24.02.2026
SOUVARIT,POHJOISEN TÄHDET,M,KK3,
SOUVARIT,POHJOLAN YÖ,M,TAT3,
SOUVARIT,RAKKAUS LAPPIIN,K,TAT1,
SOUVARIT,SAMAAN PAIKKAAN SAMAAN AIKAAN,M,TAT2,
SOUVARIT,SE ONKO OIKEIN,K,TAT1,
SOUVARIT,SEITSEMÄN PÄIVÄÄ,M,KK1,
SOUVARIT,SININEN HUIVI,M,TAT2,
SOUVARIT,SININEN HUIVI,C,MAURIK,05.07.2021
SOUVARIT,SINISENÄ LINTUNA,M,KK3,
SOUVARIT,SINISENÄ LINTUNA HALUAISIN LENTÄÄ,K,TAT1,
SOUVARIT,SITÄ KESÄÄ EIVÄT TUULET VIE,M,KK3,
SOUVARIT,SOITTAJAN SALAISUUS,M,TAT2,
SOUVARIT,SYDÄN KULTAINEN,M,TAT3,
SOUVARIT,SÄ ETHÄN KOSKAAN UNOHDA,K,TAT1,
SOUVARIT,SÄ TÄRKEIN OOT,M,TAT2,
SOUVARIT,TANSSI KANSSAIN,M,TAT2,
SOUVARIT,TANSSIT MUN SYDÄMEENI,M,SK4,
SOUVARIT,TUHANNEN TÄHDEN HOTELLI,K,TAT1,
SOUVARIT,TUNTURITUULI,M,TAT2,
SOUVARIT,TUOTA KULTA AIKAA,M,TAT2,
SOUVARIT,TUULI SILLOINKIN,M,TAT3,
SOUVARIT,TÄHTIYÖ JA KUUTAMO,K,TAT1,
SOUVARIT,TÄÄ PÄIVÄ HÄÄPÄIVÄ,M,TAT2,
SOUVARIT,TÄÄ PÄIVÄ HÄÄPÄIVÄ,K,POW08,
SOUVARIT,UNEN TYTTÖ,M,TAT3,
SOUVARIT,VAIN AIKA JATKAA KULKUAAN,M,TAT3,
SOUVARIT,VALKOHANKIEN MAA,M,COV16,
SOUVARIT,VANHAAN AIKAAN,M,TAT3,
SOUVARIT,VANHAAN AIKAAN,M,KK3,
SOUVARIT,VIIMEINEN MOTTI,M,TAT2,
SOUVARIT,VÄLIÄKÖS SILLÄ SITTEN ON,K,POW16,
SOUVARIT,ÄLÄ PYYDÄ MUA JÄÄMÄÄN,M,TAT2,
SPANDAU BALLET,GOLD,K,XP3,
SPANDAU BALLET,GOLD,C,ZOOM,25.04.2022
SPANDAU BALLET,GOLD AND ONLY WHEN YOU LEAVE (MEDLEY),C,ZOOM,25.04.2022
SPANDAU BALLET,TRUE,K,XP4,
SPANDAU BALLET,TRUE,C,KARAFUN,25.04.2022
SPEDE PASANEN,PRONOMINIROCK,C_O,POY,10.08.2023
SPENCER DAVIS GROUP,GIMME SOME LOVING,K,XP4,
SPENCER DAVIS GROUP,KEEP ON RUNNING,K,XP3,
SPICE GIRLS,STOP,K,XP1,
SPICE GIRLS,WANNABE,K,XP1,
SPICE GIRLS,WANNABE,C,KARAFUN,25.04.2022
SPICE GIRLS,WANNABE,M,MP&R3,
SPINAL TAP,BIG BOTTOM,C,SOLUTION,02.08.2024
SQUEEZE,COOL FOR CATS,C,ZOOM,25.04.2022
STACY ORRICO,STUCK,K,XP1,
STAIND,BELIEVE,C,CHARTBUSTER,02.08.2024
STAIND,FOR YOU,C,CCKARAOKE,04.08.2024
STAIND,IT'S BEEN AWHILE,C,SINGKING,06.08.2024
STAM1NA,APNEA,C,CROONILY,20.08.2026
STAM1NA,KADONNEET KOLME SANAA,M,HEVI 2,
STAM1NA,RISTIRIITA,M,HEVI 3,
STAM1NA,VIISI LAUKAUSTA PÄÄHÄN,M,HEVI 4,
STARSHIP,NOTHING'S GONNA STOP US NOW,K,XP3,
STATUS QUO,DON'T STOP,C_O_U,POY,02.06.2025
STATUS QUO,IN THE ARMY NOW,C,ZOOM,07.04.2023
STATUS QUO,RAVE ON,C,KARAFUN,23.05.2024
STATUS QUO,ROCKIN' ALL OVER THE WORLD,M,HR1,
STATUS QUO,ROCKIN' ALL OVER THE WORLD,C,KARAFUN,10.02.2020
STATUS QUO,WHATEVER YOU WANT,M,HR1,
STATUS QUO,WHATEVER YOU WANT,C,EK,07.04.2023
STEEL DRAGON,STAND UP AND SHOUT,C,PARTYTYME,21.03.2026
STEELHEART,I'LL NEVER LET YOU GO ANGEL EYES,C,SOUNDCHOICE,06.08.2024
STEELHEART,SHE'S GONE,C,PINOY,06.11.2021
STEELY DAN,DO IT AGAIN,C,CHANNEL,25.04.2022
STEELY DAN,JOSIE,C,KARAFUN,02.07.2024
STEELY DAN,RIKKI DON'T LOSE THAT NUMBER,C,MIZOBEAT,01.11.2022
STELLA,AAMUN KUISKAUS,K,LK21,
STELLA,AAMUN KUISKAUS,M,MEL33X,
STELLA,AAMUN KUISKAUS,M,POW29,
STELLA,HÄÄVALSSI,K,LK21,
STELLA,HÄÄVALSSI,M,MEL52X,
STELLA,HÄÄVALSSI,M,POW29,
STELLA,KORKOKENGÄT,M,MEL48Z,
STELLA,PISTE,K,POW18SR4,
STELLA,PISTE,M,MEL41Z,
STELLA,SILMÄRIPSET,M,MEL40X,
STELLA,TOTUUDEN HENKI,K,LK09,
STEPPENWOLF,BORN TO BE WILD,M,HR1,
STEPPENWOLF,BORN TO BE WILD,K,XP1,
STEPPENWOLF,BORN TO BE WILD,C,CHANNEL,28.12.2016
STEPPENWOLF,MAGIC CARPET RIDE,C,ZOOM,09.08.2024
STEPS,TRAGEDY,K,XP2,
STEREOPHONICS,SUPERMAN,K,XP2,
STEVE HARLEY & COCKNEY REBEL,MAKE ME SMILE (COME UP AND SEE ME),K,XP2,
STEVE HARLEY & COCKNEY REBEL,MAKE ME SMILE (COME UP AND SEE ME),C,ZOOM,25.04.2022
STEVE LAWRENCE,FOOTSTEPS,K,XP3,
STEVE MILLER BAND,ABRACADABRA,C,CHANNEL,26.07.2016
STEVE MILLER BAND,SERENADE,C,GOLDENCHORALE,27.07.2024
STEVE MILLER BAND,THE JOKER,C,ZOOM,01.04.2024
STEVE PERRY,FOOLISH HEART,C,VERSION,04.08.2024
STEVE PERRY,OH SHERRIE,C,SOUNDCHOICE,10.08.2024
STEVIE RAY VAUGHAN,COLD SHOT,C,ZOOM,16.03.2023
STEVIE RAY VAUGHAN,MARY HAD A LITTLE LAMB,C,@QUIQUEPOR,18.07.2024
STEVIE RAY VAUGHAN,MARY HAD A LITTLE LAMB,C,ZZANG,27.08.2021
STEVIE RAY VAUGHAN,PRIDE AND JOY,C,SOUNDCHOICE,16.03.2023
STEVIE RAY VAUGHAN,THE HOUSE IS ROCKIN,C,SOUNDCHOICE,27.08.2021
STEVIE RAY VAUGHAN,THE SKY IS CRYING,C,KARAFUN,22.11.2020
STEVIE WONDER,A PLASE IN THE SUN,M,TOPHIT27,
STEVIE WONDER,I JUST CALLED TO SAY I LOVE YOU,K,XP1,
STEVIE WONDER,I JUST CALLED TO SAY I LOVE YOU,C,CHANNEL,11.12.2020
STIDIT,PIENENÄ TYTTÖNÄ,M,MEL05Z,
STIG,IT-MIES,M,SAT18,
STIG,KUNINGASKOBRA,M,COV13,
STIG,LAULELIJA,M,SAT06,
STIG,LONKERONVÄRINEN TAIVAS,C_O,POY,05.08.2025
STIG,LUPASIT ET KELPAAN NÄIN,M,SAT16,
STIG,NIKS JA NAKS,M,SAT10,
STIG,PUUMAA MÄ METSÄSTÄN,K,LK18,
STIG,PUUMAA MÄ METSÄSTÄN,M,SAT07,
STIG,ROY ORBISON,M,LK24,
STIG,ROY ORBISON,M,MDV63,
STIG,RYYPPY,K,LK18,
STIG,RYYPPY,M,MDV57,
STIG,RYYPPY HEVOSHULLU REMIX,K,LK18,
STIG,VIHELTELEN,M,LK24,
STIG,VIHELTELEN,M,SAT09,
STINA GIRS,ANNA MUN MENNÄ,M,SAT05,
STINA GIRS,KIRJE,M,SAT05,
STINA GIRS,MÄ TAHDON TIETÄÄ MITÄ RAKKAUS ON,M,SAT11,
STING,ENGLISHMAN IN NEW YORK,C,KARAFUN,06.05.2018
STING,FIELDS OF GOLD,C,ZOOM,01.04.2024
STING,MOON OVER BOURBON STREET,C,KARAFUN,01.04.2024
STING,SHAPE OF MY HEART,C,ZZANG,13.12.2022
STONE,GET STONED,M,HEVI 1,
STONE,NO COMMANDS,M,HEVI 4,
STONE SOUR,BROTHER,C,GOODSONGS,02.08.2024
STONE SOUR,THROUGH GLASS,C,CCKARAOKE,16.08.2024
STONE SOUR,WICKED GAME,C,BELLYSINGS,13.04.2024
STONE TEMPLE PILOTS,INTERSTATE LOVE SONG,C,CCKARAOKE,06.08.2024
STONE TEMPLE PILOTS,PLUSH,C,CCKARAOKE,13.08.2024
STRANGLERS,SKIN DEEP,K,XP2,
STRANGLERS,SOMETHING BETTER CHANGE,K,XP2,
STRATOVARIUS,BLACK DIAMOND,M,HEVI 2,
STRATOVARIUS,EAGLEHEART,C,FJO,20.06.2024
STRATOVARIUS,FOREVER,C,ZZANG,30.05.2022
STRATOVARIUS,HUNTING HIGH AND LOW,M,HEVI 2,
STRATOVARIUS,HUNTING HIGH AND LOW,C,ROCK&METAL,30.05.2022
STRATOVARIUS,SPEED OF LIGHT,M,HEVI 4,
STRATOVARIUS,SPEED OF LIGHT,C,FJO,15.08.2024
STRAY CATS,ROCK THIS TOWN,C,ZOOM,13.08.2024
STURM UND DRANG,A MILLION NIGHTS,C_O_UK,POY,04.11.2024
STURM UND DRANG,INDIAN,C_O_UK,POY,21.03.2023
STURM UND DRANG,MOLLY THE MURDERER,M,SAT07,
STYX,BABE,K,XP2,
STYX,LADY,K,XP3,
STYX,LADY,C,VOCALSTAR,08.08.2024
STYX,TOO MUCH TIME ON MY HANDS,K,XP3,
STYX,TOO MUCH TIME ON MY HANDS,C,VOCALSTAR,16.08.2024
SUBLIME,SANTERIA,C,KARAFUN,25.04.2022
SUGABABES,FOLLOW ME HOME,K,XP3,
SUGABABES,IN THE MIDDLE,K,XP1,
SUGABABES,STRONGER,M,PT1,
SUNRISE AVENUE,FAIRYTALE GONE BAD,C,KARAOKEPARTY,02.11.2021
SUNRISE AVENUE,FAIRYTALE GONE BAD,M,SAT09,
SUNRISE AVENUE,HOLLYWOOD HILLS,M,SAT03,
SUNRISE AVENUE,I DON'T DANCE,M,SAT04,
SUNRISE AVENUE,LIFESAVER,M,SAT10,
SUNRISE AVENUE,NOTHING IS OVER,M,MDV63,
SUOMEN IDOLS,TUULET PUHALTAA,K,LK01,
SUOMEN IDOLS,TUULET PUHALTAA,M,MEL29X,
SUOMEN TALVISOTA 1939-1940,KEKKONEN ROCK,C_O,POY,18.07.2024
SUOMINEIDOT,KARJALAN KUNNAILLA,C,KANSANLAULUT,02.07.2024
SUOMINEIDOT,KOTIMAANI OMPI SUOMI,C,KANSANLAULUT,17.08.2022
SUOMINEIDOT,SOITTAJAPAIMEN,C,KANSANLAULUT,02.07.2024
SUOMINEIDOT,TAIVAS ON SININEN JA VALKOINEN,C,KANSANLAULUT,17.08.2022
SUOMINEIDOT,TÄÄLLÄ POHJANTÄHDEN ALLA,C,KANSANLAULUT,17.08.2022
SUPERTRAMP,THE LOGICAL SONG,C,PARTYTYME,05.03.2021
SURVIVOR,EYE OF THE TIGER,K,XP1,
SURVIVOR,EYE OF THE TIGER,C,KAPAOKENO1,08.12.2020
SUSANNA HAAVISTO,ODOTUSTA PARIISISSA,M,MEL36Z,
SUSANNA HAAVISTO & HECTOR,KANSSASI ON NIIN HYVÄ OLLA,M,MEL37Z,
SUSANNA HEIKKI,BENJAMIN,M,MEL03,
SUSANNA HEIKKI,KULKURIN KORVARENGAS,M,MEL16Z,
SUSANNA HEIKKI,LENTOSUUKKO,M,MEL02Z,
SUSANNA HEIKKI,LUONA KIOSKIN,M,MEL04X,
SUSANNA HEIKKI,SIIPENSÄ POLTTANUT ENKELI,M,MG17,20.03.2026
SUSANNA HEIKKI,TULE JOULU KULTAINEN,M,MJK1,
SUURIMAA FT SIMO SILMU,ONNEN KUKKULOILLA,C,TUOTTAJA,07.11.2024
SUURLÄHETTILÄÄT,ELOKUUN 11,K,POW09SR2,
SUURLÄHETTILÄÄT,KUKA PYSÄYTTÄISI KELLOT,M,MEL04X,
SUURLÄHETTILÄÄT,KUKA PYSÄYTTÄISI KELLOT,C_O,POY,04.08.2022
SUURLÄHETTILÄÄT,KUN TÄNÄÄN LÄHDEN,K,LK04,
SUURLÄHETTILÄÄT,MAAILMAN LAIDALLA,C_O,POY,26.09.2023
SUURLÄHETTILÄÄT,MITÄ KAIKKEE MIEHEN TULEE OLLA,M,POW29,
SUURLÄHETTILÄÄT,PITÄÄXUNAINA,K,POW13SR3,
SUURLÄHETTILÄÄT,PITÄÄXUNAINA,C,FINNISH,02.07.2024
SUURLÄHETTILÄÄT,RAHAT ON LOPPU MUTTA MYYDÄÄN VOLVO,M,MDV20,
SUURLÄHETTILÄÄT,TYHJÄ TAULU,M,POW29,
SUVENIIR,MANDOLIINID ÖÖS (EST),M_U,EST4,
SUVENIIR,VÄIKE AED (EST),M_U,EST3,
SUVI ISOTALO,UUSI,M,MDV61,
SUVI TERÄSNISKA,AVARUUS,C,TUOTTAJA,22.02.2023
SUVI TERÄSNISKA,EN SAANUT SUA PILVIIN,K,LK20,
SUVI TERÄSNISKA,ENKELILLE,K,LK20,
SUVI TERÄSNISKA,HEI MUMMO,M,LK24,
SUVI TERÄSNISKA,HENTO KUISKAUS,M,MEL48Z,
SUVI TERÄSNISKA,HENTO KUISKAUS,C,MAGNUM (POY),07.05.2022
SUVI TERÄSNISKA,HÄN TANSSI KANSSA ENKELEIDEN,K,LK20,
SUVI TERÄSNISKA,HÄN TANSSI KANSSA ENKELEIDEN,M,MEL60,
SUVI TERÄSNISKA,JOS MENET POIS,M,MEL54,
SUVI TERÄSNISKA,JOS MIKÄÄN EI RIITÄ,K,LK16,
SUVI TERÄSNISKA,JOS MIKÄÄN EI RIITÄ,M,KPP31,
SUVI TERÄSNISKA,JOS MIKÄÄN EI RIITÄ,M,MEL54,
SUVI TERÄSNISKA,JOS OLISIN MUN MIES,M,LK24,
SUVI TERÄSNISKA,JOS OLISIN MUN MIES,M,SAT14,
SUVI TERÄSNISKA,JOULUYÖ JUHLAYÖ,C,TUOTTAJA,02.12.2025
SUVI TERÄSNISKA,KAIKKI JOIDEN JÄLJET SÄÄSTIN,M,COV14,
SUVI TERÄSNISKA,KAIKKI JOIDEN JÄLJET SÄÄSTIN,C,KUNINGAS,08.06.2026
SUVI TERÄSNISKA,KAKSI YKSINÄISTÄ,M,MEL54,
SUVI TERÄSNISKA,KAUNIS JA PELOTON,M,COV19,
SUVI TERÄSNISKA,KAUNIS JA PELOTON,M,SK1,
SUVI TERÄSNISKA,KIERTOLAINEN,K,LK21,
SUVI TERÄSNISKA,KIERTOLAINEN,M,MEL51Z,
SUVI TERÄSNISKA,KYLMÄT ENKELIT,M,MEL50X,
SUVI TERÄSNISKA,LINTU (MAAILMAAN MÄ AVARAAN),C,FIAT,08.05.2026
SUVI TERÄSNISKA,MINÄ TIEDÄN MITÄ SINÄ TEIT,M,MEL55X,
SUVI TERÄSNISKA,NYT JA TÄSSÄ,C_O,POY,01.08.2025
SUVI TERÄSNISKA,ONKO RIKOS RAKASTUA,M,MDV66,
SUVI TERÄSNISKA,PAHALTA PIILOSSA,K,LK17,
SUVI TERÄSNISKA,PAHALTA PIILOSSA,M,MEL55X,
SUVI TERÄSNISKA,PALASET KOHDALLAAN,M,MEL67,
SUVI TERÄSNISKA,PETTÄVÄLLÄ JÄÄLLÄ,K,LK20,
SUVI TERÄSNISKA,POHJANTUULI,M,MDV63,
SUVI TERÄSNISKA,RAKKAUS ON LUMIVALKOINEN,K,LK20,
SUVI TERÄSNISKA,RIKKI MUTTA RIITTÄVÄ,C,KUNINGAS,05.11.2025
SUVI TERÄSNISKA,ROMANSSI,C,KUNINGAS,08.06.2026
SUVI TERÄSNISKA,SANOJA VAAN,M,MEL53PRO,
SUVI TERÄSNISKA,SEURAAVASSA ELÄMÄSSÄ,M,COV23,
SUVI TERÄSNISKA,SÄRKYNEIDEN SYDÄNTEN TIE,M,MEL52X,
SUVI TERÄSNISKA,TONTTU,C,TUOTTAJA,02.12.2025
SUVI TERÄSNISKA,TULKOON JOULU,C,TUOTTAJA,29.11.2025
SUVI TERÄSNISKA,TYHJÄSSÄ HUONEESSA,K,LK17,
SUVI TERÄSNISKA,TYHJÄSSÄ HUONEESSA,M,MDV57,
SUVI TERÄSNISKA,TÄHTI TÄHDISTÄ KIRKKAIN,C,TUOTTAJA,02.12.2025
SUVI TERÄSNISKA,TÄMÄ MAAILMA TARVITSEE RAKKAUTTA,C,FIAT,02.12.2025
SUVI TERÄSNISKA,TÄYDELLINEN ELÄMÄ,K,LK21,
SUVI TERÄSNISKA,TÄYDELLINEN ELÄMÄ,M,MEL60,
SUVI TERÄSNISKA,UUSI AAMUNKOI,M,LK25,
SUVI TERÄSNISKA,UUSI AAMUNKOI,M,MDV65,
SUVI TERÄSNISKA,VAIETTU RAKKAUS,M,LK23,
SUVI TERÄSNISKA,VAIETTU RAKKAUS,M,MDV61,
SUVI TERÄSNISKA,VARPUNEN JOULUAAMUNA,C,TUOTTAJA,02.12.2025
SUVI TERÄSNISKA & OLLI LINDHOLM,SÄRKYVÄÄ,K,LK16,
SUZI QUATRO,CAN THE CAN,M,MP&R1,
SUZI QUATRO,IF YOU CAN'T GIVE ME LOVE,C,KARAFUN,02.07.2024
SUZI QUATRO & CHRIS NORMAN,STUMBLIN IN,C,KARAFUN,02.07.2024
SVEN INGVARS,JAG VILL VARA DIN MARGARETA (SWE),M_U,SWE,
SWEDISH HOUSE MAFIA AND THE WEEKND,MOTH TO A FLAME,C,STINGRAY,12.04.2024
SWING OUT SISTER,YOU ON MY MIND,K,XP2,
SYKE,TUNTEIDEN TUOKSU,M,MG17,20.03.2026
SYSTEM OF A DOWN,AERIALS,C,CLOUD,26.02.2020
SYSTEM OF A DOWN,BYOB,C,SOUNDCHOICE,15.05.2022
SYSTEM OF A DOWN,HYPNOTIZE,C,CCKARAOKE,30.08.2025
SYSTEM OF A DOWN,INNERVISON,C,BELLYSINGS,06.08.2024
SYSTEM OF A DOWN,LONELY DAY,C,MANIA,06.08.2022
SYSTEM OF A DOWN,SUGAR,C,FUNBOX,15.08.2024
SYSTEM OF A DOWN,TOXICITY,C,LOOPINGSENF,26.02.2020
SÄRRE FT KARRI KOIRA,HESAN NAISET,M,MDV64,
T'PAU,CHINA IN YOUR HAND,K,XP2,
T'PAU,HEART AND SOUL,K,XP4,
TABULA RASA,RAKASTATKO VIELÄ KUN ON ILTA,M,MDV59,
TAIKA,SADE ON MUN KYYNELEENI,MF,FIN32A4,
TAIKAKUU,HILJAINEN ON LAULU RAKKAUDEN,M,MEL36Z,
TAIKAKUU,KAI VIELÄ JÄÄT,M,MEL19Z,
TAIKAKUU,KUUNTELEN,M,MEL38Z,
TAIKAKUU,KUUNTELEN,C,MAGNUM (POY),02.06.2022
TAIKAKUU,KUUNTELEN,M,POW19,20.03.2026
TAIKAKUU,PALAVAT SYDÄMET,M,MEL38Z,
TAIKAKUU,PIIKKILANKAA,M,MEL51Z,
TAIKAKUU,PIIKKILANKAA,M,MG17,20.03.2026
TAIKAKUU,PIIKKILANKAA,C,MAGNUM (POY),11.05.2022
TAIKAKUU,RAKASTAN SUA LIIKAA,M,MEL60,
TAIKAKUU,SAANKO LUVAN,M,KK4,
TAIKAKUU,SATU MEIDÄN RAKKAUDEN,M,MEL47Z,
TAIKAKUU,TULKOON JOULU,C,TUOTTAJA,02.12.2025
TAIKAKUU,TUNNE,M,MEL60,
TAIKAKUU,UUTEEN ELÄMÄÄN,M,MEL47Z,
TAIKAPEILI,AINA KUN SÄ MEET,MF,FIN46B4,
TAIKAPEILI,JOS SULLA ON TOINEN,M,MEL18Z,
TAIKAPEILI,MITÄ YHDESTÄ SÄRKYNEESTÄ SYDÄMESTÄ,MF,FIN18A2,
TAINA KOKKONEN,TAUNO JA ANSA,M,MDV14,
TAINA KOKKONEN,VAIN TAIVAS TIETÄÄ,M,COV08,
TAINA KOKKONEN,VAIN TAIVAS TIETÄÄ,MF,FIN45A3,
TAISKA,AAMULLA YKSIN (BOAT ON THE RIVER),C_O,POY,10.09.2025
TAISKA,HALTIN HÄÄT,C,FINNHITS,05.03.2020
TAISKA,HALTINHÄÄT,MF,FIN35A2,
TAISKA,MIKSI NÄIN,MF,FIN41B3,
TAISKA,MOI MOI VAAN,K,POW06,
TAISKA,MOMBASA,MF,FIN36,
TAISKA,MOMBASA,K,LK02,
TAISKA,MOMBASA,M,MDV17,
TAISKA,MUISTO,MF,FIN24A3,
TAISKA,RANNALLA,M,MEL16Z,
TAISKA,SULLE AINIAAN,M,MEL15Z,
TAISKA,SYSTEEMI,C_O,POY,11.01.2024
TAISKA,VILLI VAPAUDEN KAIPUU,M,MEL01Z,
TAISKA,YHDEN KERRAN,C_O,POY,19.12.2025
TAISTO AHLGREN,PETTÄJÄN TIE,MF,FIN36,
TAISTO AHLGREN,PETTÄJÄN TIE,MF,FIN4A8,
TAISTO AHLGREN,PETTÄJÄN TIE,M,MDV17,
TAISTO AHLGREN,PETTÄJÄN TIE,C,FINNKARAOKE,07.08.2020
TAISTO TAMMI,ANNA LIISA,M,MDVTAN,
TAISTO TAMMI,ANNELI ANNELI ANNELI,MF,FIN28B3,
TAISTO TAMMI,EI EROSSA YHTÄÄN ILTAA,M,MDVTAN,
TAISTO TAMMI,ILLAN KAUNEIN TYTTÖ,M,MDVTAN,
TAISTO TAMMI,ILLAN VIIMEINEN TANGO,MF,FIN29B6,
TAISTO TAMMI,ILLAN VIIMEINEN TANGO,C,FINNKARAOKE (POY),27.07.2022
TAISTO TAMMI,KESÄN TANGO,MF,FIN26B6,
TAISTO TAMMI,KOHTALON VALSSI,M,MELVALS,
TAISTO TAMMI,KULTAISET KORVARENKAAT,K,POW20TANGO,
TAISTO TAMMI,LAPIN TÄHTI,M,MDVTAN,
TAISTO TAMMI,NAISTEN TANGO,M,MDVTAN,
TAISTO TAMMI,PELKO,C_O,POY,30.03.2026
TAISTO TAMMI,PIENEN PIENI ONNI,M,MDVTAN,
TAISTO TAMMI,RAKKAUDEN RIKKAUS,C,FINNHITS,02.07.2024
TAISTO TAMMI,SOTAPOJAN TYTTÖ,M,MDVTAN,
TAISTO TAMMI,ST PAULIN LYHTYJEN ALLA,M,MDV09,
TAISTO TAMMI,SUOPURSU,M,COV18,
TAISTO TAMMI,TANGO MANDOLINO,M,MDVTAN,
TAISTO TAMMI,TANGO MEILLE KAHDELLE,M,MDVTAN,
TAISTO TAMMI,TANGO MERELLÄ,MF,FIN36,
TAISTO TAMMI,TANGO MERELLÄ,C,FINNHITS,19.10.2015
TAISTO TAMMI,TANGO SINIKALLE,M,MDVTAN,
TAISTO TAMMI,TÄNÄ ILTANA TAHTOISIN UNOHTAA,M,MDVTAN,
TAISTO TAMMI,YKSI AINOA KATSE VAIN,M,COV11,
TAKE THAT,BACK FOR GOOD,K,XP2,
TALJANKA,HUOPIKKAAT,MF,FIN19B10,
TALJANKA,HUOPIKKAAT,M,MEL46Z,
TAMARA LUND,HYVÄILE HYVÄILE VAAN,MF,FIN41A10,
TAMARA LUND,HYVÄILE HYVÄILE VAAN,C,FINNKARAOKE,18.10.2015
TAMARA LUND,ITKE EN LEMMEN TÄHDEN,K,POW11,
TAMARA LUND,JÄLJET HIEKASSA,MF,FIN53,
TAMARA LUND,JÄLJET HIEKASSA,M,MEL07,
TAMARA LUND,LAPIN TANGO,MF,FIN10B7,
TAMARA LUND,LAPIN TANGO,M,MEL26X,
TAMARA LUND,MILLER TANGO,MF,FIN37B7,
TAMARA LUND,MUISTO (MEMORY),C,MAURIK,14.11.2022
TAMARA LUND,MÄRKÄÄ ASFALTTIA,M,MEL27X,
TAMARA LUND,OLEN MIKÄ OLEN,MF,FIN24B2,
TAMARA LUND,SINUN OMASI,MF,FIN38B13,
TAMARA LUND,SINUN OMASI,MF,FIN3B1,
TAMARA LUND,SINUN OMASI,M,MDV17,
TAMARA LUND,USKON SYDÄMEN TOTUUTEEN,C,KUNINGAS,21.05.2026
TAMARA LUND,YKSINÄINEN PIHLAJA,MF,FIN40B10,
TAMMY WYNETTE,STAND BY YOUR MAN,K,XP1,
TAMMY WYNETTE,YOUR GOOD GIRLS GONNA GO BAD,K,XP2,
TAMS,HEY GIRL DON'T BOTHER ME,K,XP1,
TANELI MÄKELÄ,KAUNIS VALHE,M,MELVALS,
TANELI MÄKELÄ,OI TUNTEMATON,MF,FIN39A10,
TANELI MÄKELÄ,OI TUNTEMATON,M,MELVALS,
TANELI MÄKELÄ,TANGO HUMIKO,M,COV15,
TANGLED (DISNEY),I SEE THE LIGHT,C,SINGKING,07.10.2024
TANITA TIKARAM,TWIST IN MY SOBRIETY,C,BASECLUB,18.07.2024
TANJA MANNER,SUA JOS VOISIN RAKASTAA,C_O,POY,11.03.2024
TANSSIORKESTERI SYKE,NOUSSUT ON KUU (GRIECHISCHER WEIN),M,COV18,
TANSSIORKESTERI SYKE,VILLIT BOOTSIT,M,MEL38Z,
TAPANI KANSA,AKSELIN JA ELINAN HÄÄVALSSI,MF,FIN9A9,
TAPANI KANSA,AKSELIN JA ELINAN HÄÄVALSSI,C,FINNKARAOKE,18.10.2015
TAPANI KANSA,AMADO MIO,MF,FIN19A9,
TAPANI KANSA,AMADO MIO,M,MEL62,
TAPANI KANSA,ANNA MUN JÄÄDÄ SUN LUO,M,COV18,
TAPANI KANSA,ANNINA,M,MEL05Z,
TAPANI KANSA,DELILAH,MF,FIN40B11,
TAPANI KANSA,DELILAH,MF,FIN4A1,
TAPANI KANSA,DELILAH,K,POW04,
TAPANI KANSA,DELILAH,M,MEL39X,
TAPANI KANSA,EI ITKETÄ LAUANTAINA,MF,FIN18B4,
TAPANI KANSA,ELOISE,MF,FIN46B1,
TAPANI KANSA,HEILI KARJALASTA,C,FINNHITS,19.10.2015
TAPANI KANSA,HÄN ON NAINEN,K,POW06,
TAPANI KANSA,KALAJOEN HIEKAT,M,MDV09,
TAPANI KANSA,KALAJOEN HIEKAT (CALIFORNIA DREAMING),C,MELPLAY,30.07.2016
TAPANI KANSA,KAUEMPAA JA KAUEMPAA,MF,FIN43A10,
TAPANI KANSA,KERTOKAA SE HÄNELLE,C,FIAT,26.01.2026
TAPANI KANSA,KESÄN LAPSI,MF,FIN16A3,
TAPANI KANSA,KUINKA RAKKAUS ALKOI,K,POW16,
TAPANI KANSA,KUINKA RAKKAUS ALKOI,C,FINNHITS,29.07.2016
TAPANI KANSA,KULJEN TAAS KOTIIN PÄIN,MF,FIN30A5,
TAPANI KANSA,KULJEN TAAS KOTIIN PÄIN,C,MAURIK,14.11.2022
TAPANI KANSA,KÄYMME YHDESSÄ AIN,MF,FIN7A10,
TAPANI KANSA,MELINA,M,MDV06,
TAPANI KANSA,MILLOINKAAN EI ENÄÄ,M,MDV20,
TAPANI KANSA,MINUN TIENI,M,MEL26X,
TAPANI KANSA,MUSTAA (PAINT IT BLACK),C_O,POY,02.07.2026
TAPANI KANSA,NAIMISIIN TAHDO EN,C_O,POY,16.07.2026
TAPANI KANSA,NUKKUJA KAUNEIN,M,MEL40X,
TAPANI KANSA,NÄIN SYNTYY KYYNELEET,MF,FIN41B10,
TAPANI KANSA,PAISTA PÄIVÄ,MF,FIN25A8,
TAPANI KANSA,PITKÄT PÄIVÄT PAKERRETAAN,C_O,POY,26.10.2024
TAPANI KANSA,PÄÄTTYNEET ON PÄIVÄT,MF,FIN32B3,
TAPANI KANSA,PÄÄTTYNEET ON PÄIVÄT,C,FINNKARAOKE,02.07.2024
TAPANI KANSA,R A K A S,MF,FIN15A10,
TAPANI KANSA,R A K A S,K,POW03,
TAPANI KANSA,R A K A S,M,MEL34Z,
TAPANI KANSA,RAJU ROCKABILLY PAUKKUU,C_O,POY,19.10.2024
TAPANI KANSA,RAKKAUDEN SATU,MF,FIN29B2,
TAPANI KANSA,ROKKIVAARI HOTANEN,K,POW17,
TAPANI KANSA,ROKKIVAARI HOTANEN,M,M60'S,
TAPANI KANSA,ROMANSSI,C,FIAT,02.12.2025
TAPANI KANSA,SATU RAKKAUDEN,M,MEL46Z,
TAPANI KANSA,SULLE,MF,FIN33B5,
TAPANI KANSA,SVENGI MARY,M,M60'S,
TAPANI KANSA,SÄ LUOTA PÄIVÄÄN NOUSEVAAN,MF,FIN45B7,
TAPANI KANSA,SÄÄSTÄ SUUKKOSI VAIN,MF,FIN43B6,
TAPANI KANSA,TULE JO KOTIIN,MF,FIN22B2,
TAPANI KANSA,TULKAA TYTÖT TAKAISIN,MF,FIN33A10,
TAPANI KANSA,TULKAA TYTÖT TAKAISIN,M,MEL62,
TAPANI KANSA,TÄSSÄ JA NYT,C_O,POY,25.07.2022
TAPANI KANSA,VEIKKO NIEMINEN,MF,FIN34B1,
TAPANI KANSA,VEIKKO NIEMINEN,K,LK06,
TAPANI KANSA,VEIKKO NIEMINEN,M,MEL54,
TAPANI KANSA,VEIKKO NIEMINEN,C,FINNHITS,18.10.2015
TAPANI KANSA,ÄIDIN PIKKUPOIKA,MF,FIN35B4,
TAPANI KANSA,ÄIDIN PIKKUPOIKA,K,LK06,
TAPANI KANSA,ÄIDIN PIKKUPOIKA,M,MEL53PRO,
TAPANI KANSA & SANI,SALAISUUDESSAIN,M,MEL37Z,
TAPANI PERTTU,HILJAA JUURI KUIN LAMMEN LAINE,C,KANSANLAULUT,02.07.2024
TAPANI PERTTU,NATALIE,M,MEL01Z,
TAPANI PERTTU,YSTÄVÄN LAULU,C,FIAT,25.05.2026
TAPIO HEINONEN,EILEN KUN MÄ TIENNYT EN,MF,FIN17A9,
TAPIO HEINONEN,EILEN KUN MÄ TIENNYT EN,C,FINNKARAOKE,19.06.2015
TAPIO HEINONEN,JULIAN GRIMAU,M,MEL07,
TAPIO HEINONEN,SAMANLAINEN ONNI,MF,FIN20B4,
TAPIO HEINONEN,VANHA TIE,M,MDV06,
TAPIO RAUTAVAARA,ANTTILAN KEVÄTHUUMAUS (SJÖSALAVALS),M,MEL03,
TAPIO RAUTAVAARA,EN PÄIVÄÄKÄÄN VAIHTAISI POIS,MF,FIN33B8,
TAPIO RAUTAVAARA,EN PÄIVÄÄKÄÄN VAIHTAISI POIS,M,MELVALS,
TAPIO RAUTAVAARA,EN PÄIVÄÄKÄÄN VAIHTAISI POIS,C,FINNHITS,02.07.2024
TAPIO RAUTAVAARA,EXODUS,M,MDV14,
TAPIO RAUTAVAARA,FAIJAN BLÄDÄRI (ISOISÄN OLKIHATTU),C_O,POY,23.04.2026
TAPIO RAUTAVAARA,HEPOKATTI,MF,FIN17B8,
TAPIO RAUTAVAARA,HÄÄVALSSI,MF,FIN12B10,
TAPIO RAUTAVAARA,HÄÄVALSSI,M,MELVALS,
TAPIO RAUTAVAARA,INARINJÄRVI,MF,FIN23B9,
TAPIO RAUTAVAARA,INARINJÄRVI (I ANARJARVI),M,MEL49Z,
TAPIO RAUTAVAARA,ISOISÄN OLKIHATTU,MF,FIN8B3,
TAPIO RAUTAVAARA,ISOISÄN OLKIHATTU,M,MEL46Z,
TAPIO RAUTAVAARA,ISOISÄN OLKIHATTU,C,KARAOKETÄHTI,02.07.2024
TAPIO RAUTAVAARA,JOENSUUN ELLI,M,MEL02Z,
TAPIO RAUTAVAARA,JOS SAIS KERRAN REISSULLANSA,M,MEL43Z,
TAPIO RAUTAVAARA,JUOKSE SINÄ HUMMA,MF,FIN17B7,
TAPIO RAUTAVAARA,JUOKSE SINÄ HUMMA,M,MEL19Z,
TAPIO RAUTAVAARA,JUOKSE SINÄ HUMMA,C,FINNKARAOKE,29.07.2016
TAPIO RAUTAVAARA,KOHTI ALASKAA,M,MEL18Z,
TAPIO RAUTAVAARA,KORTTIPAKKA,K,POW16,
TAPIO RAUTAVAARA,KORTTIPAKKA,M,MEL26X,
TAPIO RAUTAVAARA,KULKURI JA JOUTSEN,MF,FIN15B9,
TAPIO RAUTAVAARA,KULKURI JA JOUTSEN,M,MEL41Z,
TAPIO RAUTAVAARA,KULKURI JA JOUTSEN,C,FINNHITS,07.08.2020
TAPIO RAUTAVAARA,KULKURIN ILTATÄHTI,MF,FIN19B9,
TAPIO RAUTAVAARA,KULKURIN ILTATÄHTI,M,MEL46Z,
TAPIO RAUTAVAARA,KULKURIN ILTATÄHTI,C,MAURIK,09.10.2021
TAPIO RAUTAVAARA,KULKURIN VALSSI,M,MELVALS,
TAPIO RAUTAVAARA,KULKURIVELJENI JAN,MF,FIN29B8,
TAPIO RAUTAVAARA,KULKURIVELJENI JAN,M,MEL53PRO,
TAPIO RAUTAVAARA,KULTAINEN NUORUUS,C,FINNKARAOKE,29.07.2016
TAPIO RAUTAVAARA,KUUBALAINEN SERENADI,M,MEL55X,
TAPIO RAUTAVAARA,LAPIN JENKKA,MF,FIN15B7,
TAPIO RAUTAVAARA,LAULUNI AIHEET,MF,FIN26B10,
TAPIO RAUTAVAARA,LENTÄJÄN VALSSI,MF,FIN17B10,
TAPIO RAUTAVAARA,LENTÄJÄN VALSSI,C,FINNKARAOKE,29.07.2016
TAPIO RAUTAVAARA,MENEN ENKÄ MEINAA,M,MDV66,
TAPIO RAUTAVAARA,NELJÄN TUULEN TIELLÄ,MF,FIN28A10,
TAPIO RAUTAVAARA,ON AIVAN SAMA,C_O,POY,10.11.2025
TAPIO RAUTAVAARA,ONTUVA ERIKSSON,M,MDV59,
TAPIO RAUTAVAARA,ORPOPOJAN VALSSI,MF,FIN28B10,
TAPIO RAUTAVAARA,ORPOPOJAN VALSSI,M,MELVALS,
TAPIO RAUTAVAARA,POHJANTÄHDEN ALLA,C,FIAT,25.05.2026
TAPIO RAUTAVAARA,POHJOLAN YÖ,MF,FIN28B7,
TAPIO RAUTAVAARA,POHJOLAN YÖ,C,FINNKARAOKE,02.07.2024
TAPIO RAUTAVAARA,PÄIVÄNSÄDE JA MENNINKÄINEN,MF,FIN1B6,
TAPIO RAUTAVAARA,PÄIVÄNSÄDE JA MENNINKÄINEN,MF,FIN42A14,
TAPIO RAUTAVAARA,PÄIVÄNSÄDE JA MENNINKÄINEN,K,POW02,
TAPIO RAUTAVAARA,PÄIVÄNSÄDE JA MENNINKÄINEN,M,MDV23,
TAPIO RAUTAVAARA,PÄIVÄNSÄDE JA MENNINKÄINEN,C,POWER,03.12.2014
TAPIO RAUTAVAARA,RAKOVALKEALLA,MF,FIN27B9,
TAPIO RAUTAVAARA,RAKOVALKEALLA,M,MEL46Z,
TAPIO RAUTAVAARA,RALLI,M,MEL24X,
TAPIO RAUTAVAARA,REISSUMIES JA KISSA,MF,FIN18B9,
TAPIO RAUTAVAARA,REISSUMIES JA KISSA,C,FINNKARAOKE,02.07.2024
TAPIO RAUTAVAARA,REPPU JA REISSUMIES,MF,FIN20B10,
TAPIO RAUTAVAARA,REPPU JA REISSUMIES,C,TOIVEKARAOKE,02.07.2024
TAPIO RAUTAVAARA,RÖÖPERIN REISKA,C_O,POY,03.09.2026
TAPIO RAUTAVAARA,SININEN UNI,MF,FIN16B9,
TAPIO RAUTAVAARA,TAIVAS ON SININEN JA VALKOINEN,C,MAURIK,19.06.2015
TAPIO RAUTAVAARA,TUO AIKA TOUKOKUUN,M,MEL07,
TAPIO RAUTAVAARA,TUOPIN JÄLJET,MF,FIN6B9,
TAPIO RAUTAVAARA,TUOPIN JÄLJET,M,MDV23,
TAPIO RAUTAVAARA,VAIN MERIMIES VOI TIETÄÄ,M,MEL24X,
TAPIO RAUTAVAARA,VAIN MERIMIES VOI TIETÄÄ,C,MAURIK,15.11.2022
TAPIO RAUTAVAARA,VANGIN LAULU,M,MEL42Z,
TAPIO RAUTAVAARA,VÄLIAIKAINEN,MF,FIN9B8,
TAPIO RAUTAVAARA,YÖLINJALLA,MF,FIN7B4,
TAPIO RAUTAVAARA,YÖLINJALLA,M,MEL46Z,
TAPIO RAUTAVAARA,YÖLINJALLA,C,TOIVEKARAOKE,02.07.2024
TARJA LUNNAS,AIKA TÄYTYY UNOHTAA,M,MDV20,
TARJA LUNNAS,ALLA LEHMUSTEN KULJETTIIN,M,MDV12,
TARJA LUNNAS,EN KATSO TAAKSEPÄIN,M,MEL36Z,
TARJA LUNNAS,HAAVEIDEN MAA,M,MEL25X,
TARJA LUNNAS,HULLUT SYDÄMET,M,MEL30X,
TARJA LUNNAS,HYVÄILE HYVÄILE VAAN,M,COV13,
TARJA LUNNAS,KULTAKRUUNU,MF,FIN46A9,
TARJA LUNNAS,KULTAKRUUNU  (HUOM! LOPPUU KESKEN),M,MDV14,
TARJA LUNNAS,LEMMENPÖLYÄ,MF,FIN47A4,
TARJA LUNNAS,LEMMENPÖLYÄ,M,MEL05Z,
TARJA LUNNAS,MEIDÄN HEHKUVA HIILLOS,MF,FIN53,
TARJA LUNNAS,MEIDÄN HEHKUVA HIILLOS,M,MEL19Z,
TARJA LUNNAS,MEIDÄN YÖ,M,MDV69,
TARJA LUNNAS,MINKÄ VUOKSI SITTEN RAKASTUTTIIN,M,MDV20,
TARJA LUNNAS,MUN SYDÄN VILLI VALLATON,M,MEL37Z,
TARJA LUNNAS,NAURAEN TASSIEN,M,MEL13Z,
TARJA LUNNAS,OI BEIBI JÄÄ,M,MEL16Z,
TARJA LUNNAS,ON AIKA MENNYT MENOJAAN,M,MG17,20.03.2026
TARJA LUNNAS,ONNENTYTTÖ,M,MEL44X,
TARJA LUNNAS,OON RAKASTUNUT,K,POW10,
TARJA LUNNAS,OON RAKASTUNUT,M,MEL19Z,
TARJA LUNNAS,PARATIISISAARI,M,MDV10,
TARJA LUNNAS,PARIISIN KUU,MF,FIN42A3,
TARJA LUNNAS,PARIISIN KUU,K,POW02,
TARJA LUNNAS,PARIISIN KUU,M,MEL26X,
TARJA LUNNAS,POHJANTÄHTI,MF,FIN41A1,
TARJA LUNNAS,POHJANTÄHTI,M,MEL26X,
TARJA LUNNAS,SALAMOI,K,POW12,
TARJA LUNNAS,SEINE,MF,FIN33A1,
TARJA LUNNAS,SEINE,K,POW03,
TARJA LUNNAS,SEINE,M,MDV23,
TARJA LUNNAS,SEINE,C,MAURIK,09.10.2021
TARJA LUNNAS,SEN NYT VAIN SULLE KERTOISIN,M,MEL42Z,
TARJA LUNNAS,SOITA KUN TUNNET NIIN,M,MEL15Z,
TARJA LUNNAS,SOITA KUN TUNNET NIIN,C,MELPLAY,05.03.2020
TARJA LUNNAS,TAKATALVI,M,MEL25X,
TARJA LUNNAS,TURHAT KYYNELEET,M,MEL05Z,
TARJA LUNNAS (JASKA MÄKYNEN),SINULLE SYNTYMÄPÄIVÄNÄSI,M,COV08,
TARJA YLITALO,ANNOIT MULLE MUISTON,C,FIAT,23.08.2026
TARJA YLITALO,EI TÄMÄ TYTTÖ LEMPEÄ ANELE,M,KK1,
TARJA YLITALO,KERRASTA POIKKI,MF,FIN39A13,
TARJA YLITALO,KERRASTA POIKKI,MF,FIN3A10,
TARJA YLITALO,KERRASTA POIKKI,M,MEL46Z,
TARJA YLITALO,LAPIN ÄIDIN KEHTOLAULU,M,SASO12,
TARJA YLITALO,MUSTAN KIPPEE,M,KK1,
TARJA YLITALO,MUSTANKIPPEE,M,MEL18Z,
TARJA YLITALO,MUSTANKIPPEE,M,NYT HUMPATAAN,
TARJA YLITALO,NELJÄ VAHVAA TUULTA,M,MDV14,
TARJA YLITALO,OLET MULLE TÄRKEIN,M,KK1,
TARJA YLITALO,REVONTULIHUMPPA,M,COV16,
TARJA YLITALO,TÄNÄÄN HUIPULLA,M,MEL03,
TARKAN,AYRILIK ZOR (TUR),C_U,TUR,25.04.2022
TARKAN,DUDU (TUR),C_U,TUR,25.04.2022
TARKAN,SIMARIK (KISS KISS) (TUR),C_U,TUR,25.04.2022
TARMO PIHLAP,ALICE (EST),M_U,EST1,
TARMO PIHLAP,AMARILLO (EST),M_U,EST3,
TARMO PIHLAP,FILMISTAAR (EST),M_U,EST3,
TARMO PIHLAP,HÛLJATUD MEES (EST),M_U,EST1,
TARMO PIHLAP,JÄRVE KESKEL (EST),M_U,EST1,
TARMO PIHLAP,KOJU LÄEN (EST),M_U,EST4,
TARMO PIHLAP,METSATEEL (EST),M_U,EST4,
TARMO PIHLAP,TOOMEMÄEL (EST),M_U,EST2,
TARMO PIHLAP,VALGED ROOSID (EST),M_U,EST3,
TAROT,LOVE'S NOT MADE FOR MY KIND,M,HEVI 4,
TAROT,PYRE OF GODS,M,HEVI 4,
TAROT,WINGS OF DARKNESS,M,HEVI 3,
TATU,NOT GONNA GET US,K,XP3,
TAUNO PALO,KULKURIN VALSSI,MF,FIN9A5,
TAUNO PALO,RAKKAUDEN TULI,M,MEL22X,
TAUNO PALO,ROSVO ROOPE,MF,FIN2B10,
TAUNO PALO,ROSVO ROOPE,MF,FIN43A14,
TAUNO PALO,ROSVO ROOPE,M,MDV17,
TAUNO PALO,RUUSU ON PUNAINEN,M,MDV06,
TAUNO PALO,TUOHINEN SORMUS,M,MEL54,
TAUNO PALO,YKSI RUUSU ON KASVANUT LAAKSOSSA,M,MEL05Z,
TAUNO PALO,YKSI RUUSU ON KASVANUT LAAKSOSSA,C,MAURIK,30.09.2023
TAUSKI PELTONEN,ETSIN KUNNES LÖYDÄN SUN,C,FIAT,25.05.2026
TAUSKI PELTONEN,HE KUULUVAT TOISILLEEN,M,MEL54,
TAUSKI PELTONEN,HYMY,C,FIAT,25.05.2026
TAUSKI PELTONEN,HYVÄÄ SYNTYMÄPÄIVÄÄ,C,FIAT,26.01.2026
TAUSKI PELTONEN,ILMAN SUA,C,FIAT,25.05.2026
TAUSKI PELTONEN,JOS JÄÄT,C,FIAT,25.05.2026
TAUSKI PELTONEN,KOSKAAN ET MUUTTUA SAA,C,FIAT,25.05.2026
TAUSKI PELTONEN,KOSKAAN ET MUUTTUA SAA,C_O,POY,11.07.2025
TAUSKI PELTONEN,LAPSUUDEN TOVERILLE,C,KANSANLAULUT,02.07.2024
TAUSKI PELTONEN,LENNÄN SUN LUO (I'LL FLY WITH YOU) (RADIO EDIT),C,FIAT,25.05.2026
TAUSKI PELTONEN,LINTU PIENI,M,MEL49Z,
TAUSKI PELTONEN,NIIN MINÄ SINULLE KUULUN,M,MEL05Z,
TAUSKI PELTONEN,NIIN MINÄ SINULLE KUULUN,C,FIAT,25.05.2026
TAUSKI PELTONEN,NOLLA MARKKAA RAKKAUDESTA,C,FIAT,25.05.2026
TAUSKI PELTONEN,OL KAUNIS KESÄILTA,C,KANSANLAULUT,17.08.2022
TAUSKI PELTONEN,OLE SINÄ MINUN,K,POW09SR2,
TAUSKI PELTONEN,OLET NIIN KAUNIS,C,FIAT,25.05.2026
TAUSKI PELTONEN,ORANSSIN AURINGON ALLA,M,COV15,
TAUSKI PELTONEN,RAKASTAN SUA,M,MDV57,
TAUSKI PELTONEN,SINÄ ELÄT MINUN KAUNIISSA,C,FIAT,20.04.2026
TAUSKI PELTONEN,SINÄ VAIN,MF,FIN26A3,
TAUSKI PELTONEN,SINÄ VAIN,K,POW06,
TAUSKI PELTONEN,SINÄ VAIN,M,MEL39X,
TAUSKI PELTONEN,SINÄ VAIN,C,FINNHITS,01.09.2014
TAUSKI PELTONEN,TAAS NUORI OON,M,MDV59,
TAUSKI PELTONEN,TAAS NUORI OON (FOREVER YOUNG),M,COV06,
TAUSKI PELTONEN,TAIVAASSA TAVANNEET,M,MDV12,
TAUSKI PELTONEN,TULE MINUT HAKEMAAN TÄÄLTÄ POIS,M,COV17,
TAUSKI PELTONEN,YKSI RUUSU ON KASVANUT LAAKSOSSA,C,KANSANLAULUT (POY),23.02.2025
TAUSKI PELTONEN & HELENA MILLER,HAAVEMAA,MF,FIN38B2,
TAUSKI PELTONEN & HELENA MILLER,HAAVEMAA,M,MDV11,
TAUSKI PELTONEN FT ENZO,MITÄ JOS,M,MEL50X,
TAVARAMARKKINAT,KEVÄT,K,POW05SR1,
TAVARAMARKKINAT,KEVÄT,M,MDV17,
TAXI,DOLLAR WINE,K,XP4,
TAYLOR DAYNE,I'LL ALWAYS LOVE YOU,M,PIO018,
TAYLOR SWIFT,THE FATE OF OPHELIA,C,KUNINGAS,05.11.2025
TCT FT JONTTE VALOSAARI,RANNALLE,M,SAT13,
TEA,TYTÖT TYKKÄÄ,K,LK10,
TEA,TYTÖT TYKKÄÄ,M,MEL48Z,
TEARS FOR FEARS,EVERYBODY WANTS TO RULE THE WORLD,K,XP1,
TED NUGENT,CAT SCRATCH FEVER,C,LETSSING,02.08.2024
TED NUGENT,FREE FOR ALL,C,PARTYTYME,04.08.2024
TED NUGENT,HEY BABY,C,DANCEROUS,05.08.2024
TED NUGENT,MOTOR CITY MADHOUSE,C,CHANNEL,09.08.2024
TED NUGENT,WANGO TANGO,C,CHANNEL,18.08.2024
TEDDY & THE TIGERS,DANCIN' SHOES,C_O_UK,POY,05.02.2026
TEDDY SWIMS,LOSE CONTROL,C,MRENTERTAINER,03.02.2024
TEFLON BROTHERS,LÄHIÖUNELMII,C_O,POY,03.01.2024
TEFLON BROTHERS,MARADONA (KESÄ 86),M,LK25,
TEFLON BROTHERS,MARADONA (KESÄ 86),M,SAT13,
TEFLON BROTHERS FT ILARI SAHAMIES,PÄMPPÄÄ,M,LK25,
TEFLON BROTHERS FT ILARI SAHAMIES,PÄMPPÄÄ,M,SAT15,
TEFLON BROTHERS FT RESSU,HUBBA BUBBA,M,COV08,
TEFLON BROTHERS FT TANGO TEEMU,AY AY AY,M,LK25,
TEFLON BROTHERS FT TANGO TEEMU,AY AY AY,M,SAT17,
TEHOSEKOITIN,ASFALTTI POLTTAA,K,POW18SR4,
TEHOSEKOITIN,ASFALTTI POLTTAA,M,MEL36Z,
TEHOSEKOITIN,C'MON BABY YEAH,M,SAT03,
TEHOSEKOITIN,HETKEN TIE ON KEVYT,M,MEL50X,
TEHOSEKOITIN,KAIKKI NUORET TYYPIT,M,MEL53PRO,
TEHOSEKOITIN,KAUKAISIMMALLE RANNALLE,M,SAT02,
TEHOSEKOITIN,MAAILMA ON SUN,M,MEL52X,
TEHOSEKOITIN,MAAILMA ON SUN,C_O,POY,20.11.2022
TEHOSEKOITIN,PILLITÄ ELLI PILLITÄ,K,POW05SR1,
TEHOSEKOITIN,PYYDÄ TÄHDET TAIVAALTA,K,LK03,
TEHOSEKOITIN,VALONKANTAJA,K,POW18SR4,
TEIJO JOUTSELA JA HUMPPA-VEIKOT,ALASKA,MF,FIN10B4,
TEIJO JOUTSELA JA HUMPPA-VEIKOT,BUBLITSHKI,MF,FIN41B10,
TEIJO JOUTSELA JA HUMPPA-VEIKOT,MATALAN TORPAN HUMPPA,M,NYT HUMPATAAN,
TEIJO JOUTSELA JA HUMPPA-VEIKOT,ODESSA,MF,FIN45B13,
TEIJO JOUTSELA JA HUMPPA-VEIKOT,ODESSA,MF,FIN4B7,
TEIJO JOUTSELA JA HUMPPA-VEIKOT,PIENI POLKU,MF,FIN3B3,
TEIJO JOUTSELA JA HUMPPA-VEIKOT,SILMÄT TUMMAT KUIN YÖ,M,MEL43Z,
TEIJO JOUTSELA JA HUMPPA-VEIKOT,SILMÄT TUMMAT KUIN YÖ,C,FINNHITS,19.10.2015
TEIJO JOUTSELA JA HUMPPA-VEIKOT,SILMÄT TUMMAT KUIN YÖ,M,NYT HUMPATAAN,
TEIJO JOUTSELA JA HUMPPA-VEIKOT,TAMMERKOSKI,MF,FIN26B4,
TEIJO JOUTSELA JA HUMPPA-VEIKOT,TULIPUNARUUSUT,MF,FIN1B11,
TEIJO JOUTSELA JA HUMPPA-VEIKOT,TULIPUNARUUSUT,MF,FIN42B13,
TEIJO JOUTSELA JA HUMPPA-VEIKOT,TULIPUNARUUSUT,M,NYT HUMPATAAN,
TEIJO JOUTSELA JA HUMPPA-VEIKOT,URALIIN,MF,FIN17B5,
TEIJO JOUTSELA JA HUMPPA-VEIKOT,YÖ ALTAILLA,M,MEL43Z,
TELEKS,ELÄMÄNI VIIMEINEN ELÄMÄNI RAKKAUS,C_O,POY,30.08.2026
TELEKS,HILJAA VIRTAA VANTAA,M,MEL24X,
TELEKS,KAUNEIN KAIKISTA,K,LK18,
TELEKS,KOTIMATKALLA,M,MEL54,
TELEKS,SIIVET,M,MEL22X,
TELEKS,TOMMY TABERMANN,M,MDV66,
TELEKS,TUULILASIN NURKKAAN,K,LK08,
TELEKS,TUULILASIN NURKKAAN,M,MEL45Z,
TELEKS,TUULILASIN NURKKAAN,C,LAULAVAKOIRA,05.08.2020
TELEKS,TYTTÖ JOKA KATSOO MERELLE,K,LK19,
TELEKS,TYTTÖ JOKA KATSOO MERELLE,M,MEL54,
TELMA,SYDÄNMYRSKY,M,MEL48Z,
TEMPTATIONS,MY GIRL,K,XP1,
TEN SHARP,YOU,C,ZOOM,23.03.2024
TEN YEARS AFTER,CHOO CHOO MAMA,C_O_U,POY,11.11.2024
TEN YEARS AFTER,I'M GOING HOME,C,HD,12.06.2024
TEN YEARS AFTER,LET THE SKY FALL,C,ALVIN LEE,12.06.2024
TENACIOUS D,TRIBUTE,K,XP2,
TEPPO RUOHONEN,JÄLKEENPÄIN,C_O,POY,06.01.2025
TERENCE TRENT D'ARBY,SIGN YOUR NAME,K,XP1,
TERESA ROSENIUS,MENOLIPPU,MF,FIN36,
TERESA ROSENIUS,MENOLIPPU,MF,FIN3A2,
TERHI JOKILA,RIVITANSSI,M,MEL04X,
TERMINAATOR,TÄNAPÄEVA MUINASLUGU (EST),M_U,EST2,
TERRY JACKS,SEASONS IN THE SUN,M,EXT1,
TERRY JACKS,SEASONS IN THE SUN,C,CHANNEL,09.01.2017
TERÄSBETONI,KUNINKAAT,M,MEL40X,
TERÄSBETONI,METALLIN VOIMA,C,FIAT,25.05.2026
TERÄSBETONI,METALLISYDÄN,M,HEVI 2,
TERÄSBETONI,METALLISYDÄN,M,MEL36Z,
TERÄSBETONI,ORJATAR,M,HEVI 2,
TERÄSBETONI,ORJATAR,C_O,POY,03.11.2025
TERÄSBETONI,SOTURILLE,M,MEL40X,
TERÄSBETONI,TAIVAS LYÖ TULTA,M,HEVI 1,
TERÄSBETONI,TAIVAS LYÖ TULTA,K,LK06,
TERÄSBETONI,TAIVAS LYÖ TULTA,M,MEL37Z,
TERÄSBETONI,VIIMEINEN TUOPPI,M,HEVI 4,
TERÄSBETONI,VOIMAN VARTIJAT,C,FIAT,25.05.2026
TERÄSBETONI,VOITTAMATON,C,FIAT,25.05.2026
TESLA,LOVE SONG,C,PINOY,09.08.2024
TESLA,MODERN DAY COWBOY,C,KILLER,09.08.2024
TESLA,SIGNS,C,PARTYTYME,14.08.2024
TESLA,WHAT YOU GIVE,C,RVZN,18.08.2024
TEUVO VALO,PUUSEPPÄ,K,KONEPC,
TEXAS LIGHTING,NO NO NEVER,K,XP3,
THE 69 EYES,BRANDON LEE,C,SAKAALI,16.10.2022
THE 69 EYES,LOST BOYS,C,SAKAALI,16.10.2022
THE 69 EYES,NEVER SAY DIE,C,SAKAALI,16.10.2022
THE 69 EYES,TONIGHT,C_O_UK,POY,21.10.2022
THE ALLMAN BROTHERS BAND,RAMBLIN' MAN,M,PIO005,
THE ANIMALS,DON'T LET ME BE UNDERSTOOD,M,MP&R2,
THE ANIMALS,HOUSE OF THE RISING SUN,K,XP1,
THE ANIMALS,THE HOUSE OF THE RISING SUN,C,KARAFUN,25.04.2022
THE ANIMALS,HOUSE OF THE RISING SUN,M,PIO018,
THE ANIMALS,HOUSE OF THE RISING SUN,M,TOPHIT27,
THE ART COMPANY,SUSANNA,C,ZOOM,22.11.2020
THE BAND PERRY,IF I DIE YOUNG,C,SINGKING,07.10.2024
THE BASEBALLS,BLEEDING LOVE,C,ZOOM,21.03.2026
THE BASEBALLS,UMBRELLA,C,VERSION,25.05.2026
THE BAY CITY ROLLERS,I ONLY WANT TO BE WITH YOU,K,POW09SR2,
THE BAY CITY ROLLERS,I ONLY WANT TO BE WITH YOU,C,ZOOM,25.04.2022
THE BAY CITY ROLLERS,SHANG A LANG,K,XP1,
THE BAY CITY ROLLERS,THE BUMB,K,XP2,
THE BEACH BOYS,CALIFORNIA GIRLS,M,PIO1B4,
THE BEACH BOYS,GOOD VIBRATIONS,K,XP2,
THE BEACH BOYS,SURFIN' USA,K,XP4,
THE BEATLES,A DAY IN THE LIFE,C,ZOOM,23.04.2022
THE BEATLES,A HARD DAYS NIGHT,K,XP3,
THE BEATLES,ALL MY LOVING,C,CLOUD,12.12.2016
THE BEATLES,ALL YOU NEED IS LOVE,C,CHANNEL,01.04.2024
THE BEATLES,AND I LOVE HER,C,CLOUD,06.12.2019
THE BEATLES,BACK IN THE USSR,K,XP4,
THE BEATLES,BACK IN THE USSR,C,MIZOBEAT,19.05.2018
THE BEATLES,CAN'T BUY ME LOVE,C,KARAFUN,22.11.2020
THE BEATLES,CAN'T BUY ME LOVE,M,PIO018,
THE BEATLES,COME TOGETHER,C,RLUCRA,05.04.2021
THE BEATLES,EIGHT DAYS A WEEK,K,XP1,
THE BEATLES,EIGHT DAYS A WEEK,C,KARAFUN,29.11.2020
THE BEATLES,EIGHT DAYS A WEEK,M,PIO1A8,
THE BEATLES,GET BACK,M,PIO005,
THE BEATLES,HELLO GOODBYE,M,PIO018,
THE BEATLES,HELP!,K,XP1,
THE BEATLES,HELP!,C,KARAFUN,29.04.2018
THE BEATLES,HELTER SKELTER,C,SUNFLY,05.08.2024
THE BEATLES,HERE COMES THE SUN,C,ZOOM,23.04.2022
THE BEATLES,HEY JUDE,K,XP1,
THE BEATLES,HEY JUDE,C,ZOOM,05.08.2024
THE BEATLES,I AM THE WALRUS,C,ZOOM,23.04.2022
THE BEATLES,I FEEL FINE,C,SUNFLY,23.05.2022
THE BEATLES,I SAW HER STANDING THERE,C,RLUCRA,19.05.2018
THE BEATLES,I SHOULD HAVE KNOWN BETTER,C,KARAFUN,29.11.2020
THE BEATLES,I SHOULD KNOW BETTER,M,PIO018,
THE BEATLES,I WANT TO HOLD YOUR HAND,C,KARAFUN,29.11.2020
THE BEATLES,I'LL BE BACK,C,RLUCRA,10.09.2023
THE BEATLES,IF I FELL,C,KARAOKEJP,27.08.2022
THE BEATLES,IN MY LIFE,C,SINGKING,07.12.2025
THE BEATLES,LET IT BE,M,EXT1,
THE BEATLES,LET IT BE,K,XP4,
THE BEATLES,LET IT BE,C,RLUCRA,02.07.2024
THE BEATLES,LUCY I THE SKY WITH DIAMONDS,M,PIO020,
THE BEATLES,MICHELLE,M,PIO1A7,
THE BEATLES,MONEY (THAT'S WHAT I WANT),M,PIO005,
THE BEATLES,NOWHERE MAN,M,DKG16,
THE BEATLES,OBLADI OBLADA,C,RLUCRA,29.11.2020
THE BEATLES,PLEASE MR POSTMAN,C,KARAFUN,29.04.2018
THE BEATLES,SHE LOVES YOU,K,XP2,
THE BEATLES,SHE LOVES YOU,C,MIZOBEAT,29.11.2020
THE BEATLES,SOMETHING,C,RLUCRA,29.11.2020
THE BEATLES,STRAWBERRY FIELDS FOREVER,M,PIO020,
THE BEATLES,THE LONG AND WINDING ROAD,C,RLUCRA,11.07.2021
THE BEATLES,TICKET TO RIDE,K,XP3,
THE BEATLES,TICKET TO RIDE,C,KARAFUN,29.11.2020
THE BEATLES,TICKET TO RIDE,M,PIO005,
THE BEATLES,TWIST AND SHOUT,K,XP1,
THE BEATLES,TWIST & SHOUT,C,KARAFUN,05.04.2018
THE BEATLES,WE CAN WORK IT OUT,M,DKG16,
THE BEATLES,WHILE MY GUITAR GENTLY WEEPS,C,MIZOBEAT,06.08.2020
THE BEATLES,YESTERDAY,K,XP4,
THE BEATLES,YESTERDAY,C,SINGKING,05.03.2020
THE BEE GEES,EMOTION,C,ZOOM,30.09.2014
THE BEE GEES,HOW DEEP IS YOUR LOVE,M,EXT1,
THE BEE GEES,HOW DEEP IS YOUR LOVE,K,XP4,
THE BEE GEES,HOW DEEP IS YOUR LOVE,C,ZOOM,30.09.2014
THE BEE GEES,MASSACHUSETTS,M,MP&R2,
THE BEE GEES,MORE THAN A WOMAN,C,ZOOM,31.10.2022
THE BEE GEES,NIGHT FEVER,M,EXT1,
THE BEE GEES,NIGHT FEVER,K,XP1,
THE BEE GEES,NIGHT FEVER,C,ZOOM,30.09.2014
THE BEE GEES,STAYIN' ALIVE,K,XP4,
THE BEE GEES,STAYIN' ALIVE,C,TRACKSPLANET,19.05.2018
THE BEE GEES,STAYING ALIVE,M,EXT1,
THE BEE GEES,TO LOVE SOMEBODY,M,MP&R2,
THE BEE GEES,YOU SHOULD BE DANCING,K,XP3,
THE BEE GEES,YOU WIN AGAIN,C,ZOOM,07.01.2021
THE BLACK CROWES,HARD TO HANDLE,C,KARAFUN,05.08.2024
THE BLANKO,ELECTRIC DESIRE,C_O_UK,POY,14.04.2023
THE BLASTERS,MARIE MARIE,C,CAUTION,04.10.2025
THE BLUES BAND,DIDDY WAH DIDDY,C_O_U,POY,04.05.2024
THE BLUES BROTHERS,6345 789,C,ZOOM,17.04.2026
THE BLUES BROTHERS,EVERYBODY NEEDS SOMEBODY,K,XP1,
THE BLUES BROTHERS,EVERYBODY NEEDS SOMEBODY,C,FACTORY,08.12.2020
THE BLUES BROTHERS,GIMME SOME LOVIN',C,ZOOM,17.04.2026
THE BLUES BROTHERS,HEY BARTENDER,C,ZOOM,17.04.2026
THE BLUES BROTHERS,I GOT EVERYTHING I NEED ALMOST,C,CALIS,17.04.2026
THE BLUES BROTHERS,MEDLEY 1 (3 KPL mm EVERYBODY NEEDS SOMEBODY...),C,ZOOM,14.04.2026
THE BLUES BROTHERS,MEDLEY 2 (3 KPL mm SOUL MAN...),C,ZOOM,14.04.2026
THE BLUES BROTHERS,MINNIE THE MOOCHER,K,XP1,
THE BLUES BROTHERS,NEW ORLEANS,C,EK,16.05.2026
THE BLUES BROTHERS,RAWHIDE,C,ZOOM,01.10.2014
THE BLUES BROTHERS,SHAKE A TAILFATHER,C,ZOOM,17.04.2026
THE BLUES BROTHERS,SHE CAUGHT THE KATY,C,ZOOM,17.04.2026
THE BLUES BROTHERS,SHOTGUN BLUES (LIVE),C,LOVESLINGER,17.04.2026
THE BLUES BROTHERS,SOUL MAN,K,XP2,
THE BLUES BROTHERS,SWEET HOME CHICAGO (RADIO VERSION),C,CHANNEL,25.05.2022
THE BOX TOPS,THE LETTER,C,ZZANG,27.07.2024
THE BROTHERS FOUR,GREENFIELDS,M,DKG16,
THE BROTHERS FOUR,TRY TO REMEMBER,M,DKG16,
THE BYRDS,MR TAMBOURINE MAN,K,XP3,
THE BYRDS,MR TAMBOURINE MAN,C,KARAFUN,25.04.2022
THE BYRDS,TURN TURN TURN,M,PIO13B9,
THE CAPTAIN & TENNILLE,DO THAT TO ME ONE MORE TIME,M,PIO018,
THE CAPTAIN & TENNILLE,LOVE WILL KEEP US TOGETHER,K,XP4,
THE CARS,DRIVE,C,RLUCRA,24.10.2022
THE CARS,DRIVE,M,MP&R2,
THE CASCADES,RHYTHM OF THE RAIN,C,KARAFUN,25.04.2022
THE CASCADES,RHYTHM OF THE RAIN,M,TOPHIT27,
THE CHAMPS,TEQUILA,C,SINGKING,22.04.2024
THE CHICKS,LONG TIME GONE,M,PIO020,
THE CHIFFONS,ONE FINE DAY,M,PIO13B1,
THE CLASH,BRAND NEW CADILLAC,C,CCKARAOKE,04.08.2020
THE CLASH,I FOUGHT THE LAW,C,CCKARAOKE,07.01.2021
THE CLASH,LONDON CALLING,C,CCKARAOKE,07.01.2021
THE CLASH,ROCK THE CASBAH,K,XP4,
THE CLASH,ROCK THE CASBAH,C,CCKARAOKE,07.01.2021
THE CLASH,SHOULD I STAY OR SHOULD I GO,K,XP4,
THE CLASH,SHOULD I STAY OR SHOULD I GO,C,CCKARAOKE,14.08.2024
THE CLASH,SHOULD I STAY OR SHOULD I GO,M,PIO007,
THE CLASH,SHOULD I STAY OR SHOULD I GO,M,ROCK,
THE COMMODORES,EASY,C,ZOOM,24.04.2022
THE COMMODORES,NIGHTSHIFT,M,MP&R2,
THE CRANBERRIES,LINGER,M,MP&R2,
THE CRANBERRIES,ZOMBIE,C,KARAFUN,28.03.2018
THE CRYSTALS,DA DOO RON RON,M,PIO005,
THE CRYSTALS,THEN HE KISSED ME,K,XP4,
THE DOOBIE BROTHERS,LISTEN TO THE MUSIC,C,ZOOM,22.11.2020
THE DOORS,BREAK ON THROUGH TO THE OTHER SIDE,C,ZOOM,02.08.2024
THE DOORS,HELLO I LOVE YOU,K,XP4,
THE DOORS,HELLO I LOVE YOU,C,ROCK,05.08.2024
THE DOORS,LA WOMAN,C,LETSSING,01.10.2022
THE DOORS,LIGHT MY FIRE,K,XP4,
THE DOORS,LIGHT MY FIRE,C,T4W,03.04.2018
THE DOORS,LIGHT MY FIRE,M,MP&R2,
THE DOORS,PEOPLE ARE STRANGE,C,CCKARAOKE,27.11.2022
THE DOORS,ROADHOUSE BLUES,C,DM,03.04.2018
THE DOORS,TOUCH ME,C,CCKARAOKE,16.08.2024
THE DOORS,TOUCH ME,M,MP&R3,
THE DUBLINERS,MOLLY MALONE,C,CHANNEL,16.05.2023
THE DUBLINERS,SEVEN DRUNKEN NIGHTS,C,ZOOM,29.10.2022
THE DUBLINERS,THE BLACK VELVET BAND,C,ZOOM,06.11.2022
THE DUBLINERS,THE WILD ROVER,C,ZOOM,06.11.2022
THE DUBLINERS,WHISKEY IN THE JAR,C,ZOOM,25.02.2024
THE DUBLINERS AND THE POGUES,THE IRISH ROVER,C,ZOOM,06.11.2022
THE EAGLES,ALREADY GONE,C,UNCLE GS,13.12.2019
THE EAGLES,BEST OF MY LOVE,C,RLUCRA,03.07.2016
THE EAGLES,DESPERADO,C,ZOOM,01.10.2014
THE EAGLES,DESPERADO,M,MP&R3,
THE EAGLES,HEARTACHE TONIGHT,C,ZOOM,30.09.2014
THE EAGLES,HOTEL CALIFORNIA,K,XP1,
THE EAGLES,HOTEL CALIFORNIA,C,GOODSONGS,07.01.2021
THE EAGLES,HOTEL CALIFORNIA (ACOUSTIC GUITAR),C,AGK,05.07.2025
THE EAGLES,HOW LONG,C,HD,24.10.2021
THE EAGLES,I CAN'T TELL YOU WHY,C,ZZANG,10.10.2021
THE EAGLES,IN THE CITY,C,DIAMONDDAVE,14.04.2026
THE EAGLES,LOVE WILL KEEP US ALIVE,C,ATOMIC,04.05.2024
THE EAGLES,LYIN' EYES,K,XP4,
THE EAGLES,LYIN' EYES,C,ZOOM,30.09.2014
THE EAGLES,NEW KID IN TOWN,C,RLUCRA,05.04.2021
THE EAGLES,ONE OF THESE NIGHTS,C,ZOOM,30.09.2014
THE EAGLES,PEACEFUL EASY FEELING,C,CHANNEL,02.11.2022
THE EAGLES,PLEASE COME HOME FOR CHRISTMAS,C,PARTYTYME,25.04.2022
THE EAGLES,TAKE IT EASY,C,RLUCRA,03.07.2016
THE EAGLES,TEQUILA SUNRISE,C,ZOOM,30.09.2014
THE EAGLES,TEQUILA SUNRISE,M,MP&R2,
THE EAGLES,WITCHY WOMAN,C,GOODSONGS,13.12.2019
THE EQUALS,BABY COME BACK,M,PIO018,
THE FARM,ALL TOGETHER NOW,K,XP2,
THE FIRST,MENI HERMOT,MF,FIN41B7,
THE FIRST,MENI HERMOT,M,MEL04X,
THE FUGEES,KILLING ME SOFTLY,K,XP3,
THE FUGEES,KILLING ME SOFTLY WITH HIS SONG,C,PARTYTYME,27.07.2025
THE GOO GOO DOLLS,IRIS,C,CLOUD,14.08.2022
THE HIGHWAYMAN,HIGHWAYMAN (MÄ ELÄN VIELÄKIN),C,SING,04.02.2023
THE HOLLIES,HE AIN'T HEAVY HE'S MY BROTHER,C,ZOOM,02.11.2021
THE HOLLIES,HE AIN'T HEAVY HE'S MY BROTHER,M,MP&R1,
THE HOLLIES,I CAN'T TELL THE BOTTOM FROM THE TOP,K,XP2,
THE HOOTERS,500 MILES (AWAY FROM HOME),C,KARAFUN,15.02.2020
THE HOOTERS,FIVE HUNDRED MILES,M,TOPHIT27,
THE HOOTERS,JOHNNY B,C,KARAFUN,02.07.2024
THE HOUNDS,KUN HÄNET NÄHDÄ SAIN,M,M60'S,
THE JUDAS,GRANDPA,M,PIO1B1,
THE KILLERS,MR BRIGHTSIDE,C,ZOOM,09.08.2024
THE KINKS,SUNNY AFTERNOON,C,ZOOM,27.06.2023
THE KINKS,YOU REALLY GOT ME,K,XP3,
THE KINKS,YOU REALLY GOT ME,M,MP&R2,
THE KNACK,MY SHARONA,M,HR1,
THE KNACK,MY SHARONA,C,RLUCRA,03.04.2018
THE LIVING TOMBSTONE,FIVE NIGHTS AT FREDDY'S,C,SINGKING,10.02.2024
THE LUMBERJACK,JACKYL,C,GOODSONGS,16.08.2024
THE MAMAS & THE PAPAS,CALIFORNIA DREAMIN',K,XP3,
THE MAMAS & THE PAPAS,CALIFORNIA DREAMIN',C,CHANNEL,24.03.2023
THE MAMAS & THE PAPAS,CALIFORNIA DREAMIN',M,PIO007,
THE MAMAS & THE PAPAS,DREAM A LITTLE DREAM OF ME,K,XP4,
THE MAMAS & THE PAPAS,MONDAY MONDAY,K,XP4,
THE MANHATTANS,KISS AND SAY GOODBYE,M,EXT1,
THE MONKEES,DAYDREAM BELIEVER,K,XP1,
THE MONKEES,DAYDREAM BELIEVER,C,ZOOM,29.04.2022
THE MONKEES,DAYDREAM BELIEVER,M,PT2,
THE MONKEES,I'M A BELIEVER,K,XP3,
THE MOODY BLUES,MELANCHOLY MAN,C,KARAOKE,17.08.2020
THE MOODY BLUES,NEW HORIZONS,C,ZIPPER,25.05.2024
THE MOODY BLUES,NIGHTS IN WHITE SATIN,C,ZOOM,08.10.2022
THE MOODY BLUES,NIGHTS IN WHITE SATIN,M,MP&R1,
THE MOODY BLUES,NIGHTS IN WHITE SATIN,M,PIO018,
THE MOODY BLUES,THE STORY IN YOUR EYES,C,LETSSING,11.03.2021
THE MOTORS,FORGET ABOUT YOU,C,AMCMASTER,24.10.2022
THE NIGHTS OF IGUANA,DRY NANCY,C_O_UK,POY,28.02.2025
THE NORTHERN PIKES,SHE AINT PRETTY,C,MEEKARAOKE,07.10.2023
THE OAK RIDGE BOYS,ELVIRA,M,DKG16,
THE OAK RIDGE BOYS,ELVIRA,M,PIO1B9,
THE OFFSPRING,PRETTY FLY (FOR A WHITE GUY),C,ZOOM,07.01.2024
THE OFFSPRING,YOU'RE GONNA GO FAR KID,C,FUNBOX,18.08.2024
THE ORION EXPERIENCE,VAMPIRE,C,BELLYSINGS,13.04.2024
THE OVERTONES,GAMBLING MAN,C,ZOOM,28.07.2025
THE PLATTERS,ONLY YOU,C,RLUCRA,25.04.2022
THE PLATTERS,SMOKE GETS IN YOUR EYES,K,XP1,
THE PLATTERS,SMOKE GETS IN YOUR EYES,C,RLUCRA,25.04.2022
THE PLAYBOY BAND,JUDY IN DISGUISE,K,XP3,
THE POGUES,DIRTY OLD TOWN,C,ZOOM,29.04.2023
THE POINTER SISTERS,I'M SO EXCITED,K,XP1,
THE POINTER SISTERS,I'M SO EXCITED (LIVE),C,KARAFUN,25.04.2022
THE POLICE,EVERY BREATH YOU TAKE,M,EXT1,
THE POLICE,EVERY BREATH YOU TAKE,K,XP1,
THE POLICE,EVERY BREATH YOU TAKE,C,RLUCRA,29.11.2020
THE POLICE,MESSAGE IN A BOTTLE,K,XP3,
THE POLICE,ROXANNE,M,PIO007,
THE PRETENDERS,MESSAGE OF LOVE,C,CULT,09.08.2024
THE RASMUS,F F F FALLING,K,LK03,
THE RASMUS,IN MY LIFE,K,LK04,
THE RASMUS,IN THE SHADOWS,K,XP2,
THE RASMUS,IN THE SHADOWS,C,PARTYTYME,06.08.2024
THE RASMUS,JEZEBEL,C_O_UK,POY,17.05.2025
THE RENEGADES,CADILLAC,M,MEL30X,
THE RENEGADES,CADILLAC,C_O_U,POY,25.01.2023
THE RIGHTEOUS BROTHERS,UNCHAINED MELODY,K,XP1,
THE RIGHTEOUS BROTHERS,UNCHAINED MELODY,C,HD,25.04.2022
THE RIGHTEOUS BROTHERS,UNCHAINED MELODY,M,MP&R1,
THE RIGHTEOUS BROTHERS,YOU'VE LOST THAT LOVIN' FEELING,K,XP1,
THE RIGHTEOUS BROTHERS,YOU'VE LOST THAT LOVIN' FEELING,M,PIO007,
THE ROLLING STONES,ANGIE,C,GOODSONGS,22.11.2020
THE ROLLING STONES,BEAST OF BURDEN,C,KARAFUN,24.10.2022
THE ROLLING STONES,BROWN SUGAR,K,XP1,
THE ROLLING STONES,BROWN SUGAR,C,ZOOM,02.08.2024
THE ROLLING STONES,DEAD FLOWERS,C,PART1_2,30.11.2024
THE ROLLING STONES,HONKY TONK WOMAN,C,PARTYTYME,05.08.2024
THE ROLLING STONES,HONKYTONK WOMEN,K,XP1,
THE ROLLING STONES,I CAN'T GET NO SATISFACTION,C,PARTYTYME,14.08.2024
THE ROLLING STONES,IT'S ONLY ROCK AND ROLL,C,MRENTERTAINER,06.08.2024
THE ROLLING STONES,IT'S ONLY ROCK'N ROLL,K,XP2,
THE ROLLING STONES,JUMPIN' JACK FLASH,K,XP1,
THE ROLLING STONES,JUMPING JACK FLASH,C,ZOOM,08.08.2024
THE ROLLING STONES,MISS YOU,C,ZOOM,25.10.2022
THE ROLLING STONES,MOTHERS LITTLE HELPER,C,ZOOM,27.06.2023
THE ROLLING STONES,PAINT IT BLACK,C,THE ENGLISH FACTORY,04.02.2020
THE ROLLING STONES,SATISFACTION,K,XP1,
THE ROLLING STONES,THE LAST TIME,C,ZOOM,01.04.2024
THE ROLLING STONES,UNDER MY THUMB,C,ZOOM,18.01.2020
THE ROLLING STONES,WAITING ON A FRIEND,C,ZOOM,29.06.2026
THE ROLLING STONES,WAITING ON A FRIEND,C,ZOOM,29.06.2026
THE RONETTES,I SAW MOMMY KISSING SANTA CLAUS,C,ZOOM,31.10.2022
THE SEEKERS,GEORGY GIRL,M,MP&R1,
THE SHANGRI-LAS,LEADER OF THE PACK,M,PIO005,
THE SOUNDS,KAIPAAN SUA,M,MEL01Z,
THE SPINNERS,I'LL BE AROUND,M,PIO018,
THE STREETS,KESTÄÄKÖ SIIVET,C_O,POY,29.04.2025
THE STYLISTICS,YOU MAKE ME FEEL BRAND NEW,M,DKG16,
THE SUPREMES,BABY LOVE,K,XP1,
THE SUPREMES,STOP IN THE NAME OF LOVE,K,XP3,
THE SUPREMES,STOP! IN THE NAME OF LOVE,M,EXT1,
THE SUPREMES,WHERE DID OUR LOVE GO,K,XP2,
THE SWEET,HELL RAISER,M,MP&R3,
THE SWINGING BLUE JEANS,HIPPY HIPPY SHAKE,C,ZOOM,01.04.2024
THE TEMPTATIONS,PAPA WAS A ROLLIN' STONE,M,EXT1,
THE TEXAS TORNADOS,A LITTLE BIT IS BETTER THAN NADA,C,HOTHITS,05.07.2025
THE TEXAS TORNADOS,WHO WERE YOU THINKIN OF,C,DJ SAULY,05.07.2025
THE TIGERS,MOVE IT,C_O_UK,POY,20.02.2026
THE TOKENS,THE LION SLEEPS TONIGHT,M,MP&R3,
THE TOKENS,THE LION SLEEPS TONIGHT,M,PIO018,
THE TROGGS,WILD THING,C,KARAFUN,18.08.2024
THE TURTLES,ELENORE,K,XP2,
THE TURTLES,HAPPY TOGETHER,M,EXT1,
THE TURTLES,HAPPY TOGETHER,C,LETSSING,25.04.2024
THE VERVE,THE DRUGS DON'T WORK,C,ZOOM,16.08.2024
THE WHISPERS,IT'S A LOVE THING,K,XP4,
THE WHITE STRIPES,SEVEN NATION ARMY,C,HD,13.03.2022
THE WHO,BEHIND BLUE EYES,C,CCKARAOKE,02.08.2024
THE WHO,BEHIND BLUE EYES,C,CHANNEL,25.04.2022
THE WHO,MY GENERATION,K,XP4,
THE WHO,PINBALL WIZARD,C,ZOOM,10.08.2024
THE WHO,WON'T GET FOOLED AGAIN,C,GOODSONGS,18.08.2024
THIN LIZZY,COWBOY SONG,C,KARAFUN,19.03.2023
THIN LIZZY,DANCING IN THE MOONLIGHT,C,ZOOM,24.03.2021
THIN LIZZY,DON'T BELIEVE A WORD,C,GGNZLA,19.06.2015
THIN LIZZY,JAILBREAK,C,SBI,19.06.2015
THIN LIZZY,THE BOYS ARE BACK IN TOWN,C,ZOOM,25.12.2020
THIN LIZZY,WAITING FOR AN ALIBI,C,SBI,19.06.2015
THIN LIZZY,WHISKEY IN THE JAR,C,EK,24.03.2021
THREE DOG NIGHT,JOY TO THE WORLD,M,PIO018,
THUNDERSTONE,I WILL COME AGAIN,M,HEVI 2,
THUNDERSTONE,TOOL OF THE DEVIL,M,HEVI 4,
THUNDERSTONE,TOOL OF THE DEVIL,C,HD,25.10.2024
TIINA KARHU,SINULLE,M,SASO12,
TIINA PITKÄNEN,JUULIA,M,MEL45Z,
TIINA RÄSÄNEN,HEI ME MENNÄÄN,MF,FIN29A1,
TIINA RÄSÄNEN,RANNALLA TUULEE,M,MEL01Z,
TIKTAK,HEILUTAAN,K,POW18SR4,
TIKTAK,HEILUTAAN,M,MEL32X,
TIKTAK,HÄIRITSEN SINUA,C,JUHISKARAOKE,30.07.2016
TIKTAK,JOTAIN MUUTA,M,MEL25X,
TIKTAK,KYYNELEET,MF,FIN53,
TIKTAK,KYYNELEET,K,LK04,
TIKTAK,KYYNELEET,M,MEL19Z,
TIKTAK,KYYNELEET,C,FINNISH,07.08.2020
TIKTAK,LOPETA,K,POW16,
TIKTAK,LÄHDETÄÄN TÄNÄÄN,M,MEL29X,
TIKTAK,MINNE VAAN,K,POW09SR2,
TIKTAK,MINNE VAAN,M,SAT02,
TIKTAK,MUTTA MÄ RAKASTAN SUA,M,SAT01,
TIKTAK,PAHA SANA,M,MEL42Z,
TIKTAK,RANNATON,K,POW18SR4,
TIKTAK,SAMANTEKEVÄÄ,M,MEL50X,
TIKTAK,SAMANTEKEVÄÄ,M,POW29,
TIKTAK,SANKARITAR,K,LK07,
TIKTAK,SANKARITAR,M,MEL40X,
TIKTAK,SANKARITAR,M,POW29,
TIKTAK,SATUPRINSESSA,M,MEL22X,
TIKTAK,SATUPRINSESSA,C,MELPLAY,19.06.2015
TIKTAK,TUULEKSI TAIVAAN RANTAAN,C,RV@EV CHANNEL,27.08.2020
TIKTAK,TUULEKSI TAIVAANRANTAAN,M,MEL30X,
TIKTAK,TÄNÄ YÖNÄ TAIVAASEEN,K,POW13SR3,
TIMO KOIVUSALO (PEKKO AIKAMIESPOIKA),TEKOVIKA,C,FIAT,26.01.2026
TIMO KOSONEN,WESTERLUNDI,C_O,POY,10.10.2024
TIMO KOTIPELTO,LENNÄ NYKÄSEN MATTI,C,FIAT,25.05.2026
TIMO KOTIPELTO,LENNÄ NYKÄSEN MATTI,C,3700,15.11.2025
TIMO LASSY FT ANNA PUU,MIELENTILAA,M,SAT09,
TIMO RAUTIAINEN & NELJÄS SEKTORI,PIRU MINUT PERIKÖÖN,C_O,POY,15.01.2024
TIMO RAUTIAINEN & TRIO NISKALAUKAUS,ELEGIA,C_O,POY,04.09.2025
TIMO RAUTIAINEN & TRIO NISKALAUKAUS,HYVÄ IHMINEN,K,POW18SR4,
TIMO RAUTIAINEN & TRIO NISKALAUKAUS,HÄPEÄN LÄVISTÄMÄ,C_O,POY,22.04.2025
TIMO RAUTIAINEN & TRIO NISKALAUKAUS,ISÄ EI JÄTÄ,C_O,POY,11.04.2026
TIMO RAUTIAINEN & TRIO NISKALAUKAUS,SURUPUKU,K,POW18SR4,
TIMO RAUTIAINEN & TRIO NISKALAUKAUS,SURUPUKU,M,MEL54,
TIMO RAUTIAINEN & TRIO NISKALAUKAUS,SURUPUKU,C,FINNISH,05.08.2020
TIMO TURPEINEN,LIEHUVA LIEKINVARSI,C,SINGA,03.11.2022
TINA,VANNO MULLE,M,MEL40X,
TINA ARENA,CHAINS,K,XP4,
TINA ARENA,CHAINS,C,ZOOM,02.08.2024
TINA TURNER,NUTBUSH CITY LIMITS,M,MP&R2,
TINA TURNER,PROUD MARY,K,XP1,
TINA TURNER,PROUD MARY,C,CHANNEL,30.04.2022
TINA TURNER,RIVER DEEP MOUNTAIN HIGH,K,XP2,
TINA TURNER,THE BEST,K,XP1,
TINA TURNER,THE BEST,M,MP&R3,
TINA TURNER,WE DON'T NEED ANOTHER HERO,K,XP4,
TINA TURNER,WHAT'S LOVE GOT TO DO WITH IT,M,PIO007,
TINNI,LENTOON,M,MDV66,
TIPPA-T,MEHU,M,SAT14,
TIPPAVAARAN ISÄNTÄ & HUMPPA-VEIKOT,PIGALLE,M,MEL43Z,
TISSU,TÄNÄÄN SÄ MUSTA HULLAANNUT,M,SAT16,
TITIYO,COME ALONG,M,MP&R3,
TITTA,ELÄMÄ ON NYT,C,FIAT,20.04.2026
TITTA,MAAILMA LOPPUU TÄNÄÄN,M,SAT14,
TOBY KEITH,AS GOOD AS I ONCE WAS,C,ZOOM,04.04.2026
TOBY KEITH,I LOVE THIS BAR,C,ZOOM,04.04.2026
TODD RUNDGREN,HELLO IT'S ME,M,PIO018,
TOEHIDER,MEET THE SLOTH,C,TUOTTAJA,13.04.2024
TOHTORI LOUNAMO,100 LITRAA SAHTIA,C_O,POY,14.04.2026
TOM COCHRANE,LIFE IS A HIGHWAY,C,STARLIGHT,08.08.2024
TOM JONES,CAN'T STOP LOVING YOU,M,SKD603,
TOM JONES,DELILAH,K,XP1,
TOM JONES,DELILAH,M,PT2,
TOM JONES,DELILAH,M,SKD603,
TOM JONES,DETROIT CITY,M,SKD603,
TOM JONES,GREEN GREEN GRASS OF HOME,K,XP1,
TOM JONES,GREEN GREEN GRASS OF HOME,M,SKD603,
TOM JONES,GREEN GREEN GRASS OF HOME,M,TOPHIT27,
TOM JONES,HELP YOURSELF,M,SKD603,
TOM JONES,I WHO HAVE NOTHING,M,SKD603,
TOM JONES,I'LL NEVER FALL IN LOVE AGAIN,C,RLUCRA,25.04.2022
TOM JONES,I'LL NEVER FALL IN LOVE AGAIN,M,SKD603,
TOM JONES,IF I ONLY KNEW,M,SKD603,
TOM JONES,IT'S NOT UNUSUAL,K,XP1,
TOM JONES,IT'S NOT UNUSUAL,M,SKD603,
TOM JONES,SEX BOMB,K,XP3,
TOM JONES,SEX BOMB,M,MP&R1,
TOM JONES,SHE'S A LADY,M,SKD603,
TOM JONES,TILL,C,EK,08.04.2021
TOM JONES,WHAT'S NEW PUSSY CAT,M,SKD603,
TOM JONES,WITH THESE HANDS,M,SKD603,
TOM JONES,YOU'RE MY WORLD,C,SINGKING,01.04.2024
TOM PETTY AND THE HEARTBREAKERS,FREE FALLIN',C,ZOOM,21.03.2026
TOMAS LEDIN,HON ÄR FLICKAN (SWE),M_U,SWE,
TOMAS LEDIN,KESÄ LYHYT ON,M,MDV08,
TOMAS LEDIN,SOMMAREN ÄR KORT (KESÄ LYHYT ON) (SWE),C_U,SWE,25.04.2022
TOMAS RAVELLI & ARVINGARNA,I GULT OCH BLÅTT (SWE),M_U,SWE,
TOMI MARKKOLA,AURINKO KUU JA TÄHDET,MF,FIN52,
TOMI MARKKOLA,ENKELIN SIIPI,MF,FIN53,
TOMI MARKKOLA,KERRO KUU,M,COV19,
TOMI MARKKOLA,KERRO KUU,M,SK1A3,
TOMI MARKKOLA,KOHTALONI,MF,FIN52,
TOMI MARKKOLA,KOHTALONI,K,POW03,
TOMI MARKKOLA,KOHTALONI,M,MEL39X,
TOMI MARKKOLA,KOSTER VALSSI,K,POW08,
TOMI MARKKOLA,LAGO MAGGIORE,M,MDV06,
TOMI MARKKOLA,NIIN JOKI VIRTAA,M,MEL29X,
TOMI MARKKOLA,NIIN JOKI VIRTAA,M,SAT01,
TOMI MARKKOLA,RAKKAUS ON IKUINEN,M,SK1B9,
TOMI MARKKOLA,SUA KAIVANNUT OON,M,MDV20,
TOMI MARKKOLA,SYDÄMENI KAHLEET,C_O,POY,25.10.2024
TOMI MARKKOLA,TAIVAS SALAMOI,MF,FIN53,
TOMI MARKKOLA,TAIVASKALLIOLLA,K,POW10,
TOMI MARKKOLA,TAIVASKALLIOLLA,M,MEL34Z,
TOMI METSÄKETO,KUU,M,MEL24X,
TOMMI KALENIUS,GLORIA,M,MDV59,
TOMMI KALENIUS,ME OLLAAN,M,MEL55X,
TOMMI KALENIUS,VIELÄKÖ RAKKAUS KANTAA,M,MDV57,
TOMMI KAUKUA,10 000 TUNTII,C,KUNINGAS,05.11.2025
TOMMI LÄNTINEN,JÄIN KIINNI KATSEESEEN,MF,FIN53,
TOMMI LÄNTINEN,MÄ EN HALUU ENÄÄ MUISTAA,K,POW07,
TOMMI LÄNTINEN,RAKKAUSLAULU,K,POW12,
TOMMI LÄNTINEN,RÖÖPERIN KUU,K,POW15,
TOMMI LÄNTINEN,SYVÄLLE SYDÄMEEN SATTUU,MF,FIN52,
TOMMI LÄNTINEN,SYVÄLLE SYDÄMEEN SATTUU,K,POW06,
TOMMI LÄNTINEN,SYVÄLLE SYDÄMEEN SATTUU,M,MEL67,
TOMMI LÄNTINEN,VIA DOLOROSA,K,POW05SR1,
TOMMI LÄNTINEN,VIA DOLOROSA,M,MEL67,
TOMMI LÄNTINEN,VILLI JA VAPAA,K,POW05SR1,
TOMMI SOIDINMÄKI,JÄLJET HIEKASSA,K,POW20TANGO,
TOMMI SOIDINMÄKI,KOTKAN SIIVET,K,MG06,
TOMMI SOIDINMÄKI,LAULU JOUTSENIEN,K,POW17,
TOMMI SOIDINMÄKI,LAULU JOUTSENIEN,M,MEL33X,
TOMMI SOIDINMÄKI,MIKÄ LÄHTEE EI KOSKAAN PALAA,M,POW19,20.03.2026
TOMMI SOIDINMÄKI,OOT ERILAINEN,M,MEL54,
TOMMY ALVERSON,UNA MAS CERVEZA (SPA),C_U,SPA,10.06.2026
TOMMY NILSSON,DINA FÄRGER VAR BLÅ (SWE),M_U,SWE,
TOMMY NILSSON,ÖPPNA DIN DÖRR (SWE),M_U,SWE,
TOMMY ROE,SHEILA,K,XP3,
TOMMY TABERMAN,KIITTI VITUSTI,M,POW30,
TONES & I,DANCE MONKEY,C,SINGKING,02.01.2020
TONI BRAXTON,UN BREAK MY HEART,K,XP3,
TONI BRAXTON,UNBREAK MY HEART,M,EXT1,
TONI ROSSI & SINITAIVAS,KATSEET KERTOVAT,C_O,POY,07.10.2024
TÕNIS MÄGI,KOPUTAN KOLM KORDA (EST),M_U,EST2,
TÕNIS MÄGI,KULDAJA ROCK’N’ROLL (EST),M_U,EST3,
TÕNIS MÄGI,VANA JÖGI (EST),M_U,EST3,
TONY BENNET,I LEFT MY HEART IN SAN FRANCISCO,K,XP1,
TONY CHRISTIE,I DID WHAT I DID FOR MARIA,K,XP1,
TONY CHRISTIE,IS THIS THE WAY TO AMARILLA,K,XP2,
TONY MONTANA,IKÄVÄ MUN ON SUA,C_O,POY,16.01.2025
TONY MONTANA,LAULAN SYKSYN RUUSUT KUKKIMAAN,MF,FIN37A1,
TONY MONTANA,TUULKOON TUULET,C_O,POY,17.01.2025
TOOL,AENIMA,C,GOODSONGS,01.08.2024
TOOL,SCHISM,C,GOODSONGS,14.08.2024
TOOL,SOBER,C,PARTYTYME,15.08.2024
TOOMAPOJAD,KULLAST SÜDA (EST),M_U,EST3,
TOPI & TOIVOTTOMAT,KARJALAN HEILI,M,MEL43Z,
TOPI & TOIVOTTOMAT,TAKAISIN PALUU,M,MEL43Z,
TOPI SORSAKOSKI,AIKA KIITÄÄ,M,MEL56,
TOPI SORSAKOSKI,CHERBOURGIN SATEENVARJOT,M,MEL56,
TOPI SORSAKOSKI,EEVA,M,MEL01Z,
TOPI SORSAKOSKI,EEVA,C,MELPLAY,02.07.2024
TOPI SORSAKOSKI,ELOKUUN VIIMEINEN PÄIVÄ,M,MEL56,
TOPI SORSAKOSKI,ELÄMÄÄ,M,MEL51Z,
TOPI SORSAKOSKI,EN KOSKAAN,M,MEL56,
TOPI SORSAKOSKI,HAAVOITTUNEET,K,POW14,
TOPI SORSAKOSKI,HAAVOITTUNEET,C,POWER,30.07.2016
TOPI SORSAKOSKI,HAUTAJAISSYDÄN,M,MEL56,
TOPI SORSAKOSKI,HEI SORRY VAAN,M,MEL56,
TOPI SORSAKOSKI,HOPEINEN KUU,C,KUNINGAS,08.06.2026
TOPI SORSAKOSKI,HUOMISEEN,M,MEL56,
TOPI SORSAKOSKI,JOS JÄTÄT MINUT,M,MEL60,
TOPI SORSAKOSKI,JÄÄN ILTAAN HILJAISEEN,M,MEL56,
TOPI SORSAKOSKI,KAIPUUN KUU,M,MEL56,
TOPI SORSAKOSKI,KAKSI KITARAA,M,MEL56,
TOPI SORSAKOSKI,KAKSI KITARAA,C,FINNKARAOKE,19.10.2015
TOPI SORSAKOSKI,KATSELEN MERELLE PÄIN,M,MEL56,
TOPI SORSAKOSKI,KATU,M,MDV57,
TOPI SORSAKOSKI,KAUNIS KAIPUU,M,MEL56,
TOPI SORSAKOSKI,KITARA JA MERI,M,MEL56,
TOPI SORSAKOSKI,KOTIINPÄIN,M,MEL56,
TOPI SORSAKOSKI,KUN KUU JO NOUSEE,M,MEL56,
TOPI SORSAKOSKI,KUN LÄHDÖN AIKA ON,M,MEL51Z,
TOPI SORSAKOSKI,KUU KULKEE TAAKSE PILVIEN,M,MEL56,
TOPI SORSAKOSKI,KYYNELEET,M,MEL34Z,
TOPI SORSAKOSKI,LEVOTON MIELI,M,MDV59,
TOPI SORSAKOSKI,LUOKSESI VIE AJATUSTENI TIE,M,MEL56,
TOPI SORSAKOSKI,LUOTU LÄHTEMÄÄN,M,KPP40,
TOPI SORSAKOSKI,LUOTU LÄHTEMÄÄN,M,MEL56,
TOPI SORSAKOSKI,LYHDYN NÄÄN MÄ SYTTYVÄN,M,MEL56,
TOPI SORSAKOSKI,LÄHTÖSUUDELMA,M,MEL56,
TOPI SORSAKOSKI,MIERON TIE,M,MEL56,
TOPI SORSAKOSKI,MONA LISA,M,MEL56,
TOPI SORSAKOSKI,MUUKALAINEN,M,MEL33X,
TOPI SORSAKOSKI,NE VEIVÄT SUT MULTA,M,MEL56,
TOPI SORSAKOSKI,OLET KAIKKI,M,MEL56,
TOPI SORSAKOSKI,OLET KAIKKI,C_O,POY,03.11.2025
TOPI SORSAKOSKI,OLET RAKKAIN,M,MEL56,
TOPI SORSAKOSKI,ON KESÄYÖ,K,POW06,
TOPI SORSAKOSKI,PIENI LINTU,M,MEL33X,
TOPI SORSAKOSKI,PÄIVÄT ILMAN SINUA,M,MEL56,
TOPI SORSAKOSKI,RAJATON KAIPAUS,M,MEL56,
TOPI SORSAKOSKI,RANTAKOIVUN ALLA,M,MEL56,
TOPI SORSAKOSKI,SALATTU SURU (HUOM! PUUTTUU TEKSTI LOPUSTA),M,MEL56,
TOPI SORSAKOSKI,SOI KITARA MURHEISSAAN,M,MELPLAY,05.09.2026
TOPI SORSAKOSKI,SULLE AATOKSEIN SUON,M,MEL56,
TOPI SORSAKOSKI,SURUJEN KITARA,M,MEL56,
TOPI SORSAKOSKI,SYDÄMESI TYHJÄ HUONE,M,MEL56,
TOPI SORSAKOSKI,SYLIIS SAAT MUN PURISTAA,M,MEL56,
TOPI SORSAKOSKI,TANGO POESIE,M,MEL03,
TOPI SORSAKOSKI,TEIT MINUSTA AUTIOMAAN,M,MEL56,
TOPI SORSAKOSKI,TEIT MINUSTA AUTIOMAAN,C,MELPLAY,21.10.2022
TOPI SORSAKOSKI,TIE JATKUU ÄÄRETTÖMIIN,M,MEL48Z,
TOPI SORSAKOSKI,TUULEN VIEMÄÄ,M,MEL56,
TOPI SORSAKOSKI,TYHJÄÄ,M,MEL56,
TOPI SORSAKOSKI,VAIKENEE SYDÄN,M,MEL56,
TOPI SORSAKOSKI,VAIN LUNTA KAIKKIALLA,M,MEL03,
TOPI SORSAKOSKI,VAIN TUULI VALVOO,M,MEL56,
TOPI SORSAKOSKI,VIIMEISEEN KORTTIIN,K,LK17,
TOPI SORSAKOSKI,VIIMEISEEN KORTTIIN,M,MEL56,
TOPI SORSAKOSKI,VIRRAN RANNALLA,M,MEL56,
TOPI SORSAKOSKI,VIRRAN RANNALLA,C,SINGA,29.10.2022
TOPI SORSAKOSKI,VOI YKSI PÄIVÄ OLLA SATA VUOTTA,M,MDV61,
TOPI SORSAKOSKI,YKSIN OON MÄ VAIN,M,MEL60,
TOPI SORSAKOSKI,YÖLLISET KIRJEET,M,MEL56,
TOPI SORSAKOSKI,YÖN VÄISTYESSÄ,M,MEL56,
TOPI SORSAKOSKI,ÖINEN TUULI,M,MEL56,
TOPI SORSAKOSKI,ÖISET KITARAT,C,FINNHITS,02.07.2024
TOPI SORSAKOSKI & AGENTS,AJOMIES,M,MEL49Z,
TOPI SORSAKOSKI & AGENTS,AJOMIES,C,FINNHITS,02.07.2024
TOPI SORSAKOSKI & AGENTS,HAAVEKUVA,MF,FIN4A2,
TOPI SORSAKOSKI & AGENTS,HAAVEKUVA,K,POW15,
TOPI SORSAKOSKI & AGENTS,HAAVEKUVA,M,MEL56,
TOPI SORSAKOSKI & AGENTS,KAIPAAN SUA TWIST (KULKURIN KAIHO),M,COV17,
TOPI SORSAKOSKI & AGENTS,KELLOT SOI,M,MEL45Z,
TOPI SORSAKOSKI & AGENTS,KIRJE,M,MEL56,
TOPI SORSAKOSKI & AGENTS,KIRJE,C_O,POY,03.11.2025
TOPI SORSAKOSKI & AGENTS,KUIN YÖ,M,MEL27X,
TOPI SORSAKOSKI & AGENTS,KUNHAN PALAAN TAKAISIN,M,MEL56,
TOPI SORSAKOSKI & AGENTS,KUNHAN PALAAN TAKAISIN,C_O,POY,03.11.2025
TOPI SORSAKOSKI & AGENTS,LUMOTTU MERI,C_O,POY,26.05.2025
TOPI SORSAKOSKI & AGENTS,MAAILMA ILMAN RAKKAUTTA,K,POW04,
TOPI SORSAKOSKI & AGENTS,MAAILMA ILMAN RAKKAUTTA,M,MEL25X,
TOPI SORSAKOSKI & AGENTS,MOODY RIVER,C_O,POY,28.10.2024
TOPI SORSAKOSKI & AGENTS,TALVEN KYLMÄT KYYNELEET,M,MEL27X,
TOPI SORSAKOSKI & AGENTS,TUULI TUO TUULI VIE,M,MEL56,
TOPI SORSAKOSKI & AGENTS,TUULI TUO TUULI VIE,C,SINGA,29.10.2022
TOPI SORSAKOSKI & AGENTS,TUULI TUO TUULI VIE,C_O,POY,03.11.2025
TOPI SORSAKOSKI & AGENTS,VAIN YKSIN ME KAKSI,M,MEL29X,
TOPI SORSAKOSKI & AGENTS,VAIN YKSIN ME KAKSI,C_O,POY,26.10.2022
TOPI SORSAKOSKI & AGENTS,VARJOJEN YÖ,M,MEL56,
TOPI SORSAKOSKI & AGENTS,VARJOJEN YÖ,C,MAURIK,02.07.2024
TOPI SORSAKOSKI & AGENTS,VOITKO ALKAA UUDELLEEN,M,MEL27X,
TOPI SORSAKOSKI & AGENTS,VOITKO ALKAA UUDELLEEN,M,MEL56,
TOPI SORSAKOSKI & AGENTS,YKSI AINOA IKKUNA,M,MEL42Z,
TOPI SORSAKOSKI & AGENTS,YKSI AINOA IKKUNA,C,MAURIK,09.10.2021
TOPI SORSAKOSKI & AGENTS,YKSI AINOA IKKUNA,C_O,POY,28.03.2022
TOPI SORSAKOSKI & REIJO TAIPALE,KULKUKOIRAT,M,MEL56,
TOPI SORSAKOSKI & REIJO TAIPALE,KULKUKOIRAT,C_O,POY,03.11.2025
TOPI SORSAKOSKI & REIJO TAIPALE,VASTATUULEEN,M,MEL38Z,
TOPLOADER,DANCING IN THE MOONLIGHT,K,XP3,
TOPMOST,MERISAIRAAT KASVOT,C,MAURIK,14.11.2022
TOPMOST,NÄEN MUSTAA VAIN,M,M60'S,
TOTO,2 HEARTS,C,SONGPAN,22.01.2023
TOTO,99 IN,C,CHANNEL,02.07.2024
TOTO,AFRICA,C,ZOOM,22.11.2020
TOTO,HOLD THE LINE,C,ZOOM,09.12.2020
TOTO,I WILL REMEMBER,C,ROLF RATTAY,20.06.2024
TOTO,ROSANNA,C,CHANNEL,13.04.2021
TOTO,ROSANNA,M,MP&R3,
TOTO CUTUGNO,L'ITALIANO (ITA),C_U,ITA,30.05.2026
TRACY CHAPMAN,FAST CAR,K,XP4,
TRADITIONAL,DANNY BOY,K,XP1,
TRADITIONAL,HAPPY BIRTHDAY,C,CHANNEL,25.04.2022
TRADITIONAL,PALJON ONNEA VAAN (HAPPY BIRTHDAY TO YOU),M,LK23,
TREX,20TH CENTURY BOY,C,ZOOM,18.08.2024
TREX,GET IT ON,C,ZOOM,25.04.2022
TREX,GET IT ON,M,PIO018,
TREX,HOT LOVE,C,VOCALSTAR,27.06.2023
TREX,METAL GURU,C,ZOOM,25.04.2022
TREX,RIDE A WHITE SWAN,K,XP3,
TREX,RIDE A WHITE SWAN,C,ZOOM,13.08.2024
TREX,TELEGRAM SAM,C,CLOUD,02.07.2024
TRINI LOPEZ,IF I HAD A HAMMER,M,PIO13A10,
TRIUMPH,LAY IT ON THE LINE,C,GOLDENCHORALE,08.08.2024
TROGGS,WILD THING,K,XP1,
TSEHAYE YOHANNES,TIND TIND HONEW (ቲንድ ቲንድ ሃኑው) (AMH  ኤኤምኤች),C_U,AMH,22.10.2022
TT PURONTAKA,CIAO ISABELLE,MF,FIN46A12,
TT PURONTAKA,KAUNIS ON KAIPAUS,C,FIAT,01.09.2026
TT PURONTAKA,NUKKUVA NAINEN,K,POW17,
TT PURONTAKA,NÄETKÖ MUN SILMISSÄ RAKKAUTTA,M,POW19,20.03.2026
TT PURONTAKA,RAKKAANI,M,COV15,
TT PURONTAKA,TÄHTITAIVAS TÄHTISILMÄT,C,KUNINGAS,21.05.2026
TUBERKULOITED,SIND OOTAN TÜDRUK VEEL (EST),M_U,EST4,
TUBES,TALK TO YA LATER,K,XP2,
TUIJA MARIA,AI AI JUSSI,K,POW10,
TULIPUNARUUSUT,KARJALAN MARJAANA,MF,FIN18B5,
TULIPUNARUUSUT,SATUTTAVAT SANAT,M,COV15,
TULIPUNARUUSUT,SATUTTAVAT SANAT,MF,FIN52,
TULIPUNARUUSUT,TAMMERKOSKI,M,NYT HUMPATAAN,
TUOMARI NURMIO,AAVAA PREERIAA,C_O,POY,19.02.2024
TUOMARI NURMIO,HÄN ON TÄÄLLÄ TÄNÄÄN,M,MEL70'S,
TUOMARI NURMIO,KURJUUDEN KUNINGAS,M,MEL70'S,
TUOMARI NURMIO,KURJUUDEN KUNINGAS,C_O,POY,11.02.2022
TUOMARI NURMIO,LASTEN MEHUHETKI,MF,FIN22A8,
TUOMARI NURMIO,LASTEN MEHUHETKI,M,MEL62,
TUOMARI NURMIO,LEMMENLORUJA,C_O,POY,22.04.2025
TUOMARI NURMIO,PUNAINEN PLANEETTA,C_O,POY,03.11.2025
TUOMARI NURMIO,RAHAMIES,M,MDV66,
TUOMARI NURMIO,RAMONA,MF,FIN45B8,
TUOMARI NURMIO,RAMONA,M,MEL41Z,
TUOMARI NURMIO,TONNIN STIFLAT,MF,FIN46B5,
TUOMARI NURMIO,TONNIN STIFLAT,M,MEL49Z,
TUOMARI NURMIO,TONNIN STIFLAT,C_O,POY,03.11.2025
TUOMARI NURMIO,VALO YÖSSÄ,MF,FIN23A8,
TUOMARI NURMIO,VALO YÖSSÄ,K,LK03,
TUOMARI NURMIO,VALO YÖSSÄ,C,KARAOKETÄHTI,02.07.2024
TUOMARI NURMIO,VALO YÖSSÄ TWIST,M,MEL70'S,
TUOMAS KAUHANEN,MIKSI NAISET RAKASTUU RENTTUIHIN,M,LK23,
TUOMAS KAUHANEN FT MIKKO,PUMMILLA TALLINAAN,M,SAT11,
TUOMAS KAUHANEN FT VÄINÖVÄINÖ,ENKELI,M,LK24,
TUOMAS KAUHANEN FT VÄINÖVÄINÖ,ENKELI,M,SAT09,
TURMION KÄTILÖT,TEURASTAJA,M,HEVI 2,
TURO'S HEVI GEE,HARLEY DAVIDSON,C,3700,15.11.2025
TURO'S HEVI GEE,HYVÄNNÄKÖINEN,M,KK5,
TURO'S HEVI GEE,KOTIKALJA,M,KK5,
TURO'S HEVI GEE,KOTIKALJA (KOTISEUTU POHJOLASSA),M,POW30,
TURO'S HEVI GEE,KUUSAMOON (AMARILLO),C_O,POY,03.11.2025
TURO'S HEVI GEE,KYNTÄJÄN POIKA (LENTÄJÄN POIKA),C_O,POY,19.03.2025
TURO'S HEVI GEE,LOKALINJALLA,M,KK5,
TURO'S HEVI GEE,MEISTÄ TULI NAAPUREITA (1972),M,COV07,
TURO'S HEVI GEE,POIKA ON PÄÄSSYT PUBIIN (POIKA SAUNOO),M,COV06,
TURO'S HEVI GEE,POLIISI (MOLINA),K,POW04,
TURO'S HEVI GEE,POLIISI (MOLINA),C,POWER,30.07.2016
TURO'S HEVI GEE,PORTSARIN ELÄMÄÄ,M,KK5,
TURO'S HEVI GEE,PORTSARIN ELÄMÄÄ (KAKSOISELÄMÄÄ),C_O,POY,05.10.2024
TURO'S HEVI GEE,PUNAISET ON SILMÄT,M,KK5,
TURO'S HEVI GEE,PUNAISET ON SILMÄT (JOKIMAA),C_O,POY,21.08.2023
TURO'S HEVI GEE,ROCKMUUSIKON ROKULIPÄIVÄ (POP LAULAJAN VAPAAPÄIVÄ),M,COV15,
TURO'S HEVI GEE,RULLAAN JOEN RANTAAN (PROUD MARY),M,POW30,
TURO'S HEVI GEE,SHELLIN BAARIIN (YELLOW RIVER),K,POW09SR2,
TURO'S HEVI GEE,SHELLIN BAARIIN (YELLOW RIVER),C,POWER,27.01.2014
TURO'S HEVI GEE,SIIDERIHAI (TIIKERIHAI),M,MDV08,
TURO'S HEVI GEE,TAMPERE (WANDERER),M,POW30,
TURO'S HEVI GEE,WARRELLE VIRTAA (VARRELLA VIRRAN),C_O,POY,09.01.2026
TURO'S HEVI GEE,WINDOWS KAATUU (HAAVEET KAATUU),M,COV06,
TUTTA JEW,TALVEN RUUSU,MF,FIN36,
TUULA AMBERLA,KORPPI,K,LK07,
TUULA AMBERLA,LULU,MF,FIN2A6,
TUULA AMBERLA,LULU,MF,FIN37A14,
TUULA AMBERLA,LULU,K,LK14,
TUULA AMBERLA,LULU,M,MDV17,
TUULA AMBERLA,LULU,C,POWER,03.12.2014
TUULA AMBERLA,TYTTÖ KAMPAA MÄRKÄÄ TUKKAA,M,MEL07,
TUULA IKÄHEIMO,KAIPUUN KUKKA,M,MDV11,
TUULA RANTANEN,UNHOITA MENNEET,MF,FIN38B6,
TUULA SIPONIUS,ILOINEN AMSTERDAM,MF,FIN37B10,
TUULA SIPONIUS,KOLME KELLOA,M,MEL22X,
TUULA-ANNELI RANTANEN,LAUANTAI ILLAN TYTTÖ,MF,FIN41B4,
TUULA-ANNELI RANTANEN,MUSTALAINEN,MF,FIN15B4,
TUULI,PALJON ONNEA VAAN,C_O,POY,02.10.2023
TUULI,SALAISUUDET,K,LK19,
TUULI,SALAISUUDET,M,MDV58,
TUULIKKI ELORANTA,HYMNI RAKKAUDELLE,MF,FIN9B1,
TUULIKKI ELORANTA,HYMNI RAKKAUDELLE,M,MDV11,
TUURE ARA,EMMA,MF,FIN10B10,
TUURE ARA,KUUBALAINEN SERENADI,C,FINNKARAOKE,18.10.2015
TUURE KILPELÄINEN FT YONA,TAHTOISIN TAHTOISIN,M,MEL60,
TUURE KILPELÄINEN JA KAIHON KARAVAANI,AUTIOSAARI,M,MDV66,
TUURE KILPELÄINEN JA KAIHON KARAVAANI,ELOON,K,LK19,
TUURE KILPELÄINEN JA KAIHON KARAVAANI,ELOON,M,SAT07,
TUURE KILPELÄINEN JA KAIHON KARAVAANI,ERÄMAA,K,LK18,
TUURE KILPELÄINEN JA KAIHON KARAVAANI,ERÄMAA,M,MDV57,
TUURE KILPELÄINEN JA KAIHON KARAVAANI,HYMYILEVÄ APOLLO,M,MDV63,
TUURE KILPELÄINEN JA KAIHON KARAVAANI,HYVÄ PAHA RUMA MIES,M,SAT11,
TUURE KILPELÄINEN JA KAIHON KARAVAANI,JÄÄHYVÄISET,M,COV13,
TUURE KILPELÄINEN JA KAIHON KARAVAANI,JÄÄHYVÄISET,M,MDV68,
TUURE KILPELÄINEN JA KAIHON KARAVAANI,KUISKAUKSIA TULEVAISUUDESTA,M,COV19,
TUURE KILPELÄINEN JA KAIHON KARAVAANI,LOHTU,K,LK16,
TUURE KILPELÄINEN JA KAIHON KARAVAANI,LUMOUS,M,COV16,
TUURE KILPELÄINEN JA KAIHON KARAVAANI,PELKO POIS,K,LK17,
TUURE KILPELÄINEN JA KAIHON KARAVAANI,RAKKAUDELLA ON NÄLKÄ,M,SK4,
TUURE KILPELÄINEN JA KAIHON KARAVAANI,RAKKAUTTA RUTTOPUISTOSSA,M,MEL45Z,
TUURE KILPELÄINEN JA KAIHON KARAVAANI,TAHTOISIN TAHTOISIN,K,LK19,
TUURE KILPELÄINEN JA KAIHON KARAVAANI,TORNADO (VAIN ELÄMÄÄ KAUSI 9),C_O,POY,05.12.2024
TUURE KILPELÄINEN JA KAIHON KARAVAANI,TÄSSÄ MENEE VIELÄ HETKI,M,MDV69,
TUURE KILPELÄINEN JA KAIHON KARAVAANI,VAELTAVA AAVE,M,MEL54,
TUURE KILPELÄINEN JA KAIHON KARAVAANI,VALON PISAROITA,K,LK16,
TUURE KILPELÄINEN JA KAIHON KARAVAANI,VALON PISAROITA,M,MEL53PRO,
TUURE KILPELÄINEN JA KAIHON KARAVAANI,YKSINÄISEN MIEHEN PUKU,K,LK18,
TUURE KILPELÄINEN JA KAIHON KARAVAANI,YSTÄVÄNPÄIVÄ,K,LK17,
TUURE KILPELÄINEN JA KAIHON KARAVAANI,YSTÄVÄNPÄIVÄ,M,MDV57,
TWISTED SISTER,BURN IN HELL,C,SOUNDCHOICE,02.08.2024
TWISTED SISTER,I WANNA ROCK,C,CCKARAOKE,06.08.2024
TWISTED SISTER,THE PRICE,C,SOUNDCHOICE,16.08.2024
TWISTED SISTER,WE'RE NOT GONNA TAKE IT,C,CCKARAOKE,18.08.2024
TYPE O NEGATIVE,ALL HALLOWS EVE,C,STINGRAY,01.08.2024
TYPE O NEGATIVE,CINNAMON GIRL,C,DAVEFLY,31.08.2026
TÖNIS MÄKI,ANNA MULLE ANDEKS (EST),M_U,EST1,
U2,ALL I WANT IS YOU,C,SUNFLY,01.10.2023
U2,BAD,C,KARAOKEJP,12.10.2023
U2,I STILL HAVEN'T FOUND WHAT I'M LOOKING FOR,K,XP1,
U2,I STILL HAVEN'T FOUND WHAT I'M LOOKING FOR,C,ZOOM,06.08.2024
U2,NEW YEARS DAY,C,RLUCRA,29.11.2020
U2,ONE,C,MC,03.04.2018
U2,PRIDE (IN THE NAME OF LOVE),K,XP4,
U2,PRIDE (IN THE NAME OF LOVE),C,ZOOM,13.08.2024
U2,STAY (FARAWAY SO CLOSE),C,ZZANG,12.10.2023
U2,STUCK IN A MOMENT YOU CAN'T GET OUT OF,C,EK,12.10.2023
U2,SUNDAY BLOODY SUNDAY,C,MC,12.10.2023
U2,VERTIGO,K,XP2,
U2,WHERE THE STREETS HAVE NO NAME,C,KARAOKEJP,12.10.2023
U2,WITH OR WITHOUT YOU,C,SBI,03.04.2018
UB40,CAN'T HELP FALLING IN LOVE,K,XP4,
UB40,KINGSTON TOWN,K,XP1,
UB40,KINGSTON TOWN,M,MP&R3,
UB40,RED RED WINE,K,XP1,
UFO,DOCTOR DOCTOR,C,ZZANG,19.10.2022
UFO,ONLY YOU CAN ROCK ME,C,PARTYTYME,10.08.2024
UGLY KID JOE,EVERYTHING ABOUT YOU,C,BATTLE,04.08.2024
UGLY KID JOE,NEIGHBOR,C,POKOYTUS,09.08.2024
ULTRA BRA,JÄÄTELÖAUTO,M,MDV10,
ULTRA BRA,MINÄ SUOJELEN SINUA KAIKELTA,MF,FIN37A6,
ULTRA BRA,MINÄ SUOJELEN SINUA KAIKELTA,K,LK07,
ULTRA BRA,SAVANNI NUKAHTAA,MF,FIN38A8,
ULTRA BRA,SAVANNI NUKAHTAA,K,POW15,
ULTRA BRA,SINÄ LÄHDIT POIS,MF,FIN38A5,
ULTRA BRA,SINÄ LÄHDIT POIS,K,LK07,
ULTRA BRA,TYTTÖJEN VÄLISESTÄ YSTÄVYYDESTÄ,K,LK07,
ULTRAVOX,VIENNNA,K,XP2,
UMBERTO MARCATO,MARJA LEENA,M,MDV06,
UNCLE KRACKER,FOLLOW ME,K,XP3,
UNDERTONES,TEENAGE KICKS,K,KONEPC,
UNELMAVÄVYT,KANSSAS KÄVELEN RANTAAN (NI UNA SOLA BALABRA),C_O,POY,28.11.2025
UNIIKKI FT ELASTINEN & SPEKTI,POJAT ON POIKII,M,SAT05,
UNIIKKI FT HOOKKI-HEIKKI MIKAEL GABRIEL,KOTKA,M,SAT07,
UNIKLUBI,AIKA MUSTAA MUISTOT,M,MEL45Z,
UNIKLUBI,HUOMENNA,M,MEL40X,
UNIKLUBI,HUOMENNA,M,POW29,
UNIKLUBI,JÄÄMAISEMA,M,MEL50X,
UNIKLUBI,KUKKA,M,MEL53PRO,
UNIKLUBI,KYLMÄÄ,K,POW18SR4,
UNIKLUBI,KYLMÄÄ,M,MEL32X,
UNIKLUBI,RAKKAUDESTA HULLUUTEEN,C_O,POY,30.11.2023
UNIKLUBI,RAKKAUTTA JA PIIKKILANKAA,K,POW18SR4,
UNIKLUBI,RAKKAUTTA JA PIIKKILANKAA,M,MEL32X,
UNIKLUBI,VARJOT,M,MEL45Z,
UNO KAUPMEES,MÕTTED (EST),M_U,EST4,
UNO KAUPMEES,TULGE VALSILE (EST),M_U,EST4,
UNO LOOP,ROHELISED NIIDUD (EST),M_U,EST2,
UNO LOOP,ROHELISED NIIDUD (EST),M_U,EST4,
UNTO MONONEN,LAPIN TANGO,C,FINNKARAOKE,19.10.2015
UPI SORVALI,TERYLEENIÄ,M,MEL01Z,
URIAH HEEP,EASY LIVIN',C,KARAFUN,28.12.2016
URIAH HEEP,GYPSY,C,ARABAFENICE,01.04.2024
URIAH HEEP,JULY MORNING,C,TOMYBG,01.04.2024
URIAH HEEP,LADY IN BLACK,M,HR1,
URIAH HEEP,LADY IN BLACK,C,KARAFUN,02.07.2024
URIAH HEEP,STEALIN',C,LAMBY,01.04.2024
URIAH HEEP,SUNRISE,C,VERSION,02.07.2024
URIAH HEEP,THE WIZARD,C,GIANNIFE54,22.01.2023
URIAH HEEP,WHAD'YA SAY,C,ZOOM,06.05.2024
URMAS AENDER,ÜKS VAIKE RÔÔM (EST),M_U,EST1,
USA FOR AFRICA,WE ARE THE WORLD,K,XP3,
USHER,BURN,K,XP2,
UUSI PÄIVÄ & KARL SINKKONEN,TUNNEN NÄMÄ KADUT,C,FIAT,25.05.2026
UUSI PÄIVÄ & VIHREÄT VALOT,MINÄ SE OON,C,FIAT,01.09.2026
V TAMME BAND,VAIKIN SIIS KUI MUL ON VALUS (EST),M_U,EST4,
VAL DOONICAN,ELUSIVE BUTTERFLY,K,XP2,
VAL DOONICAN,WALK TALL,K,XP2,
VALENTIN,ISKELMÄPRINSSI LAULAA,C,FIAT,25.05.2026
VALENTIN,SEN KESÄN VIELÄ MUISTAN,MF,FIN35A5,
VALOVUOSI,AURINKOKUNINGATAR,M,LK25,
VALOVUOSI,AURINKOKUNINGATAR,M,SAT16,
VALVOMO,MIKÄ KESÄ,K,LK08,
VALVOMO,MIKÄ KESÄ,M,POW29,
VAN HALEN,AIN'T TALKIN BOUT LOVE,C,CCKARAOKE,01.08.2024
VAN HALEN,AND THE CRADLE WILL ROCK,C,KARAOKEJP,01.08.2024
VAN HALEN,BEAUTIFUL GIRLS,C,CHANNEL,02.08.2024
VAN HALEN,CAN'T STOP LOVING YOU,M,HR1,
VAN HALEN,DANCE THE NIGHT AWAY,C,DANCEROUS,03.08.2024
VAN HALEN,DON'T TELL ME (WHAT LOVE CAN DO),C,KARAOKEJP,03.08.2024
VAN HALEN,DREAMS,C,KARAOKEJP,04.08.2024
VAN HALEN,EVERYBODY WANTS SOME,C,KARAOKEJP,04.08.2024
VAN HALEN,FINISH WHAT YOU STARTED,C,KARAOKEJP,04.08.2024
VAN HALEN,HOT FOR TEACHER,C,CCKARAOKE,05.08.2024
VAN HALEN,HUMANS BEING,C,KARAOKEJP,05.08.2024
VAN HALEN,I'LL WAIT,C,LYRICEDITOR,06.08.2024
VAN HALEN,ICE CREAM MAN,C,KARAOKEJP,06.08.2024
VAN HALEN,JAMIE'S CRYIN',C,KARAOKEJP,06.08.2024
VAN HALEN,JUMP,M,HR1,
VAN HALEN,JUMP,K,XP3,
VAN HALEN,JUMP,C,HUENOPALTINTO,19.08.2018
VAN HALEN,OH PRETTY WOMAN,C,KARAOKEJP,23.08.2024
VAN HALEN,PANAMA,C,FABIAN,19.08.2018
VAN HALEN,POUNDCAKE,C,KARAOKEJP,13.08.2024
VAN HALEN,RIGHT NOW,C,CHANNEL,13.08.2024
VAN HALEN,RUNNIN' WITH THE DEVIL,C,CHANNEL,14.08.2024
VAN HALEN,TOP OF THE WORLD,C,LYRICEDITOR,16.08.2024
VAN HALEN,UNCHAINED,C,KARAOKEJP,18.08.2024
VAN HALEN,WHEN IT'S LOVE,C,MINUSONE,18.08.2024
VAN HALEN,WHERE HAVE ALL THE GOOD TIMES GONE,C,VERSION,30.03.2024
VAN HALEN,WHY CAN'T THIS BE LOVE,M,HR1,
VAN HALEN,WHY CAN'T THIS BE LOVE,C,CHANNEL,11.12.2020
VAN HALEN,WITHOUT YOU,C,KARAOKEJP,18.08.2024
VAN HALEN,YOU REALLY GOT ME,C,SOUNDCHOICE,13.12.2019
VAN MORRISON,AND IT STONED ME,C,ZOOM,01.08.2024
VAN MORRISON,BROWN EYED GIRL,K,XP1,
VAN MORRISON,MOONDANCE,K,XP4,
VANAVIISI,LÄÄNEMERE LAINED (EST),M_U,EST3,
VANAVIISI,NÕNDA ON SAARE PEAL HEA (EST),M_U,EST4,
VANAVIISI,OMA MAA (EST),M_U,EST4,
VANAVIISI,VIIMSI (EST),M_U,EST4,
VANCE JOY,RIPTIDE,C,SINGKING,23.07.2022
VANHA ISÄNTÄ,KUUSKYTLUVUN KAUANSOIVA BLUES,M,MEL70'S,
VANHA ISÄNTÄ,ONKIMIEHEN BLUES,M,MEL70'S,
VANILLA ICE,ICE ICE BABY,K,XP4,
VARIOUS ARTIST,THREE BLIND MICE,M,PIO1A14,
VARIOUS ARTIST,TWINKLE TWINKLE LITTLE STAR,M,PIO1A13,
VARJOKOODI,RUOSTEENPUNAINEN,C,FIAT,25.05.2026
VARJOKUVA,HÄMÄRTYVÄ ILTA,M,MEL50X,
VARJOKUVA,TANSSIT TALOLLA,M,MG19,20.03.2026
VEEPEE LEHTO,KUULE SIE AMIGOSKI,C_O,POY,29.04.2026
VEERA VIKMAN,KULTAISTA HIEKKAA,M,MEL45Z,
VEETI,KERRO MULLE RAKKAUDESTA,K,LK14,
VEETI KALLIO,MIEHET EI ITKE,M,MEL53PRO,
VEIKKO LAVI,JOKAINEN IHMINEN ON LAULUN ARVOINEN,MF,FIN24B10,
VEIKKO LAVI,JOKAINEN IHMINEN ON LAULUN ARVOINEN,M,MEL39X,
VEIKKO LAVI,JOKAINEN IHMINEN ON LAULUN ARVOINEN,C,FINNKARAOKE,29.07.2016
VEIKKO LAVI,NÄLKÄLINNA,M,MEL05Z,
VEIKKO LAVI,SILAKKA APAJALLA,M,MDV58,
VEIKKO LAVI,SUKUVIKA SUKSI EI LUISTA,K,POW14,
VEIKKO LAVI,SUKUVIKA SUKSI EI LUISTA,M,MEL43Z,
VEIKKO LAVI,VÄÄRÄ VITONEN,M,MEL33X,
VEIKKO TUOMI,ERÄMAAJÄRVEN MÖKKI,MF,FIN27B5,
VEIKKO TUOMI,ERÄMAAJÄRVEN MÖKKI,C,FINNHITS (POY),05.08.2022
VEIKKO TUOMI,KAUNIS ON LUOKSESI KAIPUU,M,MELVALS,
VEIKKO TUOMI,KOTISEUTUNI,MF,FIN21B8,
VEIKKO TUOMI,KOTISEUTUNI,M,MEL22X,
VEIKKO TUOMI,LEHDETÖN PUU,M,COV16,
VEIKKO TUOMI,LEHDETÖN PUU,MF,FIN24B7,
VEIKKO TUOMI,MAAILMAN VALOT,M,MEL22X,
VEIKKO TUOMI,MUISTOJA KARPAATEILTA,MF,FIN30B10,
VEIKKO TUOMI,MUSTA RUUSU,MF,FIN12B4,
VEIKKO TUOMI,MUSTA RUUSU,K,POW20TANGO,
VEIKKO TUOMI,MUSTA RUUSU,C,FINNKARAOKE,19.10.2015
VEIKKO TUOMI,SABINA,MF,FIN38B5,
VELLO ORUMETS,ELEKTRIK AVENÜÜ (EST),M_U,EST4,
VELLO ORUMETS,GEISA (EST),M_U,EST2,
VELLO ORUMETS,LAS MÖÖDUVAD AASTAD (EST),M_U,EST2,
VELLO ORUMETS,LAS MÖÖDUVAD AASTAD (EST),M_U,EST4,
VELLO ORUMETS,MERI JA KITARR (EST),M_U,EST2,
VELLO ORUMETS,TAAS SAJAB LUND (EST),M_U,EST3,
VELLO ORUMETS,TAAS SAJAB LUND (EST),M_U,EST4,
VENGABOYS,BOOM BOOM BOOM BOOM,C,VIDEOKE,06.08.2023
VERA TELENIUS,MILJOONA RUUSUA,MF,FIN2A5,
VERA TELENIUS,MILJOONA RUUSUA,MF,FIN37A13,
VERA WALL,VARO MUA,C_O,POY,12.12.2024
VERVE,BITTER SWEET SYMPHONY,K,XP2,
VERVE,THE DRUGS DON'T WORK,K,XP1,
VESA ENNE,NUORI RYTMI,MF,FIN37A8,
VESA ENNE,NUORI RYTMI,M,M60'S,
VESA-MATTI LOIRI,ELEGIA,M,MEL60,
VESA-MATTI LOIRI,HUILUMIES,M,KSF1Z,
VESA-MATTI LOIRI,HYVÄÄ PUUTA,M,MEL52X,
VESA-MATTI LOIRI,HYVÄÄ PUUTA,C,TUOTTAJA,14.08.2022
VESA-MATTI LOIRI,ITKEVÄ HUILU,M,MDV09,
VESA-MATTI LOIRI,ITKEVÄ HUILU,C,MELPLAY,19.01.2021
VESA-MATTI LOIRI,JOKA POJALLA ON SIIVET,M,MEL13Z,
VESA-MATTI LOIRI,JOULUYÖ JUHLAYÖ,C,TUOTTAJA,17.07.2024
VESA-MATTI LOIRI,KAKSI YSTÄVÄÄ,MF,FIN40B4,
VESA-MATTI LOIRI,LAIVAT PUUTA MIEHET RAUTAA,K,POW14,
VESA-MATTI LOIRI,LAPIN KESÄ,MF,FIN44A12,
VESA-MATTI LOIRI,LAPIN KESÄ,MF,FIN5B6,
VESA-MATTI LOIRI,LAPIN KESÄ,K,POW04,
VESA-MATTI LOIRI,LAPIN KESÄ,M,MEL26X,
VESA-MATTI LOIRI,LAPIN KESÄ,C,FINNHITS,19.06.2015
VESA-MATTI LOIRI,MIKSI MÄ MAAILMALLE LAULAISIN,M,MEL51Z,
VESA-MATTI LOIRI,NOCTURNE,M,MDV68,
VESA-MATTI LOIRI,RAKKAUDEN SOTILAAT,M,MDV61,
VESA-MATTI LOIRI,SAISKOS PLUVAN,M,MDV20,
VESA-MATTI LOIRI,SYDÄMEENI JOULUN TEEN,C,TUOTTAJA,17.07.2024
VESA-MATTI LOIRI,TONTTU,C,TUOTTAJA,17.07.2024
VESA-MATTI LOIRI,TÄHDISTÄ KIRKKAIN,C,TUOTTAJA,17.07.2024
VESA-MATTI LOIRI,VARPUNEN JOULUAAMUNA,C,TUOTTAJA,17.07.2024
VESA-MATTI LOIRI FT JENNI VARTIAINEN,HALVALLA,M,SAT10,
VESA-MATTI LOIRI JA SAMULI EDELMANN,TUOMITTUNA KULKEMAAN,K,LK18,
VESA-MATTI LOIRI JA SAMULI EDELMANN,TUOMITTUNA KULKEMAAN,M,MDV57,
VESA-MATTI LOIRI JA SAMULI EDELMANN,TUOMITTUNA KULKEMAAN,C,MAURIK,09.10.2021
VESALA,MUITAKI IHMISII,M,MDV69,
VESALA,NYT ON LÄHTÖ,C,RV@EV CHANNEL,29.08.2020
VESALA,TEQUILA,M,LK25,
VESALA,TEQUILA,M,SAT17,
VESALA,TYTÖT EI SOITA KITARAA,M,LK25,
VESALA,TYTÖT EI SOITA KITARAA,M,SAT18,
VESALA,ÄLÄ DROPPAA MUN TUNNELMAA,C,KUNINGAS,11.05.2026
VESKU JOKINEN,APLODIT MULLE (VAIN ELÄMÄÄ KAUSI 11),C_O,POY,08.12.2025
VESTA,OTA VAROVASTI,C_O,POY,07.04.2026
VESTERINEN YHTYEINEEN,FAARAO,C_O,POY,19.08.2024
VESTERINEN YHTYEINEEN,ILMAN MUA,M,COV23,
VESTERINEN YHTYEINEEN,KILJUT RIEMUSTA,M,KPP40,
VESTERINEN YHTYEINEEN,KOHTI SYDÄNPELTOJA,C_O,POY,20.03.2023
VESTERINEN YHTYEINEEN,KOLME HYVÄÄ VINKKIÄ,M,COV14,
VESTERINEN YHTYEINEEN,KOLME HYVÄÄ VINKKIÄ,C_O,POY,06.06.2023
VESTERINEN YHTYEINEEN,KUKAAN EI KOSKAAN,C,KARAOKETÄHTI,05.07.2022
VESTERINEN YHTYEINEEN,KUKAAN EI KOSKAAN,C_O,POY,14.02.2022
VESTERINEN YHTYEINEEN,KUKAAN EI KOSKAAN,M,SAT02,
VESTERINEN YHTYEINEEN,ONNELLINEN MIES,M,MDV64,
VESTERINEN YHTYEINEEN,REPPANA,M,SAT06,
VESTERINEN YHTYEINEEN,TUMMILLA TEILLÄ,C_O,POY,10.02.2023
VESTERINEN YHTYEINEEN,TURISTI,C_O,POY,04.08.2023
VIENO KEKKONEN,EI KOSKAAN SUNNUNTAISIN,M,MDV08,
VIENO KEKKONEN,KESÄN VIHREÄT LEHVÄT,M,MDV08,
VIENO KEKKONEN,MILLOIN MILLOIN MILLOIN,MF,FIN44B7,
VIENO KEKKONEN,SÄVEL RAKKAUDEN,MF,FIN20B7,
VIENO KEKKONEN,YÖN VÄISTYESSÄ,MF,FIN18B7,
VIIKATE,EI ENKELEITÄ,M,MEL47Z,
VIIKATE,KOULUTIE ON HILJAINEN,M,MEL47Z,
VIIKATE,KUU KAAKON YLLÄ,M,SAT02,
VIIKATE,MANTELINMAKUINEN,M,MDV69,
VIIKATE,MIES JOKA NOLASI KOUVOLAN,C_O,POY,13.07.2025
VIIKATE,POHJOISTA VILJAA,M,MEL32X,
VIIKATE,SE ON KIVI ISKELMÄÄ,M,MDV59,
VIIKATE,TERVASKANTO,M,MDV61,
VIIKATE,UNHOLAN URUT,M,MEL32X,
VIIKATE,VIINA TERVA JA HAUTA,M,MDV57,
VIIKATE,YÖN SEUTU,M,MEL51Z,
VIIVI,AAMUN KUISKAUS (VAIN ELÄMÄÄ KAUSI 16),C,FIAT,25.05.2026
VIIVI,AINA,C,FIAT,25.05.2026
VIIVI,AINOA MIINUS,C,KUNINGAS,05.11.2025
VIIVI,EHDOTTOMASTI,C,KUNINGAS,11.05.2026
VIIVI,HYVÄUSKOINEN,C,KUNINGAS,05.11.2025
VIIVI,I WILL STAY,C,KUNINGAS,17.04.2026
VIIVI,ILMAN SUA,C,KUNINGAS,05.11.2025
VIIVI,KAIKKI PÄÄTTYY MEIHIN,C,KUNINGAS,11.05.2026
VIIVI,KÄVI MITÄ KÄVI SUL ON MUT,C,KUNINGAS,05.11.2025
VIIVI,LAUSEET ON VAAN LAUSEITA,C,KUNINGAS,10.09.2026
VIIVI,LÄÄKE,C,KUNINGAS,05.11.2025
VIIVI,MITÄ NÄIL KORTEIL SAA,C,KUNINGAS,05.11.2025
VIIVI,OLEN KAUNIS (SYNTYNYT VOITTAMAAN),C,KUNINGAS,05.11.2025
VIIVI,ONNELLINEN,C,KUNINGAS,05.11.2025
VIIVI,RAKKAUTEEN,C,KUNINGAS,05.11.2025
VIIVI,RUOSKA,C,KUNINGAS,05.11.2025
VIIVI,SUN KATU,C,KUNINGAS,05.11.2025
VIIVI,SUN KATU (VAIN ELÄMÄÄ KAUSI 16),C,FIAT,25.05.2026
VIIVI,TIKAPUUT,C,KUNINGAS,05.11.2025
VIIVI,TULIPALO,C,KUNINGAS,06.11.2025
VIIVI,USA,C,KUNINGAS,11.05.2025
VIIVI,VIEL YHEN KERRAN,C,FIAT,25.05.2026
VIIVI,ÄLÄ KOSKAAN IKINÄ,C,KUNINGAS,05.11.2025
VIIVI & ROBIN PACKALEN,IHANA KIPU,C,KUNINGAS,08.06.2026
VIKINGARNA,TIOTUSEN RÖDA ROSOR (SWE),M_U,SWE,
VIKTOR KLIMENKO,AURINKO LASKEE LÄNTEEN,MF,FIN24A10,
VIKTOR KLIMENKO,JOKAISELLE JOKU ON KAI RAKKAIN,MF,FIN31B6,
VILHO VARTIAINEN,NUORUUSMUISTOJA,MF,FIN19B6,
VILHO VARTIAINEN,NUORUUSMUISTOJA,M,MELVALS,
VILLAGE PEOPLE,CAN'T STOP THE MUSIC,C,SUNFLY,13.01.2017
VILLAGE PEOPLE,CAN'T STOP THE MUSIC,M,MP&R3,
VILLAGE PEOPLE,IN THE NAVY,K,XP4,
VILLAGE PEOPLE,YMCA,K,XP1,
VILLAGE PEOPLE,YMCA,C,ZOOM,30.09.2014
VILLAGE PEOPLE,YMCA,M,MP&R3,
VILLE LEINONEN & VALUMO,TÄHTITYTTÖ,M,SAT04,
VILLE VALO,OLET MUN KAIKULUOTAIN,M,MDV66,
VILLE VALO & NATALIA AVELON,SUMMER WINE,C,KARAFUN,05.04.2018
VILMA ALINA,RIKOLLINEN,M,COV11,
VILPERIN PERIKUNTA,PIIRIMYYJÄ,M,MEL62,
VILPERIN PERIKUNTA,TURKULAINEN HELSINGIS,C_O,POY,12.01.2025
VIRPI (CAT CAT),RAKKAUS ON HULLUU (SUMMER IS CRAZY),M,COV19,
VIRTUOSO,SUUREN MEREN SUOLAA (MY HEART WILL GO ON),C_O,POY,09.03.2023
VIRVE VICKY ROSTI,JOLENE,MF,FIN42B1,
VIRVE VICKY ROSTI,KUN CHICAGO KUOLI,MF,FIN20A10,
VIRVE VICKY ROSTI,KUN CHICAGO KUOLI,M,MEL26X,
VIRVE VICKY ROSTI,KUN CHICAGO KUOLI,C,FINNHITS,07.08.2020
VIRVE VICKY ROSTI,MENOLIPPU,M,MEL34Z,
VIRVE VICKY ROSTI,MENOLIPPU,C,FINNHITS,29.07.2016
VIRVE VICKY ROSTI,MULLA VOI MENNÄ MYÖHÄÄN,M,MEL21Z,
VIRVE VICKY ROSTI,NÄINKÖ AINA MEILLE TÄÄLLÄ KÄY,MF,FIN20B2,
VIRVE VICKY ROSTI,NÄINKÖ AINA MEILLE TÄÄLLÄ KÄY,C,FINNHITS,30.07.2016
VIRVE VICKY ROSTI,OON VOIMISSAIN,MF,FIN19A6,
VIRVE VICKY ROSTI,OON VOIMISSAIN,K,POW06,
VIRVE VICKY ROSTI,OON VOIMISSAIN,M,MEL49Z,
VIRVE VICKY ROSTI,RIISU POIS JO ARKIPAITA,MF,FIN41A7,
VIRVE VICKY ROSTI,RIISU POIS JO ARKIPAITA,K,LK05,
VIRVE VICKY ROSTI,SATA SALAMAA,MF,FIN35A6,
VIRVE VICKY ROSTI,SATA SALAMAA,K,POW16,
VIRVE VICKY ROSTI,SATA SALAMAA,M,MEL46Z,
VIRVE VICKY ROSTI,SATA SALAMAA,C,KARAOKETÄHTI,02.07.2024
VIRVE VICKY ROSTI,SUA KAIPAAN NIIN,M,COV14,
VIRVE VICKY ROSTI,SYDÄMEEN KIRJOITETTU,K,POW17,
VIRVE VICKY ROSTI,TUOLTA SAAPUU CHARLIE BROWN,MF,FIN18B3,
VIRVE VICKY ROSTI,TUOLTA SAAPUU CHARLIE BROWN,K,LK02,
VIRVE VICKY ROSTI,TUOLTA SAAPUU CHARLIE BROWN,M,MEL34N,
VIRVE VICKY ROSTI,UUDELLEEN,K,POW10,
VIRVE VICKY ROSTI,YÖN HELMAAN,C,FIAT,25.05.2026
VIRVE VICKY ROSTI & PATE MUSTAJÄRVI,PARAS MULLE,K,POW09SR2,
VITAMIIN,ROOSIAIA KUNINGANNA (EST),M_U,EST4,
VIXEN,CRYIN',C,ROCK,03.08.2024
VIXEN,EDGE OF A BROKEN HEART,C,HD,04.08.2024
VOLBEAT,FOR EVIGT,C,KARAFUN,02.07.2024
VOLBEAT,LOLA MONTEZ,C,NOX,20.03.2022
VOLBEAT,STILL COUNTING,C,OBSCURE,02.04.2024
VOLDE WALDEMAR PUNNALA,NAULAAN JA NAPUTAN,M,M60'S,
VOLDEMAR KUSLAP,VIIMNE VALSS (EST),M_U,EST3,
VON HERTZEN BROTHERS,FLOWERS AND RUST,M,SAT10,
WALDO,FEEL SO GOOD,C,FIAT,16.05.2026
WALDO'S PEOPLE,LOSE CONTROL,M,SAT01,
WARJOTON,EILISEN TULEVAISUUS HYMYILLYTTÄÄ,C_O,POY,16.07.2024
WARJOTON,HERRA HAAMU,C_O,POY,15.07.2024
WARJOTON,KEIJUKAINEN,C_O,POY,15.07.2024
WARMEN,SOMEBODY'S WATCHING ME,M,HEVI 3,
WARRANT,DOWN BOYS,C,PARTYTYME,03.08.2024
WARRANT,HEAVEN,C,ATOMIC,05.08.2024
WARRANT,I SAW RED,C,KARAOKEJP,06.08.2024
WARRANT,SOMETIMES SHE CRIES,C,APRILICHOICE,15.08.2024
WARRANT,UNCLE TOM'S CABIN,C,HD,18.08.2024
WASP,ANIMAL (F### LIKE A BEAST),C,CHANNEL,01.08.2024
WASP,I WANNA BE SOMEBODY,C,SOUNDCHOICE,06.08.2024
WAYNE NEWTON,DAKE SCHOEN,M,PIO13B14,
WEATHER GIRLS,IT'S RAINING MEN,K,XP1,
WESTLIFE,MY LOVE,M,MP&R3,
WESTLIFE,UPTOWN GIRL,M,PT1,
WESTLIFE,YOU RAISE ME UP,M,MP&R3,
WET WET WET,GOODNIGHT GIRL,K,XP3,
WET WET WET,LOVE IS ALL AROUND,K,XP1,
WET WET WET,LOVE IS ALL AROUND,C,KARAFUN,06.05.2018
WET WET WET,LOVE IS ALL AROUND,M,PT2,
WHAM!,I'M YOUR MAN,K,XP3,
WHAM!,LAST CHRISTMAS,C,CHANNEL,25.04.2022
WHAM!,WAKE ME UP BEFORE YOU GO GO,K,XP1,
WHEATUS,TEENAGE DIRTBAG,C,EK,27.04.2025
WHITE LION,WAIT,C,LYRICEDITOR,18.08.2024
WHITE LION,WHEN THE CHILDREN CRY,C,PINOY,18.08.2024
WHITE ZOMBIE,MORE HUMAN THAN HUMAN,C,WTF,09.08.2024
WHITE ZOMBIE,THUNDER KISS '65,C,LETSSING,16.08.2024
WHITESNAKE,FOOL FOR YOUR LOVING,C,ZOOM,24.04.2022
WHITESNAKE,GIVE ME ALL YOUR LOVE,C,SOUNDCHOICE,05.08.2024
WHITESNAKE,HERE I GO AGAIN,M,HR1,
WHITESNAKE,HERE I GO AGAIN,K,XP4,
WHITESNAKE,HERE I GO AGAIN,C,KARAFUN,03.04.2018
WHITESNAKE,IS THIS LOVE,M,HR1,
WHITESNAKE,IS THIS LOVE,C,KARAFUN,03.04.2018
WHITESNAKE,SLIDE IT IN,C,SOUNDCHOICE,14.08.2024
WHITESNAKE,SLOW AN' EASY,C,CCKARAOKE,14.08.2024
WHITESNAKE,STILL OF THE NIGHT,C,ZOOM,15.08.2024
WHITNEY HOUSTON,GREATEST LOVE OF ALL,K,XP1,
WHITNEY HOUSTON,GREATEST LOVE OF ALL,M,PIO007,
WHITNEY HOUSTON,I WANNA DANCE WITH SOMEBODY,K,XP4,
WHITNEY HOUSTON,I WILL ALWAYS LOVE YOU,K,XP1,
WHITNEY HOUSTON,SAVING ALL MY LOVE FOR YOU,K,XP4,
WHITNEY HOUSTON,YOU GIVE GOOD LOVE,M,PIO13A13,
WIGWAM,LUULOSAIRAS,M,MEL70'S,
WIKTORIA NILSSON,ALLT VI KÄNNER FÖR VARANN (SWE),M_U,SWE,
WILD CHERRY,PLAY THAT FUNKY MUSIC,K,XP4,
WILL MOSELEY,IT'S YOU,C,STEVE LAYCOCK,26.02.2026
WILL YOUNG,ALL TIME LOVE,K,XP3,03.09.2026
WILL YOUNG,EVERGREEN,K,XP3,03.09.2026
WILL YOUNG,LIGHT MY FIRE,M,PT1,
WILL YOUNG,WHO AM I,K,XP3,03.09.2026
WILLIE NELSON,CRAZY ARMS,M,PIO13A11,
WILLIE NELSON,ON THE ROAD AGAIN,C,ZOOM,30.08.2025
WILSON PICKETT,LAND OF A THOUSAND DANCES,C,ZOOM,01.04.2024
WILSON PICKETT,MUSTANG SALLY,C,PARTYTYME,01.04.2024
WIND ROSE,DIGGY DIGGY HOLE,C,BELLYSINGS,21.03.2026
WINDOWS95MAN,NO RULES,C,TUOTTAJA,13.04.2024
WINGER,HEADED FOR A HEARTBREAK,C,CLOUD,05.08.2024
WINGER,MILES AWAY,C,PINOY,09.08.2024
WINGER,SEVENTEEN,C,PARTYTYME,14.08.2024
WITIKAISEN RULETTI,NOUSE POHJOISEN JUNAAN,M,KK1,
WITIKAISEN RULETTI,ONNI LÖYTYY SUVISUOMESTA,M,KK1,
WOUDE,ON KESÄ VASTA ALUSSA,C_O,POY,15.05.2026
WÄRTZILÄ,LIEHUVA LIEKINVARSI,M,MEL30N,
WÄRTZILÄ,LIEHUVA LIEKINVARSI,C_O,POY,03.11.2025
WÄRTZILÄ,MIKÄ MÄTTÄÄ,M,MEL32X,
WÖYH!,RAPUARMEIJA,C,TUOTTAJA,22.02.2023
XL5,KAUNIS PETO,M,SAT02,
Y&T,MEAN STREAK,C,PROJETO AC4,09.08.2024
Y&T,SUMMERTIME GIRLS,C,CCKARAOKE,15.08.2024
YASMIININ TUOKSU,IHANUUTENI,K,POW05SR1,
YAZOO,ONLY YOU,M,MP&R3,
YENI TÜRKÜ,TELLİ TELLİ (TUR),C_U,TUR,25.04.2022
YES,OWNER OF A LONELY HEART,K,XP4,
YES,OWNER OF A LONELY HEART,C,ZOOM,10.08.2024
ÜLLAR JÖRBERG,METSALILLED (EST),M_U,EST3,
ÜLLAR JÖRBERG,METSALILLED (EST),M_U,EST4,
YNGWIE MALMSTEEN,DREAMING (TELL ME),C,KARAMETAL,30.07.2025
YNGWIE MALMSTEEN,HEAVEN TONIGHT,C,CCKARAOKE,05.08.2024
YONA,GHETTO,C,ZOOM,21.10.2023
YUP,HOMO SAPIENS,C,KUNINGAS,10.09.2026
YUP,JOS HELVETTI ON TÄYTTÄ,C,KUNINGAS,10.09.2026
YUP,JOUTILAS,C,KUNINGAS,10.09.2026
YUP,MEITÄ ODOTELLAAN MULLAN ALLA,C,KUNINGAS,08.05.2026
YUP,MITÄ MINÄ TODELLA SANOIN,C,KUNINGAS,10.09.2026
YVONNE FAIR,IT SHOULD HAVE BEEN ME,K,XP2,
YÖ,ANGELIQUE,M,MEL32X,
YÖ,DEADLINE,M,MEL45Z,
YÖ,EN SAANUT SUA PILVIIN,M,MEL51Z,
YÖ,ENKELILLE,M,MEL16Z,
YÖ,ENKELILLE,C_O,POY,15.04.2023
YÖ,ERAKKO,M,MDV66,
YÖ,ERAKKO,C,MELPLAY,21.10.2022
YÖ,HÄN TANSSI KANSSA ENKELEIDEN,K,POW18SR4,
YÖ,IHMISEN POIKA,K,KONEPC,
YÖ,IHMISEN POIKA,M,MEL49Z,
YÖ,IHMISEN POIKA,C,POWER,29.07.2016
YÖ,JOUTSENLAULU,MF,FIN21A8,
YÖ,JOUTSENLAULU,K,LK03,
YÖ,JOUTSENLAULU,M,MDV17,
YÖ,JOUTSENLAULU,C,KARAOKETÄHTI,02.07.2024
YÖ,KATUJEN KUNINGATAR,M,MEL21Z,
YÖ,KIITOS JA KUNNIA,M,MEL51Z,
YÖ,KIVISET KADUT,M,MEL53PRO,
YÖ,KUIN SÄVEL OIS HÄN,M,MEL37Z,
YÖ,KUN NUORUUS KATOAA,M,SATC04,
YÖ,KUOROTYTTÖ,M,MEL52X,
YÖ,LAULU RAKKAUDELLE,M,MEL15Z,
YÖ,LAULU RAKKAUDELLE,C,MELPLAY,19.01.2021
YÖ,LIKAISET LEGANDAT 1,M,MEL05Z,
YÖ,LOISTO,M,MEL51Z,
YÖ,MINNE TUULET VIE,M,LK25,
YÖ,MINNE TUULET VIE,C,RV@EV CHANNEL,29.08.2020
YÖ,MINNE TUULET VIE,M,SAT17,
YÖ,MITÄ JOS MÄ RAKASTAN SUA,M,MDV69,
YÖ,MYSTEERI,M,MEL19Z,
YÖ,NIIN PALJON ME TEIHIN LUOTETTIIN,M,MDV59,
YÖ,OIKEE ENKELI,M,MEL36Z,
YÖ,PARRASVALOT,M,MEL53PRO,
YÖ,PELKO JA RAKKAUS,K,LK19,
YÖ,PETTÄVÄLLÄ JÄÄLLÄ,K,LK04,
YÖ,PETTÄVÄLLÄ JÄÄLLÄ,M,MEL32X,
YÖ,PETTÄVÄLLÄ JÄÄLLÄ,C,POPLANDIA,02.07.2024
YÖ,PIENI IHMINEN SUURESSA MAAILMASSA,C_O,POY,26.06.2024
YÖ,RAKKAUDEN VAHVISTAMA,K,LK04,
YÖ,RAKKAUDEN VAHVISTAMA,M,MEL32X,
YÖ,RAKKAUS ON LUMIVALKOINEN,K,POW12,
YÖ,RAKKAUS ON LUMIVALKOINEN,M,MEL25X,
YÖ,RAKKAUS ON LUMIVALKOINEN,C,FINNISH,07.08.2020
YÖ,RAKKAUTTA VAIN,M,MEL47Z,
YÖ,SANO ETTÄ JÄÄT,K,POW13SR3,
YÖ,SATUKIRJAN SANKARI,K,LK10,
YÖ,SE KERRAN KIRPAISEE,K,POW18SR4,
YÖ,SUNNUNTAISIN KUOLEE KUNINKAAT,C,FIAT,01.09.2026
YÖ,SYYT SYNTYJEN,K,LK21,
YÖ,SYYT SYNTYJEN,M,MDV58,
YÖ,SÄRKYNYT ENKELI,K,POW09SR2,
YÖ,SÄRKYVÄÄ,K,POW11,
YÖ,SÄRKYVÄÄ,M,MEL19Z,
YÖ,TIA MARIA,K,POW05SR1,
YÖ,TIE SYDÄMEENI,M,MEL38Z,
YÖ,TOINEN ELÄMÄ,C_O,POY,21.08.2025
YÖ,VIE MUT MINNE VAAN,M,MEL16Z,
YÖ,VIE MUT MINNE VAAN,C_O,POY,02.02.2023
YÖ,YHDEN ILLAN VARIETEE,M,MEL32X,
YÖ,YHDEN ILLAN VARIETEE,C_O,POY,08.02.2022
YÖ,YKSIKIN ASKEL LIIKAA,C,FIAT,01.09.2026
YÖ,YÖ,M,MEL50X,
YÖ FT STINA GIRS,JÄÄN SUN VIEREEN,M,MDV63,
YÖ JA PÄIVI LEPISTÖ,ETKÖ UNTA SAA,C_O,POY,22.01.2026
YÖLINTU,AJOPUU,C_O,POY,19.07.2025
YÖLINTU,AMERIKKAAN AMERIKKAAN,M,KK4,
YÖLINTU,ANTEEKSI,M,MEL50X,
YÖLINTU,APPELSIINILEHTOON,K,LK21,
YÖLINTU,APPELSIINILEHTOON,M,MDV59,
YÖLINTU,APPELSIINILEHTOON,C,LAULAVAKOIRA,23.09.2020
YÖLINTU,BEIRAN MIES,C_O,POY,07.12.2025
YÖLINTU,EI KITARA OO VAIENNUT,K,LK19,
YÖLINTU,EN OLE PYHIMYS,K,POW17,
YÖLINTU,HAAMUKIPUA,M,KK2,
YÖLINTU,HAAMUKIPUA,K,LK08,
YÖLINTU,HAAVOITTUMATON,M,MEL44X,
YÖLINTU,HAAVOITTUNEET,K,LK09,
YÖLINTU,ILTA AURINKO,M,MEL22X,
YÖLINTU,KUN LAKKAAN LAULAMASTA,C_O,POY,10.12.2024
YÖLINTU,LIIAN SUURI CITY,K,LK08,
YÖLINTU,LIIAN SUURI CITY,M,MEL07,
YÖLINTU,MAAILMA ON KAUNEIMMILLAAN,C_O,POY,04.03.2024
YÖLINTU,MAHDUNKO MAAILMAAS,MF,FIN38A7,
YÖLINTU,MAHDUNKO MAAILMAAS,K,LK08,
YÖLINTU,MAHDUNKO MAAILMAAS,M,MEL26X,
YÖLINTU,MENNYTTÄ MIESTÄ,K,LK05,
YÖLINTU,MENNYTTÄ MIESTÄ,M,MEL46Z,
YÖLINTU,MERIMIES,MF,FIN32A10,
YÖLINTU,MIES KYLMÄN MAAN,M,MDV12,
YÖLINTU,MINNE MAAILMA KULJETTAA,K,LK19,
YÖLINTU,MINNE MAAILMA KULJETTAA,M,MDV58,
YÖLINTU,MÄ PUTOAN,K,LK05,
YÖLINTU,MÄ PUTOAN,M,MEL36Z,
YÖLINTU,MÄ PUTOAN,C,KARAOKETÄHTI,02.07.2024
YÖLINTU,NE JOTKA LÄHTEE,C_O,POY,01.04.2024
YÖLINTU,NOPEAT SYÖVÄT HITAAT,K,LK07,
YÖLINTU,NOPEAT SYÖVÄT HITAAT,M,MEL40X,
YÖLINTU,OLIT AARTEENAIN,M,COV22,
YÖLINTU,OLIT AARTEENAIN,M,SK1A1,
YÖLINTU,PIENEN POJAN HAAVEET,M,MDV06,
YÖLINTU,PIENEN POJAN HAAVEET,C,MAURIK,09.10.2021
YÖLINTU,PIENI LINTUNEN,MF,FIN44A8,
YÖLINTU,PIENI LINTUNEN,M,MDV20,
YÖLINTU,PIMEÄSTÄ VALOON,M,MEL52X,
YÖLINTU,POIKA,C_O,POY,07.12.2024
YÖLINTU,PREUSSINPUNAISTA,M,MEL44X,
YÖLINTU,PREUSSINPUNAISTA,C,MAGNUM (POY),12.05.2022
YÖLINTU,RAKASTUN UUDELLEEN,C_O,POY,09.12.2024
YÖLINTU,RAKKAUS ON SININEN,M,MEL16Z,
YÖLINTU,RAKKAUS ON SININEN,C,MELPLAY,29.07.2016
YÖLINTU,RILLUTTELE YÖ,M,MEL19Z,
YÖLINTU,RUNOILIJAN KYNÄ,M,MG17,20.03.2026
YÖLINTU,SALATTU SURU,K,POW03,
YÖLINTU,SALATTU SURU,C,KARAOKETÄHTI,02.07.2024
YÖLINTU,SATUKIRJAN PRINSESSA,K,LK08,
YÖLINTU,SINUN KANSSASI,M,MELVALS,
YÖLINTU,SITÄ SAA MITÄ TILAA,K,LK02,
YÖLINTU,SITÄ SAA MITÄ TILAA,M,MEL15Z,
YÖLINTU,SITÄ SAA MITÄ TILAA,C,FINNISH,09.10.2021
YÖLINTU,SUKUVIKA SUKSI EI LUISTA,C,FIAT,25.05.2026
YÖLINTU,SULLE MUN KULTANI,K,POW08,
YÖLINTU,SUURET SANAT,MF,FIN40A8,
YÖLINTU,SUURET SANAT,K,LK08,
YÖLINTU,SÄ JÄIT MUN UNIIN,M,MEL37Z,
YÖLINTU,SÄ JÄIT MUN UNIIN,C,MAGNUM (POY),21.07.2022
YÖLINTU,TOSITARKOITUKSELLA,MF,FIN37A9,
YÖLINTU,TOSITARKOITUKSELLA,M,MEL26X,
YÖLINTU,TOSITARKOITUKSELLA,C,FINNHITS,18.10.2015
YÖLINTU,TULE SILLOIN,M,POW19,20.03.2026
YÖLINTU,TV:N KOKOINEN HAITARI,MF,FIN38A3,
YÖLINTU,TV:N KOKOINEN HAITARI,K,LK08,
YÖLINTU,TV:N KOKOINEN HAITARI,M,MEL34N,
YÖLINTU,TYTÖT OVAT KAUNIITA,K,POW17,
YÖLINTU,TYTÖT OVAT KAUNIITA,C,KARAOKETÄHTI,02.07.2024
YÖLINTU,TÄÄ ON RANKKAA,K,LK08,
YÖLINTU,TÄÄ ON RANKKAA,M,MEL21Z,
YÖLINTU,UNETON,K,MG06,
YÖLINTU,VARJOJEN YÖ,MF,FIN44B1,
YÖLINTU / SIMO SILMU,IHME KERRALLAAN,K,LK08,
SIMO SILMU,KAIKKEA HYVÄÄ,K,LK05,
YÖLINTU / SIMO SILMU,KATARIINA,K,LK08,
SIMO SILMU,SYDÄNSÄRKYÄ,K,MG06,
YÖLINTU / SIMO SILMU,VAIN YKSINÄINEN,K,POW17,
YÖN POLTE,TYTTÖ SINÄ OLET MERITÄHTI,M,SAT07,
ZEN CAFE,AAMUISIN,C,TUOTTAJA,27.07.2026
ZEN CAFE,MIES JONKA YMPÄRILTÄ TUOLIT VIEDÄÄN,M,MEL18Z,
ZEN CAFE,MIES JONKA YMPÄRILTÄ TUOLIT VIEDÄÄN,C,SAKAALI,07.08.2020
ZEN CAFE,MILLOIN JÄTKÄT TULEE,M,MDV61,
ZEN CAFE,OLET PUOLISONI NYT,K,LK19,
ZEN CAFE,OLET PUOLISONI NYT,M,MDV58,
ZEN CAFE,PIHA ILMAN SADETTAJAA,K,POW18SR4,
ZEN CAFE,PIHA ILMAN SADETTAJAA,M,MEL42Z,
ZEN CAFE,TAXI,M,MEL47Z,
ZEN CAFE,TODELLA KAUNIS,M,MEL40X,
ZEN CAFE,TODELLA KAUNIS,C_O,POY,03.11.2025
ZEN CAFE,AAMUISIN,C,FIAT,14.05.2026
ZEPALA,AKKA VIE PUOLET,C_O,POY,25.10.2025
ZEPALA,LÄHETKÖ LANDELLE,C,FIAT,25.05.2026
ZEPALA,VITTUMAINEN POMO,C_O,POY,10.12.2025
ZERO NINE,BANGING ON DRUMS,M,HEVI 2,
ZERO NINE,BANGING ON DRUMS,C,CCKARAOKE,02.08.2024
ZZ TOP,CHEAP SUNGLASSES,C,KING,02.08.2024
ZZ TOP,GIMME ALL YOUR LOVIN',M,HR1,
ZZ TOP,GIMME ALL YOUR LOVIN',C,KARAOK&VOUS,05.08.2024
ZZ TOP,I THANK YOU,C,VOCALSTAR,06.08.2024
ZZ TOP,I'M BAD I'M NATIONWIDE,C,DANCEROUS,06.08.2024
ZZ TOP,JESUS JUST LEFT CHICAGO,C,STINGRAY,06.08.2024
ZZ TOP,LA GRANGE,C,VOCALSTAR,08.08.2024
ZZ TOP,LEGS,C,EK,08.08.2024
ZZ TOP,LEGS,M,MP&R3,
ZZ TOP,PEARL NECKLACE,C,VOCALSTAR,10.08.2024
ZZ TOP,ROUGH BOYS,C,LETSSING,13.08.2024
ZZ TOP,SHARP DRESSED MAN,C,VERSION,14.08.2024
ZZ TOP,TUBE SNAKE BOOGIE,C,SOUNDCHOICE,16.08.2024
ZZ TOP,TUSH,C,SINGKING,27.07.2024
ZZ TOP,VELCRO FLY,C,LETSSING,18.08.2024
ZZ TOP,VIVA LAS VEGAS,M,HR1,
ZZ TOP,WAITIN' FOR THE BUS & JESUS JUST LEFT CHICAGO,C,JCKARAOKE,18.08.2024
ÄIJÄENERGIAA,MÄ ELÄN VIELÄKIN,M,MDV10,
ÄIJÄENERGIAA,MÄ ELÄN VIELÄKIN,C,MELPLAY,19.01.2021
ÄSSÄT,IHANUUTENI,M,MDV57,
ÄSSÄT,PUNAKENKÄINEN TYTTÖ,K,POW02,
ÄSSÄT,SALATTU RAKKAUS,K,KONEPC,
ÄSSÄT,SAMAAN TAHTIIN,K,POW04,
ÖSTEN MED RESTEN,HON KOMMER MED SOLSKEN (SWE),M_U,SWE,
АЛЛА ПУГАЧЁВА (ALLA PUGACHEVA),ПОЗОВИ МЕНЯ С СОБОЙ (SOITA MINULLE KANSSAS) (RUS),C_U,RUS,10.01.2026
АЛЛА ПУГАЧЁВА (ALLA PUKACHEVA),АЙСБЕРГ (JÄÄVUORI) (RUS),C_U,RUS,30.03.2026
АЛЛА ПУГАЧЁВА (ALLA PUKACHEVA),БЕЗ МЕНЯ (ILMAN MINUA) (RUS),C_U,RUS,30.05.2022
АННА ГЕРМАН (ANNA GERMA),НАДЕЖДА (TOIVO)  (RUS),C_U,RUS,10.01.2026
БРАВО (BRAVO),ЧЁРНЫЙ КОТ (MUSTA KISSA) (RUS),C_U,RUS,10.01.2026
ВЕРКА СЕРДЮЧКА (VERKA SERDUCHKA),DANCING LASHA TUMBAI (ТАНЦЮЮЧИЙ ЛАША ТУМБАЙ) (UKR),C_U,UKR,14.10.2024
ВЕРКА СЕРДЮЧКА (VERKA SERDUCHKA),ДО РЕ МИ (DO RE MI) (UKR),C_U,UKR,14.10.2024
ВЕРКА СЕРДЮЧКА (VERKA SERDUCHKA),ДОЛЬЧЕ ГАББАНА (DOLCE & GABBANA) (UKR),C_U,UKR,14.10.2024
ВЕРКА СЕРДЮЧКА (VERKA SERDUCHKA),ПРОПОЗИЦІЯ Є (TARJOUS ON) (UKR),C_U,UKR,14.10.2024
ВИКТОР ЦОЙ (VKTOR TSOI),ЗВЕЗДА ПО ИМЕНИ СОЛНЦЕ (TÄHTI NIMELTÄ AURINKO) (RUS),C_U,RUS,10.01.2026
ВИКТОР ЦОЙ КИНО (VKROR TSOI KNO),ГРУППА КРОВИ НА РУКАВЕ (VERIRYHMÄ HIHASSA) (RUS),C_U,RUS,09.01.2026
ГРИГОРИЙ ЛЕПС (GRGORY LEPS),РЮМКА ВОДКИ НА СТОЛ (LASI VODKAA PÖYDÄLLÄ) (RUS),C_U,RUS,30.05.2022
ГУРТ ЕКСПРЕС (RYHMÄ EXPRESS),ОЙ У ВИШНЕВОМУ САДУ (UAN KANSALLISLAULU) (UKR),C_U,UKR,02.07.2024
ЗЕМЛЯНЕ (MAAN ASUKKAAT),ТРАВА У ДОМА (RUOHOA TALON VIERESSÄ) (RUS),C_U,RUS,10.01.2026
ЛЮБЭ (LYUBE),КОМБАТ (TAISTELU) (RUS),C_U,RUS,09.01.2026
МАГОМАЕВ МУСЛИМ (MAGOMAJEV),СИНЯЯ ВЕЧНОСТЬ (SININEN IKUSUUS) (RUS),C_U,RUS,02.07.2026
МИХАИЛ КРУГ(MIKHAL KRUG),ВЛАДИМИРСКИЙ ЦЕНТРАЛ (VLADMIRSKY CENTRAL) (RUS),C_U,RUS,09.01.2026
НЭНСИ (NANCY),ДЫМ СИГАРЕТ С МЕНТОЛОМ (MENTHOLITUPAKANSAVU) (RUS),C_U,RUS,10.01.2026
ФРИСТАИЛ (FREESTYLE),АХ КАКАЯ ЖЕНЩИНА (VOI MKÄ NAINEN) (RUS),C_U,RUS,10.01.2026
ЮРИЙ ШАТУНОВ (JURI SHATUNOV),НЕ БОЙСЯ (ÄLÄ PELKÄÄ) (RUS),C_U,RUS,10.11.2025
YÖ,KUOROTYTTÖ,C_O,POY,03.11.2025
KIRKA,IHMEIHMINEN (HEART OF GOLD),C_O,POY,12.09.2026
NELJÄ RUUSUA,JUPPIHIPPIPUNKKARI,K,POW05SR1,
MAMBA,VIELÄ ON KESÄÄ JÄLJELLÄ,K,POW11,
POPEDA,KERSANTTI KAROLIINA,K,POW01,
YÖLINTU,SITÄ SAA MITÄ TILAA,K,POW11,
KIRSI RANTO,SOITELLAAN,K,LK02,
JARI SILLANPÄÄ,SATULINNA,K,LK02,
MAMBA,ÄLÄ JÄTÄ MINUA,K,LK02,
IRINA,VASTAUKSET,K,LK02,
JUICE LESKINEN,VIIDESTOISTA YÖ,K,LK02,
EIJA MERILÄ,LUVANNUT EN RUUSUTARHAA,K,LK02,
RAULI BADDING SOMERJOKI,PARATIISI,K,LK02,
KAI HYTTINEN,DIRLANDA,K,LK02,
TAPANI KANSA,R A K A S,K,LK02,
IRWIN GOODMAN,POING POING POING,K,LK02,
SAULI LEHTONEN,MUN AIKA MENNÄ ON,K,POW04,
ANNA ERIKSSON,KAIKISTA KASVOISTA,K,LK01,
MAIJA VILKKUMAA,MUN ELÄMÄ,K,LK01,
PMMP,RUSKETUSRAIDAT,K,LK01,
YÖ,RAKKAUS ON LUMIVALKOINEN,K,LK01,
NELJÄ RUUSUA,POPLAULAJAN VAPAAPÄIVÄ,K,LK01,
NEON 2,POLKU,K,LK01,
NEON 2,TÄSSÄ TALOSSA,K,LK01,
MAIJA VILKKUMAA,SATUMAA TANGO,K,LK01,
PETRI MUNCK,LEVOTON PRINSSI,K,LK01,
JONNA TERVOMAA,RAKKAUDEN HAUDALLA,K,LK01,
NYLON BEAT,SEKSI VIE JA TAKSI TUO,K,LK01,
GIMMEL,ETSIT MUIJAA SEURAAVAA,K,LK01,
DINGO,LÄHETYSSAARNAAJA,K,LK10,
DINGO,LEVOTON TUHKIMO,K,LK10,
JUICE LESKINEN,RAKKAUDEN AMMATTILAINEN,K,LK14,
JUICE LESKINEN,SYKSYN SÄVEL,K,LK14,
FINLANDERS,OIKEESTI,K,LK14,
SOUVARIT,KYLMÄN KUKKIA,K,POW10,
SOUVARIT,LUMIPERHONEN,K,POW01,
SUURLÄHETTILÄÄT,KUN TÄNÄÄN LÄHDEN,K,POW05SR1,
TAISKA,MOMBASA,K,POW06,
TUULA AMBERLA,LULU,K,POW02,
PIHLAJA,DELULU,C,KUNINGAS,16.09.2026
SAMSON & ROSI,HYVÄ VOITTAA,C,KUNINGAS,16.09.2026
SCHARLIINA & CASPER EDEL,KOSTON ENKELI,C,KUNINGAS,16.09.2026
BERTA,KUU,C,KUNINGAS,16.09.2026
JOHANNES ROJOLA,LENNETÄÄN AVARUUSTANSSIIN,C,KUNINGAS,16.09.2026
RULETTI,MATKUSTAJAPRINSESSA,C,KUNINGAS,16.09.2026
PEHMOAINO,MIELIPIDE,C,KUNINGAS,16.09.2026
PIHLAJA,MÄ OON SE TYTTÖ,C,KUNINGAS,16.09.2026
HUGE L,OON NÄHNYT,C,KUNINGAS,16.09.2026
KIKI,RAKKAUDENKIPEE,C,KUNINGAS,16.09.2026
PIHLAJA,VELI NOJAA SISKOON,C,KUNINGAS,16.09.2026
JEMINA,YLPEE,C,KUNINGAS,16.09.2026
KRISTIAN,AI AI AI AI,C_O,POY,16.09.2026
PMMP,PÄIVÄKOTI,K,LK21,
HALOO HELSINKI!,MAAILMAN TOISELLA PUOLEN,K,LK21,
KRISTIAN,SE SYNTIKÖ ON,C_O,POY,17.09.2026
KISU,SINÄ,C_O,POY,18.09.2026
ЮРИЙ ШАТУНОВ (JURI SHATUNOV),БЕЛЫЕ РОЗЫ (VALKOISET RUUSUT),C_U,RUS,07.09.2023
KISU,PERJANTAI,C_O,POY,19.09.2026
BEYONCE,CRAZY IN LOVE,K,XP2,
THE BEATLES,HEY JUDE,K,XP2,
EVANESCENCE,MY IMMORTAL,K,XP2,
CHRIS DE BURGH,THE LADY IN RED,K,XP2,
NO DOUBT,DON'T SPEAK,K,XP3,
KARI TAPIO,HAAVETANGO,K,POW01,
NELJÄ BARITONIA,POP MUSIIKKIA,K,POW03,
S CLUB 7,DON'T STOP MOVIN',K,XP3,
POISON,EVERY ROSE HAS IT'S THORN,K,XP3,
ABBA,RING RING,K,XP3,
STEPS,TRAGEDY,K,XP3,
QUEEN,WE WILL ROCK YOU,K,XP3,
TAKE THAT,BACK FOR GOOD,K,XP4,
LEONA LEWIS,BLEEDING LOVE,K,XP4,
KENNY LOGGINS,FOOTLOOSE,K,XP4,
SINEAD O'CONNOR,NOTHING COMPARES 2 U,K,XP4,
JENNIFER RUSH,THE POWER OF LOVE,K,XP4,
ELVIS PRESLEY,SUSPICIOUS MINDS,K,XP4,
TEUVO VALO,PUUSEPPÄ,K,POW08,
LEA LAVEN,KRIMINAL TANGO,K,POW08,
SOUVARIT,KULTAMAA,K,POW14,
KARI TAPIO,JUNA KULKEE,K,POW14,
PAULA KOIVUNIEMI,AIKUINEN NAINEN,K,POW14,
SAIJA VARJUS,KUISKATEN,K,POW15,
PMMP,PÄIVÄKOTI,K,POW18SR4,
SAIJA VARJUS,KAURIINMETSÄSTÄJÄ,K,POW10,
TAPANI KANSA,ISÄNI MUN,C_O,POY,21.09.2026
MARIA HIETAHARJU,AINOKAINEN,C,FIAT,23.09.2026
KLS.,AURINKO NOUSEE (SEN TÄYTYY OLLA NIIN),C,FIAT,23.09.2026
JANNE LEINO,ELÄMÄN TYHJÄT HUONEET,C,FIAT,23.09.2026
RAIMO LAAMANEN,HILJAISET RANNAT,C,FIAT,23.09.2026
MAKSETUT VIULUT,ILMAN SINUA EI OLE HUOMISTA,C,FIAT,23.09.2026
MERTSI MERI,JOS OLET OLLUT YKSIN,C,FIAT,23.09.2026
HELMI MARLEENA,JUHANNUSVALSSI,C,FIAT,23.09.2026
KLS.,KIITÄN LUOJAANI SINUSTA,C,FIAT,23.09.2026
KLS.,KUNINGAS PALAA,C,FIAT,23.09.2026
KLS.,MAAILMANLOPPU,C,FIAT,23.09.2026
EE KOO,METSIEN TAXI,C,FIAT,23.09.2026
COEVISTO,NE VOI ODOTTAA,C,FIAT,23.09.2026
JAMI FALTIN ANI MIRELLA,NMG,C,FIAT,23.09.2026
BIRGI,PELKÄÄTKÖ PIMEÄÄ,C,FIAT,23.09.2026
MIRIAM,SMALLA VIIVALLA,C,FIAT,23.09.2026
JUHANI HAKOPURO,SAVUSAUNA,C,FIAT,23.09.2026
JUHA VARTIAINEN,SE ON SE TUNNE,C,FIAT,23.09.2026
EVE & OSSI,SIELLÄKIN,C,FIAT,23.09.2026
JARI KUPIAS,SINUT LÖYSIN,C,FIAT,23.09.2026
MIRELLA,SUA SATTUU,C,FIAT,23.09.2026
AURIUM,SUN MÄ OON,C,FIAT,23.09.2026
KUUMAA,SUUREN PÄIVÄN ILTA,C,FIAT,23.09.2026
KLS.,UUSIA SILMIÄ LUON,C,FIAT,23.09.2026
BIRGI,VAPAA,C,FIAT,23.09.2026
BIRGI,VETOVOIMAA,C,FIAT,23.09.2026
AURIUM,VIE MUT UNIIN,C,FIAT,23.09.2026
AURIUM,YÖ SALAISUUKSIEN,C,FIAT,23.09.2026
SIMPLY RED,HOLDING BACK THE YEARS,K,XP2,
MARKKU ARO,EI YSTÄVÄÄNSÄ SAA PETTÄÄ,C_O,POY,28.09.2026
SAMULI EDELMANN,(SINÄ OLET) AURINKO,C,FIAT,30.09.2026
POPEDA,ELÄINTEN VALLANKUMOUS,C,FIAT,30.09.2026
YÖ,KAKSINTAISTELU,C,FIAT,30.09.2026
HAPPORADIO,KAUNIS IHMINEN,C,FIAT,30.09.2026
ESKO RAHKONEN,KAUNIS MAA,C,FIAT,30.09.2026
DANNY,KESÄ MENNYT ON,C,FIAT,30.09.2026
PATE MUSTAJÄRVI,LANKA PALAA,C,FIAT,30.09.2026
DIMITRI,MITÄ RAKKAUS ON (I WANT TO KNOW WHAT LOVE IS),C,FIAT,30.09.2026
IRWIN GOODMAN,MITÄ SUUREMPI MIES,C,FIAT,30.09.2026
AGENTS,MOSKOVAN VALOT,C,FIAT,30.09.2026
YÖ,PIENI IHMINEN SUURESSA MAAILMASSA,C,FIAT,30.09.2026
SALAMON,PIENIN NUKKE (LA BAMBOLA),C,FIAT,30.09.2026
JUHA VAINIO,POHJOLAN PIDOT (PAHOJEN POIKIEN LAULUT K18),C,FIAT,30.09.2026
KORSUORKESTERI,RAATTEENTIE,C,FIAT,30.09.2026
MATTI KOVANEN,SATUMUA (SATUMAA SAVOKSI),C,FIAT,30.09.2026
ARTTU WISKARI,SUOMI FINLAND PERKELE,C,FIAT,30.09.2026
KORSUORKESTERI,TIKKAKOSKEN MANNEKIINIT,C,FIAT,30.09.2026
COSTELLO,TUHAT YÖTÄ,C,FIAT,30.09.2026
YÖ,VAIN VARJOT HÄNTÄ SEURAA,C,FIAT,30.09.2026
PUOLIKUU,VIE MINUT MYRSKYISTÄ POIS,C,FIAT,30.09.2026
YÖ,ÄLÄ ODOTA MINUA SILLOIN,C,FIAT,30.09.2026
MARKKU ARO,SUA KAIPAAN YHÄ LUOKSEIN,C_O,POY,01.10.2026
TIKTAK,HEILUTAAN,K,LK03,
SAKARI KUOSMANEN,PIENI SYDÄN,K,LK03,
DON HUONOT,HYVÄÄ YÖTÄ JA HUOMENTA,K,LK03,
JORE MARJARANTA,MITEN PELKO LÄHTEE,K,LK03,
PELLE MILJOONA,MOOTTORITIE ON KUUMA,K,LK03,
MILJOONASADE,MARRASKUU,K,LK03,
FREEMAN,AJETAAN TANDEMILLA,K,LK03,
DINGO,AUTIOTALO,K,LK03,
J KARJALAINEN,DORIS,K,LK03,
JONNA TERVOMAA,YHTÄ EN SAA,K,LK03,
EPPU NORMAALI,TAHROJA PAPERILLA,K,LK03,
EPPU NORMAALI,KITARA TAIVAS JA TÄHDET,K,LK03,
POPEDA,MATKALLA ALABAMAAN,K,LK03,
POPEDA,SUKSET,K,LK03,
HASSISEN KONE,RAPPIOLLA,K,LK03,
ANSSI KELA,MILLA,K,LK04,
HECTOR,LUMI TEKI ENKELIN ETEISEEN,K,LK04,
PÄIVI LEPISTÖ,EN KAIPAA SUA,K,LK04,
THE RASMUS,IN THE SHADOWS,K,LK04,
APULANTA,ANNA MULLE PIISKAA,K,LK04,
JANI WICKHOLM,HUKUN,K,LK04,
MARKKU KARJALAINEN,LÄÄHÄTÄN JA LÄKÄHDYN,K,LK05,
IRWIN GOODMAN,LAS PALMAS,K,LK05,
KIRKA,HETKI LYÖ,K,LK05,
LEA LAVEN,EI OO EI TUU,K,LK05,
DANNY,MAANTIELTÄ TALOON,K,LK05,
MARKKU ARO,JESTAS SENTÄÄN,K,LK05,
YÖLINTU,EN OLE PYHIMYS,K,LK05,
ANNA HANSKI,KOTIVIINI,K,LK06,
FREDERIK,JOS JOTAIN YRITTÄÄ (HARVA MEISTÄ ON RAUTAA),K,LK06,
FREDERIK,TSINGIS KHAN,K,LK06,
FREDERIK,SHEIKKI ALI HASSAN,K,LK06,
FREDERIK,MIESSTRIPPAAJA,K,LK06,
FREDERIK,KOLMEKYMPPINEN,K,LK06,
FREDERIK,VOLGA,K,LK06,
IRINA,KATUJEN KUNINGATAR,K,LK06,
INDICA,IKUINEN VIRTA,K,LK06,
ANNE MATTILA,UNIHIEKKAA,K,LK06,
SIMO SILMU,SYDÄNSÄRKYÄ,K,LK07,
STELLA,PISTE,K,LK07,
ANNIKA EKLUND,SHANGHAIN VALOT,K,LK07,
LEA LAVEN,NIIN SE KÄY,K,LK07,
KATRI HELENA,KATSON AUTIOTA HIEKKARANTAA,K,LK07,
KATRI HELENA,SYYSUNELMA,K,LK07,
ANNA ERIKSSON,JULIET JA JOONATAN,K,LK07,
MAIJA VILKKUMAA,INGALSIN LAURA,K,LK07,
JUHA VAINIO,ALBATROSSI,K,LK08,
YÖLINTU,SALATTU SURU,K,LK08,
YÖLINTU,SULLE MUN KULTANI,K,LK08,
YÖLINTU,TYTÖT OVAT KAUNIITA,K,LK08,
MARKKU ARO,KESTÄN MITÄ VAAN,K,LK08,
YÖLINTU,HAAVOITTUMATON,K,LK09,
HIM,THE FUNERAL OF HEARTS,K,LK04,
KRISTIINA HALKOLA,MAGDALEENAN LAULU,K,LK17,
J KARJALAINEN,ON KAIKKI NIIN KUIN ENNENKIN,K,LK19,
TEUVO OINAS,HAAVE RAKKAUDESTA,C_O,POY,06.10.2026
SUBURBAN TRIBE,SILENT RAIN,C_O_UK,POY,06.10.2026
ESKO RAHKONEN,HILJAINEN KYLÄTIE,C,FIAT,07.10.2026
PEKKA MIKKOLA,HILLITÖN HOPEINEN KUU,C,FIAT,07.10.2026
KALEVI KORPI,ILTANUOTIOLLA,C,FIAT,07.10.2026
TEUVO OINAS,KOIVUJEN KAUPUNKI,C,FIAT,07.10.2026
ESKO RAHKONEN,KOTIMAA,C,FIAT,07.10.2026
PORTION BOYS,KUKA PELKÄÄ LEIJONAA,C,FIAT,07.10.2026
HAPPORADIO,KUUSI JALKAA KEVÄT JÄÄLLE,C,FIAT,07.10.2026
MIRELLA,LIEKKI,C,FIAT,07.10.2026
VESA-MATTI LOIRI,PELIMANNIN PERINTÖ,C,FIAT,07.10.2026
DANNY,PIENI SANA,C,FIAT,07.10.2026
DANNY,ROMANSSI,C,FIAT,07.10.2026
SUVI TERÄSNISKA,SINÄ OLET KAUNIS,C,FIAT,07.10.2026
A AALLON RYTMIORKESTERI,SUN NIMESI ON MAA,C,FIAT,07.10.2026
ANNINA PUUMALAINEN,SUOJELUSENKELI,C,FIAT,07.10.2026
FREDERIK,TAIVAAN VÄRIT,C,FIAT,07.10.2026
KAKE RANDELIN,TILIPÄIVÄ KOITTAA,C,FIAT,07.10.2026
FAIJA FT JANNE HURME,TINASORMUS,C,FIAT,07.10.2026
MATTI NYKÄNEN,TOPLESS,C,FIAT,07.10.2026
TERÄSBETONI,UKKOSHEVONEN,C,FIAT,07.10.2026
VIRVE VICKY ROSTI,JORKAN LÄHTÖ (THE KILLING OF GEORGIE),C_O,POY,07.10.2026
_TESTI ARTISTI 1,_TESTI KAPPALE 1,C_O,POY,07.10.2026
_TESTI2 ARTISTI,_TESTI2 KAPPALE,C,POY,07.10.2026
J KARJALAINEN,VARAANI,C,POWER,09.10.2026
DON HUONOT,AUTIOLLA SAARELLA,C,FIAT,09.10.2026
MOVETRON,CARPE DIEM,C,FIAT,09.10.2026
EIJA KORISEVA,ELÄMÄNTANSSI,C,FIAT,09.10.2026
TAPIO RAUTAVAARA,EMMA,C,FIAT,09.10.2026
TOPI & TOIVOTTOMAT,EMMANUELLE,C,FIAT,09.10.2026
SAIJA TUUPANEN,ENEMMÄN KUIN SAAN LUVAN,C,FIAT,09.10.2026
SAIJA TUUPANEN & MARKO MAUNUKSELA,KAUNISTA JA HYVÄÄ,C,FIAT,09.10.2026
FREDERIK,KUKA SINÄ OLET,C,FIAT,09.10.2026
TAPIO RAUTAVAARA,KULKURIPOIKA,C,FIAT,09.10.2026
OLLI LINDHOLM,KURKI,C,FIAT,09.10.2026
JASKA MÄKYNEN,LÖYTYY LAATU LAKEUDEN,C,FIAT,09.10.2026
EERO AVEN,MANDOLIINIKRAPULA,C,FIAT,09.10.2026
ESKO RAHKONEN,MINKÄ VUOKSI,C,FIAT,09.10.2026
KAKE RANDELIN,NÄTTI TYTTÖ VÄHÄN PEHMEE,C,FIAT,09.10.2026
CHARLES PLOGMAN,OLKOON PÄIVÄ PELKKÄÄ JUHLAA,C,FIAT,09.10.2026
JAMPPA TUOMINEN,PETTÄÄ EHKÄ MUITA VOIT,C,FIAT,09.10.2026
SAIJA TUUPANEN,OTA SYVÄLLE SYLIIN,C,FIAT,09.10.2026
FREDERIK,RENSSELIT PYKÄLÄÄN,C,FIAT,09.10.2026
JANNE TULKKI,RUUSUYÖ,C,FIAT,09.10.2026
