Souvarit	JÄIT TAAKSE HORISONTIN	M	2
Souvarit	KEMIJOEN VIIMEINEN UITTO	M	2
Souvarit	KESÄNI AURINGOTAR	M	2
Souvarit	KOIVU	M	2
Souvarit	KOLME RUUSUA	M	2
Souvarit	KULTA KUUME	M	2
Souvarit	LAPIN KULTAA	M	2
Souvarit	LAPSUUTENI RANTAAN	M	2
Souvarit	LÄPI KATSEESI VAELLAN	M	2
Souvarit	MITÄÄN VUODET EIVÄT VOI	M	2
Souvarit	SAMAAN PAIKKAAN SAMAAN AIKAAN	M	2
Souvarit	SININEN HUIVI	M	2
Souvarit	SOITTAJAN SALAISUUS	M	2
Souvarit	SÄ TÄRKEIN OOT	M	2
Souvarit	TANSSI KANSSAIN	M	2
Souvarit	TUNTURITUULI	M	2
Souvarit	TUOTA KULTA AIKAA	M	2
Souvarit	TÄÄ PÄIVÄ HÄÄPÄIVÄ	M	2
Souvarit	VIIMEINEN MOTTI	M	2
Souvarit	ÄLÄ PYYDÄ MUA JÄÄMÄÄN	M	2
Souvarit	EI OO SYNTI EIKÄ HÄPPEE SYNTYY LAPPIIN	M	3
Souvarit	HETKEMME YHTEINEN	M	3
Souvarit	INARINJÄRVI	M	3
Souvarit	ISÄNMAA	M	3
Souvarit	JÄTKÄN LINTU LAULAA	M	3
Souvarit	KADOTAAN	M	3
Souvarit	KAIRAN TYTTÖ TULINEN	M	3
Souvarit	KOTIIN LUOKSES SUN	M	3
Souvarit	LAULAJAN TIE	M	3
Souvarit	MEITÄ ENKELIT KOSKETTAA	M	3
Souvarit	NELJÄN TUULEN TIE	M	3
Souvarit	NYT OON MÄ ONNELLINEN	M	3
Souvarit	PALSILLE PALAAN	M	3
Souvarit	PALSIOJA	M	3
Souvarit	POHJOLAN YÖ	M	3
Souvarit	SYDÄN KULTAINEN	M	3
Souvarit	TUULI SILLOINKIN	M	3
Souvarit	UNEN TYTTÖ	M	3
Souvarit	VAIN AIKA JATKAA KULKUAAN	M	3
Souvarit	VANHAAN AIKAAN	M	3
Markku Suominen	SADE	M	11
Freud Marx Engels & Jung	AINA JA IANKAIKEN AAMEN	C	3700
Freud Marx Engels & Jung	KOSSU ON MUN KUSKI	C	3700
Popeda	PALJASTAJA KARPPANEN	C	3700
Ella Lymi	MULLE KÄY	M	COV06
Heidi Kyrö	SYKSY	M	COV06
Ilari Hämäläinen	NIIN HUOKAA MAA	M	COV06
Ilpo Kaikkonen	TERVEISET SINNE TAIVAASEEN	M	COV06
Irwin Goodman	LAULAJAN TESTAMENTTI	M	COV06
Janna	TAHDON	M	COV06
Jarkko Honkanen	PÄÄLTÄ TERÄSTÄ SISÄLTÄ KULTAA	M	COV06
Juha Vainio	KUN AURINKO LÄMMITTÄÄ	M	COV06
Kari Tapio	TÄHTI JA MERIPOIKA (fox)	M	COV06
Kari Tapio	VIIMEINEN VALSSI	M	COV06
Kikka	RAKKAUDEN TALO	M	COV06
Laura Voutilainen	NIIN KUIN MEREN HIEKKAA	M	COV06
Mikko Harju	SINÄ RIITÄT	M	COV06
Pate Mustajärvi	SUURI TULEVAISUUS	M	COV06
Saija Tuupanen	ENEMMÄN KUIN SAAN LUVAN	M	COV06
Saija Tuupanen	VALKOINEN RUUSU	M	COV06
Satu Pentikäinen	KEVÄT JA SYYS	M	COV06
Tauski Peltonen	TAAS NUORI OON (Forever Young)	M	COV06
Turo's Hevi Gee	POIKA ON PÄÄSSYT PUBIIN (Poika saunoo)	M	COV06
Turo's Hevi Gee	WINDOWS KAATUU (Haaveet kaatuu)	M	COV06
Anita Hirvonen	ITKE VAAN JOS HELPOTTAA (Tell The Boys)	M	COV07
Anssi Kela	ILVES	M	COV07
Arttu Wiskari	SUOMEN MUOTOISEN PILVEN ALLA	M	COV07
Eero Aven	NALTIOON	M	COV07
Eila Pienimäki	SYDÄN RISTI JA ANKKURI	M	COV07
Eini	KIITÄVÄN HETKEN HURMA	M	COV07
Esko Rahkonen	VETERAANIVALSSI	M	COV07
Janne Tulkki	TIELLÄ TURHUUDEN (Road To Hell)	M	COV07
Jarkko Honkanen	LUU KOURAAN JÄÄ	M	COV07
Juha Tapio	MEILLÄ ON AIKAA	M	COV07
Katri Helena	KAIHONKUKKA	M	COV07
Neljä Ruusua	SININEN SUNNUNTAI	M	COV07
Oili Vainio	SYKSYN LEHDET	M	COV07
Paula Vesala	NYT ON LÄHTÖ	M	COV07
Rainer Friman	VALKEAT VAUNUT	M	COV07
Samuli Edelmann	AVOIN SALAISUUS	M	COV07
Sanni	SIT KU MÄ OON VAPAA	M	COV07
Sonja Lumme	LAULUJOUTSENTEN MAA	M	COV07
Souvarit	EN VOI ENÄÄ JÄÄDÄ LUOKSES	M	COV07
Turo's Hevi Gee	MEISTÄ TULI NAAPUREITA (1972)	M	COV07
Apulanta	VALOT PIMEYKSIEN REUNOILLA	M	COV08
Eija Kantola	TANSSI POIKA TANSSI	M	COV08
Jani Jalkanen Orkesteri	SIELU SYDÄN JA KYYNELEET	M	COV08
Jannika B	EN LUOVU SUSTA KOSKAAN	M	COV08
Jukka Kuoppamäki	KUN YÖ ON HILJAA	M	COV08
JVG	IKUINEN VAPPU	M	COV08
Kaija Koo	PELKKÄÄ VOITTOO	M	COV08
Kari Tapio (Olavi Virta)	MEREN KUISKETTA (Il Mare Nel Casetto)	M	COV08
Lauri Tähkä	MÄ EN PELKÄÄ	M	COV08
Lauri Tähkä	PALAVAA VETTÄ	M	COV08
Mira Kunnasluoto (Tuulikki Eloranta)	HARHAKUVIA (We Pretend)	M	COV08
Portion Boys	KARJALA TAKAS	M	COV08
Rainer Friman (Henry Theel)	UNHOITA MENNEET	M	COV08
Saija Tuupanen (Seija Simola)	EI RAKASTAA VOI TÄMÄN ENEMPÄÄ	M	COV08
Saija Tuupanen (Tulipunaruusut)	SATUTTAVAT SANAT	M	COV08
Satu Pentikäinen (Henry Theel)	KESÄYÖN VALSSI	M	COV08
Souvarit	PITKÄÄ PÄIVÄÄ	M	COV08
Taina Kokkonen	VAIN TAIVAS TIETÄÄ	M	COV08
Tarja Lunnas (Jaska Mäkynen)	SINULLE SYNTYMÄPÄIVÄNÄSI	M	COV08
Teflon Brothers ft Ressu	HUBBA BUBBA	M	COV08
Anna Puu & Olavi Uusivirta	2020	M	COV11
Arja Havakka	MAJAKKA	M	COV11
Arttu Wiskari	TÄSSÄKÖ TÄÄ OLI	M	COV11
Bablo	REISSUMIES	M	COV11
BEHM	FRIDA	M	COV11
Elastinen & Jenni Vartiainen	EPÄRÖIMÄTTÄ HETKEÄKÄÄN	M	COV11
Erin	YHTENÄ SUNNUNTAINA	M	COV11
Irwin Goodman & Esa Pakarinen	SINÄKÖ SE OLITKIN	M	COV11
Kaija Koo	ONNELLINEN LOPPU	M	COV11
Kansan Suosikit	SUOMALAINEN RAKKAUS	M	COV11
Kari Vepsä	SATEINEN ILTA	M	COV11
Katri Helena	TUMMA POIKAMIES	M	COV11
Kirsi Ranto	CIAO ROMERO	M	COV11
Martti Huuhaa Innanen	KUMITERÄSAAPPAAT	M	COV11
Matti Heinivaho	TUNTURIN JUURELLA	M	COV11
Mikael Gabriel	OLI AIKOI	M	COV11
Pirjo Lehti	MUA ÄLÄ JÄTÄ YÖHÖN	M	COV11
Sami Keskitalo	LAPIN LAPSI	M	COV11
Taisto Tammi	YKSI AINOA KATSE VAIN	M	COV11
Vilma Alina	RIKOLLINEN	M	COV11
Annika Eklund	HAAVEET TALLELLA	M	COV13
BEHM	HEI RAKAS	M	COV13
Danny	SINÄ PÄIVÄNÄ KAIKKI RAKASTAA MUA	M	COV13
Irwin Goodman	SURUTON NUORUUSAIKA	M	COV13
Jannika B	KATSO MUA	M	COV13
Jonne Aaron	OTA SYLIIN JA SUUTELE MUA	M	COV13
Juha Tapio	KUN VIELÄ EHTII	M	COV13
Laila Kinnunen & Jorma Kääriäinen Agents	IDÄN JA LÄNNEN TIET	M	COV13
Laura Voutilainen	RAKKAUTTA EI PIILOON SAA	M	COV13
Lea Laven	PIKKU LURJUS	M	COV13
Pave Maijanen	ELÄMÄN NÄLKÄ	M	COV13
Pave Maijanen	IKÄVÄ	M	COV13
Pave Maijanen	JANO	M	COV13
Pave Maijanen	JOS TAHDOT	M	COV13
Pave Maijanen	KUUME	M	COV13
Saija Tuupanen	SIELUNI SOITTO	M	COV13
Samu Haber	ENKELTEN KAUPUNKI	M	COV13
Stig	KUNINGASKOBRA	M	COV13
Tarja Lunnas	HYVÄILE HYVÄILE VAAN	M	COV13
Tuure Kilpeläinen ja Kaihon Karavaani	JÄÄHYVÄISET	M	COV13
Arttu Wiskari	NOKKAHUILU	M	COV14
Eila Torvela	YKSI ON YLITSE MUIDEN	M	COV14
Ellinoora	DINOSAURUKSII	M	COV14
Erika Vikman	SYNTISTEN PÖYTÄ	M	COV14
Finlanders	DANIELA	M	COV14
Haloo Helsinki!	PIILOTAN MUN KYYNELEET	M	COV14
Irwin Goodman	HAISTAKAA PASKA KOKO VALTIOVALTA	M	COV14
Jamppa Tuominen	MISSÄ OLIT SILLOIN (Down In Ankara)	M	COV14
Jarkko Honkanen	TAIVAAN VÄRIT (La Lluvia Temino)	M	COV14
Kaija Koo	TAIPUMATON	M	COV14
Kari Tapio	VIELÄ KERRAN	M	COV14
Kaseva	VANHA MIES	M	COV14
Lauri Tähkä	AAVIKKO	M	COV14
MA Numminen	MAAILMA SE ON KUIN SILKKIÄ VAAN	M	COV14
Remix ft Martina Aitolehti	SINUT TAHTOISIN LUOKSENI (I Just Died In Your Arms)	M	COV14
Remu	PAHOLAISEN MASURKKA	M	COV14
Souvarit	MIETIN SUA HAAVEISSAIN	M	COV14
Suvi Teräsniska	KAIKKI JOIDEN JÄLJET SÄÄSTIN	M	COV14
Vesterinen Yhtyeineen	KOLME HYVÄÄ VINKKIÄ	M	COV14
Virve Vicky Rosti	SUA KAIPAAN NIIN	M	COV14
BEHM	TIVOLIT	M	COV15
Chisu	MYSTEERI	M	COV15
Eila Pellinen	ONNI JONKA ANNOIN POIS	M	COV15
Esko Rahkonen	SINNE AINIAAKSI JÄÄN (Griechischer Wein)	M	COV15
Ilta	KELLE MÄ SOITAN	M	COV15
Kari Tapio	KUIN LAPSENA ENNEN	M	COV15
Maija Vilkkumaa	VIIMEINEN ELÄMÄ	M	COV15
Mariska	TERVEISIN DORIS	M	COV15
Marko Maunuksela	VANAMO	M	COV15
Mikko Alatalo	JOS SÄ MENET LAPPIIN (ÄLÄ ANNA MUILLE)	M	COV15
Paula Koivuniemi	VIE MINUT POIS	M	COV15
Portion Boys	KYLÄBAARI	M	COV15
Reijo Taipale	ILTATUULI KASVOILLAIN	M	COV15
Samu Haber	TÄÄLTÄ TULLAAN	M	COV15
Souvarit	MITÄ TÄLLÄ RAKKAUDELLA TEEN	M	COV15
Taneli Mäkelä	TANGO HUMIKO	M	COV15
Tauski Peltonen	ORANSSIN AURINGON ALLA	M	COV15
TT Purontaka	RAKKAANI	M	COV15
Tulipunaruusut	SATUTTAVAT SANAT	M	COV15
Turo's Hevi Gee	ROCKMUUSIKON ROKULIPÄIVÄ (Pop laulajan vapaapäivä)	M	COV15
Annikki Tähti	BALLADI OLAVINLINNASTA	M	COV16
Eija Kantola	YÖSSÄ SIELUJEN	M	COV16
Eino Valtanen	SURULLINEN SOITTAJA	M	COV16
Esko Rahkonen	HERNANDON KAPAKKA	M	COV16
Esko Rahkonen	YÖN HILJAISUUDESSA	M	COV16
Georg Malmsten	TOTISEN POJAN JENKKA	M	COV16
Georg Ots	ÄLÄ KIIRUHDA	M	COV16
Ilkka Vainio	JUHA WATT VAINION POIKA	M	COV16
Ilkka Vainio	VANHASSA VARA PAREMPI	M	COV16
Jamppa Tuominen	KADUN KASVATTI	M	COV16
Jarkko Honkanen	HAAVEIDEN HARHAA	M	COV16
Kaija Koo	SATEENKAARI PIMEESSÄ	M	COV16
Lea Laven	SORRY JOS OON LADY	M	COV16
Mertsi Meri	SUA KAIVATEN MÄ MUISTELEN	M	COV16
Reijo Taipale	KANGASTUS	M	COV16
Reijo Taipale	TUO SURU JONKA SAIN	M	COV16
Souvarit	VALKOHANKIEN MAA	M	COV16
Tarja Ylitalo	REVONTULIHUMPPA	M	COV16
Tuure Kilpeläinen ja Kaihon Karavaani	LUMOUS	M	COV16
Veikko Tuomi	LEHDETÖN PUU	M	COV16
Antti Huovila	KUUTAMON TYTTÖ	M	COV17
Eino Grön	KENTIES KENTIES KENTIES (Quizas Quizas Quizas)	M	COV17
Ilkka Vainio & Timo Kiiskinen	YSTÄVÄN RISTI	M	COV17
Janne Tulkki	SAIN KAUNIIN MAAN	M	COV17
Jarkko Honkanen	JÄÄN HAAVEISIIN	M	COV17
Jope Ruonansuu	ENKELEITÄ TOISILLEMME	M	COV17
Juha Tapio	VALITSISIN SUT	M	COV17
Kaija Lustila	ONNEMME KYYNELEET	M	COV17
Kari Tapio	ALUMIINITÄHDET	M	COV17
Kirka	NIIN PALJON SE SATTUU	M	COV17
Lauri Tähkä	KESKIYÖN COWBOY	M	COV17
Mikko Alatalo	AJOLÄHTÖ	M	COV17
Olli Halonen	POHJOLA	M	COV17
Pedro's Heavy Gentlemen	MILJOONAN MARKAN PAKARAT	M	COV17
PMMP	AATSIPOPPAA	M	COV17
Portion Boys & Matti ja Teppo	VAUHTI KIIHTYY	M	COV17
Saija Tuupanen	KUURASYDÄN	M	COV17
Sanni	KESKEN	M	COV17
Tauski Peltonen	TULE MINUT HAKEMAAN TÄÄLTÄ POIS	M	COV17
Topi Sorsakoski & Agents	KAIPAAN SUA TWIST (Kulkurin Kaiho)	M	COV17
Anki ja Suvi Teräsniska	NIIN AIKAISIN (Var det du)	M	COV18
BESS	RAM PAM PAM	M	COV18
Juhamatti	HAIKEUS	M	COV18
Juice Leskinen	MIMOSAN HIPIÄ	M	COV18
Jukka Raitanen	MUA HYVÄILE TOUKOKUU	M	COV18
JVG	VIIKONLOPPU	M	COV18
Kake Randelin	KESÄKSI KOTIIN	M	COV18
Lauri Tähkä	NUKKUVAT AAMUT	M	COV18
Maria Ylipää	BALLADI ELOKUVASTA KLAANI	M	COV18
Marita Taavitsainen	KUN LÄHDIT POIS	M	COV18
Matti Esko	TUHANSIEN TÄHTIEN HOTELLI	M	COV18
Neon 2	PIENINÄ PALASINA	M	COV18
Paula Koivuniemi	IKIVANHA LEIKKI	M	COV18
Raimo Piipponen & Tulipunaruusut	KOHTALON HETKI	M	COV18
Reijo Taipale	SUURET TUNTEET	M	COV18
Saija Tuupanen	VAARALLISEN HYVÄÄ	M	COV18
Souvarit	KERRAN VAIN YHDEN KERRAN	M	COV18
Taisto Tammi	SUOPURSU	M	COV18
Tanssiorkesteri Syke	NOUSSUT ON KUU (Griechischer Wein)	M	COV18
Tapani Kansa	ANNA MUN JÄÄDÄ SUN LUO	M	COV18
Anita Hirvonen	MAITOLAVAN PRINSESSA	M	COV19
Anita Hirvonen	POIMI MINUT NYT	M	COV19
Bablo	HILJAISUUDEN ÄÄNET (The Sound of Silence)	M	COV19
Berit	KUUNSILTAA KULKEA SAIN	M	COV19
Cat Cat	KAUNIS ELÄMÄ	M	COV19
Hausmylly	PUTOAN PILVIIN	M	COV19
Jamppa Tuominen	MUISTOJEN VALSSI	M	COV19
Janne Tulkki	VIIMEINEN SATAMA	M	COV19
Jarkko Honkanen	VANHA 100 A	M	COV19
JVG	AMATIMIES	M	COV19
Kaija Koo	TINAKENKÄTYTTÖ	M	COV19
Kansan Suosikit	MAALAISPOJAN MOOTTORITIE	M	COV19
Ramses II	VILLIELÄIN	M	COV19
Rauli Badding Somerjoki	PILVET KARKAA NIIN MINÄKIN	M	COV19
Retropop	SUOMIHUMPPAA	M	COV19
Saija Tuupanen	KAKSI KULKIJAA	M	COV19
Suvi Teräsniska	KAUNIS JA PELOTON	M	COV19
Tomi Markkola	KERRO KUU	M	COV19
Tuure Kilpeläinen ja Kaihon Karavaani	KUISKAUKSIA TULEVAISUUDESTA	M	COV19
Virpi (Cat Cat)	RAKKAUS ON HULLUU (Summer is Crazy)	M	COV19
Anne Mattila	MENNYTTÄ AIKAA	M	COV22
BEHM ft Olavi Uusivirta	VIIMEINEN TANSSI	M	COV22
Eero Aven	IDÄN YÖ	M	COV22
Eero Aven	SURUJEN KITARA	M	COV22
Eero ja Jussi & The Boys	EI AIKA MENNYT KOSKAAN PALAA	M	COV22
Eini	YÖN JÄLKEEN	M	COV22
Georg Malmsten	KAUNIS VALHE	M	COV22
Jamppa Tuominen	YSTÄVÄLLE (ELÄN PÄIVÄN)	M	COV22
Jarkko Honkanen	SYDÄN VIESTIÄSI KAIPAILEE	M	COV22
Juha Tapio	KERRAN SITÄ OLLAAN NUORII	M	COV22
Kaija Koo	ONNEA MATKAAN	M	COV22
Kari Tapio	EN KADU MITÄÄN	M	COV22
Kikka	KÄYRÄ NOUSEMAAN	M	COV22
Kuumaa	YLIVOIMAINEN	M	COV22
Meiju Suvas	ANDALUCIAN YÖ	M	COV22
Päivi Paunu	PRAHAN KEVÄT	M	COV22
Rauli Badding Somerjoki	ARPISET HAAVAT	M	COV22
Saija Tuupanen	RANTAKOIVUN ALLA	M	COV22
Sami Keskitalo	MUISTOJEN KULTAAMA MAA	M	COV22
Yölintu	OLIT AARTEENAIN	M	COV22
Arttu Wiskari	MINNA	M	COV23
Eija Sinikka	VILLIRUUSU	M	COV23
Erika Vikman	ELIZABETH TAYLOR	M	COV23
Irwin Goodman	TUMMA VIRTA	M	COV23
Jarkko Honkanen	HETKEN KESTÄÄ ONNI KERRALLAAN	M	COV23
Jarkko Lehti	TUNTURISATU	M	COV23
Jonne Aaron	SYDÄMEN ÄÄNET	M	COV23
Juhamatti	VOINKO LUOTTAA	M	COV23
Kari Tapio	VIELÄ KERRAN	M	COV23
Kari Vepsä	ISÄN TYTTÖ	M	COV23
Katri Helena	VASTEN AURINGON SILTAA	M	COV23
Kikka	KIKKA POTPURI	M	COV23
Olli Halonen	ISÄN IKÄINEN	M	COV23
Paula Koivuniemi	KANSSAIN JOS AIOT VÄHÄN MATKAA	M	COV23
Roope Salminen&Koirat ft Stig&Teflon Brothers	VITUIKS MÄN	M	COV23
Seitsemän Seinähullua Veljestä	CUBA	M	COV23
Souvarit	JOS SINÄKIN TAHDOT	M	COV23
Souvarit	MEITÄ ENKELIT KOSKETTAA	M	COV23
Suvi Teräsniska	SEURAAVASSA ELÄMÄSSÄ	M	COV23
Vesterinen Yhtyeineen	ILMAN MUA	M	COV23
Billy Stewart	SUMMERTIME	M	DKG16
Buddy Holly	PEGGY SUE	M	DKG16
Carole King	IT’S TOO LATE	M	DKG16
Dionne Warwick	DO YOU KNOW THE WAY TO SAN JOSE	M	DKG16
Donna Summer	BAD GIRLS	M	DKG16
Elton John	GOODBYE YELLOW BRICK ROAD	M	DKG16
Eurythmics	SWEET DREAMS (ARE MADE OF THIS)	M	DKG16
Jay and the Americans	THIS MAGIC MOMENT	M	DKG16
Jersey Boys	SHERRY (THE STORY OF THE FOUR SEASONS)	M	DKG16
Little Richard	TUTTI FRUTTI	M	DKG16
Nat King Cole	IT’S ONLY A PAPER MOON	M	DKG16
Rupert Holmes	ESCAPE	M	DKG16
The Beatles	NOWHERE MAN	M	DKG16
The Beatles	WE CAN WORK IT OUT	M	DKG16
The Brothers Four	GREENFIELDS	M	DKG16
The Brothers Four	TRY TO REMEMBER	M	DKG16
The Oak Ridge Boys	ELVIRA	M	DKG16
The Stylistics	YOU MAKE ME FEEL BRAND NEW	M	DKG16
Elvis Presley	ACAPULCO	M	ELVIS1
Elvis Presley	ALL SHOOK UP	M	ELVIS1
Elvis Presley	ALWAYS ON MY MIND	M	ELVIS1
Elvis Presley	AMAZING GRACE	M	ELVIS1
Elvis Presley	ANGEL	M	ELVIS1
Elvis Presley	ARE YOU LONESOME TONIGHT	M	ELVIS1
Elvis Presley	BLUE MOON OF KENTUCKY	M	ELVIS1
Elvis Presley	BLUE SUEDE SHOES	M	ELVIS1
Elvis Presley	BURNING LOVE	M	ELVIS1
Elvis Presley	DEVIL IN DISGUISE	M	ELVIS1
Elvis Presley	DON'T BE CRUEL	M	ELVIS1
Elvis Presley	DON'T CRY DADDY	M	ELVIS1
Elvis Presley	DON'T LEAVE ME NOW	M	ELVIS1
Elvis Presley	FLAMING STAR	M	ELVIS1
Elvis Presley	FOLLOW THAT DREAM	M	ELVIS1
Elvis Presley	FOR THE GOOD TIMES	M	ELVIS1
Elvis Presley	HEARTBREAK HOTEL	M	ELVIS1
Elvis Presley	HIS LATEST FLAME	M	ELVIS1
Elvis Presley	I GOT A FEELING IN MY BODY	M	ELVIS1
Elvis Presley	I GOT LUCKY	M	ELVIS1
Elvis Presley	I GOT STUNG	M	ELVIS1
Elvis Presley	I NEED YOU SO	M	ELVIS1
Elvis Presley	I WANT YOU I NEED YOU I LOVE YOU	M	ELVIS1
Elvis Presley	IF I CAN DREAM	M	ELVIS1
Elvis Presley	I'LL REMEMBER YOU	M	ELVIS1
Elvis Presley	IN THE GHETTO	M	ELVIS1
Elvis Presley	IT'S A MATTER OF TIME	M	ELVIS1
Elvis Presley	IT'S EASY FOR YOU	M	ELVIS1
Elvis Presley	IT'S NOW OR NEVER	M	ELVIS1
Elvis Presley	JAILHOUSE ROCK	M	ELVIS1
Elvis Presley	KING CREOLE	M	ELVIS1
Elvis Presley	LITTLE SISTER	M	ELVIS1
Elvis Presley	LOVE ME TENDER	M	ELVIS1
Elvis Presley	MARGUERITA	M	ELVIS1
Elvis Presley	MOODY BLUE	M	ELVIS1
Elvis Presley	MOONLIGHT SWIM	M	ELVIS1
Elvis Presley	PLEASE DON'T STOP LOVING ME	M	ELVIS1
Elvis Presley	PLEDGING MY LOVE	M	ELVIS1
Elvis Presley	SHE'S NOT YOU	M	ELVIS1
Elvis Presley	SOLITAIRE	M	ELVIS1
Elvis Presley	STUCK ON YOU	M	ELVIS1
Elvis Presley	SUSPICIOUS MINDS	M	ELVIS1
Elvis Presley	TEDDY BEAR	M	ELVIS1
Elvis Presley	THAT'S ALRIGHT MAMA	M	ELVIS1
Elvis Presley	THE GIRL OF MY BEST FRIEND	M	ELVIS1
Elvis Presley	THE WONDER OF YOU	M	ELVIS1
Elvis Presley	TROUBLE	M	ELVIS1
Elvis Presley	WE CAN MAKE THE MORNING	M	ELVIS1
Elvis Presley	WOODEN HEART	M	ELVIS1
Elvis Presley	YOU GAVE ME A MOUNTAIN	M	ELVIS1
Elvis Presley	A BIG HUNK OF LOVE	M	ELVIS2
Elvis Presley	A FOOL SUCH AS I	M	ELVIS2
Elvis Presley	A LITTLE LESS CONVERSATION	M	ELVIS2
Elvis Presley	A MESS OF BLUES	M	ELVIS2
Elvis Presley	AS LONG AS I HAVE YOU	M	ELVIS2
Elvis Presley	ASK ME	M	ELVIS2
Elvis Presley	BOSSA NOVA BABY	M	ELVIS2
Elvis Presley	CAN'T HELP FALLING IN LOVE	M	ELVIS2
Elvis Presley	CINDY CINDY	M	ELVIS2
Elvis Presley	DON'T	M	ELVIS2
Elvis Presley	FEVER	M	ELVIS2
Elvis Presley	FOOL	M	ELVIS2
Elvis Presley	GOOD LUCK CHARM	M	ELVIS2
Elvis Presley	GUITAR MAN	M	ELVIS2
Elvis Presley	HARD HEADED WOMAN	M	ELVIS2
Elvis Presley	HOUND DOG	M	ELVIS2
Elvis Presley	I CAN'T STOP LOVING YOU	M	ELVIS2
Elvis Presley	I WANNA BE FREE	M	ELVIS2
Elvis Presley	I'M YOURS	M	ELVIS2
Elvis Presley	IT'S IMPOSSIBLE	M	ELVIS2
Elvis Presley	IT'S OVER	M	ELVIS2
Elvis Presley	KENTUCKY RAIN	M	ELVIS2
Elvis Presley	KISS ME QUICK	M	ELVIS2
Elvis Presley	KISSING COUSINS	M	ELVIS2
Elvis Presley	LONELY MAN	M	ELVIS2
Elvis Presley	LOVE LETTERS	M	ELVIS2
Elvis Presley	LOVE ME	M	ELVIS2
Elvis Presley	LOVING YOU	M	ELVIS2
Elvis Presley	LOWDY MISS CLOUDY	M	ELVIS2
Elvis Presley	MEAN WOMAN BLUES	M	ELVIS2
Elvis Presley	MEMORIES	M	ELVIS2
Elvis Presley	MY BABY LEFT ME	M	ELVIS2
Elvis Presley	MYSTERY TRAIN	M	ELVIS2
Elvis Presley	NO MORE	M	ELVIS2
Elvis Presley	ONE NIGHT	M	ELVIS2
Elvis Presley	PARTY	M	ELVIS2
Elvis Presley	RETURN TO SENDER	M	ELVIS2
Elvis Presley	SEE SEE RIDER	M	ELVIS2
Elvis Presley	SPANISH EYES	M	ELVIS2
Elvis Presley	SURRENDER	M	ELVIS2
Elvis Presley	SUSPICION	M	ELVIS2
Elvis Presley	THE WALLS HAVE EARS	M	ELVIS2
Elvis Presley	TOO MUCH	M	ELVIS2
Elvis Presley	TREAT ME NICE	M	ELVIS2
Elvis Presley	VIVA LAS VEGAS	M	ELVIS2
Elvis Presley	WEAR MY RING AROUND YOUR NECK	M	ELVIS2
Elvis Presley	WORDS	M	ELVIS2
Elvis Presley	YOU DON'T HAVE TO SAY YOU LOVE ME	M	ELVIS2
Elvis Presley	YOUNG AND BEAUTIFUL	M	ELVIS2
Elvis Presley	YOU'RE SO SQUARE	M	ELVIS2
2Quick Start	ÛHEGA MILJONEIST (est)	M_U	EST1
Ans Nemo	ARMASTUS (est)	M_U	EST1
Apelsin	CAPRI SAAREL (est)	M_U	EST1
Apelsin	SAAB SAAB (VANA JOE) (est)	M_U	EST1
Apelsin	SEE VIIS (est)	M_U	EST1
E-Milion	TÖMBA JUHE VÄLJA SEINAST (est)	M_U	EST1
Fix	JAANIPÄEV (est)	M_U	EST1
Fix	MEREMEHE ARMASTUS (est)	M_U	EST1
Georg Ots	SAAREMAA VALSS (est)	M_U	EST1
Heli Lääts	EI ME ETTE TEA (est)	M_U	EST1
Ivo Linna	AIDA MÖÖDA SAATA ÖÖ (est)	M_U	EST1
Ivo Linna	JOO SÕBER JOO (est)	M_U	EST1
Ivo Linna	KAUNIS NAINE (est)	M_U	EST1
Ivo Linna	KIKILIPS (est)	M_U	EST1
Ivo Linna	MARIE MARIE (est)	M_U	EST1
Ivo Linna	SEE ON NII (est)	M_U	EST1
Ivo Linna	VIDEVIK (est)	M_U	EST1
Jansa	KÖNDIS NEIU (est)	M_U	EST1
Jansa ja Reet	KUS OLED NÛÛD SA (est)	M_U	EST1
Justament	VANGILE EI MEELDI TRELLID (est)	M_U	EST1
Karavan	VOLARE (est)	M_U	EST1
Kukerpillid	LAS JÄÄDA NII KUIS OLI (est)	M_U	EST1
Kukerpillid	MARINA (est)	M_U	EST1
Kuldsed Lindid	SULLE KÕIK NÛÛD ÛTLEN (est)	M_U	EST1
Maarja-Liis & Ivo Linna	KAAELAKEE HÄÄL (est)	M_U	EST1
Mait Maltis	GLORIA (est)	M_U	EST1
Mait Maltis	KAUGE AEG (est)	M_U	EST1
Mait Maltis	MARI ELIISA (est)	M_U	EST1
Mait Maltis	SUUDLUSET NÛÛD (est)	M_U	EST1
Mait Maltis	ÛKS MEIST NAINE TEINE MEES (est)	M_U	EST1
Mati Nuude	BUENOS DIOS ARGENTINA (est)	M_U	EST1
Mati Nuude	CALIFORNIA BLUE (est)	M_U	EST1
Mati Nuude	EL BIMBO (est)	M_U	EST1
Mati Nuude	ET OLEKS RAHU (est)	M_U	EST1
Mati Nuude	JAMBALAYA (est)	M_U	EST1
Mati Nuude	KORRAKS VAID (est)	M_U	EST1
Mati Nuude	OI AEGU AMMUSEID (est)	M_U	EST1
Mati Nuude	TAHAN OLLA SULLE HELL (est)	M_U	EST1
Mati Nuude	UNA PALOMA BLANCA (est)	M_U	EST1
Meie Mees	KAS TUNNED MAAD (est)	M_U	EST1
Meie Mees	MOSKVA (est)	M_U	EST1
Meie Mees	SHALALAA (est)	M_U	EST1
Meie Mees	SUVE MÄLESTUS (est)	M_U	EST1
Nemo	PETLIK ÕNN (est)	M_U	EST1
Ps Troika	KUI MERI OLEKS ÖLU (est)	M_U	EST1
Ps Troika	PÖDRAKASVATAJA LAUL (est)	M_U	EST1
Ps Troika	QUANDO QUANDO (est)	M_U	EST1
Rahvalik	HULKURI VALSS (est)	M_U	EST1
Raul Sepper ja Vitamiin	LINDA (est)	M_U	EST1
Reet ja Jansa	JACKSON (est)	M_U	EST1
Sirje ja Rein Kurg	KAUGEL KAUGEL (est)	M_U	EST1
Smilers	MÕISTUS ON KADUNUD (est)	M_U	EST1
Tarmo Pihlap	ALICE (est)	M_U	EST1
Tarmo Pihlap	HÛLJATUD MEES (est)	M_U	EST1
Tarmo Pihlap	JÄRVE KESKEL (est)	M_U	EST1
Tönis Mäki	ANNA MULLE ANDEKS (est)	M_U	EST1
Urmas Aender	ÜKS VAIKE RÔÔM (est)	M_U	EST1
2Quick Start	NEIU MUSTAS KLEIDIS (est)	M_U	EST2
2Quick Start	OLEN LOOBUDA SUST SOOVINUD (est)	M_U	EST2
Apelsin	KODU JA RISTIKHEIN (est)	M_U	EST2
Artur Rinne	ÕRNPUNASED PURJED (est)	M_U	EST2
Boris Lehtlaan	MU VÄIKE MAAILM (est)	M_U	EST2
Boris Lehtlaan	OB LA DI OB LA DA (est)	M_U	EST2
Ivo Linna	MULGIMAAL (est)	M_U	EST2
Ivo Linna	TULE MANNIKE (est)	M_U	EST2
Jaak Joala	NAERATA (est)	M_U	EST2
Justament	KAUA SA KANNATAD KURBADE NAERU (est)	M_U	EST2
Justament	MAA TULEB TÄITA LASTEGA (est)	M_U	EST2
Kukerpillid	TAHAN LENNATA (est)	M_U	EST2
Kuldne Trio	HOPP JOHANNA (est)	M_U	EST2
Mait Maltis	VABA MEES (est)	M_U	EST2
Mati Nuude	EL BAJON (est)	M_U	EST2
Mati Nuude	OI NEED SINAVAD VEED (est)	M_U	EST2
Mati Nuude	TSHINGIS KHAAN (est)	M_U	EST2
Meelis Punder	SU SILMADE SÄRA (est)	M_U	EST2
Nexus	NII KUUM (est)	M_U	EST2
Rahvalik	HULKURI VALSS (est)	M_U	EST2
Rahvalik	POSTIPOISS (est)	M_U	EST2
Raimond Valgre	ÕIGE VALIK (est)	M_U	EST2
Raul Sepper ja Vitamiin	LINDA (est)	M_U	EST2
Tarmo Pihlap	TOOMEMÄEL (est)	M_U	EST2
Terminaator	TÄNAPÄEVA MUINASLUGU (est)	M_U	EST2
Tõnis Mägi	KOPUTAN KOLM KORDA (est)	M_U	EST2
Uno Loop	ROHELISED NIIDUD (est)	M_U	EST2
Vello Orumets	GEISA (est)	M_U	EST2
Vello Orumets	LAS MÖÖDUVAD AASTAD (est)	M_U	EST2
Vello Orumets	MERI JA KITARR (est)	M_U	EST2
Ivo Linna	ABRUKA VALSS (est)	M_U	EST3
Ivo Linna	KORD OLIM MA RÖÖVLITE PEALIK (est)	M_U	EST3
Ivo Linna	KUIDAS LÄKS SUL SEE MÄNG (est)	M_U	EST3
Ivo Linna	LIISA (est)	M_U	EST3
Ivo Linna	SA OLED AINUS (est)	M_U	EST3
Ivo Linna	VANA JA VALLATU LÕBUS JA LÕPUTU (est)	M_U	EST3
Jaan Arder	OH KUUSEPUU (est)	M_U	EST3
Kollane Allveelaev G	BABY COME BACK (est)	M_U	EST3
Kuldne Trio	SUKU SUKU (est)	M_U	EST3
Mait Maltis	MUST KOHV (est)	M_U	EST3
Marika Uus	HUULEVÄRV SU KRAE PEAL (est)	M_U	EST3
Mati Nuude	HELLO MERYLOU (est)	M_U	EST3
Mati Nuude	KÕRTSI SHOW (est)	M_U	EST3
Mati Nuude	MATKALAUL (est)	M_U	EST3
Mati Nuude	SUVEÖÖ (est)	M_U	EST3
Mati Nuude	TAAS ÛKSI JÄÄN (est)	M_U	EST3
Monitor	EI NÄE MA TEISI (est)	M_U	EST3
Rahvalik	MEREMEHE LAUL (ROTERDAM) (est)	M_U	EST3
Raimond Valgre	SINILIND (est)	M_U	EST3
Suveniir	VÄIKE AED (est)	M_U	EST3
Tarmo Pihlap	AMARILLO (est)	M_U	EST3
Tarmo Pihlap	FILMISTAAR (est)	M_U	EST3
Tarmo Pihlap	VALGED ROOSID (est)	M_U	EST3
Tõnis Mägi	KULDAJA ROCK’N’ROLL (est)	M_U	EST3
Tõnis Mägi	VANA JÖGI (est)	M_U	EST3
Toomapojad	KULLAST SÜDA (est)	M_U	EST3
Vanaviisi	LÄÄNEMERE LAINED (est)	M_U	EST3
Vello Orumets	TAAS SAJAB LUND (est)	M_U	EST3
Voldemar Kuslap	VIIMNE VALSS (est)	M_U	EST3
Üllar Jörberg	METSALILLED (est)	M_U	EST3
Ans Nööp	METSROOSID (est)	M_U	EST4
Apelsin	LAULULILLED (est)	M_U	EST4
Apelsin	VIA BALTICA (est)	M_U	EST4
Black Velvet	TÄHESÕJAD (est)	M_U	EST4
Boris Lehtlaan	MA TAHAKSIN KODUS OLLA (est)	M_U	EST4
Boris Lehtlaan	MARIA PÄRAST (est)	M_U	EST4
Boris Lehtlaan	SUURES LINNAS (est)	M_U	EST4
Boris Lehtlaan	VALGEMAST VALGEM (est)	M_U	EST4
Erich Krieger	VIHMAPIISK (est)	M_U	EST4
Erinevad Esitajad	TÜDRUK (est)	M_U	EST4
Fix	LÕKE PREERIAS (est)	M_U	EST4
Fix	OLLA VÕIB (est)	M_U	EST4
Genialistid	HELENA WANJE (est)	M_U	EST4
Ivo Linna	IMEILUS PÛHAPÄEV (est)	M_U	EST4
Ivo Linna	IMEILUS PÛHAPÄEV (est)	M_U	EST4
Ivo Linna	KOJU TAGASI (est)	M_U	EST4
Ivo Linna	KUIDAS LÄKS SUL SEE MÄNG (est)	M_U	EST4
Ivo Linna	SINILILL (est)	M_U	EST4
Ivo Linna	TULE MANNIKE (est)	M_U	EST4
Ivo Linna	VANA JA VÄSINUD MEES (est)	M_U	EST4
Joel Steinfeldt	AEG KAOB JA KAOB (est)	M_U	EST4
Justament	KAUA SA KANNATAD KURBADE NAERU (est)	M_U	EST4
Kadi Toom	OODATES SIND (est)	M_U	EST4
Kalju Terasmaa	IGAÛHE JAKOS ON KUSKIL KEEGI (est)	M_U	EST4
Kate	PERPETUUM MOBILE (est)	M_U	EST4
Koit Toome	MERE LAPSED (est)	M_U	EST4
Kollane Allveelaev G	SUZANNE (est)	M_U	EST4
Kukerpillid	KIHNU SAAR (est)	M_U	EST4
Kukerpillid	MA EI TEA (est)	M_U	EST4
Kuldsed Kuuekümnendad	ENNE ÖÖD SÕIDA LINNA (est)	M_U	EST4
Kuldsed Kuuekümnendad	MA IHKAN KOJU (VÕÕRSIL) (est)	M_U	EST4
Leila Miller	KUULEN SAMME (est)	M_U	EST4
M Müürsepp ja E Krieger	SÕBRA LAUL (est)	M_U	EST4
Mait Maltis	MARI ELIISA (est)	M_U	EST4
Mati Nuude	PEAGI SAABUN TAGASI SU JUURDE (est)	M_U	EST4
Mati Nuude	TAAS ÛKSI JÄÄN (est)	M_U	EST4
Mati Nuude	VÄIKE NEIU (est)	M_U	EST4
Meelis Punder	MEHHIKO NEID (est)	M_U	EST4
Mitmed Esitajad	ME POLE ENAM VÄIKESED (est)	M_U	EST4
Märt Rannamäe	SINULE SINULE TUKSUB MINU RINNAKE (est)	M_U	EST4
Nexus	LUBASID TULLA (est)	M_U	EST4
Nightlight Duo	JÄLJED LIIVAL (est)	M_U	EST4
Oleg Sôlg	KÄGU (est)	M_U	EST4
Pixie Twins	RASKE LOOBUDA (est)	M_U	EST4
Rahvalik	LÄÄNEMERE LAINED (est)	M_U	EST4
Rahvalik	OO SUSANNA (est)	M_U	EST4
Raimond Valgre	MUINASLUGU MUUSIKAS (est)	M_U	EST4
Reet Linna	NOORUSE KAUNEIM LEGEND (est)	M_U	EST4
Reet Linna	SUHKRUTÜKK (est)	M_U	EST4
Ruja	KAS VANA ARM KAROOSTETAB (est)	M_U	EST4
Smilers	KÄIME KATUSEID MÖÖDA (est)	M_U	EST4
Suveniir	MANDOLIINID ÖÖS (est)	M_U	EST4
Tarmo Pihlap	KOJU LÄEN (est)	M_U	EST4
Tarmo Pihlap	METSATEEL (est)	M_U	EST4
Tuberkuloited	SIND OOTAN TÜDRUK VEEL (est)	M_U	EST4
Uno Kaupmees	MÕTTED (est)	M_U	EST4
Uno Kaupmees	TULGE VALSILE (est)	M_U	EST4
Uno Loop	ROHELISED NIIDUD (est)	M_U	EST4
V Tamme Band	VAIKIN SIIS KUI MUL ON VALUS (est)	M_U	EST4
Vanaviisi	NÕNDA ON SAARE PEAL HEA (est)	M_U	EST4
Vanaviisi	OMA MAA (est)	M_U	EST4
Vanaviisi	VIIMSI (est)	M_U	EST4
Vello Orumets	ELEKTRIK AVENÜÜ (est)	M_U	EST4
Vello Orumets	LAS MÖÖDUVAD AASTAD (est)	M_U	EST4
Vello Orumets	TAAS SAJAB LUND (est)	M_U	EST4
Vitamiin	ROOSIAIA KUNINGANNA (est)	M_U	EST4
Üllar Jörberg	METSALILLED (est)	M_U	EST4
Amerie	One Thing	M	EXST 2
Smokie & R Chubby Brown	WHO THE FUCK IS ALICE	M	EXST 2
Bob Marley	NO WOMAN NO CRY	M	EXT1
Bryan Adams	PLEASE FORGIVE ME	M	EXT1
Chris Isaak	WICKED GAME	M	EXT1
Creedence Clearwater Revival (CCR)	BAD MOON RISING	M	EXT1
Creedence Clearwater Revival (CCR)	HAVE YOU EVER SEEN THE RAIN	M	EXT1
Creedence Clearwater Revival (CCR)	I PUT A SPELL ON YOU	M	EXT1
Creedence Clearwater Revival (CCR)	PROUD MARY	M	EXT1
Creedence Clearwater Revival (CCR)	WHO'LL STOP THE RAIN	M	EXT1
David Bowie	LET'S DANCE	M	EXT1
Donna Summer	ON THE RADIO	M	EXT1
Five Finger Death Punch	HOUSE OF THE RISING SUN	M	EXT1
Foreigner	I WANT TO KNOW WHAT LOVE IS	M	EXT1
Gary Moore	MIDNIGHT BLUES	M	EXT1
Gary Moore	STILL GOT THE BLUES	M	EXT1
Gary Moore & Phil Lynott	OUT IN THE FIELDS	M	EXT1
George Michael	CARELESS WHISPER	M	EXT1
Led Zeppelin	BLACK DOG	M	EXT1
Phil Collins	IN THE AIR TONIGHT	M	EXT1
Procol Harum	WHITER SHADE OF PALE	M	EXT1
Terry Jacks	SEASONS IN THE SUN	M	EXT1
The Beatles	LET IT BE	M	EXT1
The Bee Gees	HOW DEEP IS YOUR LOVE	M	EXT1
The Bee Gees	NIGHT FEVER	M	EXT1
The Bee Gees	STAYING ALIVE	M	EXT1
The Manhattans	KISS AND SAY GOODBYE	M	EXT1
The Police	EVERY BREATH YOU TAKE	M	EXT1
The Supremes	STOP! IN THE NAME OF LOVE	M	EXT1
The Temptations	PAPA WAS A ROLLIN' STONE	M	EXT1
The Turtles	HAPPY TOGETHER	M	EXT1
Toni Braxton	UNBREAK MY HEART	M	EXT1
Afrodite	NEVER LET IT GO	M	FF
Andres Esteche	JUST LIKE A BOOMERANG	M	FF
Fame	GIVE ME YOUR LOVE	M	FF
Jill Johnsson	CRAZY IN LOVE	M	FF
Nick Borgen	WE ARE ALL THE WINNERS	M	FF
Barbados	KOM HEM (swe)	M_U	FFSWE
Brandsta City Släckers	KOM OCH TA MIG (swe)	M_U	FFSWE
Charlotte Nilsson	TUSEN OCH EN NATT (swe)	M_U	FFSWE
Claes-Göran Hedenström	DET BÖRJAR VERKA KÄRLEK BANNE MIG (swe)	M_U	FFSWE
Emil Sigfridsson	TILLBAKA TILL IGÅR (swe)	M_U	FFSWE
Friends	LYSNA TILL DITT HJÄRTA (swe)	M_U	FFSWE
Jan Johansen	SE PÅ MIG (swe)	M_U	FFSWE
Lena Philipsson	DANSA I NEON (swe)	M_U	FFSWE
Lotta Engberg	FYRA BUGG OCH EN COCA COLA (swe)	M_U	FFSWE
Mathias Holmgren	NÅGOT SOM KAN HÄNDA (swe)	M_U	FFSWE
Patrik Rasmussen	OM IGEN (swe)	M_U	FFSWE
Sarek	GENOM ELD OCH VATTEN (swe)	M_U	FFSWE
Tomas Ravelli & Arvingarna	I GULT OCH BLÅTT (swe)	M_U	FFSWE
Wiktoria Nilsson	ALLT VI KÄNNER FÖR VARANN (swe)	M_U	FFSWE
Östen Med Resten	HON KOMMER MED SOLSKEN (swe)	M_U	FFSWE
AikaPoliisi	HALUUTKO SÄ PELATA MUN NINTENDOO	C	FIAT
AikaPoliisi	HERKKUKAUPPA (BAM TSIKI TSIKI)	C	FIAT
Amispoppia	JOULUPUKKI MATKAAN JO KÄY	C	FIAT
Annina	MATKALLA IKUISUUTEEN (Adagio)	C	FIAT
Arja Havakka	TIEDÄ MITÄ TAHDOT (THIS WORLD TODAY IS A MESS)	C	FIAT
Arja Koriseva	HYMYHUULET	C	FIAT
Aurium	DAMONI	C	FIAT
Aurium	LOPPUU TODELLISUUS	C	FIAT
Aurium	USKOTKO MAGIAAN	C	FIAT
Bass`n Helen	TAISTELUNI 	C	FIAT
Bat & Ryyd	EHTAA TAVARAA	C	FIAT
BEHM	SATA VUOTTA	C	FIAT
Benjamin	BENSAA TULIPALOON	C	FIAT
Benjamin	TOMMI (SEKSIPOMMI)	C	FIAT
Birgi	TUBETTAJA	C	FIAT
Emma Salokoski Ensemble	TÄHDET MEREN YLLÄ	C	FIAT
Etta	DEMONEISTA YSTÄVII	C	FIAT
Irwin Goodman	KARJALA TAKAISIN	C	FIAT
Irwin Goodman	REISSUMIEHEN REPPU	C	FIAT
Irwin Goodman	TÖTTERÖ TÄYNNÄ JA PÖNTTÖ PÖHÖNÄ	C	FIAT
Janne Leino	TUHANNETTA KERTAA	C	FIAT
Jenni Vartiainen	KEINU (VAIN ELÄMÄÄ KAUSI 7)	C	FIAT
Jenni Vartiainen	LANKA	C	FIAT
Jenni Vartiainen	TURVASANA	C	FIAT
Jenni Vartiainen	TYTTÖVUODET	C	FIAT
Juha Tapio	RATAPIHA	C	FIAT
kls.	TEET MINUSTA TOTTA	C	FIAT
kls.	TÄMÄ KAUPUNKI	C	FIAT
Kuumaa	TÄYDELLISIN	C	FIAT
Matti Kid Hytönen	KUKA PUOLESTANI ITKEE	C	FIAT
Popeda	LIHAA JA PERUNAA	C	FIAT
Rainer Bollström	NYT SEN TEEN	C	FIAT
Tarja Ylitalo	ANNOIT MULLE MUISTON	C	FIAT
Laura Voutilainen	KERRAN	M	FIN10A1
Anki ja Cumulus	CHERBOURGIN SATEENVARJOT	M	FIN10A10
Hector	JUODAAN VIINAA	M	FIN10A2
J Karjalainen	DORIS	M	FIN10A3
Olavi Virta	LA CUMPARSITA	M	FIN10A4
Georg Ots	KUOLLEET LEHDET	M	FIN10A5
Danny	OLET KOHTALONI	M	FIN10A6
Jouko ja Kosti	MUISTO VAIN JÄÄ	M	FIN10A7
Reijo Kallio	SUVIVALSSI	M	FIN10A8
Eino Grön	TANGO D'AMORE	M	FIN10A9
Brita Koivunen	MUSTAT SILMÄT	M	FIN10B1
Tuure Ara	EMMA	M	FIN10B10
Katri Helena	LINTU JA LAPSI	M	FIN10B2
Johnny	REHTORIN LUISEVA SALLI	M	FIN10B3
Teijo Joutsela ja Humppa-Veikot	ALASKA	M	FIN10B4
Olavi Virta	SINUN SILMIESI TÄHDEN	M	FIN10B5
Olavi Virta	SOKERIPALA	M	FIN10B6
Tamara Lund	LAPIN TANGO	M	FIN10B7
Hiski Salomaa	LÄNNEN LOKARI	M	FIN10B8
Kai Hyttinen	NOSTA LIPPU SALKOON	M	FIN10B9
Laura Voutilainen	KYYNELVIRTA	M	FIN12A1
Kirka	LEIJAT	M	FIN12A10
Cat Cat	BYE BYE BABY	M	FIN12A2
Joel Hallikainen	HALIPULA	M	FIN12A3
Hausmylly	JOS	M	FIN12A4
Ronny and The Loafers	SE JOKIN SINULLA ON	M	FIN12A5
Carola	RAKKAUDEN JÄLKEEN	M	FIN12A6
Brita Koivunen	KUINKA PALJON RAKKAUTTA	M	FIN12A7
Paula Koivuniemi	SUA VASTEN AINA PAINAUTUISIN	M	FIN12A8
Katri Helena	PALOMA BLANCA	M	FIN12A9
Paula Koivuniemi	JOS HELMIÄ KYYNELEET OIS	M	FIN12B1
Tapio Rautavaara	HÄÄVALSSI	M	FIN12B10
Lasse Liemola	ANNA POIS	M	FIN12B2
Annikki Tähti	BALLADI OLAVINLINNASTA	M	FIN12B3
Veikko Tuomi	MUSTA RUUSU	M	FIN12B4
Harmony Sisters	SULLE SALAISUUDEN KERTOA MÄ VOISIN	M	FIN12B5
Humppa-Veikot	SILMÄT TUMMAT KUIN YÖ	M	FIN12B6
Eino Grön	MUSTALAISPRIMAS	M	FIN12B7
Lasse Mårtenson	MINUN TIENI	M	FIN12B8
Matti Louhivuori	MINÄ SOITAN SULLE ILLALLA	M	FIN12B9
Katri Helena	NÄIN ALKAA RAKKAUS	M	FIN13A1
Metro-tytöt	KENPÄ TIETÄIS SEN	M	FIN13A10
Laura Voutilainen	MUUTTANUT OOT MAAILMAIN	M	FIN13A2
Riki Sorsa	JOKI	M	FIN13A3
Meiju Suvas	MUUKALAINEN	M	FIN13A4
Lea Laven	EI OO EI TUU	M	FIN13A5
Kai Lind	OLI KUU OLI ILTA	M	FIN13A6
Helena Siltala	RANSKALAISET KOROT	M	FIN13A7
Seija Lampila	LIIAN NUORI	M	FIN13A8
Kirka	EHKÄ SUUKON ANTAA SAAN	M	FIN13A9
Johnny	IHANA AAMU	M	FIN13B1
Eri esittäjiä	PALJON ONNEA VAAN	M	FIN13B10
Ann-Christine	LALAIKA	M	FIN13B2
Markku Suominen	HÄN	M	FIN13B3
Lasse Liemola	NO NIIN MARY LOU	M	FIN13B4
Esko Rahkonen	RAKASTA KÄRSI JA UNHOITA	M	FIN13B5
Merja Rantamäki	MÄ MISTÄ LÖYTÄISIN SEN LAULUN	M	FIN13B6
Olavi Virta	ARMI	M	FIN13B7
Henry Theel	KÖYHÄ LAULAJA	M	FIN13B8
Erkki Junkkarinen	RUUSUJA HOPEAMALJASSA	M	FIN13B9
Essi Wuorela	NAIMISIIN	M	FIN14A1
Eero ja Jussi & The Boys	EI AIKA MENNYT KOSKAAN PALAA	M	FIN14A10
Katri Helena	LÄHEMMÄKSI	M	FIN14A2
Arja Koriseva	KAI VIRHEEN TEIN	M	FIN14A3
Laura Voutilainen	LUPAA SIIHEN EN SAA	M	FIN14A4
Juha Vainio	KÄYN AHON LAITAA	M	FIN14A5
Juice Leskinen	SYKSYN SÄVEL	M	FIN14A6
Marion	EL BIMBO	M	FIN14A7
Lea Laven	VIE MEIDÄT RAKKAUTEEN	M	FIN14A8
Matti ja Teppo	KISSANKULTAA	M	FIN14A9
Eugen Malmsten	SÄ MUISTATKO METSÄTIEN	M	FIN14B1
Four Cats	LENNÄ MUN LEMPENI LAULU	M	FIN14B10
Mamba	TUOLLAINEN TYTTÖ	M	FIN14B2
Katri Helena	EI KAUNIIMPAA	M	FIN14B3
Arja Saijonmaa	KYYHKYNEN	M	FIN14B4
Kari Kuuva	PIKKU NINA	M	FIN14B5
Petri & Pettersson Brass	MAALAISMAISEMA	M	FIN14B6
Pirkko Jaakkola	KELTARUUSU	M	FIN14B7
Georg Ots	MOSKOVAN VALOT	M	FIN14B8
Esko Rahkonen	SYVÄ KUIN MERI	M	FIN14B9
Kirka	ANNA KÄSI	M	FIN15A1
Tapani Kansa	R A K A S	M	FIN15A10
Isto Hiltunen	TAMMENOKSAT	M	FIN15A2
Fredi	RAKKAUSTARINA	M	FIN15A3
Frederik	LINDA LINDA	M	FIN15A4
Mikko Alatalo	TAITAA TULLA KESÄ	M	FIN15A5
Danny	AAVERATSASTAJAT	M	FIN15A6
KOM-Teatteri	KALLIOLLE KUKKULALLE	M	FIN15A7
Solistiyhtye Suomi	MAHTAVA PERÄSIN JA PULLEAT PURJEET	M	FIN15A8
Reijo Kallio	YKSINÄINEN	M	FIN15A9
Marion	TIPI TII	M	FIN15B1
Georg Malmsten	AALLOKKO KUTSUU	M	FIN15B10
Eila Pellinen	KAKSI KITARAA	M	FIN15B2
Reijo Taipale	TÄHDET MEREN YLLÄ	M	FIN15B3
Tuula-Anneli Rantanen	MUSTALAINEN	M	FIN15B4
Four Cats	KAUNIS ON LUOKSESI KAIPUU	M	FIN15B5
Georg Malmsten	SUURIN ONNI	M	FIN15B6
Tapio Rautavaara	LAPIN JENKKA	M	FIN15B7
Justeeri	ROVANIEMEN MARKKINOILLA	M	FIN15B8
Tapio Rautavaara	KULKURI JA JOUTSEN	M	FIN15B9
Riki Sorsa	HAAVEISSA VAINKO OOT MUN	M	FIN16A1
Eugen Malmsten	KOHTALOKAS SAMBA	M	FIN16A10
Isto Hiltunen	RINTA ROTTINGILLA	M	FIN16A2
Tapani Kansa	KESÄN LAPSI	M	FIN16A3
Danny	KAUAN	M	FIN16A4
Matti ja Teppo	MÄ JOKA PÄIVÄ TÖITÄ TEEN	M	FIN16A5
Kari Tapio	DELFIINIPOIKA	M	FIN16A6
Henry Theel	KUN ILTA EHTII	M	FIN16A7
Esko Rahkonen	HERNANDON SALAISUUS	M	FIN16A8
Pirkka-Pekka Petelius	MUISTAN SUA ELAINE	M	FIN16A9
Seppo Hanski	EREHDYIN KERRAN	M	FIN16B1
Kauko Käyhkö	KALASTAJA EEMELIN VALSSI	M	FIN16B10
Pirkko Mannola	MAAILMAN PARAS LEVY	M	FIN16B2
Aikamiehet	ILTATUULEN VIESTI	M	FIN16B3
Matti Heinivaho	TUNTURIN JUURELLA	M	FIN16B4
Reijo Taipale	RANTAKOIVUN ALLA	M	FIN16B5
Eino Grön	KIELON JÄÄHYVÄISET	M	FIN16B6
Laila Kinnunen	VESIVEHMAAN JENKKA	M	FIN16B7
Kauko Käyhkö	REMPALLAAN	M	FIN16B8
Tapio Rautavaara	SININEN UNI	M	FIN16B9
Mamba	VALOKUVIA	M	FIN17A1
Hanne	HÄN ON MUN	M	FIN17A10
Mikko Alatalo	MAALAISPOIKA OON	M	FIN17A2
Paula Koivuniemi	SE KESÄNI MUN	M	FIN17A3
Markku Aro	OLLAAN LÄHEKKÄIN	M	FIN17A4
Katri Helena	VASTEN AURINGON SILTAA	M	FIN17A5
Eija Merilä	LUVANNUT EN RUUSUTARHAA	M	FIN17A6
Fredi	PIENI NUKKE	M	FIN17A7
Olavi Virta	IKKUNAPRINSSI	M	FIN17A8
Tapio Heinonen	EILEN KUN MÄ TIENNYT EN	M	FIN17A9
Lasse Mårtenson	TIEN KUNINGAS	M	FIN17B1
Tapio Rautavaara	LENTÄJÄN VALSSI	M	FIN17B10
Henry Theel	TULE HILJAA	M	FIN17B2
Kauko Käyhkö	TUNTURISATU	M	FIN17B3
Olavi Virta	TYTTÖ METSÄSSÄ	M	FIN17B4
Teijo Joutsela ja Humppa-Veikot	URALIIN	M	FIN17B5
Henry Theel	SYYSPIHLAJAN ALLA	M	FIN17B6
Tapio Rautavaara	JUOKSE SINÄ HUMMA	M	FIN17B7
Tapio Rautavaara	HEPOKATTI	M	FIN17B8
Georg Ots	KYLLIKKI	M	FIN17B9
Kirka	DEN GLIDER IN	M	FIN18A1
Marion	HYVÄSTI YÖ	M	FIN18A10
Taikapeili	MITÄ YHDESTÄ SÄRKYNEESTÄ SYDÄMESTÄ	M	FIN18A2
Juice Leskinen	MARILYN	M	FIN18A3
Rauli Badding Somerjoki	BENSAA SUONISSA	M	FIN18A4
Danny	TUULIVIIRI	M	FIN18A5
Brita Koivunen	KÄY TANSSIMAAN	M	FIN18A6
Kirka	VIIMEISEEN MIEHEEN	M	FIN18A7
Markku Aro	KUN SÄ VIERELLÄIN SATEESSA OOT	M	FIN18A8
Irwin Goodman	RYYSYRANTA	M	FIN18A9
Frederik	TSINGIS KHAN	M	FIN18B1
Juha Vainio	KOTKAN POIKII ILMAN SIIPII	M	FIN18B10
Martti Huuhaa Innanen	ELSA KOHTALON LAPSI	M	FIN18B2
Virve Vicky Rosti	TUOLTA SAAPUU CHARLIE BROWN	M	FIN18B3
Tapani Kansa	EI ITKETÄ LAUANTAINA	M	FIN18B4
Tulipunaruusut	KARJALAN MARJAANA	M	FIN18B5
Olavi Virta	PUNAISET LEHDET	M	FIN18B6
Vieno Kekkonen	YÖN VÄISTYESSÄ	M	FIN18B7
Metro-tytöt	JUSSISTA SAAN MIEHEN ARMAAN	M	FIN18B8
Tapio Rautavaara	REISSUMIES JA KISSA	M	FIN18B9
J Karjalainen	SANKARIT	M	FIN19A1
Arja Havakka	LOKKI	M	FIN19A10
Freeman	AJETAAN TANDEMILLA	M	FIN19A2
Kirka	NIIN PALJON SE SATTUU	M	FIN19A3
Johnny	RAKASTUIN SINUUN LIIAN HELPOSTI	M	FIN19A4
Eini	YES SIR ALKAA POLTTAA	M	FIN19A5
Virve Vicky Rosti	OON VOIMISSAIN	M	FIN19A6
Kirka	SILTA YLI SYNKÄN VIRRAN	M	FIN19A7
Irwin Goodman	KUN EI RAHAT RIITÄ	M	FIN19A8
Tapani Kansa	AMADO MIO	M	FIN19A9
Muska	KROKOTIILIROCK	M	FIN19B1
Taljanka	HUOPIKKAAT	M	FIN19B10
Kari Tapio	VIISITOISTA KESÄÄ	M	FIN19B2
Paula Koivuniemi	PERHONEN	M	FIN19B3
Metro-tytöt	KYLMÄT HUULET	M	FIN19B4
Paula Koivuniemi	AIKUINEN NAINEN	M	FIN19B5
Vilho Vartiainen	NUORUUSMUISTOJA	M	FIN19B6
Olavi Virta	SYDÄNSURUJA	M	FIN19B7
Laila Kinnunen	LAZZARELLA	M	FIN19B8
Tapio Rautavaara	KULKURIN ILTATÄHTI	M	FIN19B9
Kirka	SURUN PYYHIT SILMISTÄNI	M	FIN1A1
Kirka	VARRELLA VIRRAN	M	FIN1A10
Frederik	KOLMEKYMPPINEN	M	FIN1A11
Ressu Redford	ÄLÄ MEE	M	FIN1A2
Miljoonasade	MARRASKUU	M	FIN1A3
Dingo	AUTIOTALO	M	FIN1A4
Paula Koivuniemi	TUMMAT SILMÄT RUSKEA TUKKA	M	FIN1A5
Annikki Tähti	KUNINGASKOBRA	M	FIN1A6
Mikko Alatalo	IHMISEN IKÄVÄ TOISEN LUO	M	FIN1A7
Marion	EVIVA ESPANJA	M	FIN1A8
Kari Tapio	OLEN SUOMALAINEN	M	FIN1A9
Danny & Armi	TAHDON OLLA SULLE HELLÄ	M	FIN1B1
Reijo Taipale	SATUMAA	M	FIN1B10
Teijo Joutsela ja Humppa-Veikot	TULIPUNARUUSUT	M	FIN1B11
Fredi	KOLMATTA LINJAA TAKAISIN	M	FIN1B2
Lasse Mårtenson	NOUSEVAN AURINGON TALO	M	FIN1B3
Kai Hyttinen	KÄYMÄÄN VAIN	M	FIN1B4
Arja Saijonmaa	YSTÄVÄN LAULU	M	FIN1B5
Tapio Rautavaara	PÄIVÄNSÄDE JA MENNINKÄINEN	M	FIN1B6
Päivi Paunu	OI NIITÄ AIKOJA	M	FIN1B7
Irwin Goodman	EI TIPPA TAPA	M	FIN1B8
Arja Saijonmaa	KOTKAN RUUSU	M	FIN1B9
Katri Helena	VIE MINUT	M	FIN20A1
Virve Vicky Rosti	KUN CHICAGO KUOLI	M	FIN20A10
Freud Marx Engels & Jung	SÄRKYNYTSYDÄMISET (VIEKÄÄ MINUT BAARIIN)	M	FIN20A2
Juice Leskinen	JYRKI BOY	M	FIN20A3
Movetron	ROMEO JA JULIA	M	FIN20A4
Ami Aspelund	APINAMIES	M	FIN20A5
Joel Hallikainen	KUIN OLLUT OISIT SIINÄ AINA	M	FIN20A6
Mamba	PIENI LEMMENLEIKKI	M	FIN20A7
Petri Laaksonen	TÄÄLLÄ POHJANTÄHDEN ALLA	M	FIN20A8
Riki Sorsa	MUUTTOHAUKKA	M	FIN20A9
Katri Helena	MUN SYDÄMENI TÄNNE JÄÄ	M	FIN20B1
Tapio Rautavaara	REPPU JA REISSUMIES	M	FIN20B10
Virve Vicky Rosti	NÄINKÖ AINA MEILLE TÄÄLLÄ KÄY	M	FIN20B2
Kari Tapio	LAULA KANSSAIN	M	FIN20B3
Tapio Heinonen	SAMANLAINEN ONNI	M	FIN20B4
Marjatta Leppänen	SYDÄMESI TYHJÄ HUONE	M	FIN20B5
Jonna Lyytinen	HIEKKAA	M	FIN20B6
Vieno Kekkonen	SÄVEL RAKKAUDEN	M	FIN20B7
Brita Koivunen	KATINKA	M	FIN20B8
Harmony Sisters	SATAMAN VALOT	M	FIN20B9
Arja Koriseva	RAKASTUNUT NAINEN	M	FIN21A1
Freeman	KAKSI LENSI YLI KÄENPESÄN	M	FIN21A10
Maarit Hurmerinta	JÄÄTELÖKESÄ	M	FIN21A2
Kikka	SUKKULA VENUKSEEN	M	FIN21A3
Leevi and The Leavings	MITÄ KUULUU MARJA LEENA	M	FIN21A4
Danny	PIILOPAIKKA	M	FIN21A5
J Karjalainen	ANKKURINAPPI	M	FIN21A6
Reijo Taipale	KUKKANI LUMEN ALLA	M	FIN21A7
Yö	JOUTSENLAULU	M	FIN21A8
Laila Kinnunen	VALOA IKKUNASSA	M	FIN21A9
Frederik	JOS JOTAIN YRITTÄÄ (HARVA MEISTÄ ON RAUTAA)	M	FIN21B1
Konsta Jylhä	VAIENNUT VIULU	M	FIN21B10
Meiju Suvas	KAUNOTAR JA KULKURI	M	FIN21B2
Reijo Taipale	MONIKA MONIKA MONIKA	M	FIN21B3
Jaakko Ryhänen	SYYSILLAN TUULI	M	FIN21B4
Pasi Kaunisto	SANAT EIVÄT RIITÄ KERTOMAAN	M	FIN21B5
Remu	TÄYSIKUU	M	FIN21B6
Aulikki Oksanen	SINUA SINUA RAKASTAN	M	FIN21B7
Veikko Tuomi	KOTISEUTUNI	M	FIN21B8
Georg Ots	UUDELLEEN JOS LUOKSES TULLA VOISIN	M	FIN21B9
Arja Koriseva	KATTOJEN PRIMADONNA	M	FIN22A1
Pelle Miljoona	TAHDON RAKASTELLA SINUA	M	FIN22A10
Jari Sillanpää	SATULINNA	M	FIN22A2
Hannu Leiden	LEIJONAT	M	FIN22A3
Juice Leskinen	KAKSOISELÄMÄÄ	M	FIN22A4
Katri Helena	KATSON SINEEN TAIVAAN	M	FIN22A5
Kirka	VENUS	M	FIN22A6
Reijo Taipale	KANGASTUS	M	FIN22A7
Tuomari Nurmio	LASTEN MEHUHETKI	M	FIN22A8
Eino Grön	LIIAN VÄHÄN AIKAA	M	FIN22A9
Katri Helena	KAI LAULAA SAAN	M	FIN22B1
Aimo Andersson	ELÄMÄÄ JUOKSUHAUDOISSA	M	FIN22B10
Tapani Kansa	TULE JO KOTIIN	M	FIN22B2
Berit	KEURUSSELÄN SINI	M	FIN22B3
Eino Grön	ILTA SAIMAALLA	M	FIN22B4
Olavi Virta	SORIA MORIA	M	FIN22B5
Hurriganes	I WILL STAY	M	FIN22B6
Seija Simola	KESYTETTY	M	FIN22B7
Pekka Himanka	KANKAAN KAUNIS KATRIINA	M	FIN22B8
Pasi Kaunisto	LAKEUDEN KUTSU	M	FIN22B9
Kikka	TARTU TIUKASTI HANURIIN <==	M	FIN23A1
SIG	HYVÄÄ SYNTYMÄPÄIVÄÄ	M	FIN23A10
Leevi and The Leavings	SOPIVASTI LIHAVA	M	FIN23A2
Essi Wuorela	MÄRKÄÄ RAKKAUTTA	M	FIN23A3
Pepe Willberg	ELÄMÄLTÄ KAIKEN SAIN	M	FIN23A4
Markku Aro	KESKIYÖN AIKAAN	M	FIN23A5
Leevi and The Leavings	VAKOSAMETTIHOUSUINEN MIES	M	FIN23A6
Pasi Kaunisto	KOSKAAN ET MUUTTUA SAA	M	FIN23A7
Tuomari Nurmio	VALO YÖSSÄ	M	FIN23A8
Metro-tytöt	ETHÄN MINUA UNHOITA	M	FIN23A9
Joel Hallikainen	ANTAA MENNEIDEN MENNÄ	M	FIN23B1
Laila Kinnunen	MANTSURIAN KUKKULOILLA	M	FIN23B10
Kirka	HENGAILLAAN	M	FIN23B2
Satu Pentikäinen	JOS SE VOISI OLLA TOTTA	M	FIN23B3
Eero Väre	KAUKAINEN YSTÄVÄ	M	FIN23B4
Helena Siltala	ETKÖ USKALLA MUA RAKASTAA	M	FIN23B5
Hector	EI MITTÄÄN	M	FIN23B6
Kiti Neuvonen	NUORUUSTANGO	M	FIN23B7
Erkki Junkkarinen	KAPPALE KAUNEINTA SUOMEA	M	FIN23B8
Tapio Rautavaara	INARINJÄRVI	M	FIN23B9
Laura Voutilainen	KESÄSADE	M	FIN24A1
Viktor Klimenko	AURINKO LASKEE LÄNTEEN	M	FIN24A10
Danny	TUULENSUOJAAN	M	FIN24A2
Taiska	MUISTO	M	FIN24A3
Anita Hirvonen	ET USKO KUINKA KOSKEEKAAN	M	FIN24A4
Lea Laven	TUMMA NAINEN	M	FIN24A5
Johnny	TUTTI FRUTTI	M	FIN24A6
Markku Aro	KÄYN UUDELLEEN EILISEEN	M	FIN24A7
Kake Randelin	KIRJE KOTIIN	M	FIN24A8
Seitsemän Seinähullua Veljestä	NAKIT JA MUUSI	M	FIN24A9
Katri Helena	MINNE TUULI KULJETTAA	M	FIN24B1
Veikko Lavi	JOKAINEN IHMINEN ON LAULUN ARVOINEN	M	FIN24B10
Tamara Lund	OLEN MIKÄ OLEN	M	FIN24B2
Olavi Virta	ONNI JONKA ANNOIN POIS	M	FIN24B3
Reijo Taipale	SATU RUSKEISTA SILMISTÄ	M	FIN24B4
Olavi Virta	PUNATUKKAISELLE TYTÖLLENI	M	FIN24B5
Olavi Virta	LEIRINUOTIOLLA	M	FIN24B6
Veikko Tuomi	LEHDETÖN PUU	M	FIN24B7
Matti Louhivuori	VANHAN MYLLYN TARINA	M	FIN24B8
Reino Helismaa	MEKSIKON PIKAJUNA	M	FIN24B9
Laura Voutilainen	TEETHÄN SEN	M	FIN25A1
Eino Virtanen	BUONA SERA SIGNORINA	M	FIN25A10
Fredi	AVAA SYDÄMESI MULLE	M	FIN25A2
Jormas	SAAT MIEHEN KYYNELIIN	M	FIN25A3
Eero Raittinen & Jussi Raittinen	LIISAN KOIRA	M	FIN25A4
Matti ja Teppo	ET VOI TULLA RAJAN TAA	M	FIN25A5
Hector	AKE MAKE PERA JA MÄ	M	FIN25A6
Oili Vainio	TANSSIN SUN KANSSASI AAMUUN	M	FIN25A7
Tapani Kansa	PAISTA PÄIVÄ	M	FIN25A8
Kari Tapio	MUISTOJENI JULIA	M	FIN25A9
Laila Kinnunen & Ritva Kinnunen	SOITTAJAPOIKA	M	FIN25B1
Kauko Käyhkö	KUUBALAINEN SERENADI	M	FIN25B10
Eino Grön	ITÄMAISTA RAKKAUTTA	M	FIN25B2
Danny	REBECCA	M	FIN25B3
Olavi Virta	SÄ ET KYYNELTÄ NÄÄ	M	FIN25B4
Olavi Virta	TANGO DESIREE	M	FIN25B5
Olavi Virta	RAKKAUTTA EI SE OLLUTKAAN	M	FIN25B6
Olavi Virta	VALSSI MENNEILTÄ AJOILTA	M	FIN25B7
Olavi Virta	AJOMIES	M	FIN25B8
Georg Malmsten	ILTA SKANSSISSA	M	FIN25B9
Paula Koivuniemi	LAULUN LAITUMILLE	M	FIN26A1
Reijo Salminen	TAAS ON AIKA AURINGON	M	FIN26A10
Laura Voutilainen	KAKSI KARTTAA	M	FIN26A2
Tauski Peltonen	SINÄ VAIN	M	FIN26A3
Paula Koivuniemi	TULISIELU	M	FIN26A4
Meiju Suvas	SUKELLA SIELUUN ASTI	M	FIN26A5
Katri Helena	LUI	M	FIN26A6
Hullujussi & Viktor Kalborrek	BINGO BANGO BONGO	M	FIN26A7
Four Cats	SABELINE	M	FIN26A8
Eino Grön	MONA LISA	M	FIN26A9
Raimo Sirkiä	AURINKONI	M	FIN26B1
Tapio Rautavaara	LAULUNI AIHEET	M	FIN26B10
Fredi	MILLOINKAAN EN LÖYDÄ SAMANLAISTA	M	FIN26B2
Laila Kinnunen	PIENI KUKKANEN	M	FIN26B3
Teijo Joutsela ja Humppa-Veikot	TAMMERKOSKI	M	FIN26B4
Olavi Virta	HURMIO	M	FIN26B5
Taisto Tammi	KESÄN TANGO	M	FIN26B6
Eino Grön	CARMEN SYLVA	M	FIN26B7
Henry Theel	TUMMA YÖ	M	FIN26B8
Olavi Virta	YÖ KERRAN UNHOA ANNOIT	M	FIN26B9
Janne Hurme	KIRJE	M	FIN27A1
Erkki Junkkarinen	LAPPEENRANTAAN	M	FIN27A10
Laura Voutilainen	PRINSESSA	M	FIN27A2
Matti Esko	LÄMMIN HELLÄ JA PEHMOINEN	M	FIN27A3
Irwin Goodman	VAIN ELÄMÄÄ	M	FIN27A4
Matti ja Teppo	PIDÄ ITSESTÄSI HUOLTA	M	FIN27A5
Anneli Tuominen	KENEN SYY	M	FIN27A6
Lasse Mårtenson	LAISKOTELLEN	M	FIN27A7
Hortto Kaalo	MIKSI OVET EI AUKENE MEILLE	M	FIN27A8
Laila Kinnunen	MUISTOJEN BULEVRDI	M	FIN27A9
Erkki Junkkarinen	SINUN KANSSASI TÄHTISILMÄ	M	FIN27B1
Kari Rydman	NIIN KAUNIS ON MAA	M	FIN27B10
Reijo Taipale	AILA	M	FIN27B2
Paula Koivuniemi	RAKKAUDEN RIKKAUS	M	FIN27B3
Georg Malmsten	VALKEA SISAR	M	FIN27B4
Veikko Tuomi	ERÄMAAJÄRVEN MÖKKI	M	FIN27B5
Georg Ots	MUUTTUVAT LAULUT	M	FIN27B6
Henry Theel	RANTAMÖKISSÄ	M	FIN27B7
Georg Malmsten	MUISTELO	M	FIN27B8
Tapio Rautavaara	RAKOVALKEALLA	M	FIN27B9
Kari Tapio	MYRSKYN JÄLKEEN	M	FIN28A1
Tapio Rautavaara	NELJÄN TUULEN TIELLÄ	M	FIN28A10
Laura Voutilainen	NIIN HYVÄÄ	M	FIN28A2
Aarno Raninen	ON HETKI	M	FIN28A3
Matti ja Teppo	CARA MIA	M	FIN28A4
Lemon	NAINEN TUMMISSA	M	FIN28A5
Kake Randelin	TÄTÄ KUKKAA EN HUKKAA	M	FIN28A6
Rexi	PUHTAAT PURJEET	M	FIN28A7
Olavi Virta	SINITAIVAS	M	FIN28A8
Kai Hyttinen	BELLA CIAO	M	FIN28A9
Esko Rahkonen	EROTTAMATTOMAT	M	FIN28B1
Tapio Rautavaara	ORPOPOJAN VALSSI	M	FIN28B10
Reijo Taipale	VAARALLISET HUULET	M	FIN28B2
Taisto Tammi	ANNELI ANNELI ANNELI	M	FIN28B3
Erkki Junkkarinen	YKSINÄINEN HARMONIKKA	M	FIN28B4
Henry Theel	HILJAA SOIVAT BALALAIKAT	M	FIN28B5
Humppa-Veikot	YÖ ALTAILLA	M	FIN28B6
Tapio Rautavaara	POHJOLAN YÖ	M	FIN28B7
Olavi Virta	TANGO ILLUSION	M	FIN28B8
Georg Malmsten	ÄÄNISEN AALLOT	M	FIN28B9
Tiina Räsänen	HEI ME MENNÄÄN	M	FIN29A1
Katri Helena	KUUDENIKÄINEN	M	FIN29A10
Arto Sotavalta	SEILAAN	M	FIN29A2
Johnny	TUNTI VAIN	M	FIN29A3
Seija Simola	SULLE SILMÄNI ANNAN	M	FIN29A4
Kari Tapio	KAIPUU	M	FIN29A5
Frederik	HAFANANA	M	FIN29A6
Kai Hyttinen	VARPUNEN	M	FIN29A7
Matti Esko	REKKAMIES	M	FIN29A8
Kirka	ALKU KAIKEN KAUNIIN	M	FIN29A9
Kisu	UNEEN AIKA VAIPUU	M	FIN29B1
Georg Ots	SAARENMAAN VALSSI	M	FIN29B10
Tapani Kansa	RAKKAUDEN SATU	M	FIN29B2
Eino Grön	KOHTALON TANGO	M	FIN29B3
Humppa-Veikot	JAZZTYTTÖ	M	FIN29B4
Olavi Virta	JOHNNY MUA MUISTATHAN	M	FIN29B5
Taisto Tammi	ILLAN VIIMEINEN TANGO	M	FIN29B6
Katri Helena	MÄ PÄIVÄNSÄTEEN NÄIN KERRAN	M	FIN29B7
Tapio Rautavaara	KULKURIVELJENI JAN	M	FIN29B8
A Aimo ja Dallape orkesteri	ARPISET HAAVAT	M	FIN29B9
Irwin Goodman	RENTUN RUUSU	M	FIN2A1
Laila Kinnunen & Ritva Kinnunen	SÄ KAUNEHIN OOT	M	FIN2A10
Hector	LUMI TEKI ENKELIN ETEISEEN	M	FIN2A11
Katri Helena	KATSON AUTIOTA HIEKKARANTAA	M	FIN2A2
Kim Lönnholm	MINÄ OLEN MUISTANUT	M	FIN2A3
Paula Koivuniemi	ILMAN MINUA	M	FIN2A4
Vera Telenius	MILJOONA RUUSUA	M	FIN2A5
Tuula Amberla	LULU	M	FIN2A6
Eija Merilä	YÖ SAARISTOSSA	M	FIN2A7
Olavi Virta	HOPEINEN KUU	M	FIN2A8
Rauli Badding Somerjoki	LAIVAT	M	FIN2A9
Kirka	HETKI LYÖ	M	FIN2B1
Tauno Palo	ROSVO ROOPE	M	FIN2B10
Georg Ots	METSÄKUKKIA	M	FIN2B11
Kake Randelin	AVAA HAKAS	M	FIN2B2
Ahti Lampi	ELÄMÄN VALTTIKORTIT	M	FIN2B3
Juha Eirto	TIIKERIHAI	M	FIN2B4
Katri Helena	PUHELINLANGAT LAULAA	M	FIN2B5
Brita Koivunen	SUKLAASYDÄN	M	FIN2B6
Georg Malmsten	HEILI KARJALASTA	M	FIN2B7
Henry Theel	LILJANKUKKA	M	FIN2B8
Mutkattomat	JÄTKÄN HUMPPA	M	FIN2B9
Jari Sillanpää	KADUILLA TUULEE	M	FIN30A1
Kisu	KUN PALJON ANTAA	M	FIN30A10
Rauli Badding Somerjoki	PILVET KARKAA NIIN MINÄKIN	M	FIN30A2
Kari Vepsä	ONNENMAA	M	FIN30A3
Katri Helena	NUORUUS ON SEIKKAILU	M	FIN30A4
Tapani Kansa	KULJEN TAAS KOTIIN PÄIN	M	FIN30A5
Kai Hyttinen	FLIRTATEN	M	FIN30A6
Kai Hyttinen	SAANHAN OLLA HÄN	M	FIN30A7
Lenne & Lee Kings	SOITTO SEIS	M	FIN30A8
Arto Sotavalta	PÄIVÄT KUIN UNTA	M	FIN30A9
Pasi Kaunisto	NADJA	M	FIN30B1
Veikko Tuomi	MUISTOJA KARPAATEILTA	M	FIN30B10
Johnny	OLET KAIKKI	M	FIN30B2
Danny	HILJAINEN KITARA	M	FIN30B3
Olavi Virta	LUONNONLAPSI	M	FIN30B4
Matti ja Teppo	JOS OLET ONNELLINEN	M	FIN30B5
Olavi Virta	ÖISET KITARAT	M	FIN30B6
Esko Rahkonen	RITVA	M	FIN30B7
Irwin Goodman	JUHLAVALSSI	M	FIN30B8
Georg Ots	MUSTANMEREN VALSSI	M	FIN30B9
Jari Sillanpää	PUNAINEN TAIVAS	M	FIN31A1
Jukka Raitanen	VANGIN TOIVE	M	FIN31A10
Reijo Taipale	JAKSAA VANHAKIN TANSSIA	M	FIN31A2
Saija Varjus	DAM DAM DA DA DI DUM	M	FIN31A3
Aki Hietala	JOS LUOJA SUO	M	FIN31A4
Eija Kantola	KURKIAURAT	M	FIN31A5
Joel Hallikainen	ONNENSIRPALE	M	FIN31A6
Marion	TOM TOM TOM	M	FIN31A7
Rauli Badding Somerjoki	FIILATEN JA HÖYLÄTEN	M	FIN31A8
Merja Rantamäki	JOSSAIN	M	FIN31A9
Katri Helena	ME TEIMME SEN	M	FIN31B1
Annikki Tähti	LAULU KAHDESTA PENNISTÄ	M	FIN31B10
Markus	VAIN KOTKA LENTÄÄ AURINKOON	M	FIN31B2
Paula Koivuniemi	AIKAAN SINIKELLOJEN	M	FIN31B3
Fredi	OTA JA OMISTA	M	FIN31B4
Arja Saijonmaa	TUSKA	M	FIN31B5
Viktor Klimenko	JOKAISELLE JOKU ON KAI RAKKAIN	M	FIN31B6
Eino Grön	KYYNELEET	M	FIN31B7
Matti Esko	JENNIE JENNIE	M	FIN31B8
Anki ja Cumulus	PUUVILLAPELLOT	M	FIN31B9
Jari Sillanpää	AURINGONNOUSU	M	FIN32A1
Yölintu	MERIMIES	M	FIN32A10
Heidi Kyrö	SUN SUOMINEITOS OON	M	FIN32A2
Joel Hallikainen	ANNA AJAN ARMAHTAA	M	FIN32A3
Taika	SADE ON MUN KYYNELEENI	M	FIN32A4
Kirka	TUNNETKO	M	FIN32A5
Mamba	VASTUSTAMATON	M	FIN32A6
Fredi	RAKKAUSTARINA	M	FIN32A7
Danny	TAIKAA	M	FIN32A8
Jukka Kuoppamäki	AIKA NÄYTTÄÄ	M	FIN32A9
Pasi Ruohonen	LUMESTA JA JÄÄSTÄ	M	FIN32B1
Korsuorkesteri	ELDANKAJÄRVEN JÄÄ	M	FIN32B10
Katri Helena	JOHNNY BLUE	M	FIN32B2
Tapani Kansa	PÄÄTTYNEET ON PÄIVÄT	M	FIN32B3
Annika Eklund	TYTTÖ SOPASSA	M	FIN32B4
Irwin Goodman	EN KERRO KUINKA JOUDUIN NAIMISIIN	M	FIN32B5
Kari Tapio	PORTUGALIN HUHTIKUU	M	FIN32B6
Lea Laven	ADIOS AMIGO	M	FIN32B7
Olavi Virta	AMOR AMOR AMOR	M	FIN32B8
Olavi Virta	ANGELIQUE	M	FIN32B9
Tarja Lunnas	SEINE	M	FIN33A1
Tapani Kansa	TULKAA TYTÖT TAKAISIN	M	FIN33A10
Rainer Friman	LINNUT	M	FIN33A2
Eino Grön	VÄHEMMÄN KIIRETTÄ ENEMMÄN AIKAA	M	FIN33A3
Rauli Badding Somerjoki	JA ROKKI SOI	M	FIN33A4
Jukka Kuoppamäki	PALJON SANOMATTA JÄÄ	M	FIN33A5
Jussi Raittinen	METSÄMÖKIN TONTTU	M	FIN33A6
Reijo Taipale	RUUSU JOKA VUODESTA	M	FIN33A7
Nylon Beat	SATASEN LAINA	M	FIN33A8
Katri Helena	VAIN HIEMAN RAUHAA	M	FIN33A9
Mikko Alatalo	VICKY LEE	M	FIN33B1
Kake Randelin	MÄNTSÄLÄ MIELESSÄIN	M	FIN33B10
Meiju Suvas	TAHDON SINUT	M	FIN33B2
Juhani Markola	RAKKAUDEN AAMU	M	FIN33B3
Eppu Normaali	NYT REPPU JUPISET RIIMISI RUPISET	M	FIN33B4
Tapani Kansa	SULLE	M	FIN33B5
Leevi and The Leavings	LAURA JENNA ELLINOORA ALEXANDRA CAMILLA JURVANEN	M	FIN33B6
Kirka	KAKSIN RANNALLA YKSINÄISET	M	FIN33B7
Tapio Rautavaara	EN PÄIVÄÄKÄÄN VAIHTAISI POIS	M	FIN33B8
Solistiyhtye Suomi	KEINUSSA KESÄLLÄ KERRAN	M	FIN33B9
Rainer Friman	SE ON SALAISUUS	M	FIN34A1
Arja Koriseva	MIELI MAAILMOJA JUOKSEE	M	FIN34A10
Matti Korkiala	KALLEIN AARRE	M	FIN34A2
Reijo Taipale	VIRRAN RANNALLA	M	FIN34A3
Kirka	OTA LÄHELLESI	M	FIN34A4
Kirka	MAMY BLUE	M	FIN34A5
Reijo Taipale	VUODET ELÄMÄÄ ON	M	FIN34A6
Nisa Soraya	HUONE 105	M	FIN34A7
Mikko Alatalo	VIIVY VIELÄ HETKI	M	FIN34A8
Rainer Friman	SINÄ ILTANA TÄHDET	M	FIN34A9
Tapani Kansa	VEIKKO NIEMINEN	M	FIN34B1
Fredi	RAKKAUDEN SINFONIA	M	FIN34B10
J Karjalainen	TELEPATIAA	M	FIN34B2
Johanna	KUKA KUIVAA KYYNELEET	M	FIN34B3
Kirka	KULMAN KUNDIT	M	FIN34B4
Markku Aro	OMA KULTASEIN	M	FIN34B5
Katri Helena	ON ELÄMÄ LAULU	M	FIN34B6
Leevi and The Leavings	TEUVO MAANTEIDEN KUNINGAS	M	FIN34B7
Robin	PRINSESSA	M	FIN34B8
Solistiyhtye Suomi	KAKSI KOLPAKKOA NEITI	M	FIN34B9
Frederik	TITANIC	M	FIN35A1
Anneli Saaristo	LA DOLCE VITA	M	FIN35A10
Paula Koivuniemi	TUMMAT SILMÄT RUSKEA TUKKA	M	FIN35A11
Katri Helena	KATSON AUTIOTA HIEKKARANTAA	M	FIN35A12
Reijo Taipale	NIITTYKUKKASET	M	FIN35A13
Arja Saijonmaa	YSTÄVÄN LAULU	M	FIN35A14
Hector	LUMI TEKI ENKELIN ETEISEEN	M	FIN35A15
Taiska	HALTINHÄÄT	M	FIN35A2
Agents	SINÄ VAIN	M	FIN35A3
Kaseva	STRIPTEASE TANSSIJA	M	FIN35A4
Valentin	SEN KESÄN VIELÄ MUISTAN	M	FIN35A5
Virve Vicky Rosti	SATA SALAMAA	M	FIN35A6
Matti Esko	HELLÄ JOKA YÖ	M	FIN35A7
Joel Hallikainen	HYVÄSTI VOI SANOA VAIN KERRAN	M	FIN35A8
Frederik	RAMAYA	M	FIN35A9
Juice Leskinen	EI ELÄMÄSTÄ SELVIÄ HENGISSÄ	M	FIN35B1
Georg Malmsten	HEILINI SINISISTÄ SILMISTÄ	M	FIN35B10
Mutkattomat	JÄTKÄN HUMPPA	M	FIN35B11
Sammy Babitzin	DAA DA DAA DA	M	FIN35B12
Dingo	AUTIOTALO	M	FIN35B13
Katri Helena	TULE LUO	M	FIN35B14
Eero Väre	KULTAINEN NUORUUS	M	FIN35B15
Markku Aro	JESTAS SENTÄÄN	M	FIN35B2
Johnny	HYVIN MENEE KUITENKIN	M	FIN35B3
Tapani Kansa	ÄIDIN PIKKUPOIKA	M	FIN35B4
Anneli Sari	MUISTOJENI RUUSUT	M	FIN35B5
Dallape	SULAMITH	M	FIN35B6
Seija Karpiomaa	MARUZELLA	M	FIN35B7
Kai Hyttinen	MUISTAN KESÄN	M	FIN35B8
Ernos	KESÄAIKAAN	M	FIN35B9
Annikki Tähti	KUNINGASKOBRA	M	FIN36
Eija Merilä	YÖ SAARISTOSSA	M	FIN36
Eino Grön	SOI MAININKI HILJAINEN	M	FIN36
Eino Grön	VAARALLISTA ONNEA	M	FIN36
Heikki Aarva	TUULELLA EI OLE YSTÄVÄÄ	M	FIN36
Helena Siltala	PIKKU MIDINETTI	M	FIN36
Henry Theel	SIKS OON MÄ SURUINEN	M	FIN36
Juha Eirto	KOIVU JA SYDÄN	M	FIN36
Kake Singers	KAKEROCK	M	FIN36
Kari Tapio	OLEN SUOMALAINEN	M	FIN36
Katri Helena	SYYSUNELMA	M	FIN36
Kirka	TUNNE ET MUA VIELÄKÄÄN	M	FIN36
Laila Kinnunen	ILLALLA ILLALLA	M	FIN36
Matti Heinivaho	LÄNNEN TIE	M	FIN36
Matti ja Teppo	MINÄ RAKASTAN SUA	M	FIN36
Matti ja Teppo	NÄITÄ POLKUJA TALLAAN	M	FIN36
Metro-tytöt	TAIKAYÖ	M	FIN36
Olavi Virta	ENSI KERRAN	M	FIN36
Olavi Virta	KYLMÄ RAKKAUS	M	FIN36
Olavi Virta	YÖLINTU	M	FIN36
Paula Koivuniemi	ILMAN MINUA	M	FIN36
Paula Koivuniemi	LAULUT KUN KUOLEVAT	M	FIN36
Paula Koivuniemi	SATA KESÄÄ TUHAT YÖTÄ	M	FIN36
Paula Koivuniemi	SHEIKKI TAI DON	M	FIN36
Per-Erik Förars	DOMINO	M	FIN36
Taiska	MOMBASA	M	FIN36
Taisto Ahlgren	PETTÄJÄN TIE	M	FIN36
Taisto Tammi	TANGO MERELLÄ	M	FIN36
Teresa Rosenius	MENOLIPPU	M	FIN36
Tutta Jew	TALVEN RUUSU	M	FIN36
Tony Montana	LAULAN SYKSYN RUUSUT KUKKIMAAN	M	FIN37A1
Paula Koivuniemi	MEREN TAA	M	FIN37A10
Arja Saijonmaa	KOTKAN RUUSU	M	FIN37A11
Marion	EVIVA ESPANJA	M	FIN37A12
Vera Telenius	MILJOONA RUUSUA	M	FIN37A13
Tuula Amberla	LULU	M	FIN37A14
Arja Koriseva	ENKELIN SILMIN	M	FIN37A15
Paula Koivuniemi	ROMANTIIKKAA	M	FIN37A2
Jari Sillanpää	TÄHDET TIETÄVÄT SEN	M	FIN37A3
Jari Sillanpää	PARIISI HELSINKI	M	FIN37A4
Carola	NUORI TUMMA	M	FIN37A5
Ultra Bra	MINÄ SUOJELEN SINUA KAIKELTA	M	FIN37A6
Kai Lind	TUHON TIETÄ KULJEN	M	FIN37A7
Vesa Enne	NUORI RYTMI	M	FIN37A8
Yölintu	TOSITARKOITUKSELLA	M	FIN37A9
Eino Grön	KENTIES	M	FIN37B1
Tuula Siponius	ILOINEN AMSTERDAM	M	FIN37B10
Kirka	PÄÄSI RINNALLEIN PAINUU	M	FIN37B11
Rauli Badding Somerjoki	PARATIISI	M	FIN37B12
Birgit Kronström	KATUPOIKIEN LAULU	M	FIN37B13
Metro-tytöt	MUISTA MINUA	M	FIN37B14
Laila Kinnunen & Ritva Kinnunen	POJAT	M	FIN37B15
Katri Helena	ÄÄNESI MÄ KUULEN	M	FIN37B2
Samuli Edelmann & Sani	TUHAT YÖTÄ	M	FIN37B3
MA Numminen	KISSA VIEKÖÖN	M	FIN37B4
Reijo Taipale	TANGO HUMIKO	M	FIN37B5
Katri Helena	BUDAPESTIN SILLAT	M	FIN37B6
Tamara Lund	MILLER TANGO	M	FIN37B7
Annikki Tähti	VALKOAKAASIAT	M	FIN37B8
Carola	NOUSEE PÄIVÄ	M	FIN37B9
Laura Voutilainen	ETELÄN YÖSSÄ	M	FIN38A1
Eija Sinikka	KANSSASI SUN	M	FIN38A10
Kirka	SURUN PYYHIT SILMISTÄNI	M	FIN38A11
Irwin Goodman	RENTUN RUUSU	M	FIN38A12
Jukka Kuoppamäki	SININEN JA VALKOINEN	M	FIN38A13
Laila Kinnunen & Ritva Kinnunen	SÄ KAUNEHIN OOT	M	FIN38A14
Georg Ots	METSÄKUKKIA	M	FIN38A15
Maarit Peltoniemi	HAAVEIDEN LAIVA	M	FIN38A2
Yölintu	TV:N KOKOINEN HAITARI	M	FIN38A3
Arja Koriseva	OLE PAISTEENA AURINGON	M	FIN38A4
Ultra Bra	SINÄ LÄHDIT POIS	M	FIN38A5
Carola	PENKKI PUU JA PUISTOTIE	M	FIN38A6
Yölintu	MAHDUNKO MAAILMAAS	M	FIN38A7
Ultra Bra	SAVANNI NUKAHTAA	M	FIN38A8
Katri Helena	ALMAZ ONNEN LAPSI	M	FIN38A9
Carola	EI AINA KÄY NIIN KUIN HAAVEILLAAN	M	FIN38B1
Harmony Sisters	KODIN KYNTTILÄT	M	FIN38B10
Fredi	KOLMATTA LINJAA TAKAISIN	M	FIN38B11
Kirka	HETKI LYÖ	M	FIN38B12
Tamara Lund	SINUN OMASI	M	FIN38B13
Mamba	ÄLÄ JÄTÄ MINUA	M	FIN38B14
Georg Malmsten	HEILI KARJALASTA	M	FIN38B15
Tauski Peltonen & Helena Miller	HAAVEMAA	M	FIN38B2
Olavi Virta	EEVA	M	FIN38B3
Katri Helena	UNTEN ERÄMAA	M	FIN38B4
Veikko Tuomi	SABINA	M	FIN38B5
Tuula Rantanen	UNHOITA MENNEET	M	FIN38B6
Eino Grön	GUAPITA	M	FIN38B7
Annikki Tähti	BUDAPESTIN YÖSSÄ	M	FIN38B8
Eila Pellinen	SURULLINEN SUNNUNTAI	M	FIN38B9
Katri Helena	KUN KELLOHAME HEILAHTAA	M	FIN39A1
Taneli Mäkelä	OI TUNTEMATON	M	FIN39A10
Reijo Taipale	SATUMAA	M	FIN39A11
Brita Koivunen	SUKLAASYDÄN	M	FIN39A12
Tarja Ylitalo	KERRASTA POIKKI	M	FIN39A13
Olavi Virta	HAAVEKUVA	M	FIN39A14
Erkki Liikanen	KUN HÄMÄRTÄÄ	M	FIN39A15
Petri Laaksonen	KULTAREUNAPILVET	M	FIN39A2
Laura Voutilainen	SINUUN PAINAUDUN	M	FIN39A3
Kari Vepsä	NÄÄN SINUT VIELÄ	M	FIN39A4
Kai Hyttinen	KURKI	M	FIN39A5
Lasse Mårtenson	KAIKESSA SOI BLUES	M	FIN39A6
Pekka Ruuska	MYÖHÄINEN YÖ	M	FIN39A7
Kake Randelin	KUIN JOUTSENLAULU	M	FIN39A8
Laura Voutilainen	NIIN KUIN MEREN HIEKKAA	M	FIN39A9
Katri Helena	ANTEEKSI SUO	M	FIN39B1
Ritva Oksanen	METSÄPIRTTI	M	FIN39B10
Kirka	VARRELLA VIRRAN	M	FIN39B11
Olavi Virta	HOPEINEN KUU	M	FIN39B12
Eero Raittinen	VANHA HOLVIKIRKKO	M	FIN39B13
Olavi Virta	KEINU KANSSANI	M	FIN39B14
Eero Raittinen	TOIVOTAAN TOIVOTAAN	M	FIN39B15
Juha Vainio	EI MAHA MITTÄÄ	M	FIN39B2
Reijo Taipale	SATEEN TANGO	M	FIN39B3
Eino Grön	CARINA	M	FIN39B4
Fredi	VIPPAA MULLE VIITONEN	M	FIN39B5
Laila Halme	KITARA JA MERI	M	FIN39B6
Georg Malmsten	KAUNIS VALHE	M	FIN39B7
Eino Grön	SILMÄSI ODOTTAVAT MINUA	M	FIN39B8
Esko Rahkonen	KOTISEUTU POHJOLASTA	M	FIN39B9
Sammy Babitzin	DAA DA DAA DA	M	FIN3A1
Tarja Ylitalo	KERRASTA POIKKI	M	FIN3A10
Jukka Kuoppamäki	SININEN JA VALKOINEN	M	FIN3A11
Teresa Rosenius	MENOLIPPU	M	FIN3A2
Eino Grön	SUUDELMIN SULJETUT KIRJEET	M	FIN3A3
Arja Koriseva	ENKELIN SILMIN <==	M	FIN3A4
Four Cats	SUURET SETELIT	M	FIN3A5
Eero Väre	KULTAINEN NUORUUS	M	FIN3A6
Juhani Markola	EILINEN	M	FIN3A7
Katri Helena	SYYSUNELMA	M	FIN3A8
Kirka	PÄÄSI RINNALLEIN PAINUU	M	FIN3A9
Tamara Lund	SINUN OMASI	M	FIN3B1
Annikki Tähti	PIENI SYDÄN	M	FIN3B10
Dingo	SINÄ JA MINÄ	M	FIN3B11
Irwin Goodman	POING POING POING	M	FIN3B2
Teijo Joutsela ja Humppa-Veikot	PIENI POLKU	M	FIN3B3
Eero Raittinen	VANHA HOLVIKIRKKO	M	FIN3B4
Juha Vainio	VANHOJA POIKIA VIIKSEKKÄITÄ	M	FIN3B5
Kauko Käyhkö	IRJA	M	FIN3B6
Georg Ots	UNOHTUMATON ILTA	M	FIN3B7
Olavi Virta	TÄYSIKUU	M	FIN3B8
Kake Randelin	KIELLETYT TUNTEET	M	FIN3B9
Arja Koriseva	VALLOITAN KOKO MAAILMAN	M	FIN40A1
Lea Laven	CHANSON D'AMOUR	M	FIN40A10
Ressu Redford	ÄLÄ MEE	M	FIN40A11
Mikko Alatalo	IHMISEN IKÄVÄ TOISEN LUO	M	FIN40A12
Katri Helena	PUHELINLANGAT LAULAA	M	FIN40A13
Kim Lönnholm	MINÄ OLEN MUISTANUT	M	FIN40A14
Eino Grön	SUUDELMIN SULJETUT KIRJEET	M	FIN40A15
Laura Voutilainen	KUN KATSON TÄHTIIN HOPEISIIN	M	FIN40A2
Reijo Taipale	YÖN RUUSU	M	FIN40A3
Matti ja Teppo	KAIKEN TAKANA ON NAINEN	M	FIN40A4
Katri Helena	SYDÄNTANGO	M	FIN40A5
Hector	ASFALTTIPRINSSI	M	FIN40A6
Arja Koriseva	HIENOHELMA	M	FIN40A7
Yölintu	SUURET SANAT	M	FIN40A8
Danny	PAINAJAINEN	M	FIN40A9
Mamba	YÖ ON HELLÄ	M	FIN40B1
Tamara Lund	YKSINÄINEN PIHLAJA	M	FIN40B10
Tapani Kansa	DELILAH	M	FIN40B11
Muska	JAMBALAYA	M	FIN40B12
Johnny	HYMYHUULET	M	FIN40B13
Eila Pienimäki	TULENLIEKKI	M	FIN40B14
Katri Helena	ANNA MULLE TÄHTITAIVAS	M	FIN40B15
Pertsa Koivula	ELÄMÄ ON TÄYNNÄ KYYNELEITÄ	M	FIN40B2
Kake Randelin	BELLA BELLA	M	FIN40B3
Vesa-Matti Loiri	KAKSI YSTÄVÄÄ	M	FIN40B4
Reijo Taipale	KELLOT SOI	M	FIN40B5
Pasi Kaunisto	NELOSTIE	M	FIN40B6
Olavi Virta	KAIPAAN KAHTA SANAA	M	FIN40B7
Aki Hietala	OOT KALLEIN	M	FIN40B8
Solistiyhtye Suomi	SHEILA	M	FIN40B9
Tarja Lunnas	POHJANTÄHTI	M	FIN41A1
Tamara Lund	HYVÄILE HYVÄILE VAAN	M	FIN41A10
Miljoonasade	MARRASKUU	M	FIN41A11
Frederik	KOLMEKYMPPINEN	M	FIN41A12
Kauko Käyhkö	IRJA	M	FIN41A13
Rauli Badding Somerjoki	LAIVAT	M	FIN41A14
Olavi Virta	TÄYSIKUU	M	FIN41A15
Laura Voutilainen	PELKÄÄ EN	M	FIN41A2
Finlanders	KAIKKI TYTÖT	M	FIN41A3
Matti ja Teppo	MISSÄ SITÄ OLLAAN OLTU	M	FIN41A4
Hector	LAURA	M	FIN41A5
SIG	VUOSISADAN RAKKAUSTARINA	M	FIN41A6
Virve Vicky Rosti	RIISU POIS JO ARKIPAITA	M	FIN41A7
Kake Randelin	KUKKIA KULKURILTA	M	FIN41A8
Johnny	ILTAPÄIVÄÄ	M	FIN41A9
A Aallon Rytmiorkesteri	OI VENUS	M	FIN41B1
Tapani Kansa	NÄIN SYNTYY KYYNELEET	M	FIN41B10
Teijo Joutsela ja Humppa-Veikot	BUBLITSHKI	M	FIN41B10
Danny	VÄHÄN ENNEN KYYNELEITÄ	M	FIN41B11
Pirkko Mannola	KUINKA RAKKAUS ALKOI	M	FIN41B12
Olavi Virta	VIHREÄT NIITYT	M	FIN41B13
Olavi Virta	MUSTASUKKAISUUTTA	M	FIN41B14
Rauli Badding Somerjoki	TÄHDET TÄHDET	M	FIN41B15
Annika & Rami	KAULAKORU	M	FIN41B2
Taiska	MIKSI NÄIN	M	FIN41B3
Tuula-Anneli Rantanen	LAUANTAI ILLAN TYTTÖ	M	FIN41B4
Fredi	LIIAN MYÖHÄÄN	M	FIN41B5
Irwin Goodman	VIELÄ YHDET	M	FIN41B6
The First	MENI HERMOT	M	FIN41B7
Laila Kinnunen	KELLÄ KULTA SILLÄ ONNI	M	FIN41B8
Kari Kuuva	ASFALTTIA JA SEMENTTIÄ	M	FIN41B9
Marita Taavitsainen	ANDRE	M	FIN42A1
Lasse Mårtenson	NOUSEVAN AURINGON TALO	M	FIN42A11
Laila Kinnunen	URALIN PIHLAJA	M	FIN42A12
Irwin Goodman	EI TIPPA TAPA	M	FIN42A13
Tapio Rautavaara	PÄIVÄNSÄDE JA MENNINKÄINEN	M	FIN42A14
Ahti Lampi	ELÄMÄN VALTTIKORTIT	M	FIN42A15
Reijo Taipale	TYTTÖJEN TÄHDEN	M	FIN42A2
Tarja Lunnas	PARIISIN KUU	M	FIN42A3
Berit	HELLI MUA HILJAA	M	FIN42A4
Markku Suominen	SADE	M	FIN42A5
Katri Helena	RAKKAUS	M	FIN42A6
Lasse Mårtenson	PIENI SANA	M	FIN42A7
Anneli Sari	LIIAN NUORI RAKKAUTEEN	M	FIN42A8
Danny	SEITSEMÄN KERTAA SEITSEMÄN	M	FIN42A9
Virve Vicky Rosti	JOLENE	M	FIN42B1
Georg Ots	SYYSUNELMIA	M	FIN42B10
Olavi Virta	POIKA VARJOISELTA KUJALTA	M	FIN42B11
Eino Grön	SÄ KUULUT PÄIVÄÄN JOKAISEEN	M	FIN42B12
Teijo Joutsela ja Humppa-Veikot	TULIPUNARUUSUT	M	FIN42B13
Henry Theel	LILJANKUKKA	M	FIN42B14
Kake Randelin	AVAA HAKAS	M	FIN42B15
Kari Tapio	OLEN ONNELLINEN	M	FIN42B2
Laila Kinnunen	KERRO KULTAINEN KUU	M	FIN42B3
Olavi Virta	ROMANIALAINEN KITARA	M	FIN42B4
Johnny	PIKKU BELINDA	M	FIN42B5
Robin	MUA ONNITELKAA	M	FIN42B6
Eino Grön	TANGOKAVALJEERI	M	FIN42B7
Leif Wager	TÄHDET KERTOVAT	M	FIN42B8
Olavi Virta	KAKSI RUUSUA	M	FIN42B9
Reijo Taipale	VANHA SWINGI	M	FIN43A1
Tapani Kansa	KAUEMPAA JA KAUEMPAA	M	FIN43A10
Seija Karpiomaa	SÄRKYNEEN TOIVEEN KATU	M	FIN43A11
Annikki Tähti	MUISTATKO MONREPOSIN	M	FIN43A12
Kai Hyttinen	KÄYMÄÄN VAIN	M	FIN43A13
Tauno Palo	ROSVO ROOPE	M	FIN43A14
Kake Randelin	KIELLETYT TUNTEET	M	FIN43A15
Marita Taavitsainen	SALAINEN PUUTARHA	M	FIN43A2
Agents	ANTAUDUN	M	FIN43A3
Jukka Kuoppamäki	PIKAJUNA POHJOISEEN	M	FIN43A4
Markku Aro	KATSO LUONTOA JA HUOMAA	M	FIN43A5
Eini	SUA LIIKAA RAKASTAN	M	FIN43A6
Juhani Markola	MARIA ELENA	M	FIN43A7
Fredi	NIIN	M	FIN43A8
Danny	MAANTIELTÄ TALOON	M	FIN43A9
Carola	JOET TULVIMAAN ITKE	M	FIN43B1
Olavi Virta	HÄÄMUISTOJEN VALSSI	M	FIN43B10
Fredi	PUHU HILJAA RAKKAUDESTA	M	FIN43B11
Eino Virtanen	SAANHAN VIIMEISEN TANSSIN	M	FIN43B12
Humppa-Veikot	PIENI POLKU	M	FIN43B13
Henry Theel	BESAME MUCHO	M	FIN43B14
Irwin Goodman	POING POING POING	M	FIN43B15
Johnny	SANOIT LIIAN PALJON	M	FIN43B2
Lea Laven	MIESTEN TÄHDEN	M	FIN43B3
Olavi Virta	ROMANESCA	M	FIN43B4
Pasi Kaunisto	MAA MUUTTUKOON	M	FIN43B5
Tapani Kansa	SÄÄSTÄ SUUKKOSI VAIN	M	FIN43B6
Eino Grön	ELÄMÄNI NAINEN	M	FIN43B7
Four Cats	KAIKKI MUUTTUU	M	FIN43B8
Olavi Virta	SATEINEN ILTA	M	FIN43B9
Janne Tulkki	TULVII POHJANMAA	M	FIN44A1
Markku Aro	LOIT ELÄMÄLLE POHJAA	M	FIN44A10
Päivi Paunu	JOKAINEN PÄIVÄ ON LIIKAA	M	FIN44A11
Vesa-Matti Loiri	LAPIN KESÄ	M	FIN44A12
Anna Hanski	KOTIVIINI	M	FIN44A13
Carola	KIELLETYT LEIKIT	M	FIN44A14
Juha Vainio	VANHOJA POIKIA VIIKSEKKÄITÄ	M	FIN44A15
Kari Tapio	VALOON PÄIN	M	FIN44A2
Paula Koivuniemi	KUN KUUNTELEN TOMPPAA	M	FIN44A3
Janne Tulkki	SINISEN TAIVAAN SATEENKAARI	M	FIN44A4
Georg Malmsten	VANHAN KARTANON KEHRÄÄVÄ RUKKI	M	FIN44A5
Jari Sillanpää	LAULUNI	M	FIN44A6
Janne Tulkki	KULKURIN KUU	M	FIN44A7
Yölintu	PIENI LINTUNEN	M	FIN44A8
Agents	ILLAN VARJOON HIMMEÄÄN	M	FIN44A9
Yölintu	VARJOJEN YÖ	M	FIN44B1
Eino Grön	POVAS MULLE MUSTALAINEN	M	FIN44B10
Juice Leskinen	VIIDESTOISTA YÖ	M	FIN44B11
Olavi Virta	ERON HETKI ON KAUNIS	M	FIN44B12
Jamppa Tuominen	AAMU TOI ILTA VEI	M	FIN44B13
Hanna Ekola	VILLIHEVOSIA	M	FIN44B14
Pekka Ruuska	RAFAELIN ENKELI	M	FIN44B15
Lasse Mårtenson	KUINKA KAUNISTA ON	M	FIN44B2
Jouko ja Kosti	ILLASTA AAMUUN	M	FIN44B3
Olavi Virta	PERFIDIA	M	FIN44B4
Danny	SUA KUTSUN MAARIT	M	FIN44B5
Eila Pellinen	TULE SYYSKUU	M	FIN44B6
Vieno Kekkonen	MILLOIN MILLOIN MILLOIN	M	FIN44B7
Danny	RÄYSTÄÄT JOS TIPPUU	M	FIN44B8
Eija Sinikka	VESIPISAROIDEN LAULU	M	FIN44B9
Lea Laven	NYT KUN OOT MENNYT	M	FIN45A1
Kari Tapio	JOS VOIT TULE LUO	M	FIN45A10
Danny & Armi	TAHDON OLLA SULLE HELLÄ	M	FIN45A11
Olavi Virta	TULISUUDELMA	M	FIN45A12
Joel Hallikainen	KUURANKUKKA	M	FIN45A13
Markus	VIIMEINEN KEVÄT	M	FIN45A14
Laila Kinnunen	TOISET MEISTÄ	M	FIN45A15
Kari Tapio	ANNA AJAN ARMAHTAA	M	FIN45A2
Taina Kokkonen	VAIN TAIVAS TIETÄÄ	M	FIN45A3
Reijo Taipale	VIISIKYMPINEN	M	FIN45A4
Marion	LUPAUS	M	FIN45A5
Reijo Kallio	VIIKONLOPPUISÄ	M	FIN45A6
Hanne	VERUSHKA	M	FIN45A7
Olavi Virta	PÄIVIN ÖIN	M	FIN45A8
Satu Pentikäinen	PIENEN TYTÖN TÄYTYY	M	FIN45A9
Eija Kantola	SATA SUUDELMAA	M	FIN45B1
Hurriganes	MY ONLY ONE	M	FIN45B10
Päivi Paunu	OI NIITÄ AIKOJA	M	FIN45B11
Katri Helena	HYMY	M	FIN45B12
Teijo Joutsela ja Humppa-Veikot	ODESSA	M	FIN45B13
Anita Hirvonen	SYDÄN RAKASTAA	M	FIN45B14
Eila Pellinen	KULTAISET KORVARENKAAT	M	FIN45B15
Riki Sorsa	REGGAE OK	M	FIN45B2
Maarit Hurmerinta	HYMYPOIKA	M	FIN45B3
Kai Hyttinen	NAISET	M	FIN45B4
Reijo Kallio	PIENI MIES	M	FIN45B5
Kauko Röyhkä	LAURALLE	M	FIN45B6
Tapani Kansa	SÄ LUOTA PÄIVÄÄN NOUSEVAAN	M	FIN45B7
Tuomari Nurmio	RAMONA	M	FIN45B8
Bosse ja Robert	NELLYN PALMIKKO	M	FIN45B9
Marita Taavitsainen	RAKKAUTTA ONKO TÄÄ	M	FIN46A1
Agents	VALOT	M	FIN46A10
Marion	KYLÄHÄÄT	M	FIN46A11
TT Purontaka	CIAO ISABELLE	M	FIN46A12
Souvarit	PARIISEJA	M	FIN46A13
Anita Hirvonen	DE VA KUKKU DE <==	M	FIN46A14
J Karjalainen	HÄN	M	FIN46A15
Pave Maijanen	PIDÄ HUOLTA	M	FIN46A2
Juha Eirto	TIIKERIHAI	M	FIN46A3
Dingo	SINÄ JA MINÄ	M	FIN46A4
Eero Raittinen & Jussi Raittinen	KAUNIS NAINEN	M	FIN46A5
Ressu Redford	JOS VIELÄ OOT VAPAA	M	FIN46A6
Anki ja Cumulus	SYYSLAULU	M	FIN46A7
Kari Tapio	SINUT TULEN AINA MUISTAMAAN	M	FIN46A8
Tarja Lunnas	KULTAKRUUNU <==	M	FIN46A9
Tapani Kansa	ELOISE	M	FIN46B1
Broadcast	YOU BREAK MY HEART	M	FIN46B10
Four Cats	SUURET SETELIT	M	FIN46B11
Irwin Goodman	ST PAULI JA REEPERBAHN	M	FIN46B12
Anna Hanski	JOS ET SÄ SOITA	M	FIN46B13
Eino Grön	RUHTINAAN VIULU	M	FIN46B14
Georg Malmsten	LEILA	M	FIN46B15
Kari Tapio	NAINEN	M	FIN46B2
Ami Aspelund	APINAMIES	M	FIN46B3
Taikapeili	AINA KUN SÄ MEET	M	FIN46B4
Tuomari Nurmio	TONNIN STIFLAT	M	FIN46B5
Kake Randelin	TARJA	M	FIN46B6
Paula Koivuniemi	KUULEEKO YÖ	M	FIN46B7
Rauli Badding Somerjoki	NUORI RAKKAUS	M	FIN46B8
Olavi Virta	SAAVUTHAN JÄLLEEN ROOMAAN	M	FIN46B9
Jari Sillanpää	KUULEEKO EERO	M	FIN47A1
Hector	TAKATAAN ROOS	M	FIN47A10
Kaija Koo	KUKA KEKSI RAKKAUDEN	M	FIN47A11
Songilo	JÄITKÖ YKSIN SÄ NYT	M	FIN47A12
Rainer Friman	VIRTA VIE VIRTA TUO	M	FIN47A13
Seppo Hanski	DONA DONA	M	FIN47A14
Leif Wager	ROMANSSI	M	FIN47A15
Lea Laven	MISSÄ OLIT SILLOIN	M	FIN47A2
Antti Huovila	MUUTTOLINNUT	M	FIN47A3
Tarja Lunnas	LEMMENPÖLYÄ	M	FIN47A4
Charlies	KAUNEIMMAT HETKET	M	FIN47A5
Heidi Kyrö	PORTTI SYDÄMEEN	M	FIN47A6
Jari Sillanpää	ONNENETSIJÄ	M	FIN47A7
Petri Hervanto	SURUSILMÄINEN	M	FIN47A8
Leevi and The Leavings	VASARA JA NAULOJA	M	FIN47A9
Ami Aspelund	LAPPONIA	M	FIN47B1
Pekka Ruuska	OHRANKELTAINEN KUU	M	FIN47B10
Eila Pienimäki	VANHAN VERÄJÄN LUONA	M	FIN47B11
Georg Ots	UNOHTUMATON ILTA	M	FIN47B12
Markku Aro	ANNA KAIKKIEN KUKKIEN KUKKIA	M	FIN47B13
Juha Vainio	ALBATROSSI	M	FIN47B14
Pirkko Mannola	DIANA	M	FIN47B15
Juha Vainio	ELÄMÄÄ JA EROTIIKKAA	M	FIN47B2
Katri Helena	MAAILMAN PIHAPUUT	M	FIN47B3
Jari Lappalainen	KAIKEN KAUNIIN RINNALLA	M	FIN47B4
Katri Helena	JULISKA	M	FIN47B5
Jukka Kuoppamäki	KISKOT VIEVÄT ETELÄÄN	M	FIN47B6
Irwin Goodman	LAS PALMAS	M	FIN47B7
Olavi Virta	MAMBO ITALIANO	M	FIN47B8
Matti Louhivuori	SUOPURSU	M	FIN47B9
Tapani Kansa	DELILAH	M	FIN4A1
Olavi Virta	TULISUUDELMA	M	FIN4A10
Rauli Badding Somerjoki	PARATIISI	M	FIN4A11
Topi Sorsakoski & Agents	HAAVEKUVA	M	FIN4A2
Danny	VÄHÄN ENNEN KYYNELEITÄ	M	FIN4A3
Kisu	TUNTEET	M	FIN4A4
Muska	JAMBALAYA	M	FIN4A5
Pirkko Mannola	KUINKA RAKKAUS ALKOI	M	FIN4A6
Arja Koriseva	ME KAKSI VAIN	M	FIN4A7
Taisto Ahlgren	PETTÄJÄN TIE	M	FIN4A8
Matti ja Teppo	NÄITÄ POLKUJA TALLAAN	M	FIN4A9
Päivi Paunu	JOKAINEN PÄIVÄ ON LIIKAA	M	FIN4B1
Birgit Kronström	KATUPOIKIEN LAULU	M	FIN4B10
Mamba	ÄLÄ JÄTÄ MINUA	M	FIN4B11
Jörgen Petersen	SÄRKYNEEN TOIVEEN KATU	M	FIN4B2
Annikki Tähti	MUISTATKO MONREPOSIN	M	FIN4B3
Laila Kinnunen	URALIN PIHLAJA	M	FIN4B4
Katri Helena	HYMY	M	FIN4B5
Olavi Virta	KEINU KANSSANI	M	FIN4B6
Teijo Joutsela ja Humppa-Veikot	ODESSA	M	FIN4B7
Irwin Goodman	ST PAULI JA REEPERBAHN	M	FIN4B8
Eila Pienimäki	VANHAN VERÄJÄN LUONA	M	FIN4B9
Agents	TUULI JA ERÄMAA	M	FIN52
Anna Eriksson	KUN KATSOIT MINUUN	M	FIN52
Anne Mattila	ASFALTTIVIIDAKKO	M	FIN52
Anne Mattila	VALOKUVA	M	FIN52
Antti Huovila	SATA KITARAA	M	FIN52
Antti Raiski	ROSALITA	M	FIN52
Eero Raittinen	RAKKAUDELTA NÄYTTÄÄ HITTO VIE	M	FIN52
Eino Valtanen	KESKIYÖN TANGO	M	FIN52
Kari Tapio	HAAVETANGO	M	FIN52
Kari Tapio	RANNAN TAVERNASSA	M	FIN52
Laura Voutilainen	ADDICTED TO YOU	M	FIN52
Mamba	LAUANTAI ILTA	M	FIN52
Mamba	VIELÄ ON KESÄÄ JÄLJELLÄ	M	FIN52
Markku Aro	JOTAIN TAIKAA SINUSSA ON	M	FIN52
Markus Törmälä & FBI Beat	JÄI SUSTA JÄLKI SYDÄMEEN	M	FIN52
Mikko Kilkkinen	SOITTAKAA LUJEMPAA	M	FIN52
Tomi Markkola	AURINKO KUU JA TÄHDET	M	FIN52
Tomi Markkola	KOHTALONI	M	FIN52
Tommi Läntinen	SYVÄLLE SYDÄMEEN SATTUU	M	FIN52
Tulipunaruusut	SATUTTAVAT SANAT	M	FIN52
Anna Eriksson	KATSO SUORAAN SILMIIN	M	FIN53
Anne Mattila	KUN SYNTYY SIELUUN SILTA	M	FIN53
Anne Mattila	PIENEN HETKEN	M	FIN53
Antti Huovila	MUTSI JA FAIJA	M	FIN53
Arja Koriseva & Ari Klem	KUN MINUUN KOSKETAT	M	FIN53
Eero Raittinen & Jari Sillanpää	UNTA EN SAA	M	FIN53
Eino Grön	MEIDÄN TANGOMME	M	FIN53
Erkki Räsänen	ANNA TUNTEEN TULLA	M	FIN53
Kari Tapio	EN ODOTA HUOMISEEN	M	FIN53
Laura Voutilainen	EN MIELESTÄIN SUA SAA	M	FIN53
Mika Sundqvist	MOOTTORIPYÖRÄ ON MOOTTORIPYÖRÄ	M	FIN53
Pepe Willberg	HERMES	M	FIN53
Sakari Kuosmanen	PIENI SYDÄN	M	FIN53
Sauli Lehtonen	KUN YÖ ON VALLATON	M	FIN53
Tamara Lund	JÄLJET HIEKASSA	M	FIN53
Tarja Lunnas	MEIDÄN HEHKUVA HIILLOS	M	FIN53
Tiktak	KYYNELEET	M	FIN53
Tomi Markkola	ENKELIN SIIPI	M	FIN53
Tomi Markkola	TAIVAS SALAMOI	M	FIN53
Tommi Läntinen	JÄIN KIINNI KATSEESEEN	M	FIN53
Erkki Liikanen	KUN HÄMÄRTÄÄ	M	FIN5A1
Olavi Virta	POIKA VARJOISELTA KUJALTA	M	FIN5A10
Eila Pienimäki	TULENLIEKKI	M	FIN5A11
Eero Raittinen	TOIVOTAAN TOIVOTAAN	M	FIN5A2
Olavi Virta	VIHREÄT NIITYT	M	FIN5A3
Eero Raittinen & Jussi Raittinen	KAUNIS NAINEN	M	FIN5A4
Eero Raittinen & Jussi Raittinen	KAIKKI RAKKAUTENI	M	FIN5A5
Leif Wager	ROMANSSI	M	FIN5A6
Kai Hyttinen	TYTTÖ	M	FIN5A7
Johnny	HYMYHUULET	M	FIN5A8
Olavi Virta	MUSTASUKKAISUUTTA	M	FIN5A9
Eino Virtanen	SAANHAN VIIMEISEN TANSSIN	M	FIN5B1
Kristiina Hautala	EN KOSKAAN	M	FIN5B10
Henry Theel	SIKS OON MÄ SURUINEN	M	FIN5B2
Henry Theel	BESAME MUCHO	M	FIN5B3
Fredi	PUHU HILJAA RAKKAUDESTA	M	FIN5B4
Metro-tytöt	MUISTA MINUA	M	FIN5B5
Vesa-Matti Loiri	LAPIN KESÄ	M	FIN5B6
Olavi Virta	YÖLINTU	M	FIN5B7
Juha Vainio	MATKALLA POHJOISEEN	M	FIN5B8
Eino Grön	SÄ KUULUT PÄIVÄÄN JOKAISEEN	M	FIN5B9
Katri Helena	ANNA MULLE TÄHTITAIVAS	M	FIN6A1
Anki ja Cumulus	SYYSLAULU	M	FIN6A10
Joel Hallikainen	KUURANKUKKA	M	FIN6A2
Hanna Ekola	VILLIHEVOSIA	M	FIN6A3
Ressu Redford	JOS VIELÄ OOT VAPAA	M	FIN6A4
Pekka Ruuska	RAFAELIN ENKELI	M	FIN6A5
Anna Hanski	JOS ET SÄ SOITA	M	FIN6A6
Rainer Friman	VIRTA VIE VIRTA TUO	M	FIN6A7
Danny	TÄMÄ TAIVAS TÄMÄ MAA	M	FIN6A8
Rauli Badding Somerjoki	TÄHDET TÄHDET	M	FIN6A9
Markku Aro	ANNA KAIKKIEN KUKKIEN KUKKIA	M	FIN6B1
Justeeri	KAKSI VANHAA TUKKIJÄTKÄÄ	M	FIN6B10
Anita Hirvonen	SYDÄN RAKASTAA	M	FIN6B2
Juha Vainio	ALBATROSSI	M	FIN6B3
Reijo Taipale	NIITTYKUKKASET	M	FIN6B4
Olavi Virta	ERON HETKI ON KAUNIS	M	FIN6B5
Laila Kinnunen & Ritva Kinnunen	POJAT	M	FIN6B6
Carola	KIELLETYT LEIKIT	M	FIN6B7
Seppo Hanski	DONA DONA	M	FIN6B8
Tapio Rautavaara	TUOPIN JÄLJET	M	FIN6B9
Joel Hallikainen	ANNA VIERELLESI TULLA	M	FIN7A1
Tapani Kansa	KÄYMME YHDESSÄ AIN	M	FIN7A10
Katri Helena	TULE LUO	M	FIN7A2
Dingo	LEVOTON TUHKIMO	M	FIN7A3
Miljoonasade	IKÄVÄNI TALLINNAAN	M	FIN7A4
Paula Koivuniemi	RAKKAUDELLA SINUN	M	FIN7A5
Joel Hallikainen	SININEN ON KESÄYÖ	M	FIN7A6
Danny	TUNNE HELLIN VOIMAKKAIN	M	FIN7A7
Pirkko Mannola	DIANA	M	FIN7A8
Danny	SALATTU SURU	M	FIN7A9
Fredi	NIIN PALJON KUULUU RAKKAUTEEN	M	FIN7B1
Mauno Kuusisto	HEIJASTUS	M	FIN7B10
Lasse Mårtenson & Carola	MÄ LÄHDEN STADIIN	M	FIN7B2
Eino Grön	TOISET MEISTÄ	M	FIN7B3
Tapio Rautavaara	YÖLINJALLA	M	FIN7B4
Eino Grön	RUHTINAAN VIULU	M	FIN7B5
Olavi Virta	TÄHTI JA MERIPOIKA	M	FIN7B6
Kipparikvartetti	MUURARI	M	FIN7B7
Arja Saijonmaa	PARTISAANIVALSSI	M	FIN7B8
Georg Malmsten	MUSTA RUDOLF	M	FIN7B9
Kaija Koo	KUKA KEKSI RAKKAUDEN	M	FIN8A1
Danny	EAST VIRGINIA	M	FIN8A10
Ressu Redford	TAAS AURINKO NOUSEE	M	FIN8A2
Joel Hallikainen	SURUN PISAROITA	M	FIN8A3
Anna Hanski	KOTIVIINI	M	FIN8A4
Maarit Hurmerinta	JOS TAHDOT TIETÄÄ	M	FIN8A5
Songilo	JÄITKÖ YKSIN SÄ NYT	M	FIN8A6
Martti Garam	MUUKALAISET YÖSSÄ	M	FIN8A7
Ressu Redford	KUKA ON SE OIKEA	M	FIN8A8
Juice Leskinen	VIIDESTOISTA YÖ	M	FIN8A9
Jamppa Tuominen	AAMU TOI ILTA VEI	M	FIN8B1
Mari Laurila	AJA HILJAA ISI	M	FIN8B10
Markus	VIIMEINEN KEVÄT	M	FIN8B2
Tapio Rautavaara	ISOISÄN OLKIHATTU	M	FIN8B3
Kauko Käyhkö	RAKASTAN ELÄMÄÄ	M	FIN8B4
Eila Pellinen	KULTAISET KORVARENKAAT	M	FIN8B5
Olavi Virta	VALKOVUOKOT	M	FIN8B6
Olavi Virta	AAMU AIRISTOLLA	M	FIN8B7
Georg Malmsten	VANHA MERIMIES MUISTELEE	M	FIN8B8
Georg Malmsten	LEILA	M	FIN8B9
Ressu Redford	KUUSI KUUTA JA SATURNUKSEN RENKAAT	M	FIN9A1
Metro-tytöt	HILJAINEN KYLÄTIE	M	FIN9A10
Joel Hallikainen	ANTAA SURUN MENNÄ	M	FIN9A2
Arja Koriseva	RANNALLA	M	FIN9A3
Markku Aro	ETSIN KUNNES LÖYDÄN SUN	M	FIN9A4
Tauno Palo	KULKURIN VALSSI	M	FIN9A5
Lasse Mårtenson	ON IHMEEN HYVÄ KOTIIN TULLA TAAS	M	FIN9A6
Irwin Goodman	TYÖMIEHEN LAUANTAI	M	FIN9A7
Danny	KESÄKATU	M	FIN9A8
Tapani Kansa	AKSELIN JA ELINAN HÄÄVALSSI	M	FIN9A9
Tuulikki Eloranta	HYMNI RAKKAUDELLE	M	FIN9B1
Kai Hyttinen	DIRLANDA	M	FIN9B10
Erkki Junkkarinen	PIENI HETKI	M	FIN9B2
Laila Halme	SURUJEN KITARA	M	FIN9B3
Juha Vainio	SELLANEN OL VIIPURI	M	FIN9B4
Pepe Willberg	AAMU	M	FIN9B5
Kari Kuuva	TANGO PELARGONIA	M	FIN9B6
Laila ja Ritva Kinnunen	JOSEF JOSEF	M	FIN9B7
Tapio Rautavaara	VÄLIAIKAINEN	M	FIN9B8
Eino Grön	SEINILLÄ ON KORVAT	M	FIN9B9
Finlanders	AKSELIN JA ELINAN HÄÄVALSSI	M	FNL1
Finlanders	AMOR	M	FNL1
Finlanders	ANNA JATKUA YÖN	M	FNL1
Finlanders	EN	M	FNL1
Finlanders	ENEMMÄN KUIN MILLOINKAAN	M	FNL1
Finlanders	ET KAI LUULE	M	FNL1
Finlanders	HILJAISET SILLAT	M	FNL1
Finlanders	HUMPPAMIES	M	FNL1
Finlanders	KAIKKI TYTÖT	M	FNL1
Finlanders	MITÄ ELÄMÄ VOI ANTAA	M	FNL1
Finlanders	OIKEAN LÖYTÄNYT OON	M	FNL1
Finlanders	OIKEESTI	M	FNL1
Finlanders	RANNALLE SANNALLE	M	FNL1
Finlanders	SEIKKAILIJA	M	FNL1
Finlanders	SIELUNI KAUNIS MARIA	M	FNL1
Finlanders	SUOMALAINEN NAINEN	M	FNL1
Finlanders	SÄ TEET	M	FNL1
Finlanders	TULE LÄHEMMÄKSI	M	FNL1
Finlanders	USKON SINUUN	M	FNL1
Finlanders	VASTAUS	M	FNL1
Amorphis	BLACK WINTER DAY	M	HEVI 1
Barathrum	LAST DAY IN HEAVEN	M	HEVI 1
Children of Bodom	HATE ME	M	HEVI 1
Hanoi Rocks	TRAGEDY	M	HEVI 1
HIM	BURIED ALIVE BY LOVE	M	HEVI 1
Kotiteollisuus	JOS SANON	M	HEVI 1
Maj Karma	SODANKYLÄ	M	HEVI 1
Mokoma	TAKATALVI	M	HEVI 1
Natsipaska	HEVIMIES	M	HEVI 1
Nightwish	NEMO	M	HEVI 1
Nightwish	WISH I HAD AN ANGEL	M	HEVI 1
Peer Günt	BACKSEAT	M	HEVI 1
Sonata Arctica	FULLMOON	M	HEVI 1
Stone	GET STONED	M	HEVI 1
Teräsbetoni	TAIVAS LYÖ TULTA	M	HEVI 1
Children of Bodom	NEEDLED 24 7	M	HEVI 2
HIM	RIGHT HERE IN MY ARMS	M	HEVI 2
Kiuas	WARRIOR SOUL	M	HEVI 2
Kotipelto	REASONS	M	HEVI 2
Lordi	WOULD YOU LOVE A MONSTERMAN	M	HEVI 2
Nightwish	SLEEPING SUN	M	HEVI 2
Sentenced	NOOSE	M	HEVI 2
Sentenced	READ MY SCARS	M	HEVI 2
Sonata Arctica	VICTORIA'S SECRET	M	HEVI 2
Stam1Na	KADONNEET KOLME SANAA	M	HEVI 2
Stratovarius	BLACK DIAMOND	M	HEVI 2
Stratovarius	HUNTING HIGH AND LOW	M	HEVI 2
Teräsbetoni	METALLISYDÄN	M	HEVI 2
Teräsbetoni	ORJATAR	M	HEVI 2
Thunderstone	I WILL COME AGAIN	M	HEVI 2
Turmion Kätilöt	TEURASTAJA	M	HEVI 2
Zero Nine	BANGING ON DRUMS	M	HEVI 2
Charon	LITTLE ANGEL	M	HEVI 3
Diablo	MIMIC 47	M	HEVI 3
Ensiferum	LAI LAI HEI	M	HEVI 3
HIM	WINGS OF A BUTTERFLY	M	HEVI 3
HIM	YOUR SWEET SIX SIX SIX	M	HEVI 3
Kimmo Kuusniemi Band	TUHANNEN MEGAWATIN TOTUUS	M	HEVI 3
Lordi	HARD ROCK HALLELUJAH	M	HEVI 3
Mokoma	HAUDAN TAKAA	M	HEVI 3
Nightwish	SLAYING THE DREAMER	M	HEVI 3
Norther	UNLEASH HELL	M	HEVI 3
Ruoska	TUONEN VIEMÄÄ	M	HEVI 3
Sentenced	EXCUSE ME WHILE I KILL MYSELF	M	HEVI 3
Sentenced	KILLING ME KILLING YOU	M	HEVI 3
Sonata Arctica	TALLULAH	M	HEVI 3
Stam1Na	RISTIRIITA	M	HEVI 3
Tarot	WINGS OF DARKNESS	M	HEVI 3
Warmen	SOMEBODY'S WATCHING ME	M	HEVI 3
Annica	DREAMING	M	HEVI 4
Brother Firetribe	MIDNITE QUEEN	M	HEVI 4
Kilpi	NEROKASTA IKÄVÄÄ	M	HEVI 4
Kilpi	SIELUT ISKEE TULTA	M	HEVI 4
Korpiklaani	HAPPY LITTLE BOOZER	M	HEVI 4
Lordi	IT SNOWS IN HELL	M	HEVI 4
Lullacry	STRANGER IN YOU	M	HEVI 4
Maj Karma	UKKONEN	M	HEVI 4
Metsatöll	SAAREMAA VÄGIMEES (est)	M_U	HEVI 4
Nightwish	WISHMASTER	M	HEVI 4
Pain Confessor	FALL ON EVIL DAYS	M	HEVI 4
Stam1Na	VIISI LAUKAUSTA PÄÄHÄN	M	HEVI 4
Stone	NO COMMANDS	M	HEVI 4
Stratovarius	SPEED OF LIGHT	M	HEVI 4
Tarot	LOVE'S NOT MADE FOR MY KIND	M	HEVI 4
Tarot	PYRE OF GODS	M	HEVI 4
Teräsbetoni	VIIMEINEN TUOPPI	M	HEVI 4
Thunderstone	TOOL OF THE DEVIL	M	HEVI 4
ACDC	HARD AS A ROCK	M	HR1
ACDC	HIGHWAY TO HELL	M	HR1
Aerosmith	CRAZY	M	HR1
Aerosmith	DREAM ON	M	HR1
Aerosmith	FALLING IN LOVE (IS HARD ON THE KNEES)	M	HR1
Alice Cooper	POISON	M	HR1
Alice Cooper	SCHOOL'S OUT	M	HR1
Black Sabbath	PARANOID	M	HR1
Bon Jovi	LIVIN' ON A PRAYER	M	HR1
Bon Jovi	YOU GIVE LOVE A BAD NAME	M	HR1
Creed	WITH ARMS WIDE OPEN	M	HR1
David Lee Roth	YANKEE ROSE	M	HR1
Def Leppard	HYSTERIA	M	HR1
Def Leppard	ROCK OF AGES	M	HR1
Free	ALL RIGHT NOW	M	HR1
Guns N' Roses	LIVE AND LET DIE	M	HR1
Guns N' Roses	PATIENCE	M	HR1
Guns N' Roses	SWEET CHILD O'MINE	M	HR1
Iggy Pop	THE PASSENGER	M	HR1
Iron Maiden	BE QUICK OR BE DEAD	M	HR1
Iron Maiden	INFINITE DREAMS	M	HR1
Joan Jett & The Blackhearts	I LOVE ROCK'N ROLL	M	HR1
Kiss	I WAS MADE FOR LOVIN' YOU	M	HR1
Kiss	ROCK AND ROLL ALL NITE	M	HR1
Led Zeppelin	ROCK AND ROLL	M	HR1
Led Zeppelin	WHOLE LOTTA LOVE	M	HR1
Lynyrd Skynyrd	SWEET HOME ALABAMA	M	HR1
Metallica	ENTER SANDMAN	M	HR1
Metallica	NOTHING ELSE MATTERS	M	HR1
Metallica	ONE	M	HR1
Metallica	THE UNFORGIVEN II	M	HR1
Mötley Crüe	GIRLS GIRLS GIRLS	M	HR1
Nirvana	COME AS YOU ARE	M	HR1
Nirvana	SMELLS LIKE TEEN SPIRIT	M	HR1
Poison	EVERY ROSE HAS IT'S THORN	M	HR1
Queen	WE ARE THE CHAMPIONS	M	HR1
Queen	WE WILL ROCK YOU	M	HR1
Rainbow	SINCE YOU'VE BEEN GONE	M	HR1
Status Quo	ROCKIN' ALL OVER THE WORLD	M	HR1
Status Quo	WHATEVER YOU WANT	M	HR1
Steppenwolf	BORN TO BE WILD	M	HR1
The Knack	MY SHARONA	M	HR1
Uriah Heep	LADY IN BLACK	M	HR1
Van Halen	CAN'T STOP LOVING YOU	M	HR1
Van Halen	JUMP	M	HR1
Van Halen	WHY CAN'T THIS BE LOVE	M	HR1
Whitesnake	HERE I GO AGAIN	M	HR1
Whitesnake	IS THIS LOVE	M	HR1
ZZ Top	GIMME ALL YOUR LOVIN'	M	HR1
ZZ Top	VIVA LAS VEGAS	M	HR1
Eri esittäjiä	KULKUSET	M	J1A1
Eri esittäjiä	TONTTUPARAATI	M	J1A10
Eri esittäjiä	HELKKÄÄ PIENET TIU'UT	M	J1A11
Eri esittäjiä	PETTERI PUNAKUONO	M	J1A12
Eri esittäjiä	JOULUPUKKI MATKAAN JO KÄY	M	J1A13
Eri esittäjiä	JOLLEI JOULUNA OLE LUNTA	M	J1A14
Eri esittäjiä	REKIRETKI	M	J1A15
Eri esittäjiä	JOULUPUKIN MAA	M	J1A16
Eri esittäjiä	JOULUPUU ON RAKENNETTU	M	J1A2
Eri esittäjiä	JOULUSIKERMÄ	M	J1A3
Eri esittäjiä	TONTTUJEN JOULUYÖ	M	J1A4
Eri esittäjiä	SINIVUORTEN YÖ	M	J1A5
Eri esittäjiä	TONTTUJEN JOULUPOLKKA	M	J1A6
Eri esittäjiä	JOULUPUKKI	M	J1A7
Eri esittäjiä	REIPPAHASTI KÄYPI ASKELEET	M	J1A8
Eri esittäjiä	NO ONKOS TULLUT KESÄ	M	J1A9
Eri esittäjiä	MARIAN POIKA	M	J1B1
Eri esittäjiä	VARPUNEN JOULUAAMUNA	M	J1B10
Eri esittäjiä	SYLVIAN JOULULAULU	M	J1B11
Eri esittäjiä	KUN JOULU ON	M	J1B12
Eri esittäjiä	OI KUUSIPUU	M	J1B13
Eri esittäjiä	EN ETSI VALTAA LOISTOA	M	J1B14
Eri esittäjiä	JOULUYÖ JUHLAYÖ	M	J1B15
Eri esittäjiä	MAA ON NIIN KAUNIS	M	J1B16
Eri esittäjiä	TALVEN IHMEMAA	M	J1B2
Eri esittäjiä	HAJAMIELINEN JOULUPUKKI	M	J1B3
Eri esittäjiä	REKIRETKI	M	J1B4
Eri esittäjiä	TONTTU	M	J1B5
Eri esittäjiä	JOULUMAA	M	J1B6
Eri esittäjiä	TULE JOULU KULTAINEN	M	J1B7
Eri esittäjiä	SYDÄMEENI JOULUN TEEN	M	J1B8
Eri esittäjiä	VALKEA JOULU	M	J1B9
Jamppa Tuominen	ELÄMÄNI PARHAINTA AIKAA	M	JAMPPA 1
Jamppa Tuominen	JÄÄSEPPELE	M	JAMPPA 1
Jamppa Tuominen	KUIN TAIVAS JA MAA	M	JAMPPA 1
Jamppa Tuominen	KUIN TARPEETON OISIN	M	JAMPPA 1
Jamppa Tuominen	KUINKA PALJON RAKKAUTTA	M	JAMPPA 1
Jamppa Tuominen	KUIVAA KYYNELEET	M	JAMPPA 1
Jamppa Tuominen	KULKURIN KUTSU	M	JAMPPA 1
Jamppa Tuominen	KULLANNUPPU	M	JAMPPA 1
Jamppa Tuominen	KUUMA KESÄ	M	JAMPPA 1
Jamppa Tuominen	KUUMAT KYYNELEET	M	JAMPPA 1
Jamppa Tuominen	LIIAN PITKÄ MATKA KOTIIN	M	JAMPPA 1
Jamppa Tuominen	LÄHEISYYS RIITTÄÄ	M	JAMPPA 1
Jamppa Tuominen	MENNYT MENNYTTÄ ON	M	JAMPPA 1
Jamppa Tuominen	MEREN RANNALLA	M	JAMPPA 1
Jamppa Tuominen	MITÄ ONNI ON	M	JAMPPA 1
Jamppa Tuominen	NUORUUDEN MUISTOT	M	JAMPPA 1
Jamppa Tuominen	NYT ONNESTA OTTEEN SAIN	M	JAMPPA 1
Jamppa Tuominen	OLE AINA SELLAINEN	M	JAMPPA 1
Jamppa Tuominen	OLE MULLE KUISKETTA SYDÄMEN	M	JAMPPA 1
Jamppa Tuominen	OMASI OLLA TAHTOISIN	M	JAMPPA 1
Jamppa Tuominen	ONNEN HETKET	M	JAMPPA 1
Jamppa Tuominen	ONNENPOIKA	M	JAMPPA 1
Jamppa Tuominen	PIKKU MERJA	M	JAMPPA 1
Jamppa Tuominen	PORTTI POHJOISEEN	M	JAMPPA 1
Jamppa Tuominen	RAKASTAN SUA NIIN	M	JAMPPA 1
Jamppa Tuominen	AIKA HAAVAT PARANTAA	M	JAMPPA 2
Jamppa Tuominen	ANNA LIISA	M	JAMPPA 2
Jamppa Tuominen	EI KUULE KUKAAN	M	JAMPPA 2
Jamppa Tuominen	EN HYVÄSTELLYT SUA	M	JAMPPA 2
Jamppa Tuominen	ENSI KERRAN	M	JAMPPA 2
Jamppa Tuominen	JOOPA JOO	M	JAMPPA 2
Jamppa Tuominen	KESÄTUULI	M	JAMPPA 2
Jamppa Tuominen	KUISKAA SANAT NUO	M	JAMPPA 2
Jamppa Tuominen	MILLOIN MILLOIN MILLOIN	M	JAMPPA 2
Jamppa Tuominen	MINÄ UNTASI VALVON	M	JAMPPA 2
Jamppa Tuominen	SAAT POSTIKORTIN	M	JAMPPA 2
Jamppa Tuominen	SANOMATTA JÄI NIIN PALJON	M	JAMPPA 2
Jamppa Tuominen	SILMÄT KUIN ENKELILLÄ	M	JAMPPA 2
Jamppa Tuominen	SINUT HALUAISIN	M	JAMPPA 2
Jamppa Tuominen	SUA MINÄ ODOTAN	M	JAMPPA 2
Jamppa Tuominen	TANSSIN KANSSASI IKUISUUTEEN	M	JAMPPA 2
Jamppa Tuominen	TUO MUUKALAINEN	M	JAMPPA 2
Jamppa Tuominen	TÄHDENLENTO	M	JAMPPA 2
Jamppa Tuominen	VAIN SIKSI ETTÄ RAKASTAN SINUA	M	JAMPPA 2
Jamppa Tuominen	VALKEAT PURJEET	M	JAMPPA 2
Jamppa Tuominen	VESIPISAROIDEN LAULU	M	JAMPPA 2
Jamppa Tuominen	VIIMEINEN HEINÄKUU	M	JAMPPA 2
Jamppa Tuominen	VOIMA RAKKAUDEN	M	JAMPPA 2
Jamppa Tuominen	YSTÄVÄLLE	M	JAMPPA 2
Jamppa Tuominen	YÖNKUKKA	M	JAMPPA 2
Arja Havakka	USKO PUOLET MITÄ NÄET	M	KK1
Chanel Four	MUTKAINEN TIE	M	KK1
Chanel Four	VUOSIEN JÄLKEEN	M	KK1
Chanel Four	YÖN HILJAISUUS	M	KK1
Eero Aven	ELÄMÄNTOVERI	M	KK1
Eero Aven	KYLMÄNKUKKIA	M	KK1
Eero Magga	POROMIES	M	KK1
Souvarit	KUUKKELILAMPI	M	KK1
Souvarit	NELJÄN TUULEN TIE	M	KK1
Souvarit	SEITSEMÄN PÄIVÄÄ	M	KK1
Tarja Ylitalo	EI TÄMÄ TYTTÖ LEMPEÄ ANELE	M	KK1
Tarja Ylitalo	MUSTAN KIPPEE	M	KK1
Tarja Ylitalo	OLET MULLE TÄRKEIN	M	KK1
Witikaisen Ruletti	NOUSE POHJOISEN JUNAAN	M	KK1
Witikaisen Ruletti	ONNI LÖYTYY SUVISUOMESTA	M	KK1
Anita Hirvonen	ANS KATTOO NY	M	KK2
Ari Klem	SADEMIES	M	KK2
Arja Koriseva	VILLI ILTA	M	KK2
Finlanders	TULE LÄHEMMÄKSI	M	KK2
Four Cats	VANHAN MERIROSVON KAPAKASSA	M	KK2
Frederik	TULE TYTTÖ KYYTIIN	M	KK2
Kake Randelin	JANNU HUOLETON	M	KK2
Kake Randelin	OTA MINUT TAKAISIN	M	KK2
Kari Tapio	LUOKSESI TUKHOLMAAN	M	KK2
Katri Helena	KULKURIEN KUNINGAS	M	KK2
Lea Laven	SAMPPANJAA	M	KK2
Marion	SENORITA POR FAVOR	M	KK2
Paula Koivuniemi	KAPTEENI AIKA	M	KK2
Rainer Friman	OI KUU OI KUU	M	KK2
Yölintu	HAAMUKIPUA	M	KK2
Souvarit	EI KOSKAAN VANNOA SAA	M	KK3
Souvarit	LUODUT TOISILLEEN	M	KK3
Souvarit	MINÄ KEVÄTTÄ PELKÄÄN	M	KK3
Souvarit	MUISTOJA KULTALASTA	M	KK3
Souvarit	NUORUUDEN TIE	M	KK3
Souvarit	PAIKKA AJATON	M	KK3
Souvarit	POHJOISEN TÄHDET	M	KK3
Souvarit	SINISENÄ LINTUNA	M	KK3
Souvarit	SITÄ KESÄÄ EIVÄT TUULET VIE	M	KK3
Souvarit	VANHAAN AIKAAN	M	KK3
Anne Mattila	ENKELEITÄ ONKO HEITÄ	M	KK4
Anne Mattila	TUHLAAJATYTTÖ PALAA	M	KK4
Eila Torvela	SUOMI POIKA	M	KK4
Eini	KESÄ JA YÖ	M	KK4
Freud Marx Engels & Jung	JUOMALAULU	M	KK4
Irwin Goodman	HÄRMÄLÄINEN PERUSJUNTTI	M	KK4
Irwin Goodman	OSTOSKESKUS JA KROUVI	M	KK4
Kaija Kärkinen & Ile Kallio	HULLU YÖ	M	KK4
Kake Randelin	JUHANNUSYÖ	M	KK4
Kipparikvartetti	KISÄLLIT KESÄLLÄ	M	KK4
Marita Taavitsainen	MISSÄ AIOT SÄ VIETTÄÄ YÖSI	M	KK4
Matti ja Teppo	NÄIN SE KESÄLOMA TOIMII	M	KK4
Solistiyhtye Suomi	MIKS EI AINA VOI OLLA LAUANTAI	M	KK4
Taikakuu	SAANKO LUVAN	M	KK4
Yölintu	AMERIKKAAN AMERIKKAAN	M	KK4
Freud Marx Engels & Jung	BUURI JOHANNESBURGISTA	M	KK5
Freud Marx Engels & Jung	HUOMENNA PÄIVÄ ON UUS	M	KK5
Freud Marx Engels & Jung	MYSTINEN METSÄTYÖMIES	M	KK5
Freud Marx Engels & Jung	PAPPI TALONPOIKA PIRU JA MUSTALAINEN	M	KK5
Freud Marx Engels & Jung	VIILEÄÄ VIINIÄ (JA LÄMMIN KESÄYÖ)	M	KK5
Leevi and The Leavings	ELÄMÄÄ	M	KK5
Leevi and The Leavings	MATKAMUISTOJA	M	KK5
Leevi and The Leavings	MIELETÖN MELINDA	M	KK5
Leevi and The Leavings	RAPARPERITAIVAS	M	KK5
Leevi and The Leavings	TURKMENIALAINEN TYTTÖYSTÄVÄ	M	KK5
Popeda	EROTOMANIA	M	KK5
Popeda	KELLOT LYÖ	M	KK5
Popeda	POHJANTÄHDEN ALLA	M	KK5
Popeda	REPE JA LISSU	M	KK5
Popeda	SIANKORVAA JA RAANAVETTÄ	M	KK5
Turo's Hevi Gee	HYVÄNNÄKÖINEN	M	KK5
Turo's Hevi Gee	KOTIKALJA	M	KK5
Turo's Hevi Gee	LOKALINJALLA	M	KK5
Turo's Hevi Gee	PORTSARIN ELÄMÄÄ	M	KK5
Turo's Hevi Gee	PUNAISET ON SILMÄT	M	KK5
10CC	GOOD MORNING JUDGE	K	KONEPC
4 Non Blondes	WHAT'S UP	K	KONEPC
Aarne Tenkanen	HEMAISEVAN SEKSIKÄS PÖRRÖPÄÄ	K	KONEPC
Abba	BANG A BOOMERANG	K	KONEPC
Abba	DANCING QUEEN	K	KONEPC
Abba	FERNANDO	K	KONEPC
Abba	I DO I DO I DO I DO	K	KONEPC
Abba	KNOWING ME KNOWING YOU	K	KONEPC
Abba	MAMMA MIA	K	KONEPC
Abba	RING RING	K	KONEPC
Abba	SUPER TROUPER	K	KONEPC
Abba	TAKE A CHANCE ON ME	K	KONEPC
Abba	THE NAME OF THE GAME	K	KONEPC
Abba	WATERLOO	K	KONEPC
Abba	WINNER TAKES IT ALL	K	KONEPC
ACDC	BACK IN BLACK	K	KONEPC
ACDC	FOR THOSE ABOUT TO ROCK	K	KONEPC
ACDC	HIGHWAY TO HELL	K	KONEPC
ACDC	WHOLE LOTTA ROSIE	K	KONEPC
Ace	HOW LONG	K	KONEPC
Ace of Base	ALL THAT SHE WANTS	K	KONEPC
Adam & The Ants	KINGS OF THE WILD FRONTIER	K	KONEPC
Adele	CHASING PAVEMENTS	K	KONEPC
Aerosmith	I DON'T WANT TO MISS A THING	K	KONEPC
Aerosmith	WALK THIS WAY	K	KONEPC
Aerosmith & Run DMC	WALK THIS WAY	K	KONEPC
Aikakone	ALLA VAAHTERAPUUN	K	KONEPC
Aikakone	KELTAINEN	K	KONEPC
Aikakone	NTI GROOVE	K	KONEPC
Aikakone	ODOTA	K	KONEPC
Aikakone	TÄHTIKAAREN TAA	K	KONEPC
Air Supply	ALL OUT OF LOVE	K	KONEPC
Aki Sirkesalo	ENKELEITÄ ONKO HEITÄ	K	KONEPC
Aki Sirkesalo	NAISPAHOLAINEN	K	KONEPC
Aknestik	SUOMIROKKIA	K	KONEPC
Al Martino	SPANISH EYES	K	KONEPC
Alanis Morissette	IRONIC	K	KONEPC
Alanis Morissette	YOU OUGHTA KNOW	K	KONEPC
Alannah Myles	BLACK VELVET	K	KONEPC
Aleksi Ojala	RAKASTAA JA TULLA RAKASTETUKSI	K	KONEPC
Alicia Keys	FALLIN'	K	KONEPC
Alicia Keys	IF I AIN'T GOT YOU	K	KONEPC
Alicia Keys	KARMA	K	KONEPC
Alicia Keys	NO ONE	K	KONEPC
All Saints	NEVER EVER	K	KONEPC
All Saints	PURE SHORES	K	KONEPC
Alwari Tuohitorvi	ÄLÄ ISKE TUIJAA	K	KONEPC
Amen Corner	IF PARADISE IS HALF AS NICE	K	KONEPC
Ami Aspelund	FANTASIAA	K	KONEPC
Amy Diamond	WHAT'S IN IT FOR ME	K	KONEPC
Amy Winehouse	REHAB	K	KONEPC
Amy Winehouse	TEARS DRY ON THEIR OWN	K	KONEPC
Andrea Bocelli & Celine Dion	THE PRAYER	K	KONEPC
Andrew Lloyd Webber	I DON'T KNOW HOW TO LOVE HIM	K	KONEPC
Andy Kim	ROCK ME GENTLY	K	KONEPC
Andy Williams	MOON RIVER	K	KONEPC
Anita Baker	SWEET LOVE	K	KONEPC
Anita Hirvonen	DE VA KUKKU DE (huono fontti)	K	KONEPC
Anita Hirvonen	RANTAREGGAE	K	KONEPC
Anita Hirvonen	VILLITSEE MUN	K	KONEPC
Anita Hirvonen	ÄLÄ TULE MYÖHÄÄN	K	KONEPC
Anita Ward	RING MY BELL	K	KONEPC
Anki ja Cumulus	KAUNEIN UNI	K	KONEPC
Anna Abreu	MUSIC EVERYWHERE	K	KONEPC
Anna Eriksson	AINA YKSIN	K	KONEPC
Anna Eriksson	AJATTELEN SUA	K	KONEPC
Anna Eriksson	EI SE MENNYT NIIN	K	KONEPC
Anna Eriksson	JOS MULLA OLISI SYDÄN	K	KONEPC
Anna Eriksson	JULIET JA JOONATAN	K	KONEPC
Anna Eriksson	KAIKISTA KASVOISTA	K	KONEPC
Anna Eriksson	KESÄ HENGITTÄÄ	K	KONEPC
Anna Eriksson	KESÄ YHDESSÄ	K	KONEPC
Anna Eriksson	KEVÄTYÖ	K	KONEPC
Anna Eriksson	KUN KATSOIT MINUUN	K	KONEPC
Anna Eriksson	LINTU	K	KONEPC
Anna Eriksson	SITÄKÖ TÄÄ ON?	K	KONEPC
Anna Hanski	JOS ET SÄ SOITA	K	KONEPC
Anna Hanski	KOTIVIINI	K	KONEPC
Anna Järvinen & Olavi Uusivirta	NUORI JA KAUNIS	K	KONEPC
Anna Nalick	BREATHE (2 AM)	K	KONEPC
Anna Puu	ANTAUDUN	K	KONEPC
Anna Puu	KOLME PIENTÄ SANAA	K	KONEPC
Anna Puu	NUORI LOIRI	K	KONEPC
Anna Puu	SINÄ OLET MINÄ	K	KONEPC
Anna Puu	SÄÄNNÖT RAKKAUDELLE	K	KONEPC
Anna Vissi	EVERYTHING	K	KONEPC
Anne Mattila	ASVALTTIVIIDAKKO	K	KONEPC
Anne Mattila	LENNETÄÄN	K	KONEPC
Anne Mattila	PERUTAAN HÄÄT	K	KONEPC
Anne Mattila	UNIHIEKKAA	K	KONEPC
Anne Mattila	VIE	K	KONEPC
Anne Murray	COULD I HAVE THIS DANCE	K	KONEPC
Anneli Mattila	MIKÄ SUN NIMI ON	K	KONEPC
Anneli Mattila	SOITTOASI ODOTAN	K	KONEPC
Anneli Mattila	SUOJAAN	K	KONEPC
Annie Lennox	A WHITER SHADE OF PALE	K	KONEPC
Annie Lennox	NO MORE I LOVE YOU'S	K	KONEPC
Annie Lennox	WALKING ON BROKEN GLASS	K	KONEPC
Annika Eklund	MISSÄ ON MUN STRÖMSÖ	K	KONEPC
Annika Eklund	OLE HILJAA JA SUUTELE MUA	K	KONEPC
Annika Eklund	SHANGHAIN VALOT	K	KONEPC
Annika Eklund	SINUSSA ON JOTAIN	K	KONEPC
Annika Eklund	VALOJA JA VARJOJA	K	KONEPC
Anssi Kela	1972	K	KONEPC
Anssi Kela	JENNIFER ANISTON	K	KONEPC
Anssi Kela	KAKSI SISARTA	K	KONEPC
Anssi Kela	KARHUSAARI	K	KONEPC
Anssi Kela	LEVOTON TYTTÖ	K	KONEPC
Anssi Kela	MILLA	K	KONEPC
Anssi Kela	MITEN SYDÄMET TOIMII	K	KONEPC
Anssi Kela	PUISTOSSA	K	KONEPC
Anssi Kela	ÄLÄ MENE POIS	K	KONEPC
Antti Huovila	ANNABELLA	K	KONEPC
Antti Huovila	VASKIKELLOT	K	KONEPC
Antti Tuisku	EN HALUA TIETÄÄ	K	KONEPC
Antti Tuisku	JUURET	K	KONEPC
Antti Tuisku	TYHJÄ HUONE	K	KONEPC
Apulanta	ANNA MULLE PIISKAA	K	KONEPC
Apulanta	TEIT MEISTÄ KAUNIIN	K	KONEPC
Apulanta	VASTEN MUN KASVOJA	K	KONEPC
Aqua	BARBIE GIRL	K	KONEPC
Archies	SUGAR SUGAR	K	KONEPC
Aretha Franlin	RESPECT	K	KONEPC
Ari Klem	PURPPURATAIVAS	K	KONEPC
Arja Havakka	LOKKI	K	KONEPC
Arja Koriseva	ENKELIN SILMIN	K	KONEPC
Arja Koriseva	KAUAS TUULI KULJETTAA	K	KONEPC
Arja Koriseva	KUNINGASKOBRA	K	KONEPC
Arja Koriseva	RANNALLA	K	KONEPC
Arja Saijonmaa	YSTÄVÄN LAULU	K	KONEPC
Arja Saijonmaa	YÖ SAARISTOSSA	K	KONEPC
Art Garfunkel	BRIGHT EYES	K	KONEPC
Arto Tamminen	NELJÄN RUUHKA	K	KONEPC
Arttu Wiskari	IKUISESTI KAHDESTAAN	K	KONEPC
Arttu Wiskari	MÖKKITIE	K	KONEPC
Arttu Wiskari	SORATEIDEN SANKARIT	K	KONEPC
Arttu Wiskari	TUNTEMATON POTILAS	K	KONEPC
Ashford & Simpson	SOLID	K	KONEPC
Atlantic Starr	ALWAYS	K	KONEPC
Atomic Kitten	THE TIDE IS HIGH	K	KONEPC
Atomic Kitten	WHOLE AGAIN	K	KONEPC
A-Tyyppi	IHANAA LEIJONAT IHANAA	K	KONEPC
B-52's	LOVE SHACK	K	KONEPC
Bachelors	RAMONA	K	KONEPC
Bachman Turner Overdrive	TAKIN CARE OF BUSINESS	K	KONEPC
Bad Company	CAN'T GET ENOUGH	K	KONEPC
Bad Company	FEEL LIKE MAKING LOVE	K	KONEPC
Bananarama	VENUS	K	KONEPC
Bangles	ETERNAL FLAME	K	KONEPC
Bangles	MANIC MONDAY	K	KONEPC
Bangles	WALK LIKE AN EGYPTIAN	K	KONEPC
Barbra Streisand	DON'T RAIN ON MY PARADE	K	KONEPC
Barbra Streisand	EVERGREEN	K	KONEPC
Barbra Streisand	WOMAN IN LOVE	K	KONEPC
Barry Manilow	MANDY	K	KONEPC
Beautiful South	ROTTERDAM	K	KONEPC
Belinda Carlisle	HEAVEN IS A PLACE ON EARTH	K	KONEPC
Bellamy Brothers	IF I SAID YOU HAD A BEAUTIFUL BODY	K	KONEPC
Bellamy Brothers	LET YOUR LOVE FLOW	K	KONEPC
Bellamy Brothers	REDNECK GIRL	K	KONEPC
Ben E King	STAND BY ME	K	KONEPC
Berit	ODESSA	K	KONEPC
Berlin	TAKE MY BREATH AWAY	K	KONEPC
Bette Midler	THE ROSE	K	KONEPC
Bette Midler	WIND BENEATH MY WINGS	K	KONEPC
Beyonce And Jay Z	CRAZY IN LOVE	K	KONEPC
Beyonce ft Sean Paul	BABY BOY	K	KONEPC
Big Bopper	CHANTILLY LACE	K	KONEPC
Bill Haley & The Comets	ROCK AROUND THE CLOCK	K	KONEPC
Bill Withers	LEAN ON ME	K	KONEPC
Billie Jo Spears	BLANKET ON THE GROUND	K	KONEPC
Billie Jo Spears	WHICH WAY YOU GOIN' BILLY	K	KONEPC
Billy Fury	CANDY KISSES	K	KONEPC
Billy Fury	HALFWAY TO PARADISE	K	KONEPC
Billy Fury	LAST NIGHT WAS MADE FOR LOVE	K	KONEPC
Billy Idol	MONY MONY	K	KONEPC
Billy Idol	WHITE WEDDING	K	KONEPC
Billy Joel	JUST THE WAY YOU ARE	K	KONEPC
Billy Joel	TELL HER ABOUT IT	K	KONEPC
Billy Joel	UPTOWN GIRL	K	KONEPC
Billy Paul	ME AND MRS JONES	K	KONEPC
Billy Ray Cyrus	ACHY BREAKY HEART	K	KONEPC
BJ Thomas	HOOKED ON A FEELING	K	KONEPC
Björk	IT'S OH SO QUIET	K	KONEPC
Black Sabbath	IRON MAN	K	KONEPC
Black Sabbath	SWEET LEAF	K	KONEPC
Black Sabbath	WAR PIGS	K	KONEPC
Blink 182	ALL THE SMALL THINGS	K	KONEPC
Blondie	ATOMIC	K	KONEPC
Blondie	CALL ME	K	KONEPC
Blondie	HEART OF GLASS	K	KONEPC
Blood Sweat & Tears	SPINNING WHEEL	K	KONEPC
Blu Cantrell	BREATHE	K	KONEPC
Blue	BREATHE EASY	K	KONEPC
Bluebells	YOUNG AT HEART	K	KONEPC
Bob & Marcia	PIED PIPER	K	KONEPC
Bob & Marcia	YOUNG GIFTED AND BLACK	K	KONEPC
Bob Marley	I SHOT THE SHERIFF	K	KONEPC
Bob Marley	JAMMIN'	K	KONEPC
Bob Marley	NO WOMAN NO CRY	K	KONEPC
Bob Seger & The Silver Bullet Band	OLD TIME ROCK & ROLL	K	KONEPC
Bobby Darin	BEYOND THE SEA	K	KONEPC
Bobby Darin	MACK THE KNIFE	K	KONEPC
Bobby Vee	TAKE GOOD CARE OF MY BABY	K	KONEPC
Bobby Vee	THE NIGHT HAS A THOUSAND EYES	K	KONEPC
Bobby Vee	VENUS IN BLUE JEANS	K	KONEPC
Bodyrockers	I LIKE THE WAY	K	KONEPC
Bon Jovi	IT'S MY LIFE	K	KONEPC
Bon Jovi	WANTED DEAD OR ALIVE	K	KONEPC
Bon Jovi	WHO SAYS YOU CAN'T GO HOME	K	KONEPC
Bon Jovi	YOU GIVE LOVE A BAD NAME	K	KONEPC
Boney M	DADDY COOL	K	KONEPC
Boney M	RIVERS OF BABYLON	K	KONEPC
Bonnie Raitt	SOMETHING TO TALK ABOUT	K	KONEPC
Bonnie Tyler	HOLING OUT FOR A HERO	K	KONEPC
Bonnie Tyler	TOTAL ECLIPSE OF THE HEART	K	KONEPC
Boys Town Gang	CAN'T TAKE MY EYES OF YOU	K	KONEPC
Boyz 2 Men	END OF THE ROAD	K	KONEPC
Boyzone	BABY CAN I HOLD YOU	K	KONEPC
Boyzone	YOU NEEDED ME	K	KONEPC
Bread	BABY I'M A WANT YOU	K	KONEPC
Bread	MAKE IT WITH YOU	K	KONEPC
Breaking Benjamin	UNTIL THE END	K	KONEPC
Brenda Lee	I'M SORRY	K	KONEPC
Brita Koivunen	SUKLAASYDÄN	K	KONEPC
Britney Spears	BABY ONE MORE TIME	K	KONEPC
Britney Spears	EVERYTIME	K	KONEPC
Britney Spears	OOPS I DID IT AGAIN	K	KONEPC
Britney Spears	PIECE OF ME	K	KONEPC
Britney Spears	TOXIC	K	KONEPC
Brooks & Dunn	BOOT SCOOTIN' BOOGIE	K	KONEPC
Brotherhood of Man	SAVE YOUR KISSES FOR ME	K	KONEPC
Bryan Adams	(EVERYTHING I DO) I DO IT FOR YOU	K	KONEPC
Bryan Adams	CAN'T STOP THIS THING WE STARTED	K	KONEPC
Bryan Adams	CUTS LIKE A KNIFE	K	KONEPC
Bryan Adams	EVERYBODY KNOWS	K	KONEPC
Bryan Adams	GET HERE	K	KONEPC
Bryan Adams	RUN TO YOU	K	KONEPC
Bryan Adams	SUMMER OF '69	K	KONEPC
Brädi & Redrama	LÄMPÖÖ	K	KONEPC
Buckcherry	SORRY	K	KONEPC
Bucks Fizz	MAKING YOUR MIND UP	K	KONEPC
Buddy Holly	BROWN EYED HANDSOME MAN	K	KONEPC
Buddy Holly	PEGGY SUE	K	KONEPC
Buddy Holly	READY TEDDY	K	KONEPC
Buggles	VIDEO KILLED THE RADIO STAR	K	KONEPC
Busted	YOU SAID NO	K	KONEPC
Carly Simon	NOBODY DOES IT BETTER	K	KONEPC
Carly Simon	YOU'RE SO VAIN	K	KONEPC
Carola	PENKKI PUU JA PUISTOTIE	K	KONEPC
Carole King	I FEEL THE EARTH MOVE	K	KONEPC
Carpenters	CLOSE TO YOU	K	KONEPC
Carpenters	WE'VE ONLY JUST BEGUN	K	KONEPC
Carpenters	YESTERDAY ONCE MORE	K	KONEPC
Cascada	EVERYTIME WE TOUCH	K	KONEPC
Cat Stevens	FATHER AND SON	K	KONEPC
Cat Stevens	HARD HEADED WOMAN	K	KONEPC
Cat Stevens	WIILD WORLD	K	KONEPC
Celine Dion	A MAN WITHOUT LOVE	K	KONEPC
Celine Dion	A NEW DAY HAS COME	K	KONEPC
Celine Dion	ALL BY MYSELF	K	KONEPC
Celine Dion	I'M ALIVE	K	KONEPC
Celine Dion	MY HEART WILL GO ON	K	KONEPC
Celine Dion	THINK TWICE	K	KONEPC
Celine Dion & Peabo Bryson	BEAUTY AND THE BEAST	K	KONEPC
Chaka Khan	I FEEL FOR YOU	K	KONEPC
Charles Plogman	VIELÄ KUN ON AIKAA	K	KONEPC
Charley Pride	KISS AN ANGEL GOOD MORNING	K	KONEPC
Charlie Drake	MY BOOMERANG WON'T COME BACK	K	KONEPC
Charlies	KEINU KANSSANI	K	KONEPC
Charlies	VAIN VÄHÄN AIKAA	K	KONEPC
Charlotte Church	CRAZY CHICK	K	KONEPC
Chas & Dave	AIN'T NO PLEASING YOU	K	KONEPC
Chas & Dave	GERTCHA	K	KONEPC
Chas & Dave	LONDON GIRLS	K	KONEPC
Chas & Dave	MARGATE	K	KONEPC
Chas & Dave	RABBIT	K	KONEPC
Cheek	JOS MÄ OISIN SÄ	K	KONEPC
Cheek	LEVOTON TUHKIMO	K	KONEPC
Cheek	PUHELINLANGAT LAULAA	K	KONEPC
Cheek	RAKASTUIN MÄ LUUSERIIN	K	KONEPC
Cher	BELIEVE	K	KONEPC
Cher	IF I COULDTURN BACK TIME	K	KONEPC
Cher	SHOOP SHOOP SONG (IT'S IN HIS KISS)	K	KONEPC
Cher	WALKING IN MEMPHIS	K	KONEPC
Cheryl Lynn	GOT TO BE REAL	K	KONEPC
Chic	LE FREAK	K	KONEPC
Chicago	IF YOU LEAVE ME NOW	K	KONEPC
Chisu	BADEN BADEN	K	KONEPC
Chisu	FRANKENSTEIN	K	KONEPC
Chisu	KOHTALON OMA	K	KONEPC
Chisu	KOLMAS PYÖR	K	KONEPC
Chisu	KRIISIT	K	KONEPC
Chisu	KULKURIVELJENI JAN	K	KONEPC
Chisu	MINÄ JA MUN PÄÄ	K	KONEPC
Chisu	SABOTAGE	K	KONEPC
Chisu	SAMA NAINEN	K	KONEPC
Chisu	TIE	K	KONEPC
Chisu	VENERETKI	K	KONEPC
Chisu	YKSINÄISEN KEIJUN TARINA	K	KONEPC
Chordettes	MR SANDMAN	K	KONEPC
Chris de Burgh	THE LADY IN RED	K	KONEPC
Christie	YELLOW RIVER	K	KONEPC
Christina Aguilera	AIN'T NO OTHER MAN	K	KONEPC
Christina Aguilera	BEAUTIFUL	K	KONEPC
Christina Aguilera	DIRTY	K	KONEPC
Christina Aguilera	I TURN TO YOU	K	KONEPC
Christina Milian	AM TO PM	K	KONEPC
Chubby Checker	LET'S TWIST AGAIN	K	KONEPC
Chuck Berry	JOHNNY B GOODE	K	KONEPC
Chumbawamba	TUBTHUMPING	K	KONEPC
Claudia	KORALLIA	K	KONEPC
Cliff Richard	CONSTANTLY	K	KONEPC
Cliff Richard	SUMMER HOLIDAY	K	KONEPC
Colbie Caillat	BUBBLY	K	KONEPC
Coldplay	FIX YOU	K	KONEPC
Coldplay	HARDEST PART	K	KONEPC
Coldplay	SPEED OF SOUND	K	KONEPC
Commitments	MUSTANG SALLY	K	KONEPC
Commitments	TRY A LITTLE TENDERNESS	K	KONEPC
Connie Francis	LIPSTICK ON YOUR COLLAR	K	KONEPC
Connie Francis	MAMA	K	KONEPC
Connie Francis	MY HAPPINESS	K	KONEPC
Connie Francis	WHO'S SORRY NOW	K	KONEPC
Conway TWitty	IT'S ONLY MAKE BELIEVE	K	KONEPC
Corrs	BREATHLESS	K	KONEPC
Corrs	SUMMER SUNSHINE	K	KONEPC
Creedence Clearwater Revival (CCR)	COTTON FIELDS	K	KONEPC
Crystal Gayle	DON'T IT MAKE MY BROWN EYES BLUE	K	KONEPC
Crystal Gayle	TALKING IN YOUR SLEEP	K	KONEPC
Culture Club	KARMA CHAMELEON	K	KONEPC
Cyndi Lauper	GIRLS JUST WANNA HAVE FUN	K	KONEPC
Damned	ALONE AGAIN	K	KONEPC
Daniel Bedingfie	THE WAY	K	KONEPC
Daniel Powter	BAD DAY	K	KONEPC
Danny	ISÄ	K	KONEPC
Danny	KESÄKATU	K	KONEPC
Danny	MAANTIELTÄ TALOON	K	KONEPC
Danny	TUULENSUOJAAN	K	KONEPC
Danny	TUULIVIIRI	K	KONEPC
Danny	TÄMÄ TAIVAS TÄMÄ MAA	K	KONEPC
Danny & Armi	KAIKEN SULLE ANTAISIN	K	KONEPC
Darkness	I BELIEVE IN A THING CALLED LOVE	K	KONEPC
Daughtry	HOME	K	KONEPC
Dave Edmunds	I HEAR YOU KNOCKING	K	KONEPC
David Bowie	HEROES	K	KONEPC
David Bowie	LET'S DANCE	K	KONEPC
David Bowie	SPACE ODDITY	K	KONEPC
David Lee Roth	JUST A GIGOLO	K	KONEPC
De 'Lacy	HIDEAWAY	K	KONEPC
Dean Martin	EVERYBODY LOVES SOMEBODY SOMETIMES	K	KONEPC
Dean Martin	LITTLE OLD WINE DRINKER ME	K	KONEPC
Dean Martin	MAMBO ITALIANO	K	KONEPC
Dean Martin	THAT'S AMORE	K	KONEPC
Dean Martin	VOLARE	K	KONEPC
Deep Blue Something	BREAKFAST AT TIFFANY'S	K	KONEPC
Deep Purple	HIGHWAY STAR	K	KONEPC
Deep Purple	SMOKE ON THE WATER	K	KONEPC
Def Leppard	HYSTERIA	K	KONEPC
Del Shannon	RUNAWAY	K	KONEPC
Deniece Williams	LET'S HEAR IT FOR THE BOY	K	KONEPC
Depeche Mode	ENJOY THE SILENCE	K	KONEPC
Devo	WHIP IT	K	KONEPC
Dexy's Midnight Runners	COME ON EILEEN	K	KONEPC
Dexy's Midnight Runners	GENO	K	KONEPC
Diana Krall	YOU'RE GETTING TO BE A HABIT WITH ME	K	KONEPC
Diana Ross	CHAIN REACTION	K	KONEPC
Diana Ross	UPSIDE TOWN	K	KONEPC
Diana Ross And Marvin Gaye	YOU ARE EVERYTHING	K	KONEPC
Dido	MY LIFE	K	KONEPC
Dido	WHITE FLAG	K	KONEPC
Dina Carroll	ESCAPING	K	KONEPC
Dinah Washington	MAD ABOUT THE BOY	K	KONEPC
Dingo	AINO	K	KONEPC
Dingo	AUTIOTALO	K	KONEPC
Dingo	ELÄMÄNI SANKARI	K	KONEPC
Dingo	HUUMEITA JAPANIIN	K	KONEPC
Dingo	KERJÄLÄISTEN VALTAKUNTA	K	KONEPC
Dingo	KIRJOITAN	K	KONEPC
Dingo	KUNNIANKENTÄT	K	KONEPC
Dingo	LAKATUT VARPAANKYNNET	K	KONEPC
Dingo	LEVOTON TUHKIMO	K	KONEPC
Dingo	LÄHETYSSAARNAAJA	K	KONEPC
Dingo	MUSTA LESKI	K	KONEPC
Dingo	NAHKATAKKINEN TYTTÖ	K	KONEPC
Dingo	NIMENI ON DINGO	K	KONEPC
Dingo	RIO OHOI!	K	KONEPC
Dingo	SINÄ JA MINÄ	K	KONEPC
Dio	HOLY DIVER	K	KONEPC
Dion	A TEENAGER IN LOVE	K	KONEPC
Dion	ABRAHAM MARTIN AND JOHN	K	KONEPC
Dion And The Belmonts	RUNAROUND SUE	K	KONEPC
Dionne Warwick	HEARTBREAKER	K	KONEPC
Dire Straits	WALK OF LIFE	K	KONEPC
Disco	AURINKO LASKI	K	KONEPC
Disco	TIEDÄN ETTÄ MÄ PALAAN	K	KONEPC
Dixie Chicks	NOT READY TO MAKE NICE	K	KONEPC
Dj Sammy	HEAVEN	K	KONEPC
Dolly Parton	9 TO 5	K	KONEPC
Dolly Parton	HERE YOU COME AGAIN	K	KONEPC
Dolly Parton	HONKEYTONK SONGS	K	KONEPC
Dolly Parton	IN THE GHETTO	K	KONEPC
Dolly Parton	JOLENE	K	KONEPC
Don Huonot	HYVÄÄ YÖTÄ JA HUOMENTA	K	KONEPC
Don Huonot	RIIDANKYLVÄJÄ	K	KONEPC
Don Huonot	SYDÄNPUU	K	KONEPC
Don McLean	AMERICAN PIE	K	KONEPC
Don McLean	CRYING	K	KONEPC
Don Williams	I RECALL A GYPSY WOMAN	K	KONEPC
Donna Summer	HOT STUFF	K	KONEPC
Donna Summer	THIS TIME I KNOW IT'S FOR REAL	K	KONEPC
Doris Day	SUGARBUSH	K	KONEPC
Dr Hook	WHEN YOU'RE IN LOVE WITH A BEAUTIFUL WOMAN	K	KONEPC
Dreamgirls	AND I'M TELLING YOU	K	KONEPC
Drifters	UNDER THE BROADWALK	K	KONEPC
Duran Duran	A VIEW TO A KILL	K	KONEPC
Duran Duran	IS THERE SOMETHING I SHOULD KNOW	K	KONEPC
Duran Duran	REFLEX	K	KONEPC
Dusty Springfield	I ONLY WANT TO BE WITH YOU	K	KONEPC
Dusty Springfield	SON OF A PREACHER MAN	K	KONEPC
Dusty Springfield	YOU DON'T HAVE TO SAY YOU LOVE ME	K	KONEPC
Earth Wind & Fire	LET'S GROOVE TONIGHT	K	KONEPC
Eddie Cochran	SUMMERTIME BLUES	K	KONEPC
Eddy Grant	ELECTRIC AVENUE	K	KONEPC
Eddy Grant	GIMME HOPE JO'ANNA	K	KONEPC
Edu Kettunen	LENTÄJÄN POIKA	K	KONEPC
Edu Kettunen	MAAILMA ILMAN SUA	K	KONEPC
Edu Kettunen	RETKI MEREN RANTAAN	K	KONEPC
Edu Kettunen	TAIVAANSININEN BMW	K	KONEPC
Edwin Starr	CONTACT	K	KONEPC
Eero Aven	ILTATÄHTI	K	KONEPC
Eero Aven	MUUTTOLINTUJEN LÄHTÖ	K	KONEPC
Eero Aven	SIRPALEET	K	KONEPC
Eero Raittinen	VANHA HOLVIKIRKKO	K	KONEPC
Egotrippi	MATKUSTAJA	K	KONEPC
Egotrippi	MUISTUTUS	K	KONEPC
Egotrippi	NÄMÄ AJAT EIVÄT OLE MEITÄ VARTEN	K	KONEPC
Egotrippi	ÄLÄ KOSKAAN IKINÄ	K	KONEPC
Eija Kantola	HOTELLI KAIPUU	K	KONEPC
Eija Kantola	LOUIE	K	KONEPC
Eija Kantola	PERHOSKESÄ	K	KONEPC
Eija Kantola	VANHA SWINGI	K	KONEPC
Eija Kantola	YÖN KUNINGATAR	K	KONEPC
Eija Merilä	LUVANNUT EN RUUSUTARHAA	K	KONEPC
Eila Pellinen	KULTAISET KORVARENKAAT	K	KONEPC
Eila Pienimäki	TULENLIEKKI	K	KONEPC
Eino Grön	EN ENÄÄ VAIETA MÄ VOI	K	KONEPC
Eino Grön	KUKKA ONNENI MAAN	K	KONEPC
Eino Grön	LASIHELMIÄ	K	KONEPC
Eino Grön	MYRSKYLUODON MAIJA	K	KONEPC
Eino Grön	SOI MAININKI HILJAINEN	K	KONEPC
Eino Grön	VALENTINO TANGO	K	KONEPC
Eino Valtanen	KESKIYÖN TANGO	K	KONEPC
Eino Valtanen	NO JUSTIINSA JUU	K	KONEPC
Electric Light Orchestra (ELO)	DON'T BRING ME DOWN	K	KONEPC
Electric Light Orchestra (ELO)	LIVIN' THING	K	KONEPC
Electric Light Orchestra (ELO)	TELEPHONE LINE	K	KONEPC
Elf	TARANTELLA JOE	K	KONEPC
Elkie Brooks	NO MORE THE FOOL	K	KONEPC
Elkie Brooks	PEARL'S A SINGER	K	KONEPC
Elokuu	KULLANKAIVAJA	K	KONEPC
Elokuu	SAATILLA	K	KONEPC
Elokuu	SOUTAA HUOPAA	K	KONEPC
Elokuu	TÄNÄÄN LÄHTEE	K	KONEPC
Elonkerjuu	SURUN JA ILON KAUPUNKI	K	KONEPC
Elonkerjuu	VIISTÄKÖÖN SIIPENI MAATA	K	KONEPC
Elton John	CANDLE IN THE WIND	K	KONEPC
Elton John	CIRCLE OF LIFE	K	KONEPC
Elton John	GOODBYE YELLOW BRICK ROAD	K	KONEPC
Elton John	SACRIFIE	K	KONEPC
Elton John	YOUR SONG	K	KONEPC
Elton John & George Michael	DON'T LET THE SUN GO DOWN ON ME	K	KONEPC
Elton John & Kiki Dee	DON'T GO BREAKING MY HEART	K	KONEPC
Elvis Presley	ALL SHOOK UP	K	KONEPC
Elvis Presley	ALWAYS ON MY MIND	K	KONEPC
Elvis Presley	BLUE SUEDE SHOES	K	KONEPC
Elvis Presley	CAN'T HELP FALLING IN LOVE	K	KONEPC
Elvis Presley	DEVIL IN DISGUISE	K	KONEPC
Elvis Presley	DON'T BE CRUEL	K	KONEPC
Elvis Presley	HEARTBREAK HOTEL	K	KONEPC
Elvis Presley	HOUND DOG	K	KONEPC
Elvis Presley	I'M A ROUSTABOUT	K	KONEPC
Elvis Presley	IN THE GHETTO	K	KONEPC
Elvis Presley	IT'S NOW OR NEVER	K	KONEPC
Elvis Presley	JAILHOUSE ROCK	K	KONEPC
Elvis Presley	LITTLE SISTER	K	KONEPC
Elvis Presley	LOVE ME TENDER	K	KONEPC
Elvis Presley	POLK SALAD ANNIE	K	KONEPC
Elvis Presley	RETURN TO SENDER	K	KONEPC
Elvis Presley	SUSPICIOUS MINDS	K	KONEPC
Elvis Presley	TEDDY BEAR	K	KONEPC
Elvis Presley	THE WONDER OF YOU	K	KONEPC
Eminem	STAN	K	KONEPC
Emotions	BEST OF MY LOVE	K	KONEPC
En Vogue	GIVING HIM SOMETHING HE CAN FEEL	K	KONEPC
Engelbert Humperdinck	AFTER THE LOVING	K	KONEPC
Eppu Normaali	20 VUOTTA SIKANA	K	KONEPC
Eppu Normaali	AFRIKKA SARVIKUONOJEN MAA	K	KONEPC
Eppu Normaali	BAARIKÄRPÄNEN	K	KONEPC
Eppu Normaali	EI SANKARIAINESTA	K	KONEPC
Eppu Normaali	KITARA TAIVAS JA TÄHDET	K	KONEPC
Eppu Normaali	MURHEELLISTEN LAULUJEN MAA	K	KONEPC
Eppu Normaali	NYT REPPU JUPISET RIIMISI RUPISET	K	KONEPC
Eppu Normaali	SUOLAISTA SADETTA	K	KONEPC
Eppu Normaali	TAHROJA PAPERILLA	K	KONEPC
Erasure	BREATH OF LIFE	K	KONEPC
Eri Esittäjiä	JOS SUN LYSTI ON	K	KONEPC
Eric Clapton	TEARS IN HEAVEN	K	KONEPC
Eric Clapton	WONDERFUL TONIGHT	K	KONEPC
Erin	EI TAIDA TIETÄÄ TYTTÖ	K	KONEPC
Erin	KAKKUKAHVIT	K	KONEPC
Erin	LAURA TIETÄÄ SEN	K	KONEPC
Erin	MITÄ TÄNNE JÄÄ	K	KONEPC
Erin	NAHKATAKKINEN TYTTÖ	K	KONEPC
Erin	ON ELÄMÄ LAINA	K	KONEPC
Erin	POPEDA	K	KONEPC
Erin	TOISET MIMMIT	K	KONEPC
Erin	VANHA NAINEN HUNNINGOLLA	K	KONEPC
Erin	VANHA SYDÄN	K	KONEPC
Erin	ÄLÄ TULE HYVÄ TYTTÖ	K	KONEPC
Erkki Liikanen	EVAKKOREKI	K	KONEPC
Esko Rahkonen	ODOTIN PITKÄN ILLAN	K	KONEPC
Eurythmics	SWEET DREAMS (ARE MADE OF THIS)	K	KONEPC
Eurythmics	THERE MUST BE AN ANGEL	K	KONEPC
Eurythmics	WHO'S THAT GIRL	K	KONEPC
Eurythmics	WOULD I LIE TO YOU	K	KONEPC
Eva Cassidy	OVER THE RAINBOW	K	KONEPC
Eva Cassidy	SOMEWHERE OVER THE RAINBOW	K	KONEPC
Eva Cassidy	SONGBIRD	K	KONEPC
Eva Cassidy	WAYFARING STRANGER	K	KONEPC
Evanescence	GOING UNDER	K	KONEPC
Evelyn King	LOVE COME DOWN	K	KONEPC
Everly Brothers	BYE BYE LOVE	K	KONEPC
Everly Brothers	CATHY'S CLOWN	K	KONEPC
Everly Brothers	PROBLEMS	K	KONEPC
Everly Brothers	WAKE UP LITTLE SUZY	K	KONEPC
Everly Champagne King	SHAME	K	KONEPC
Exile	KISS YOU ALL OVER	K	KONEPC
Extreme	MORE THAN WORDS	K	KONEPC
Fairground Attraction	PERFECT	K	KONEPC
Fall Out Boy	THIS AIN'T A SCENE	K	KONEPC
Fat Les	VINDALOO	K	KONEPC
Fats Domino	BLUEBERRY HILL	K	KONEPC
Fats Domino	RED SAILS IN THE SUNSET	K	KONEPC
Fergie	BIG GIRLS DON'T CRY	K	KONEPC
Fine Young Cannibals	JOHNNY COMES HOME	K	KONEPC
Fine Young Cannibals	SHE DRIVES ME CRAZY	K	KONEPC
Finger Eleven	PARALYZER	K	KONEPC
Finlanders	AMOR	K	KONEPC
Finlanders	ANNA JATKUA YÖN	K	KONEPC
Finlanders	ET KAI LUULE	K	KONEPC
Finlanders	MITÄ SULLE KUULUU	K	KONEPC
Finlanders	OIKEESTI	K	KONEPC
Finlanders	SINUN VUOKSESI	K	KONEPC
Fintelligens	MIKÄ BOOGIE	K	KONEPC
Five	SLAM DUNK THE FUNK	K	KONEPC
Five Satins	IN THE STILL OF THE NIGHT	K	KONEPC
Fleetwood Mac	DON'T STOP	K	KONEPC
Fleetwood Mac	EVERYWHERE	K	KONEPC
Fleetwoods	COME SOFTLY TO ME	K	KONEPC
Foreigner	I WANT TO KNOW WHAT LOVE IS	K	KONEPC
Fortunes	FREEDOM COME FREEDOM GO	K	KONEPC
Foundations	BUILD ME UP BUTTERCUP	K	KONEPC
Four Cats	MANZANILLA	K	KONEPC
Four Cats	PAINU POIS JACK	K	KONEPC
Four Tops	REACH OUT (I'LL BE THERE)	K	KONEPC
Frank Sinatra	FLY ME TO THE MOON	K	KONEPC
Frank Sinatra	I'VE GOT YOU UNDER MY SKIN	K	KONEPC
Frank Sinatra	LOVE'S BEEN GOOD TO ME	K	KONEPC
Frank Sinatra	MY WAY	K	KONEPC
Frank Sinatra	NEW YORK NEW YORK	K	KONEPC
Frank Sinatra	STRANGERS IN THE NIGHT	K	KONEPC
Frank Sinatra	SUMMER WIND	K	KONEPC
Frank Sinatra	THAT'S LIFE	K	KONEPC
Frank Sinatra	THE LADY IS A TRAMP	K	KONEPC
Frank Zappa	BOBBY BROWN	K	KONEPC
Frankie Goes To Hollywood	RELAX	K	KONEPC
Frankie Laine	ANSWER ME	K	KONEPC
Frankie Laine	GRANADA	K	KONEPC
Frankie Laine	HEY JOE	K	KONEPC
Frankie Laine	RAIN RAIN RAIN	K	KONEPC
Frankie Lymon	WHY DO FOOLS FALL IN LOVE	K	KONEPC
Frankie Valli	OH WHAT A NIGHT (DECEMBER '63)	K	KONEPC
Freddy & The Dreamers	I UNDERSTAND	K	KONEPC
Frederik	EN VIIHDY LUONAS	K	KONEPC
Frederik	HAFANANA	K	KONEPC
Frederik	HEI BEIBI	K	KONEPC
Frederik	JOS JOTAIN YRITTÄÄ (HARVA MEISTÄ ON RAUTAA)	K	KONEPC
Frederik	KAPAKAN RIPPITUOLI	K	KONEPC
Frederik	KOHTA JUNA LÄHTEE	K	KONEPC
Frederik	KOLMEKYMPPINEN	K	KONEPC
Frederik	KOTIINPÄIN ÄITI	K	KONEPC
Frederik	KUNG FU TAISTELEE	K	KONEPC
Frederik	LINDA LINDA	K	KONEPC
Frederik	MARKKINARAKO	K	KONEPC
Frederik	MIESSTRIPPARI	K	KONEPC
Frederik	NAKURANTAAN	K	KONEPC
Frederik	SHEIKKI ALI HASSAN	K	KONEPC
Frederik	TAKA TAKATA	K	KONEPC
Frederik	TITANIC	K	KONEPC
Frederik	TSINGIS KHAN	K	KONEPC
Frederik	VOLGA	K	KONEPC
Freeman	AJETAAN TANDEMILLA	K	KONEPC
Fröbelin Palikat	HUUGI GUUGI	K	KONEPC
Gabrielle	RISE	K	KONEPC
Garth Brooks	FRIENDS IN LOW PLACES	K	KONEPC
Garth Brooks	THE THUNDER ROLLS	K	KONEPC
Gary Miller	ROBIN HOOD	K	KONEPC
Gary Puckett & The Union Gap	YOUNG GIRL	K	KONEPC
Gary US Bonds	NEW ORLEANS	K	KONEPC
Georg Malmsten	KATARIINAN KAMARISSA	K	KONEPC
Georg Ots	METSÄKUKKIA	K	KONEPC
Georg Ots	MOSKOVAN VALOT	K	KONEPC
Georg Ots	SAAREMAA VALSS	K	KONEPC
George Benson	THIS MASQUERADE	K	KONEPC
George McCrae	ROCK ME BABY	K	KONEPC
George McCrae	ROCK YOUR BABY	K	KONEPC
George Michael	CARELESS WHISPER	K	KONEPC
George Michael	FAITH	K	KONEPC
George Michael	FATHER FIGURE	K	KONEPC
Gerry And The Pacemakers	I LIKE IT	K	KONEPC
Gerry And The Pacemakers	YOU'LL NEVER WALK ALONE	K	KONEPC
Gimmel	ETSIT MUIJAA SEURAAVAA	K	KONEPC
Gimmel	ROVIOLLA	K	KONEPC
Gimmel	SYDÄN PLIIS SÄRKEKÄÄ	K	KONEPC
Girls Aloud	I'LL STAND BY YOU	K	KONEPC
Girls Aloud	SOUND OF THE UNDERGROUND	K	KONEPC
Gladys Knight	MIDNIGHT TRAIN TO GEORGIA	K	KONEPC
Glen Campbell	RHINESTONE COWBOY	K	KONEPC
Gloria Estefan	EVERLASTING LOVE	K	KONEPC
Gloria Gaynor	I WILL SURVIVE	K	KONEPC
Gnarls Barkley	CRAZY	K	KONEPC
Gnarls Barkley	SMILEY FACES	K	KONEPC
Go Go's	OUR LIPS ARE SEALED	K	KONEPC
Go Go's	WE GOT THE BEAT	K	KONEPC
Good Charlotte	HOLD ON	K	KONEPC
Gracie Fies	WISH ME LUCK AS YOU WAVE ME GOODBYE	K	KONEPC
Graham Colton	BEST DAYS	K	KONEPC
Grease	SUMMER NIGHTS	K	KONEPC
Grease	YOU'RE THE ONE THAT I WANT	K	KONEPC
Great Escape	BOYS LIKE GIRLS	K	KONEPC
Green Day	BOULEVARD OF BROKEN DREAMS	K	KONEPC
Green Day	WAKE ME UP WHEN SEPTEMBER ENDS	K	KONEPC
Gretchen Wilson	REDNECK WOMAN	K	KONEPC
Gulliver	MIKÄ SAI SUT SUUTTUMAAN	K	KONEPC
Guns N' Roses	KNOCKIN' ON HEAVEN'S DOOR	K	KONEPC
Guns N' Roses	SWEET CHILD O'MINE	K	KONEPC
Guns N' Roses	USED TO LOVE HER	K	KONEPC
Gwen Stefani	HOLLABACK GIRL	K	KONEPC
Gwen Stefani	THE SWEET ESCAPE	K	KONEPC
Hair	EASY TO BE HARD	K	KONEPC
Hair Musikaali	NIIN PALJON MEITÄ PETETTIIN	K	KONEPC
Haloo Helsinki!	HUUDA!	K	KONEPC
Haloo Helsinki!	JOS MUN POKKA PETTÄÄ	K	KONEPC
Haloo Helsinki!	MAAILMA ON TEHTY MEITÄ VARTEN	K	KONEPC
Haloo Helsinki!	MAAILMAN TOISELLA PUOLEN	K	KONEPC
Haloo Helsinki!	VAPAUS KÄTEEN JÄÄ	K	KONEPC
Hank Williams Sr	HEY GOOD LOOKIN	K	KONEPC
Hanna Ekola	VILLIHEVOSIA	K	KONEPC
Hanna Pakarinen	FEARIESS	K	KONEPC
Hanna Pakarinen	MIEHET	K	KONEPC
Hanna Pakarinen	TULIN VOITTAMAAN	K	KONEPC
Hanne	VERUSHKA	K	KONEPC
Harry Belafonte	BANANABOAT SONG (DAY O)	K	KONEPC
Harry Chapin	CAT'S IN THE CRADLE	K	KONEPC
Harry Nilsson	WITHOUT YOU	K	KONEPC
Hassisen Kone	HASSISEN KONE	K	KONEPC
Hassisen Kone	RAPPIOLLA	K	KONEPC
Hassisen Kone	REIPPAINA KÄYMME REKKAIN ALLE	K	KONEPC
Heatwave	BOOGIE NIGHTS	K	KONEPC
Hector	AKE MAKE PERA JA MÄ	K	KONEPC
Hector	ASVALTTIPRINSSI	K	KONEPC
Hector	JUODAAN VIINAA	K	KONEPC
Hector	KAIKKI TAHTOO RAKASTAA	K	KONEPC
Hector	KUN RAKKAUS SAAPUU KAUPUNKIIN	K	KONEPC
Hector	KUUNNELLAAN VAAN TAIVASTA	K	KONEPC
Hector	LAPSUUDEN LOPPU	K	KONEPC
Hector	LUMI TEKI ENKELIN ETEISEEN	K	KONEPC
Hector	LÄHES ONNELLINEN MIES	K	KONEPC
Hector	MANDOLIINIMIES	K	KONEPC
Hector	NOSTALGIA OSA 1	K	KONEPC
Hector	OLEN HAUTAUSMAA	K	KONEPC
Hector	OLISHAN SE HIENOO	K	KONEPC
Hector	PALKKASOTURI	K	KONEPC
Hector	TAKATAAN ROOS	K	KONEPC
Hector	TUULISINA ÖINÄ	K	KONEPC
Hector	TÄÄ ON SE AAMU	K	KONEPC
Hector	YHTENÄ ILTANA	K	KONEPC
Heidi Kyrö	C'EST LA VIE	K	KONEPC
Heidi Kyrö	MINÄ JA ALEX	K	KONEPC
Heidi Kyrö	SYKSY	K	KONEPC
Heikki Hela	UNETON YÖ	K	KONEPC
Heli Kajo	ELÄMÄSI SULOISIN VIRHE	K	KONEPC
Heli Kajo	JOS MÄ KUOLEN NUORENA	K	KONEPC
Henry Theel	LESKEN LEMPI	K	KONEPC
Henry Theel	LILJANKUKKA	K	KONEPC
Henry Theel	RATTAANPYÖRÄ	K	KONEPC
Henry Theel	SIKS OON MÄ SURUINEN	K	KONEPC
Henry Theel	TANGOKAVALJEERI	K	KONEPC
Herman's Hermits	SILHOUETTES	K	KONEPC
Hillary Duff	SO YESTERDAY	K	KONEPC
HIM	JOIN ME IN DEATH	K	KONEPC
HIM	THE FUNERAL OF HEARTS	K	KONEPC
Hot Chocolate	YOU SEXY THING	K	KONEPC
Housemartins	HAPPY HOUR	K	KONEPC
Huey Lewis & Gwyneth Paltrow	CRUISIN	K	KONEPC
Human Beinz	NOBODY BUT ME	K	KONEPC
Human League	DON'T YOU WANT ME	K	KONEPC
Hurriganes	GET ON	K	KONEPC
Hurriganes	GOOD MORNING LITTLE SCHOOLGIRL	K	KONEPC
Hurriganes	I WILL STAY	K	KONEPC
Hurriganes	IT AIN'T WHAT YOU DO	K	KONEPC
Hurriganes	TALLAHASSEE LASSIE	K	KONEPC
I'Dees	TIME	K	KONEPC
Ike & Tina Turner	NUTBUSH CITY LIMITS	K	KONEPC
Il Divo	ALL BY MYSELF	K	KONEPC
Il Divo	O HOLY NIGHT	K	KONEPC
Ilona	KESÄPANO	K	KONEPC
Ilpo Kaikkonen	KLEINBUS	K	KONEPC
Incognito	DON'T YOU WORRY BOUT A THING	K	KONEPC
Indica	IKUINEN VIRTA	K	KONEPC
Indica	PIDÄ KÄDESTÄ	K	KONEPC
Inka	SINÄ PÄIVÄNÄ SATOI LUNTA	K	KONEPC
Inka & Jussi Rainio	MÄ EN RAKASTA SUA ENÄÄ	K	KONEPC
Inner Circle	BAD BOYS	K	KONEPC
INXS	NEED YOU TONIGHT	K	KONEPC
Irene Cara	FAME	K	KONEPC
Irene Cara	FLASHDANCE WHAT A FEELING	K	KONEPC
Irene Cara	FLASHDANCE WHAT A FEELING	K	KONEPC
Irina	HILJAISUUS	K	KONEPC
Irina	JUULIAN TOTUUDET	K	KONEPC
Irina	KATUJEN KUNINGATAR	K	KONEPC
Irina	KOKO KUVA	K	KONEPC
Irina	KYMMENEN KIROSANAA	K	KONEPC
Irina	POKKA	K	KONEPC
Irina	VAHVA	K	KONEPC
Irina	VASTAUKSET	K	KONEPC
Irina	ÄLÄ SANO MITÄÄN	K	KONEPC
Irish Classics	KERRIGAN	K	KONEPC
Irish Classics	SWEET ROSIE O'GRADY	K	KONEPC
Iron Maiden	RUN TO THE HILLS	K	KONEPC
Irwin & Remu	ELETÄÄN VAAN VAIKKA PIRUUTTAAN	K	KONEPC
Irwin Goodman	HÄIRIKKÖ	K	KONEPC
Irwin Goodman	LAS PALMAS	K	KONEPC
Irwin Goodman	POING POING POING	K	KONEPC
Irwin Goodman	RENTUN RUUSU	K	KONEPC
Irwin Goodman	ST PAULI JA REEPERBAHN	K	KONEPC
Irwin Goodman	VAIN ELÄMÄÄ	K	KONEPC
Irwin Goodman	VIUHAHDUS	K	KONEPC
Isto Hiltunen	KATSE	K	KONEPC
Isto Hiltunen	TÄÄLTÄ IKUISUUTEEN	K	KONEPC
J Karjalainen	DORIS	K	KONEPC
J Karjalainen	HÄN	K	KONEPC
J Karjalainen	KEHRÄÄJÄ	K	KONEPC
J Karjalainen	KEIHÄÄNKÄRKI	K	KONEPC
J Karjalainen	MIES JOLLE EI KOSKAAN TAPAHDU MITÄÄN	K	KONEPC
J Karjalainen	MÄ MEEN	K	KONEPC
J Karjalainen	ON KAIKKI NIIN KUIN ENNENKIN	K	KONEPC
J Karjalainen	PELASTUSRENGAS	K	KONEPC
J Karjalainen	ROKULIPÄIVÄ	K	KONEPC
J Karjalainen	SANKARIT	K	KONEPC
J Karjalainen	TELEPATIAA	K	KONEPC
Jaakko Teppo	HILMA JA ONNI	K	KONEPC
Jaakko Teppo	JÄLKITAUTI	K	KONEPC
Jackie Wilson	REET PATITE	K	KONEPC
Jacksons	BLAME IT ON THE BOOGIE	K	KONEPC
Jamelia	SUPERSTAR	K	KONEPC
James Blunt	1973	K	KONEPC
James Blunt	WISE MEN	K	KONEPC
James Blunt	YOU'RE BEAUTIFUL	K	KONEPC
James Brown	I GOT YOU I FEEL GOOD	K	KONEPC
James Brown	SAY IT LOUD (I'M BLACK AND I'M PROUD)	K	KONEPC
James Ingram	JUST ONCE	K	KONEPC
Jamppa Tuominen	ELÄMÄNI PARHAINTA AIKAA	K	KONEPC
Jamppa Tuominen	KUUMAT KYYNELEET	K	KONEPC
Jamppa Tuominen	PIKKU MERJA	K	KONEPC
Jamppa Tuominen	TÄHDENLENTO	K	KONEPC
Jamppa Tuominen	VIIKONLOPPUISÄ	K	KONEPC
Jamppa Tuominen	YÖN SYLIIN	K	KONEPC
Jani Wickholm	ALUMIINITÄHDET	K	KONEPC
Jani Wickholm	HUKUN	K	KONEPC
Jani Wickholm	KAIKKI MUUTTUU	K	KONEPC
Jani Wickholm	KUU	K	KONEPC
Jani Wickholm	SUOMEN NEITO	K	KONEPC
Janis Joplin	PIECE OF MY HEART	K	KONEPC
Janne Hurme	KIRJE	K	KONEPC
Janne Hurme	TINASORMUS	K	KONEPC
Janne Tulkki	KULKURIN KUU	K	KONEPC
Janne Tulkki	SINISEN TAIVAAN SATEENKAARI	K	KONEPC
Janne Tulkki	YKSINÄINEN PITKÄ TIE	K	KONEPC
Jannika B	SEURAAVAAN ELÄMÄÄN	K	KONEPC
Jari Sillanpää	OOT TÄYDELLINEN	K	KONEPC
Jari Sillanpää	RUUSUNOKSA JA KYYHKYNEN	K	KONEPC
Jari Sillanpää	SATULINNA	K	KONEPC
Jari Sillanpää	VALKEAA UNELMAA	K	KONEPC
Jasmine	NIIN KAUNIS ON TAIVAS	K	KONEPC
Jeff Beck	HI HO SILVER LINING	K	KONEPC
Jeffrey Osborne	ON THE WINGS OF LOVE	K	KONEPC
Jenni Vartiainen	DURAN DURAN	K	KONEPC
Jenni Vartiainen	EIKÖ KUKAAN VOI MEITÄ PELASTAA?	K	KONEPC
Jenni Vartiainen	EN HALUU KUOLLA TÄNÄ YÖNÄ	K	KONEPC
Jenni Vartiainen	IHMISTEN EDESSÄ	K	KONEPC
Jenni Vartiainen	JUNAT JA NAISET	K	KONEPC
Jenni Vartiainen	MINÄ JA HÄN	K	KONEPC
Jenni Vartiainen	MUSTAA KAHVIA	K	KONEPC
Jenni Vartiainen	NETTIIN	K	KONEPC
Jenni Vartiainen	TOINEN	K	KONEPC
Jenni Vartiainen	TUNNOTON	K	KONEPC
Jennifer Lopez	HOLD YOU DOWN	K	KONEPC
Jennifer Lopez	MY LOVE DON'T COST A THING	K	KONEPC
Jennifer Rush	THE POWER OF LOVE	K	KONEPC
Jennifer Warnes	UP WHERE WE BELONG	K	KONEPC
Jerry Keller	HERE COMES SUMMER	K	KONEPC
Jerry Lee Lewis	GREAT BALLS OF FIRE	K	KONEPC
Jerry Lee Lewis	HIGH SCHOOL CONFIDENTIAL	K	KONEPC
Jesse Kaikuranta	JÄRJETÖN RAKKAUS	K	KONEPC
Jesse Kaikuranta	NÄYTÄN SULLE RANNAN	K	KONEPC
Jesse Kaikuranta	SININEN SOINTU	K	KONEPC
Jesse Kaikuranta	VIE MUT KOTIIN	K	KONEPC
Jessica Riddle	EVEN ANGELS FALL	K	KONEPC
Jessica Simpson	A PUBLIC AFFAIR	K	KONEPC
Jim Reeves	HE'LL HAVE TO GO	K	KONEPC
Jim Reeves	WELCOME TO MY WORLD	K	KONEPC
Jimmy Cliff	GAMES PEOPLE PLAY	K	KONEPC
Jimmy Cliff	REGGAE NIGHT	K	KONEPC
Jimmy Cliff	WILD WORLD	K	KONEPC
Jimmy Nail	CROCODILE SHOES	K	KONEPC
Jimmy Rogers	ENGLISH COUNTRY GARDEN	K	KONEPC
Jippu	ENKELTEN KAUPUNKI	K	KONEPC
Jippu	EVA	K	KONEPC
Jippu	VANHA KAUNIS MIES	K	KONEPC
Jippu & Samuli Edelmann	JOS SÄ TAHDOT NIIN	K	KONEPC
Joan Jett & The Blackhearts	I LOVE ROCK'N ROLL	K	KONEPC
Jocelyn Brown	SOMEBODY ELSE'S GUY	K	KONEPC
Joe Cocker	UNCHAIN MY HEART	K	KONEPC
Joel Hallikainen	KUURANKUKKA	K	KONEPC
Joel Hallikainen	LÄHTEVIEN LAIVOJEN SATAMA	K	KONEPC
Johanna Debreczeni	EN KUOLE KYYNELIIN	K	KONEPC
Johanna Kurkela	MARMORITAIVAS	K	KONEPC
Johanna Kurkela	RAKKAUSLAULU	K	KONEPC
Johanna Kurkela	SUN SÄRKYÄ ANNA MÄ EN	K	KONEPC
Johanna Pakonen	ANNA YKSI YÖ	K	KONEPC
Johanna Pakonen	LIIAN MONTA YÖTÄ	K	KONEPC
Johanna Pakonen	SIELUNPUOLIKAS	K	KONEPC
John Denver	ANNIE'S SONG	K	KONEPC
John Denver	TAKE ME HOME COUNTRY ROADS	K	KONEPC
John Holt	HELP ME MAKE IT THROUGH THE NIGHT	K	KONEPC
John Lennon	IMAGINE	K	KONEPC
John Lennon	STARTING ALL OVER	K	KONEPC
John Leyton	WILD WIND	K	KONEPC
John Loudermilk	THE LANGUAGE OF LOVE	K	KONEPC
John Michael Montgomery	I SWEAR	K	KONEPC
John Paul Young	LOVE IS IN THE AIR	K	KONEPC
Johnnie Ray	JUST WALKING IN THE RAIN	K	KONEPC
Johnny	AMARILLO	K	KONEPC
Johnny	HYMYHUULET	K	KONEPC
Johnny	HYVIN MENEE KUITENKIN	K	KONEPC
Johnny	IHANA AAMU	K	KONEPC
Johnny	TAKAISIN LUONTOON	K	KONEPC
Johnny Cash	A BOY NAMED SUE	K	KONEPC
Johnny Cash	COCAINE BLUES	K	KONEPC
Johnny Cash	FOLSOM PRISON BLUES	K	KONEPC
Johnny Cash	RING OF FIRE	K	KONEPC
Johnny Duncan	LAST TRAIN TO SAN FERNANDO	K	KONEPC
Johnny Mathis	TOO MUCH TOO LITTLE TOO LATE	K	KONEPC
Johnny Nash	I CAN SEE CLEARLY NOW	K	KONEPC
Johnny Tillotson	POETRY IN MOTION	K	KONEPC
Jo-Jo	LEAVE GET OUT	K	KONEPC
Jo-Jo	NOT THAT KIND OF GIRL	K	KONEPC
Jonna Tervomaa	ET TAHDO TIETÄÄ	K	KONEPC
Jonna Tervomaa	MINÄ TOIVON	K	KONEPC
Jonna Tervomaa	MYÖHEMMIN	K	KONEPC
Jonna Tervomaa	RAKKAUDEN HAUDALLA	K	KONEPC
Jonna Tervomaa	SE EI KUULU MULLE	K	KONEPC
Jonna Tervomaa	SULJETTU SYDÄN	K	KONEPC
Jonna Tervomaa	YHTÄ EN SAA	K	KONEPC
Jonne Aaron	KYLMÄ ILMAN SUA	K	KONEPC
Jonne Aaron	SYYTÖN	K	KONEPC
Jonne Aaron	TAIVAS ITKEE HILJAA	K	KONEPC
Jonnie Ray	SOMEBODY STOLE MY GAL	K	KONEPC
Jope Ruonansuu	ENKELEITÄ TOISILLEMME	K	KONEPC
Jope Ruonansuu	PIENI HIACE	K	KONEPC
Jordin Sparks	TATTOO	K	KONEPC
Jore Marjaranta	HAAVEET KAATUU	K	KONEPC
Jore Marjaranta	MITEN PELKO LÄHTEE	K	KONEPC
Jore Marjaranta	TIEDÄN RAKKAUS ELÄÄ	K	KONEPC
Jorma Kääriäinen	ONNENLANTTI	K	KONEPC
Jorma Kääriäinen & Agents	MUN SORMUKSEIN	K	KONEPC
Joss Stone	DON'T CHA WANNA RIDE	K	KONEPC
Joss Stone	YOU HAD ME	K	KONEPC
Judas Priest	BREAKING THE LAW	K	KONEPC
Judas Priest	YOU'VE GOT ANOTHER THING COMIN'	K	KONEPC
Juha Hilden	YÖN KYLMÄT KYYNELEET	K	KONEPC
Juha Tapio	ANNA POIS ITKUISTA PUOLET	K	KONEPC
Juha Tapio	EN MITÄÄN EN KETÄÄN	K	KONEPC
Juha Tapio	IHME	K	KONEPC
Juha Tapio	JOSSAIN TÄÄLLÄ	K	KONEPC
Juha Tapio	KAUNIS IHMINEN	K	KONEPC
Juha Tapio	KELPAAT KELLE VAAN	K	KONEPC
Juha Tapio	MITÄ SILMÄT EI NÄÄ	K	KONEPC
Juha Tapio	NIIN KUIN SINÄKIN	K	KONEPC
Juha Tapio	OHIKIITÄVÄÄ	K	KONEPC
Juha Tapio	RAKASTAN NIIN KAUAN KUIN MÄ VOIN	K	KONEPC
Juha Tapio	SITKEÄ SYDÄN	K	KONEPC
Juha Tapio	TSNEH (TYKKÄÄN SUSTA NIIN ETTÄ HALKEEN)	K	KONEPC
Juha Tapio	UKKOSTA JA ULLAKOLLA	K	KONEPC
Juha Vainio	ALBATROSSI	K	KONEPC
Juha Vainio	ELÄMÄÄ JA EROTIIKKAA	K	KONEPC
Juha Vainio	KAUAN SITTEN	K	KONEPC
Juha Vainio	KAUNISSAARI	K	KONEPC
Juha Vainio	KOTKAN POIKII ILMAN SIIPII	K	KONEPC
Juha Vainio	KUN AURINKO LÄMMITTÄÄ	K	KONEPC
Juha Vainio	KÄYN AHON LAITAA	K	KONEPC
Juha Vainio	MATKALLA POHJOISEEN	K	KONEPC
Juha Vainio	MÄ USKON HUOMISPÄIVÄÄN	K	KONEPC
Juha Vainio	SELLAISTA ELÄMÄ ON	K	KONEPC
Juha Vainio	SOITA MULLE SORPAS	K	KONEPC
Juha Vainio	VANHOJA POIKIA VIIKSEKKÄITÄ <==	K	KONEPC
Juha Vainio	YKSINÄINEN SAARNIPUU	K	KONEPC
Juhamatti	MIKÄ SULLE OIKEIN TULI	K	KONEPC
Juice & Mikko	KESKIYÖN ERIKOINEN	K	KONEPC
Juice Leskinen	EESTI (ON MY MIND)	K	KONEPC
Juice Leskinen	EI ELÄMÄSTÄ SELVIÄ HENGISSÄ	K	KONEPC
Juice Leskinen	ELÄMÄSSÄ PITÄÄ OLLA RUNKKUA	K	KONEPC
Juice Leskinen	HEINOLASSA JYRÄÄ	K	KONEPC
Juice Leskinen	JUANKOSKI HERE I COME	K	KONEPC
Juice Leskinen	JYRKI BOY	K	KONEPC
Juice Leskinen	KAKSOISELÄMÄÄ	K	KONEPC
Juice Leskinen	MARILYN	K	KONEPC
Juice Leskinen	MIDAS	K	KONEPC
Juice Leskinen	MUSTA AURINKO NOUSEE	K	KONEPC
Juice Leskinen	MYRKYTYKSEN OIREET	K	KONEPC
Juice Leskinen	RAKKAUDEN AMMATTILAINEN	K	KONEPC
Juice Leskinen	SYKSYN SÄVEL	K	KONEPC
Juice Leskinen	VIIDESTOISTA YÖ	K	KONEPC
Jukka Kuoppamäki	SININEN JA VALKOINEN	K	KONEPC
Jukka Poika	KYLMÄSTÄ LÄMPIMÄÄN	K	KONEPC
Jukka Poika	MIELIHYVÄÄ	K	KONEPC
Jukka Poika	SIIDERIPISSIS	K	KONEPC
Jukka Poika	SILKKII	K	KONEPC
Jukka Poika	ÄLÄ TYRI NYT	K	KONEPC
Juliet Jonesin Sydän	RAKKAUSLAULU	K	KONEPC
Julio Iglesias	TO ALL THE GIRLS I'VE LOVED BEFORE	K	KONEPC
Jussi Raittinen	KESÄDUUNI BLUES	K	KONEPC
Justin Timberlake	ROCK YOUR BODY	K	KONEPC
Justin Timberlake	SEXY BACK	K	KONEPC
JVG ft Raappana	KRAN TURISMO	K	KONEPC
Kai Hyttinen	DIRLANDA	K	KONEPC
Kai Hyttinen	NOSTA LIPPU SALKOON	K	KONEPC
Kai Hyttinen	TUIKKU MURHEESEEN	K	KONEPC
Kai Lind	TUHON TIETÄ KULJEN	K	KONEPC
Kaija Koo	HANAT AUKEAA	K	KONEPC
Kaija Koo	ISÄ	K	KONEPC
Kaija Koo	KAUNIS RIETAS ONNELLINEN	K	KONEPC
Kaija Koo	KUKA KEKSI RAKKAUDEN	K	KONEPC
Kaija Koo	KYLMÄ ILMAN SUA	K	KONEPC
Kaija Koo	MENNÄÄN HILJAA MARKKINOILLE	K	KONEPC
Kaija Koo	TINAKENKÄTYTTÖ	K	KONEPC
Kaija Koo	VANHAA SUOLAA	K	KONEPC
Kaija Kärkinen & Ile Kallio	JAN	K	KONEPC
Kaija Kärkinen & Ile Kallio	SADE	K	KONEPC
Kaija Kärkinen & Ile Kallio	YÖKIITÄJÄ	K	KONEPC
Kaija Pohjola	EI TURHIA MURHEITA	K	KONEPC
Kaiser Chiefs	EVERYDAY I LOVE YOU LESS AND LESS	K	KONEPC
Kake Randelin	KIELLETYT TUNTEET	K	KONEPC
Kake Randelin	MARGARITA	K	KONEPC
Karen Young	NOBODY'S CHILD	K	KONEPC
Kari Peitsamo	KAUPPAOPISTON NAISET	K	KONEPC
Kari Tapio	HAAVETANGO	K	KONEPC
Kari Tapio	JUNA KULKEE	K	KONEPC
Kari Tapio	MYRSKYN JÄLKEEN	K	KONEPC
Kari Tapio	OLEN SUOMALAINEN	K	KONEPC
Kari Tapio	PAALUPAIKKA	K	KONEPC
Kari Tapio	SE JOKIN ALKAA	K	KONEPC
Kari Tapio	SEN EKI TEKI VAAN	K	KONEPC
Kari Tapio	SIELU SYDÄN JA KYYNELEET	K	KONEPC
Kari Tapio	TOISET ON LUOTUJA KULKEMAAN	K	KONEPC
Kari Tapio	TÄNÄÄN RUUSUT NÄÄ KUKKII VAIN SULLE	K	KONEPC
Kari Tapio	VIISITOISTA KESÄÄ	K	KONEPC
Karma	HYVÄÄ HUOMENTA SUOMI	K	KONEPC
Karma	ROCK'N ROLL TAAS SOI	K	KONEPC
Karma	WIG WAM BAM	K	KONEPC
Karri Koira	LÄHE MUN KAA	K	KONEPC
Katariina Hänninen	KUOLEMATON	K	KONEPC
Kate Bush	WUTHERING HEIGHTS	K	KONEPC
Kati Fors	KARATAAN	K	KONEPC
Katri Helena	ANNA MULLE TÄHTITAIVAS	K	KONEPC
Katri Helena	BRASILERO	K	KONEPC
Katri Helena	EI KAUNIIMPAA	K	KONEPC
Katri Helena	KATSON AUTIOTA HIEKKARANTAA	K	KONEPC
Katri Helena	KATSON SINEEN TAIVAAN	K	KONEPC
Katri Helena	KUN KOHDATTIIN	K	KONEPC
Katri Helena	LADY LOVE	K	KONEPC
Katri Helena	LETKIS	K	KONEPC
Katri Helena	ONNEN ONKIJA	K	KONEPC
Katri Helena	PALOMA BLANCA	K	KONEPC
Katri Helena	SOITTAJA	K	KONEPC
Katri Helena	SYYSUNELMA	K	KONEPC
Katri Ylander	MANSIKKAMÄKI	K	KONEPC
Katri Ylander	ONKO VIELÄ AIKAA	K	KONEPC
Katri Ylander	VUOROLLAAN	K	KONEPC
Katrina & The Waves	WALKING ON SUNSHINE	K	KONEPC
Kauko Röyhkä	SINÄ	K	KONEPC
Keane	BEND AND BREAK	K	KONEPC
Keane	CAN'T STOP NOW	K	KONEPC
Keane	IS IT ANY WONDER	K	KONEPC
Keba	KESÄ ESPALLA	K	KONEPC
Kelly Clarkson	BECAUSE OF YOU	K	KONEPC
Kelly Clarkson	BREAKAWAY	K	KONEPC
Kelly Clarkson	NEVER AGAIN	K	KONEPC
Kelly Clarkson	WALK AWAY	K	KONEPC
Kelly Osbourne	ONE WORD	K	KONEPC
Kenny Loggins	FOOTLOOSE	K	KONEPC
Kenny Rogers	RUBY DON'T TAKE YOU'S LOVE TO TOWN	K	KONEPC
Kenny Rogers	THE GAMBLER	K	KONEPC
Kerkko Koskinen Kollektiivi	LAURA PALMER	K	KONEPC
Kikka	KIIHKEÄT TUULET	K	KONEPC
Kikka	TARTU TIUKASTI HANURIIN	K	KONEPC
Kilpi	NEROKASTA IKÄVÄÄ	K	KONEPC
Kilpi	SIELUT ISKEE TULTA	K	KONEPC
Kirka	DAA DA DAA DA	K	KONEPC
Kirka	ELÄMÄÄNI EKSYNYT	K	KONEPC
Kirka	HENGAILLAAN	K	KONEPC
Kirka	HETKI LYÖ	K	KONEPC
Kirka	PIKKUVELI	K	KONEPC
Kirka	PYYDÄ VAIN	K	KONEPC
Kirka	SOITIN VAIN KUN TAAS SUA KAIPAAN	K	KONEPC
Kirka	SURUN PYYHIT SILMISTÄNI	K	KONEPC
Kirka	SUSANNA	K	KONEPC
Kirka	VARRELLA VIRRAN	K	KONEPC
Kirka ja Anna	SINUT HALUAN VAIN	K	KONEPC
Kirsi Ranto	KESYTÖN	K	KONEPC
Kirsi Ranto	SIIHEN KAKSI TARVITAAN	K	KONEPC
Kirsi Ranto	SOITELLAAN	K	KONEPC
Kiss	DETROIT ROCK CITY	K	KONEPC
Kiss	I WAS MADE FOR LOVING YOU	K	KONEPC
Kiss	LOVE GUN	K	KONEPC
Klamydia	PALA RAUHAA	K	KONEPC
Kolmas Nainen	HYVÄÄ JA KAUNISTA	K	KONEPC
Kolmas Nainen	TÄSTÄ ASTI AIKAA	K	KONEPC
Kolmas Nainen	VALEHTELISIN JOS VÄITTÄISIN	K	KONEPC
Kolmas Nainen	ÄITI POJASTAAN PAPPIA TOIVOI	K	KONEPC
KOM-Teatteri	KANSAINVÄLINEN	K	KONEPC
Kontra	JERRY COTTON	K	KONEPC
Kontra	KOLMEN MINUUTIN MUNA	K	KONEPC
Kontra	SUURET PALLIT TULESSA	K	KONEPC
Kool & The Gang	CELEBRATION	K	KONEPC
Korpit	PULLIAINEN	K	KONEPC
Korsuorkesteri	SYLIN TÄYDELTÄ	K	KONEPC
Korsuorkesteri	SÄRKYNEITÄ TOIVEITA	K	KONEPC
Kotiteollisuus	HELVETISTÄ ITÄÄN	K	KONEPC
Kotiteollisuus	MINÄ OLEN	K	KONEPC
Kristiina Brask	KUIVILLA SUSTA	K	KONEPC
Kristiina Halkola	MAGDALEENAN LAULU	K	KONEPC
Kristiina Wheeler	KIITOS KUN MUISTIT	K	KONEPC
Kultakurkut	MILJOONA KILOMETRIÄ	K	KONEPC
Kuningasidea	ENEMMÄN DUUOO KU SOOLOO	K	KONEPC
Kurre	JÄIT SATEEN TAA	K	KONEPC
Kuunkuiskaajat	TYÖLKI ELLÄÄ	K	KONEPC
Kwan	SHINE	K	KONEPC
Kylie Minogue	2 HEARTS	K	KONEPC
Kylie Minogue	CAN'T GET YOU OUT OF MY HEAD	K	KONEPC
Kylie Minogue	LOVE AT FIRST SIGHT	K	KONEPC
Kylie Minogue	RED BLOODED WOMAN	K	KONEPC
Kylie Minogue	SLOW	K	KONEPC
Kylie Minogue	THE LOCOMOTION	K	KONEPC
Laila Kinnunen	POJAT	K	KONEPC
Laila Kinnunen	RANSKALAISET KOROT	K	KONEPC
Lapinlahden Linnut	SEDÄT JAKSAA HEILUA	K	KONEPC
Larry Graham	ONE IN A MILLION YOU	K	KONEPC
Lasse Mårtenson	NOUSEVAN AURINGON TALO	K	KONEPC
Laura Branigan	GLORIA	K	KONEPC
Laura Närhi	HETKEN TIE ON KEVYT	K	KONEPC
Laura Närhi	KUUTAMOLLA	K	KONEPC
Laura Närhi	MÄ ANNAN SUT POIS	K	KONEPC
Laura Närhi	TUHLARI	K	KONEPC
Laura Närhi ft Erin	SISKONI	K	KONEPC
Laura Voutilainen	KERRAN	K	KONEPC
Laura Voutilainen	KESÄSADE	K	KONEPC
Laura Voutilainen	KOKONAINEN NAINEN	K	KONEPC
Laura Voutilainen	PRINSESSA	K	KONEPC
Laura Voutilainen	PÄIVÄKIRJA	K	KONEPC
Laura Voutilainen	RAKKAUTTA EI PIILOON SAA	K	KONEPC
Laura Voutilainen	VUOKSI SUN	K	KONEPC
Lauri Tähkä	POLTE <==	K	KONEPC
Lauri Tähkä & Elonkerjuu	HETKEKSI EN SULLE RUPIA	K	KONEPC
Lauri Tähkä & Elonkerjuu	HYVÄSTI	K	KONEPC
Lauri Tähkä & Elonkerjuu	KIMPALE KULTAA	K	KONEPC
Lauri Tähkä & Elonkerjuu	MANNAKORVEN MAILLA	K	KONEPC
Lauri Tähkä & Elonkerjuu	PAUHAAVA SYDÄN	K	KONEPC
Lauri Tähkä & Elonkerjuu	PITKÄT PELLOT	K	KONEPC
Lauri Tähkä & Elonkerjuu	RAKKAUS EI OO PYSYVÄÄ	K	KONEPC
Lauri Tähkä & Elonkerjuu	REIKÄINEN TAIVAS	K	KONEPC
Lavigne Avril	COMPLICATED	K	KONEPC
Lavigne Avril	GIRLFRIEND	K	KONEPC
Lavigne Avril	NOBODY'S HOME	K	KONEPC
Lavigne Avril	SK8TER BOY	K	KONEPC
Lea Laven	EI OO EI TUU	K	KONEPC
Lea Laven	KORTIT KERTOO KOHTALOMME	K	KONEPC
Lea Laven	KRIMINAL TANGO	K	KONEPC
Lea Laven	NIIN SE KÄY	K	KONEPC
Lea Laven	ROTUNAINEN	K	KONEPC
Lea Laven	TUMMA NAINEN	K	KONEPC
LeAnn Rimes	CAN'T FIGHT THE MOONLIGHT	K	KONEPC
LeAnn Rimes	HOW DO I LIVE (Dance Mix)	K	KONEPC
Led Zeppelin	STAIRWAY TO HEAVEN	K	KONEPC
Leevi and The Leavings	ITKISITKÖ ONNESTA	K	KONEPC
Leevi and The Leavings	KYLLIKKI	K	KONEPC
Leevi and The Leavings	TEUVO MAANTEIDEN KUNINGAS	K	KONEPC
Leo Sayer	WHEN I NEED YOU	K	KONEPC
Leona Lewis	RUN	K	KONEPC
Lesley Gore	IT'S MY PARTY	K	KONEPC
Level 42	SOMETHING ABOUT YOU	K	KONEPC
Liberty X	JUST A LITTLE	K	KONEPC
Lighthouse Family	LIFTED	K	KONEPC
Lightning Seeds	THREE LIONS (FOOTBALLS COMING HOME)	K	KONEPC
Lily Allen	SMILE	K	KONEPC
Linda Ronstadt	WHEN WILL I BE LOVED	K	KONEPC
Lionel Richie	ALL NIGHT LONG	K	KONEPC
Lionel Richie	SAY YOU SAY ME	K	KONEPC
Lionel Richie & Diana Ross	ENDLESS LOVE	K	KONEPC
Little Richard	THE GIRL CAN'T HELP IT	K	KONEPC
Liz Phair	WHY CAN'T I	K	KONEPC
Lonnie Donegan	HAVE A DRINK ON ME	K	KONEPC
Lonnie Donegan	MY OLD MAN'S A DUSTMAN	K	KONEPC
Loose Ends	HANGING ON A STRING	K	KONEPC
Lord Est ft Petri Nygård	REGGAEREKKA	K	KONEPC
Lordi	HARD ROCK HALLELUJAH	K	KONEPC
Lou Rawls	YOU'LL NEVER FIND ANOTHER LOVE LIKE MINE	K	KONEPC
Louis Armstrong	WHAT A WONDERFUL WORLD	K	KONEPC
Louise	STUCK IN THE MIDDLE WITH YOU	K	KONEPC
Lulu	OH ME OH MY	K	KONEPC
Lulu	SHOUT	K	KONEPC
Lumo	VESIVEHMAAN JENCCA	K	KONEPC
Luther Vandross	DANCE WITH MY FATHER	K	KONEPC
Luther Vandross	NEVER TOO MUCH	K	KONEPC
Lynn Anderson	ROSE GARDEN	K	KONEPC
Lynyrd Skynyrd	SWEET HOME ALABAMA	K	KONEPC
M People	MOVING ON UP	K	KONEPC
Maarit Hurmerinta	ANNA TUKAN VALUU VAAN	K	KONEPC
Maarit Hurmerinta	JOS TAHDOT TIETÄÄ	K	KONEPC
Maarit Peltoniemi	ONNENMAA	K	KONEPC
Maarit Peltoniemi	TUULEEN KIRJOITAN	K	KONEPC
Maarit Peltoniemi	VAIN AJAN HIEKKAA	K	KONEPC
Macy Gray	I TRY	K	KONEPC
Madness	BAGGY TROUSERS	K	KONEPC
Madness	MY GIRL	K	KONEPC
Madonna	DON'T CRY FOR ME ARGENTINA (Dance mix)	K	KONEPC
Madonna	GET TOGETHER	K	KONEPC
Madonna	HOLIDAY	K	KONEPC
Madonna	LA ISLA BONITA	K	KONEPC
Madonna	LIKE A PRAYER	K	KONEPC
Madonna	LIKE A VIRGIN	K	KONEPC
Madonna	MATERIAL GIRL	K	KONEPC
Maija Vilkkumaa	EI	K	KONEPC
Maija Vilkkumaa	INGALSIN LAURA	K	KONEPC
Maija Vilkkumaa	KESÄ	K	KONEPC
Maija Vilkkumaa	LIIAN KAUAN	K	KONEPC
Maija Vilkkumaa	MUN ELÄMÄ	K	KONEPC
Maija Vilkkumaa	SATUMAA TANGO	K	KONEPC
Maija Vilkkumaa	TOTUUTTA JA TEHTÄVÄÄ	K	KONEPC
Maisa	RAKKAUDESTA LAULU	K	KONEPC
Mamba	VIE MUT LÄPI YÖN	K	KONEPC
Mamba	VIELÄ ON KESÄÄ JÄLJELLÄ	K	KONEPC
Mamba	ÄLÄ JÄTÄ MINUA	K	KONEPC
Manfred Mann	DOO WAH DIDDY	K	KONEPC
Mari Rantasila	AURINGOSSA	K	KONEPC
Mari Rantasila	JOTAIN OHI ON	K	KONEPC
Mari Rantasila	KUN TAAS SINUT NÄHDÄ SAAN	K	KONEPC
Mari Rantasila	VAIN RAKKAUS	K	KONEPC
Mariah Carey	LEAD THE WAY	K	KONEPC
Mariah Carey	SAY SOMETHIN'	K	KONEPC
Mariah Carey	WE BELONG TOGETHER	K	KONEPC
Mariah McKee	SHOW ME HEAVEN	K	KONEPC
Marie Osmond	PAPER ROSES	K	KONEPC
Marilii	SIIVILLÄIN LENNÄN	K	KONEPC
Marilyn Manson	SWEET DREAMS (ARE MADE OF THIS)	K	KONEPC
Marilyn Monroe	DIAMOND'S ARE A GIRLS BEST FRIENDS	K	KONEPC
Marion	EVIVA ESPANJA	K	KONEPC
Mariska	SINÄ PÄIVÄNÄ KUN SÄ LÄHDET	K	KONEPC
Mariska & Pahat Sudet	KUKKURUKUU	K	KONEPC
Mariska & Pahat Sudet	KUOLEMA ON KALAMIES	K	KONEPC
Mariska & Pahat Sudet	LIEKKI	K	KONEPC
Marita Taavitsainen	ANDRE	K	KONEPC
Marita Taavitsainen	KELLOT MOSKOVAN	K	KONEPC
Marita Taavitsainen	KULTAHIEKKAA	K	KONEPC
Marita Taavitsainen	RAKASTAN RAKASTAN RAKASTAN	K	KONEPC
Marita Taavitsainen	SUUDELMIA JA SHAMPANJAA	K	KONEPC
Marjorie	HUONE 213	K	KONEPC
Markku Aro	HYPPÄÄ TYTTÖ KYYTIIN	K	KONEPC
Markku Aro	HYVÄNNÄKÖINEN	K	KONEPC
Markku Aro	JESTAS SENTÄÄN	K	KONEPC
Markku Aro	KATSO LUONTOA JA HUOMAA	K	KONEPC
Markku Aro	KESTÄN MITÄ VAAN	K	KONEPC
Markku Aro	OO MIKÄ NAINEN	K	KONEPC
Markku Aro	YKSI HUURTEINEN	K	KONEPC
Markku Karjalainen	LÄÄHÄTÄN JA LÄKÄHDYN	K	KONEPC
Markku Suominen	SADE	K	KONEPC
Marko Tuovinen	SIELUNMAISEMAA	K	KONEPC
Markus Hultsi	KUIN GRANIITTIA	K	KONEPC
Markus Törmälä & FBI Beat	POHJOISTEN TUULIEN MAA	K	KONEPC
Maroon 5	MUST GET OUT	K	KONEPC
Maroon 5	SUNDAY MORNING	K	KONEPC
Martti Huuhaa Innanen	GUNNAR VIERASMAALAINEN	K	KONEPC
Martti Huuhaa Innanen	URJALAN TAIKAYÖ	K	KONEPC
Martti Servo & Napander	MIKÄ ON KUN EI TAIDOT RIITÄ	K	KONEPC
Marty Wilde	BAD BOY	K	KONEPC
Mary Chapin Carpenter	PASSIONATE KISSES	K	KONEPC
Mary Hopkins	THOSE WERE THE DAYS	K	KONEPC
Mary J Blige	NO MORE DRAMA	K	KONEPC
Mary Mary	SHACKLES	K	KONEPC
Mascara	ERITTÄIN HYVÄ (ELLEI TÄYDELLINEN)	K	KONEPC
Matchbox	ROCKABILLY REBEL	K	KONEPC
Matt Monro	IF I NEVER SING ANOTHER SONG	K	KONEPC
Matt Monro	WALK AWAY	K	KONEPC
Matti Esko	HYVÄÄ HUOMENTA SUOMI	K	KONEPC
Matti Esko	PIENI JA LÄMPÖINEN	K	KONEPC
Matti Esko	REISSUMIES	K	KONEPC
Matti Esko	YKSIN	K	KONEPC
Matti ja Teppo	AITO TUNNE	K	KONEPC
Matti ja Teppo	MISSÄ SITÄ OLLAAN OLTU	K	KONEPC
Matti ja Teppo	SÄ MINUT SYTTYMÄÄN SAAT	K	KONEPC
Matti Nykänen	ELÄMÄ ON LAIFFII	K	KONEPC
Matti Salminen	KULLAN YLISTYS	K	KONEPC
Matti Salminen	RIIPPAKOIVUN ALLA	K	KONEPC
Mavericks	DANCE THE NIGHT AWAY	K	KONEPC
MC Nikke T	JOS HALUU SAADA ON PAKKO ANTAA	K	KONEPC
McCartney & Jackson	EBONY AND IVORY	K	KONEPC
McFadden & Whitehead	AIN'T NO STOPPIN' US NOW	K	KONEPC
McFly	ALL ABOUT YOU	K	KONEPC
McGuire Sisters	SUGARTIME	K	KONEPC
Meat Loaf	BAT OUT OF HELL	K	KONEPC
Meat Loaf	PARADISE BY THE DASHBOARD LIGHTS	K	KONEPC
Mel C	I TURN TO YOU	K	KONEPC
Men at Work	DOWN UNDER	K	KONEPC
Merja Rantamäki	SINUN OMASI	K	KONEPC
Merseybeats	WISHIN' AND A HOPIN'	K	KONEPC
Michael Bolton	HOW AM I SUPPOSED TO LIVE WITHOUT YOU	K	KONEPC
Michael Buble	HOME	K	KONEPC
Michael Buble	SWAY	K	KONEPC
Michael Holiday	STARRY EYED	K	KONEPC
Michael Jackson	AIN'T NO SUNSHINE	K	KONEPC
Michael Jackson	HEAL THE WORLD	K	KONEPC
Michelle Branch & Santana	GAME OF LOVE	K	KONEPC
Mike & The Mechanics	THE LIVING YEARS	K	KONEPC
Mikko Alatalo	ANNA MULLE YKSI YÖ	K	KONEPC
Mikko Alatalo	IHMISEN IKÄVÄ TOISEN LUO	K	KONEPC
Mikko Alatalo	KÄNKKÄRÄNKKÄ	K	KONEPC
Mikko Alatalo	TYTÖT TAHTOO PITÄÄ HAUSKAA	K	KONEPC
Mikko Kuustonen	ENKELIT LENTÄÄ SUN UNIIN	K	KONEPC
Mikko Mäkeläinen & Myrskylyhty	EN OLE HÄN	K	KONEPC
Miley Cyrus	SEE YOU AGAIN	K	KONEPC
Miljoonasade	LAPSUUDEN SANKARILLE	K	KONEPC
Miljoonasade	MARRASKUU	K	KONEPC
Minnie Riperton	LOVING YOU	K	KONEPC
Mira Kunnasluoto	KUUMA SINKKU	K	KONEPC
Mira Kunnasluoto	MIEHENI	K	KONEPC
Modern English	I MELT WITH YOU	K	KONEPC
Mona Carita	KAUPUNGIN LAPSET	K	KONEPC
Mona Carita	MIKÄ FIILIS	K	KONEPC
Mona Carita	RASPUTIN	K	KONEPC
Mona Carita	SOITA MULLE	K	KONEPC
Mr Mister	BROKEN WINGS	K	KONEPC
Muddy Waters	GOT MY MOJO WORKING	K	KONEPC
Mungo Jerry	IN THE SUMMERTIME	K	KONEPC
Muska	JOHNNY B GOODE	K	KONEPC
Muska	KIRJOITA POSTIKORTTIIN	K	KONEPC
Muska	KROKOTIILIROCK	K	KONEPC
Mutkattomat	JÄTKÄN HUMPPA	K	KONEPC
Mötley Crüe	GIRLS GIRLS GIRLS	K	KONEPC
Mötley Crüe	SHOUT AT THE DEVIL	K	KONEPC
Mötley Crüe	SMOKING IN THE BOYS ROOM	K	KONEPC
Nancy Sinatra	THESE BOOTS ARE MADE FOR WALKING	K	KONEPC
Nasma Team	VILLI YÖ	K	KONEPC
Nat King Cole	LET'S FACE THE MUSIC AND DANCE	K	KONEPC
Natalie Imbruglia	TORN	K	KONEPC
Ne Luumäet	ONNELLINEN PERHE	K	KONEPC
Neil Diamond	BROTHER LOVE'S TRAVELING SALVATION SHOW	K	KONEPC
Neil Diamond	CRACKLIN' ROSIE	K	KONEPC
Neil Diamond	KENTUCKY WOMAN	K	KONEPC
Neil Diamond	LOVE ON THE ROCKS	K	KONEPC
Neil Diamond	SONG SUNG BLUE	K	KONEPC
Neil Diamond	SWEET CAROLINE	K	KONEPC
Neil Diamond	THE GRASS WON'T PAY NO MIND	K	KONEPC
Neil Young	ALL TIME LOVE	K	KONEPC
Neil Young	EVERGREEN	K	KONEPC
Neil Young	HARVEST MOON	K	KONEPC
Neil Young	HEART OF GOLD	K	KONEPC
Neil Young	WHO AM I	K	KONEPC
Neljä Baritonia	POP MUSIIKKIA	K	KONEPC
Neljä Ruusua	ELÄN VAIN KERRAN	K	KONEPC
Neljä Ruusua	HUNNINGOLLA	K	KONEPC
Neljä Ruusua	JUPPIHIPPIPUNKKARI	K	KONEPC
Neljä Ruusua	KATKERA KUU	K	KONEPC
Neljä Ruusua	MISSÄ VAAN	K	KONEPC
Neljä Ruusua	POPLAULAJAN VAPAAPÄIVÄ	K	KONEPC
Neljä Ruusua	SEITSEMÄN PÄIVÄÄ SELVINPÄIN	K	KONEPC
Neljä Ruusua	VALUVA TAIVAS	K	KONEPC
Neljänsuora	JULIA	K	KONEPC
Neljänsuora	LÖYTÄJÄ SAA PITÄÄ	K	KONEPC
Neljänsuora	MANSIKKAA JA VALKOAPILAA	K	KONEPC
Neljänsuora	MUSTA TUNTUU	K	KONEPC
Neljänsuora	VALTAVA MAAILMA	K	KONEPC
Neljänsuora ft Suvi Teräsniska	TÄÄVALSSI	K	KONEPC
Nelly Furtado	MANEATER	K	KONEPC
Neon 2	EI YKSINÄINEN UNTA SAA	K	KONEPC
Neon 2	KEMIAA	K	KONEPC
Neon 2	POLKU	K	KONEPC
Neon 2	TÄSSÄ TALOSSA	K	KONEPC
Nerdee	BROKEN GLASS	K	KONEPC
New Order	BLUE MONDEY	K	KONEPC
New Seekers	BEG STEAL OR BORROW	K	KONEPC
Nick Lowe	I KNEW THE BRIDE	K	KONEPC
Nickelback	HOW YOU REMIND ME	K	KONEPC
Nickelback	ROCKSTAR	K	KONEPC
Nightwish	NEMO	K	KONEPC
Niina Päivänurmi	RANNALLA TUULEE	K	KONEPC
Nirvana	SMELLS LIKE TEEN SPIRIT	K	KONEPC
No Doubt	COME ON EILEEN	K	KONEPC
No Doubt	DON'T SPEAK	K	KONEPC
Norah Jones	COME AWAY WITH ME	K	KONEPC
Norah Jones	DON'T KNOW WHY	K	KONEPC
Norman Greenbaum	SPIRIT IN THE SKY	K	KONEPC
Nylon Beat	12 APINAA	K	KONEPC
Nylon Beat	ANNA MULLE	K	KONEPC
Nylon Beat	ANNA MULLE	K	KONEPC
Nylon Beat	KEVYTLINJA	K	KONEPC
Nylon Beat	SANOJA	K	KONEPC
Nylon Beat	SEKSI VIE JA TAKSI TUO	K	KONEPC
Nylon Beat	TEFLONLOVE	K	KONEPC
Nylon Beat	VIIMEINEN	K	KONEPC
Oasis	CHAMPAGNE SUPERNOVA	K	KONEPC
Oasis	DON'T LOOK BACK IN ANGER	K	KONEPC
Oasis	LYLA	K	KONEPC
Oasis	WONDERWALL	K	KONEPC
Olavi Uusivirta	KAKEN JÄLKEEN OLET KAUNIS	K	KONEPC
Olavi Uusivirta	ME EI KUOLLA KOSKAAN	K	KONEPC
Olavi Uusivirta	NUORUUS	K	KONEPC
Olavi Uusivirta	ON NIIN HELPPO OLLA ONNELLINEN	K	KONEPC
Olavi Uusivirta	TIET ETÄISYYKSIIN	K	KONEPC
Olavi Uusivirta	TUU MUN VAIMOKSEIN	K	KONEPC
Olavi Virta	HOPEINEN KUU	K	KONEPC
Olavi Virta	KUN ILTA EHTII	K	KONEPC
Olavi Virta	MUSTASUKKAISUUTTA	K	KONEPC
Olavi Virta	PUNATUKKAISELLE TYTÖLLENI	K	KONEPC
Olavi Virta	SININEN HUVIMAJA	K	KONEPC
Olavi Virta	TANGO DESIREE	K	KONEPC
Olivia Newton John	HOPELESSLY DEVOTED TO YOU	K	KONEPC
OneRepublic	STOP & STARE	K	KONEPC
Otis Redding	DOCK OF THE BAY	K	KONEPC
Paradise Oskar	DA DA DAM	K	KONEPC
Pariisin Kevät	KESÄYÖ	K	KONEPC
Pariisin Kevät	ODOTUS	K	KONEPC
Pariisin Kevät	SAARI	K	KONEPC
Partridge Family	I THINK I LOVE YOU	K	KONEPC
Pat Benatar	HIT ME WITH YOUR BEST SHOT	K	KONEPC
Pat Boone	DON'T FORBID ME	K	KONEPC
Pate Mustajärvi	AJAN PÄIVIN AJAN ÖIN	K	KONEPC
Patsy Cline	CRAZY	K	KONEPC
Patsy Cline	I FALL TO PIECES	K	KONEPC
Patsy Cline	WALKING AFTER MIDNIGHT	K	KONEPC
Patti Smith	BECAUSE THE NIGHT	K	KONEPC
Paul Anka	LONELY BOY	K	KONEPC
Paul McCartney	MULL OF KINTYRE	K	KONEPC
Paul Peter & Mary	LEAVING ON A JET PLANE	K	KONEPC
Paula Koivuniemi	AIKUINEN NAINEN	K	KONEPC
Paula Koivuniemi	HEI BUANANOTTE	K	KONEPC
Paula Koivuniemi	ILMAN MINUA	K	KONEPC
Paula Koivuniemi	KAIKEN ANTANUT	K	KONEPC
Paula Koivuniemi	KAIKKEIN KAUNEINTA	K	KONEPC
Paula Koivuniemi	KUKA PELKÄÄ PAULAA	K	KONEPC
Paula Koivuniemi	KUN KUUNTELEN TOMPPAA	K	KONEPC
Paula Koivuniemi	LUOTAN SYDÄMEN ÄÄNEEN	K	KONEPC
Paula Koivuniemi	PAULAPOTPURI	K	KONEPC
Paula Koivuniemi	QUEEN	K	KONEPC
Paula Koivuniemi	SATA KESÄÄ TUHAT YÖTÄ	K	KONEPC
Paula Koivuniemi	SEN SIKSI TEIN	K	KONEPC
Paula Koivuniemi	TUMMAT SILMÄT RUSKEA TUKKA	K	KONEPC
Pauli Hanhiniemi	YKSINKERTAISTA	K	KONEPC
Pauli Räsänen	KOTKAN RUUSU	K	KONEPC
Pave Maijanen	LÄHTISITKÖ	K	KONEPC
Peer Günt	BACKSEAT	K	KONEPC
Peggy Lee	FEVER	K	KONEPC
Pekka Ruuska	RAFAELIN ENKELI	K	KONEPC
Pelle Miljoona	JUOKSE VILLI LAPSI	K	KONEPC
Pelle Miljoona	MOOTTORITIE ON KUUMA	K	KONEPC
Percy Sledge	WHEN A MAN LOVES A WOMAN	K	KONEPC
Perry Como	DELAWARE	K	KONEPC
Pet Shop Boys	MIRACLES	K	KONEPC
Pet Shop Boys	WEST END GIRLS	K	KONEPC
Petri Laaksonen	TÄÄLLÄ POHJANTÄHDEN ALLA	K	KONEPC
Petri Munck	LEVOTON PRINSSI	K	KONEPC
Petri Munck	PYSTYTKÖ LUPAAMAAN	K	KONEPC
Petula Clark	DOWNTOWN	K	KONEPC
Phil Collins	DON'T LET HIM STEAL YOUR HEART AWAY	K	KONEPC
Phil Collins	GROOVY KIND OF LOVE	K	KONEPC
Phoebe Snow	SOMETHING REAL	K	KONEPC
Pink	STUPID GIRLS	K	KONEPC
Pink	WHO KNEW	K	KONEPC
Pink Floyd	ANOTHER BRICK IN THE WALL	K	KONEPC
PistePiste	ELÄN SUT UUDESTAAN	K	KONEPC
PJ Broby	MARIA	K	KONEPC
Plain White T's	HEY THERE DELILAH	K	KONEPC
PMMP	HELIUMPALLO	K	KONEPC
PMMP	HENKILÖKOHTAISESTI	K	KONEPC
PMMP	JEESUS EI TULE OLETKO VALMIS	K	KONEPC
PMMP	KOKO SHOW	K	KONEPC
PMMP	MATKALAULU	K	KONEPC
PMMP	OO SIELLÄ JOSSAIN MUN	K	KONEPC
PMMP	PAHVINAAMARI	K	KONEPC
PMMP	PIKKUVELI	K	KONEPC
PMMP	PÄIVÄKOTI	K	KONEPC
PMMP	RAKKAALLENI	K	KONEPC
PMMP	RUSKETUSRAIDAT	K	KONEPC
PMMP	TYTÖT	K	KONEPC
PMMP	TÄSSÄ ELÄMÄ ON	K	KONEPC
Poison	EVERY ROSE HAS IT'S THORN	K	KONEPC
Poison	TALK DIRTY TO ME	K	KONEPC
Poju	POIKA (SAUNOO)	K	KONEPC
Popeda	KAASUA KOMISAARIO PEPPONE	K	KONEPC
Popeda	KAKSKYTÄ CENTTIÄ	K	KONEPC
Popeda	KERSANTTI KAROLIINA	K	KONEPC
Popeda	KUUMA KESÄ	K	KONEPC
Popeda	MATKALLA ALABAMAAN	K	KONEPC
Popeda	MÖRRI MÖYKKY	K	KONEPC
Popeda	SUKSET	K	KONEPC
Pretenders	BACK ON THE CHAIN GANG	K	KONEPC
Prince	MOST BEAUTIFUL GIRL	K	KONEPC
Prince	PURPLE RAIN	K	KONEPC
Problems	KATUPOIKIEN LAULU	K	KONEPC
Procol Harum	A WHITER SHADE OF PALE	K	KONEPC
Puff Daddy & Faith Evans	I'LL BE MISSING YOU	K	KONEPC
Pulp	COMMON PEOPLE	K	KONEPC
Puolikuu	HÄMÄRÄÄN HUONEESEEN	K	KONEPC
Puolikuu	NYT LOPPUU TODELLISUUS	K	KONEPC
Puolikuu	VIIMEISET VIISI KILOMETRIÄ	K	KONEPC
Puolikuu	ÄLÄ OLE HELLÄ	K	KONEPC
Pussycat Dolls	BEEP	K	KONEPC
Pussycat Dolls	BUTTONS	K	KONEPC
Päivi Kautto-Niemi	SUORAAN SUONEEN	K	KONEPC
Päivi Lepistö	EN KAIPAA SUA	K	KONEPC
Päivi Paunu	OI NIITÄ AIKOJA	K	KONEPC
Queen	BOHEMIAN RHAPSODY	K	KONEPC
Queen	CRAZY LITTLE THING CALLED LOVE	K	KONEPC
Queen	I'M GOING SLIGHTLY MAD	K	KONEPC
Queen	WE ARE THE CHAMPIONS	K	KONEPC
Queen	WE WILL ROCK YOU	K	KONEPC
Raappana	KAUAS POIS	K	KONEPC
Raggars	UNIHIEKKAA (NUKKUMATTI)	K	KONEPC
Raimo Piipponen & Tulipunaruusut	HÄKKILINTU	K	KONEPC
Rainer Friman	EHKÄ JÄLLEEN	K	KONEPC
Rainer Friman	LINNUT	K	KONEPC
Rainer Friman	VIRTA VIE VIRTA TUO	K	KONEPC
Randy Crawford	STREET LIFE	K	KONEPC
Raptori	OI BEIBI	K	KONEPC
Rauli Badding Somerjoki	FIILATEN JA HÖYLÄTEN	K	KONEPC
Rauli Badding Somerjoki	IKKUNAPRINSESSA	K	KONEPC
Rauli Badding Somerjoki	JYKEVÄÄ ON RAKKAUS	K	KONEPC
Rauli Badding Somerjoki	LAIVAT	K	KONEPC
Rauli Badding Somerjoki	NUORI RAKKAUS	K	KONEPC
Rauli Badding Somerjoki	PARATIISI	K	KONEPC
Rauli Badding Somerjoki	VALOT	K	KONEPC
Ray Charles	I GOTTA WOMAN	K	KONEPC
Ray Charles & Elton john	SORRY SEEMS TO BE THE HARDEST WORD	K	KONEPC
Ray Price	FOR THE GOOD TIMES	K	KONEPC
Real Thong	YOU TO ME ARE EVERYTHING	K	KONEPC
Red Hot Chili Peppers	DANI CALIFORNIA	K	KONEPC
Reijo Taipale	ELÄMÄN PARKETILLA	K	KONEPC
Reijo Taipale	JAKSAA VANHAKIN TANSSIA	K	KONEPC
Reijo Taipale	OLIT TÄYSIKUU	K	KONEPC
Reijo Taipale	ONNEN MAA	K	KONEPC
Reijo Taipale	RAKKAUSKIRJE	K	KONEPC
Reijo Taipale	RYTMI SAMA SYDÄNTEN	K	KONEPC
Reijo Taipale	SATUMAA	K	KONEPC
Reijo Taipale	SOITTAJAN KAIPUU	K	KONEPC
Reijo Taipale	SYDÄMET LYÖVÄT SAMAAN TAHTIIN	K	KONEPC
Reijo Viita	HAAVEITA TANSSILAVAN LUONA	K	KONEPC
REM	EVERYBODY HURTS	K	KONEPC
REM	LOSING MY RELIGION	K	KONEPC
Ressu Redford	EN VOI SUA OMISTAA	K	KONEPC
Ressu Redford	JOS VIELÄ OOT VAPAA	K	KONEPC
Ressu Redford	KUUSI KUUTA JA SATURNUKSEN RENKAAT	K	KONEPC
Ressu Redford	ÄLÄ MEE	K	KONEPC
Ressu Redford & Jussi Rainio	KATARIINA	K	KONEPC
Ressu Redford & Jussi Rainio	PIENIÄ POLKUJA	K	KONEPC
Richard Marx	HAZARD	K	KONEPC
Richard Marx	RIGHT HERE WAITING	K	KONEPC
Rick Astley	NEVER GONNA GIVE YOU UP	K	KONEPC
Ricky Martin	LIVIN' LA VIDA LOCA	K	KONEPC
Ricky Nelson	HELLO MARY LOU	K	KONEPC
Ricky Nelson	SOMEDAY	K	KONEPC
Right Said Fred	I'M TOO SEXY	K	KONEPC
Rihanna	SOS (RESCUE ME)	K	KONEPC
Rihanna	UNFAITHFULL	K	KONEPC
Riki Sorsa	REGGAE OK	K	KONEPC
Ringo Starr	YOU'RE SIXTEEN	K	KONEPC
Rita Coolidge	I'D RATHER LEAVE WHILE I'M IN LOVE	K	KONEPC
Ritchie Valens	LA BAMBA (spa)	M_U	KONEPC
RKelly	I BELIEVE I CAN FLY	K	KONEPC
Rob Thomas	LONELY NO MORE	K	KONEPC
Robbie Williams	ANGELS	K	KONEPC
Robbie Williams	LOVE SOMEBODY	K	KONEPC
Robbie Williams	MILLENIUM	K	KONEPC
Robbie Williams	MISUNDERSTOOD	K	KONEPC
Robbie Williams	ROAD TO MANDALAY	K	KONEPC
Robbie Williams	SHE'S THE ONE	K	KONEPC
Robbie Williams	SIN SIN SIN	K	KONEPC
Robbie Williams	SOMETHING BEAUTIFUL	K	KONEPC
Robbie Williams & Nicole Kidman	SOMETHING STUPID	K	KONEPC
Robert Palmer	ADDICTED TO LOVE	K	KONEPC
Robert Palmer	SIMPLY IRRESISTABLE	K	KONEPC
Roberta Flack	FIRST TIME EVER I SAW YOUR FACE	K	KONEPC
Robin	FRONTSIDE OLLIE	K	KONEPC
Robin	PUUTTUVA PALANEN	K	KONEPC
Robson & Jerome	I BELIEVE	K	KONEPC
Rockin' Berries	HE'S IN TOWN	K	KONEPC
Rocky Horror	TIMEWARP	K	KONEPC
Rod Stewart	DO YA THINK I'M SEXY	K	KONEPC
Rod Stewart	FAITH OF THE HEART	K	KONEPC
Rod Stewart	MAGGIE MAY	K	KONEPC
Roger Miller	KING OF THE ROAD	K	KONEPC
Roger Whittaker	I DON'T BELIEVE IN IF ANYMORE	K	KONEPC
Roger Whittaker	THE LAST FAREWELL	K	KONEPC
Ronan Keating	ALL OVER AGAIN	K	KONEPC
Ronan Keating	IF TOMORROW NEVER COMES	K	KONEPC
Ronan Keating	LIFE IS A ROLLERCOASTER	K	KONEPC
Ronan Keating	WHEN YOU SAY NOTHING AT ALL	K	KONEPC
Ronettes	BE MY BABY	K	KONEPC
Roxette	SLEEPING IN MY CAR	K	KONEPC
Roy Orbison	CRYING	K	KONEPC
Roy Orbison	OH PRETTY WOMAN	K	KONEPC
Roy Orbison	SHE'S A MYSTERY TO ME	K	KONEPC
Saija Varjus	KAURIINMETSÄSTÄJÄ	K	KONEPC
Saija Varjus	KUISKATEN	K	KONEPC
Sakari Kuosmanen	PIENI SYDÄN	K	KONEPC
Sami Saari	AINUTKERTAINEN	K	KONEPC
Sami Saari	ONNEN KYYNELEET	K	KONEPC
Sammy Babitzin	DAA DA DAA DA	K	KONEPC
Samuli Edelmann	EI MITÄÄN HÄTÄÄ	K	KONEPC
Samuli Edelmann	KAIKKI TAHTOO	K	KONEPC
Samuli Edelmann	PEGGY	K	KONEPC
Samuli Edelmann	TÄHTIPÖLYÄ	K	KONEPC
Samuli Edelmann & Sani	TUHAT YÖTÄ	K	KONEPC
Sandie Shaw	PUPPET ON A STRING	K	KONEPC
Sanna Mäkelä	JARNO	K	KONEPC
Sanni	JOS MÄ OON OIKEE	K	KONEPC
Sanni	PRINSESSOJA JA ASTRONAUTTEJA	K	KONEPC
Santana ft Rob Thomas	SMOOTH	K	KONEPC
Sara Bareilles	LOVE SONG	K	KONEPC
Saska Helmikallio	MIKÄ SAIS SUT KANSSAIN LÄHTEMÄÄN	K	KONEPC
Sauli Lehtonen	MUN AIKA MENNÄ ON	K	KONEPC
S-Club 7	DON'T STOP MOVIN'	K	KONEPC
S-Club 7	REACH	K	KONEPC
Scorpions	NO ONE LIKE YOU	K	KONEPC
Scorpions	ROCK YOU LIKE A HURRICANE	K	KONEPC
Seal	KISS FROM A ROSE	K	KONEPC
Sean Paul	GIMME THE LIGHT	K	KONEPC
Searchers	NEEDLES AND PINS	K	KONEPC
Searchers	SWEETS FOR MY SWEET	K	KONEPC
Seija Karpiomaa	TANGO NOTTURNO	K	KONEPC
Seija Simola	ET ITKEÄ SAA ARGENTIINA	K	KONEPC
Seitsemän Seinähullua Veljestä	BANAANIA POSKEEN	K	KONEPC
Sex Pistols	ANARCHY IN THE UK	K	KONEPC
Shaggy	ANGEL	K	KONEPC
Shaggy	OH CAROLINA	K	KONEPC
Shakin' Stevens	THIS 'OLE HOUSE	K	KONEPC
Shakira	HIPS DON'T LIE	K	KONEPC
Shandi Thom	I WISH I WAS A PUNK ROCKER	K	KONEPC
Shania Twain	LOVE GETS ME EVERY TIME	K	KONEPC
Shania Twain	YOU'RE STILL THE ONE	K	KONEPC
Shania Twain & Brian White	FROM THIS MOMENT ON	K	KONEPC
Shannon	LET THE MUSIC PLAY	K	KONEPC
Sheidi	BE BOP A LULA	K	KONEPC
Shelly Fabares	JOHNNY ANGEL	K	KONEPC
Sheryl Crow	THE FIRST CUT IS THE DEEPEST	K	KONEPC
Shirley Bassey	BIG SPENDER	K	KONEPC
Shirley Bassey	CLIMP EVERY MOUNTAIN	K	KONEPC
Shirley Bassey	YOU'LL NEVER KNOW	K	KONEPC
Showaddywaddy	DANCIN' PARTY	K	KONEPC
Showaddywaddy	PRETTY LITTLE ANGEL EYES	K	KONEPC
Showaddywaddy	THREE STEPS TO HEAVEN	K	KONEPC
Showaddywaddy	UNDER THE MOON OF LOVE	K	KONEPC
Sick Puppies	ALL THE SAME	K	KONEPC
Sielun Veljet	PELTIRUMPU	K	KONEPC
SIG	ÄLÄ SINÄ HUOLI	K	KONEPC
Siiri Nordin	SYDÄMENI OSUMAN SAI	K	KONEPC
Simo Salminen	PORNOLAULU	K	KONEPC
Simon & Garfunkel	BRIDGE OVER TROUBLED WATER	K	KONEPC
Simon & Garfunkel	MRS ROBINSON	K	KONEPC
Simple Minds	ALIVE AND KICKING	K	KONEPC
Simple Minds	DON'T YOU (FORGET ABOUT ME)	K	KONEPC
Simply Red	HOLDING BACK THE YEARS	K	KONEPC
Simply Red	IF YOU DON'T KNOW ME BY NOW	K	KONEPC
Simply Red	STARS	K	KONEPC
Sinead O'Connor	NOTHING COMPARES 2 U	K	KONEPC
Sini Sabotage	LEVIKSET REPEE	K	KONEPC
Sisquo	THONG SONG	K	KONEPC
Sister Sledge	WE ARE FAMILY	K	KONEPC
Sleepy Sleepers	KUKA MITÄ HÄH	K	KONEPC
Sleepy Sleepers	VÄINÖ	K	KONEPC
Sly and The Family Stone	THANK YOU (FALETTINME BE MICE ELF AGIN)	K	KONEPC
Smokie	LIVING NEXT DOOR TO ALICE	K	KONEPC
Soft Cell	TAINTED LOVE	K	KONEPC
Solistiyhtye Suomi	KAKSI KOLPAKKOA NEITI	K	KONEPC
Sonja Lumme	ELÄKÖÖN ELÄMÄ	K	KONEPC
Sonny & Cher	I GOT YOU BABE	K	KONEPC
Sophie Ellis-Bextor	MURDER ON THE DANCEFLOOR	K	KONEPC
Souvarit	AMORE MIO	K	KONEPC
Souvarit	IHMISMIELI HAAVEILEE AINA ONNESTAAN	K	KONEPC
Souvarit	JOUTSENEN PIILOPAIKKA	K	KONEPC
Souvarit	JÄTKÄN LAUANTAI	K	KONEPC
Souvarit	JÄTKÄN LAULU YHÄ SOI	K	KONEPC
Souvarit	JÄTÄT JÄLKEESI VAIN KYYNELEET	K	KONEPC
Souvarit	JÄÄKUKKA SILMISSÄ	K	KONEPC
Souvarit	KAAMOKSEN KUKKA	K	KONEPC
Souvarit	KAKSITOISTA KURKEA	K	KONEPC
Souvarit	KAUNEIMMAT RUUSUT	K	KONEPC
Souvarit	KOLME RUUSUA	K	KONEPC
Souvarit	KUIN HAWAJILLA	K	KONEPC
Souvarit	KULTAMAA	K	KONEPC
Souvarit	KYLMÄN KUKKA	K	KONEPC
Souvarit	LAPIN VALSSI	K	KONEPC
Souvarit	LAULAJAN TIE	K	KONEPC
Souvarit	LUMIKUKKIEN MAA	K	KONEPC
Souvarit	LUMIPERHONEN	K	KONEPC
Souvarit	LUODUT TOISILLEEN	K	KONEPC
Souvarit	NUO TUMMAT SILMÄT	K	KONEPC
Souvarit	OOTIN NIIN	K	KONEPC
Souvarit	OOTIN NIIN	K	KONEPC
Souvarit	PARIISEJA	K	KONEPC
Souvarit	RAKKAUS LAPPIIN	K	KONEPC
Souvarit	SE ONKO OIKEIN	K	KONEPC
Souvarit	SINISENÄ LINTUNA HALUAISIN LENTÄÄ	K	KONEPC
Souvarit	SÄ ETHÄN KOSKAAN UNOHDA	K	KONEPC
Souvarit	TUHANNEN TÄHDEN HOTELLI	K	KONEPC
Souvarit	TÄHTIYÖ JA KUUTAMO	K	KONEPC
Souvarit	TÄÄ PÄIVÄ HÄÄPÄIVÄ	K	KONEPC
Souvarit	VÄLIÄKÖS SILLÄ SITTEN ON	K	KONEPC
Spandau Ballet	GOLD	K	KONEPC
Spandau Ballet	TRUE	K	KONEPC
Spencer Davis Group	GIMME SOME LOVING	K	KONEPC
Spencer Davis Group	KEEP ON RUNNING	K	KONEPC
Spice Girls	STOP	K	KONEPC
Spice Girls	WANNABE	K	KONEPC
Stacy Orrico	STUCK	K	KONEPC
Starship	NOTHING'S GONNA STOP US NOW	K	KONEPC
Stella	AAMUN KUISKAUS	K	KONEPC
Stella	HÄÄVALSSI	K	KONEPC
Stella	PISTE	K	KONEPC
Stella	TOTUUDEN HENKI	K	KONEPC
Steppenwolf	BORN TO BE WILD	K	KONEPC
Steps	TRAGEDY	K	KONEPC
Stereophonics	SUPERMAN	K	KONEPC
Steve Harley & Cockney Rebel	MAKE ME SMILE (COME UP AND SEE ME)	K	KONEPC
Steve Lawrence	FOOTSTEPS	K	KONEPC
Stevie Wonder	I JUST CALLED TO SAY I LOVE YOU	K	KONEPC
Stig	PUUMAA MÄ METSÄSTÄN	K	KONEPC
Stig	RYYPPY	K	KONEPC
Stig	RYYPPY HEVOSHULLU REMIX	K	KONEPC
Stranglers	SKIN DEEP	K	KONEPC
Stranglers	SOMETHING BETTER CHANGE	K	KONEPC
Styx	BABE	K	KONEPC
Styx	LADY	K	KONEPC
Styx	TOO MUCH TIME ON MY HANDS	K	KONEPC
Sugababes	FOLLOW ME HOME	K	KONEPC
Sugababes	IN THE MIDDLE	K	KONEPC
Suomen Idols	TUULET PUHALTAA	K	KONEPC
Survivor	EYE OF THE TIGER	K	KONEPC
Suurlähettiläät	ELOKUUN 11	K	KONEPC
Suurlähettiläät	KUN TÄNÄÄN LÄHDEN	K	KONEPC
Suurlähettiläät	PITÄÄXUNAINA	K	KONEPC
Suvi Teräsniska	EN SAANUT SUA PILVIIN	K	KONEPC
Suvi Teräsniska	ENKELILLE	K	KONEPC
Suvi Teräsniska	HÄN TANSSI KANSSA ENKELEIDEN	K	KONEPC
Suvi Teräsniska	JOS MIKÄÄN EI RIITÄ	K	KONEPC
Suvi Teräsniska	KIERTOLAINEN	K	KONEPC
Suvi Teräsniska	PAHALTA PIILOSSA	K	KONEPC
Suvi Teräsniska	PETTÄVÄLLÄ JÄÄLLÄ	K	KONEPC
Suvi Teräsniska	RAKKAUS ON LUMIVALKOINEN	K	KONEPC
Suvi Teräsniska	TYHJÄSSÄ HUONEESSA	K	KONEPC
Suvi Teräsniska	TÄYDELLINEN ELÄMÄ	K	KONEPC
Suvi Teräsniska & Olli Lindholm	SÄRKYVÄÄ	K	KONEPC
Swing Out Sister	YOU ON MY MIND	K	KONEPC
Taiska	MOI MOI VAAN	K	KONEPC
Taiska	MOMBASA	K	KONEPC
Taisto Tammi	KULTAISET KORVARENKAAT	K	KONEPC
Take That	BACK FOR GOOD	K	KONEPC
Tamara Lund	ITKE EN LEMMEN TÄHDEN	K	KONEPC
Tammy Wynette	STAND BY YOUR MAN	K	KONEPC
Tammy Wynette	YOUR GOOD GIRLS GONNA GO BAD	K	KONEPC
Tams	HEY GIRL DON'T BOTHER ME	K	KONEPC
Tapani Kansa	DELILAH	K	KONEPC
Tapani Kansa	HÄN ON NAINEN	K	KONEPC
Tapani Kansa	KUINKA RAKKAUS ALKOI	K	KONEPC
Tapani Kansa	R A K A S	K	KONEPC
Tapani Kansa	ROKKIVAARI HOTANEN	K	KONEPC
Tapani Kansa	VEIKKO NIEMINEN	K	KONEPC
Tapani Kansa	ÄIDIN PIKKUPOIKA	K	KONEPC
Tapio Rautavaara	KORTTIPAKKA	K	KONEPC
Tapio Rautavaara	PÄIVÄNSÄDE JA MENNINKÄINEN	K	KONEPC
Tarja Lunnas	OON RAKASTUNUT	K	KONEPC
Tarja Lunnas	PARIISIN KUU	K	KONEPC
Tarja Lunnas	SALAMOI	K	KONEPC
Tarja Lunnas	SEINE	K	KONEPC
TATU	NOT GONNA GET US	K	KONEPC
Tauski Peltonen	OLE SINÄ MINUN	K	KONEPC
Tauski Peltonen	SINÄ VAIN	K	KONEPC
Tavaramarkkinat	KEVÄT	K	KONEPC
Taxi	DOLLAR WINE	K	KONEPC
Tea	TYTÖT TYKKÄÄ	K	KONEPC
Tears For Fears	EVERYBODY WANTS TO RULE THE WORLD	K	KONEPC
Tehosekoitin	ASFALTTI POLTTAA	K	KONEPC
Tehosekoitin	PILLITÄ ELLI PILLITÄ	K	KONEPC
Tehosekoitin	PYYDÄ TÄHDET TAIVAALTA	K	KONEPC
Tehosekoitin	VALONKANTAJA	K	KONEPC
Teleks	KAUNEIN KAIKISTA	K	KONEPC
Teleks	TUULILASIN NURKKAAN	K	KONEPC
Teleks	TYTTÖ JOKA KATSOO MERELLE	K	KONEPC
Temptations	MY GIRL	K	KONEPC
Tenacious D	TRIBUTE	K	KONEPC
Terence Trent D'Arby	SIGN YOUR NAME	K	KONEPC
Teräsbetoni	TAIVAS LYÖ TULTA	K	KONEPC
Teuvo Valo	PUUSEPPÄ	K	KONEPC
Texas Lighting	NO NO NEVER	K	KONEPC
The Animals	HOUSE OF THE RISING SUN	K	KONEPC
The Bay City Rollers	I ONLY WANT TO BE WITH YOU	K	KONEPC
The Bay City Rollers	SHANG A LANG	K	KONEPC
The Bay City Rollers	THE BUMB	K	KONEPC
The Beach Boys	GOOD VIBRATIONS	K	KONEPC
The Beach Boys	SURFIN' USA	K	KONEPC
The Beatles	A HARD DAYS NIGHT	K	KONEPC
The Beatles	BACK IN THE USSR	K	KONEPC
The Beatles	EIGHT DAYS A WEEK	K	KONEPC
The Beatles	HELP!	K	KONEPC
The Beatles	HEY JUDE	K	KONEPC
The Beatles	LET IT BE	K	KONEPC
The Beatles	SHE LOVES YOU	K	KONEPC
The Beatles	TICKET TO RIDE	K	KONEPC
The Beatles	TWIST & SHOUT	K	KONEPC
The Beatles	YESTERDAY	K	KONEPC
The Bee Gees	HOW DEEP IS YOUR LOVE	K	KONEPC
The Bee Gees	NIGHT FEVER	K	KONEPC
The Bee Gees	STAYIN' ALIVE	K	KONEPC
The Bee Gees	YOU SHOULD BE DANCING	K	KONEPC
The Blues Brothers	EVERYBODY NEEDS SOMEBODY	K	KONEPC
The Blues Brothers	MINNIE THE MOOCHER	K	KONEPC
The Blues Brothers	SOUL MAN	K	KONEPC
The Byrds	MR TAMBOURINE MAN	K	KONEPC
The Captain & Tennille	LOVE WILL KEEP US TOGETHER	K	KONEPC
The Clash	ROCK THE CASBAH	K	KONEPC
The Clash	SHOULD I STAY OR SHOULD I GO	K	KONEPC
The Crystals	THEN HE KISSED ME	K	KONEPC
The Doors	HELLO I LOVE YOU	K	KONEPC
The Doors	LIGHT MY FIRE	K	KONEPC
The Eagles	HOTEL CALIFORNIA	K	KONEPC
The Eagles	LYIN' EYES	K	KONEPC
The Farm	ALL TOGETHER NOW	K	KONEPC
The Fugees	KILLING ME SOFTLY	K	KONEPC
The Hollies	I CAN'T TELL THE BOTTOM FROM THE TOP	K	KONEPC
The Kinks	YOU REALLY GOT ME	K	KONEPC
The Mamas & The Papas	CALIFORNIA DREAMIN'	K	KONEPC
The Mamas & The Papas	DREAM A LITTLE DREAM OF ME	K	KONEPC
The Mamas & The Papas	MONDAY MONDAY	K	KONEPC
The Monkees	DAYDREAM BELIEVER	K	KONEPC
The Monkees	I'M A BELIEVER	K	KONEPC
The Platters	SMOKE GETS IN YOUR EYES	K	KONEPC
The Playboy Band	JUDY IN DISGUISE	K	KONEPC
The Pointer Sisters	I'M SO EXCITED	K	KONEPC
The Police	EVERY BREATH YOU TAKE	K	KONEPC
The Police	MESSAGE IN A BOTTLE	K	KONEPC
The Rasmus	F F F FALLING	K	KONEPC
The Rasmus	IN MY LIFE	K	KONEPC
The Rasmus	IN THE SHADOWS	K	KONEPC
The Righteous Brothers	UNCHAINED MELODY	K	KONEPC
The Righteous Brothers	YOU'VE LOST THAT LOVIN' FEELING	K	KONEPC
The Rolling Stones	BROWN SUGAR	K	KONEPC
The Rolling Stones	HONKYTONK WOMEN	K	KONEPC
The Rolling Stones	IT'S ONLY ROCK'N ROLL	K	KONEPC
The Rolling Stones	JUMPIN' JACK FLASH	K	KONEPC
The Rolling Stones	SATISFACTION	K	KONEPC
The Supremes	BABY LOVE	K	KONEPC
The Supremes	STOP IN THE NAME OF LOVE	K	KONEPC
The Supremes	WHERE DID OUR LOVE GO	K	KONEPC
The Turtles	ELENORE	K	KONEPC
The Whispers	IT'S A LOVE THING	K	KONEPC
The Who	MY GENERATION	K	KONEPC
Tiktak	HEILUTAAN	K	KONEPC
Tiktak	KYYNELEET	K	KONEPC
Tiktak	LOPETA	K	KONEPC
Tiktak	MINNE VAAN	K	KONEPC
Tiktak	RANNATON	K	KONEPC
Tiktak	SANKARITAR	K	KONEPC
Tiktak	TÄNÄ YÖNÄ TAIVAASEEN	K	KONEPC
Timo Rautiainen & Trio Niskalaukaus	HYVÄ IHMINEN	K	KONEPC
Timo Rautiainen & Trio Niskalaukaus	SURUPUKU	K	KONEPC
Tina Arena	CHAINS	K	KONEPC
Tina Turner	PROUD MARY	K	KONEPC
Tina Turner	RIVER DEEP MOUNTAIN HIGH	K	KONEPC
Tina Turner	THE BEST	K	KONEPC
Tina Turner	WE DON'T NEED ANOTHER HERO	K	KONEPC
Tom Jones	DELILAH	K	KONEPC
Tom Jones	GREEN GREEN GRASS OF HOME	K	KONEPC
Tom Jones	IT'S NOT UNUSUAL	K	KONEPC
Tom Jones	SEX BOMB	K	KONEPC
Tomi Markkola	KOHTALONI	K	KONEPC
Tomi Markkola	KOSTER VALSSI	K	KONEPC
Tomi Markkola	TAIVASKALLIOLLA	K	KONEPC
Tommi Läntinen	MÄ EN HALUU ENÄÄ MUISTAA	K	KONEPC
Tommi Läntinen	RAKKAUSLAULU	K	KONEPC
Tommi Läntinen	RÖÖPERIN KUU	K	KONEPC
Tommi Läntinen	SYVÄLLE SYDÄMEEN SATTUU	K	KONEPC
Tommi Läntinen	VIA DOLOROSA	K	KONEPC
Tommi Läntinen	VILLI JA VAPAA	K	KONEPC
Tommi Soidinmäki	JÄLJET HIEKASSA	K	KONEPC
Tommi Soidinmäki	KOTKAN SIIVET	K	KONEPC
Tommi Soidinmäki	LAULU JOUTSENIEN	K	KONEPC
Tommy Roe	SHEILA	K	KONEPC
Toni Braxton	UN BREAK MY HEART	K	KONEPC
Tony Bennet	I LEFT MY HEART IN SAN FRANCISCO	K	KONEPC
Tony Christie	I DID WHAT I DID FOR MARIA	K	KONEPC
Tony Christie	IS THIS THE WAY TO AMARILLA	K	KONEPC
Topi Sorsakoski	HAAVOITTUNEET	K	KONEPC
Topi Sorsakoski	ON KESÄYÖ	K	KONEPC
Topi Sorsakoski	VIIMEISEEN KORTTIIN	K	KONEPC
Topi Sorsakoski & Agents	HAAVEKUVA	K	KONEPC
Topi Sorsakoski & Agents	MAAILMA ILMAN RAKKAUTTA	K	KONEPC
Toploader	DANCING IN THE MOONLIGHT	K	KONEPC
T'Pau	CHINA IN YOUR HAND	K	KONEPC
T'Pau	HEART AND SOUL	K	KONEPC
Tracy Chapman	FAST CAR	K	KONEPC
Traditional	DANNY BOY	K	KONEPC
TRex	RIDE A WHITE SWAN	K	KONEPC
Troggs	WILD THING	K	KONEPC
TT Purontaka	NUKKUVA NAINEN	K	KONEPC
Tubes	TALK TO YA LATER	K	KONEPC
Tuija Maria	AI AI JUSSI	K	KONEPC
Tuomari Nurmio	VALO YÖSSÄ	K	KONEPC
Turo's Hevi Gee	POLIISI (Molina)	K	KONEPC
Turo's Hevi Gee	SHELLIN BAARIIN (Yellow River)	K	KONEPC
Tuula Amberla	KORPPI	K	KONEPC
Tuula Amberla	LULU	K	KONEPC
Tuuli	SALAISUUDET	K	KONEPC
Tuure Kilpeläinen ja Kaihon Karavaani	ELOON	K	KONEPC
Tuure Kilpeläinen ja Kaihon Karavaani	ERÄMAA	K	KONEPC
Tuure Kilpeläinen ja Kaihon Karavaani	LOHTU	K	KONEPC
Tuure Kilpeläinen ja Kaihon Karavaani	PELKO POIS	K	KONEPC
Tuure Kilpeläinen ja Kaihon Karavaani	TAHTOISIN TAHTOISIN	K	KONEPC
Tuure Kilpeläinen ja Kaihon Karavaani	VALON PISAROITA	K	KONEPC
Tuure Kilpeläinen ja Kaihon Karavaani	YKSINÄISEN MIEHEN PUKU	K	KONEPC
Tuure Kilpeläinen ja Kaihon Karavaani	YSTÄVÄNPÄIVÄ	K	KONEPC
U2	I STILL HAVEN'T FOUND WHAT I'M LOOKING FOR	K	KONEPC
U2	PRIDE (IN THE NAME OF LOVE)	K	KONEPC
U2	VERTIGO	K	KONEPC
UB40	CAN'T HELP FALLING IN LOVE	K	KONEPC
UB40	KINGSTON TOWN	K	KONEPC
UB40	RED RED WINE	K	KONEPC
Ultra Bra	MINÄ SUOJELEN SINUA KAIKELTA	K	KONEPC
Ultra Bra	SAVANNI NUKAHTAA	K	KONEPC
Ultra Bra	SINÄ LÄHDIT POIS	K	KONEPC
Ultra Bra	TYTTÖJEN VÄLISESTÄ YSTÄVYYDESTÄ	K	KONEPC
Ultravox	VIENNNA	K	KONEPC
Uncle Kracker	FOLLOW ME	K	KONEPC
Undertones	TEENAGE KICKS	K	KONEPC
Uniklubi	KYLMÄÄ	K	KONEPC
Uniklubi	RAKKAUTTA JA PIIKKILANKAA	K	KONEPC
USA For Africa	WE ARE THE WORLD	K	KONEPC
Usher	BURN	K	KONEPC
Val Doonican	ELUSIVE BUTTERFLY	K	KONEPC
Val Doonican	WALK TALL	K	KONEPC
Valvomo	MIKÄ KESÄ	K	KONEPC
Van Halen	JUMP	K	KONEPC
Van Morrison	BROWN EYED GIRL	K	KONEPC
Van Morrison	MOONDANCE	K	KONEPC
Vanilla Ice	ICE ICE BABY	K	KONEPC
Veeti	KERRO MULLE RAKKAUDESTA	K	KONEPC
Veikko Lavi	SUKUVIKA SUKSI EI LUISTA	K	KONEPC
Veikko Tuomi	MUSTA RUUSU	K	KONEPC
Verve	BITTER SWEET SYMPHONY	K	KONEPC
Verve	THE DRUGS DON'T WORK	K	KONEPC
Vesa-Matti Loiri	LAIVAT PUUTA MIEHET RAUTAA	K	KONEPC
Vesa-Matti Loiri	LAPIN KESÄ	K	KONEPC
Vesa-Matti Loiri ja Samuli Edelmann	TUOMITTUNA KULKEMAAN	K	KONEPC
Village People	IN THE NAVY	K	KONEPC
Village People	YMCA	K	KONEPC
Virve Vicky Rosti	OON VOIMISSAIN	K	KONEPC
Virve Vicky Rosti	RIISU POIS JO ARKIPAITA	K	KONEPC
Virve Vicky Rosti	SATA SALAMAA	K	KONEPC
Virve Vicky Rosti	SYDÄMEEN KIRJOITETTU	K	KONEPC
Virve Vicky Rosti	TUOLTA SAAPUU CHARLIE BROWN	K	KONEPC
Virve Vicky Rosti	UUDELLEEN	K	KONEPC
Virve Vicky Rosti & Pate Mustajärvi	PARAS MULLE	K	KONEPC
Weather Girls	IT'S RAINING MEN	K	KONEPC
Wet Wet Wet	GOODNIGHT GIRL	K	KONEPC
Wet Wet Wet	LOVE IS ALL AROUND	K	KONEPC
Wham!	I'M YOUR MAN	K	KONEPC
Wham!	WAKE ME UP BEFORE YOU GO GO	K	KONEPC
Whitesnake	HERE I GO AGAIN	K	KONEPC
Whitney Houston	GREATEST LOVE OF ALL	K	KONEPC
Whitney Houston	I WANNA DANCE WITH SOMEBODY	K	KONEPC
Whitney Houston	I WILL ALWAYS LOVE YOU	K	KONEPC
Whitney Houston	SAVING ALL MY LOVE FOR YOU	K	KONEPC
Wild Cherry	PLAY THAT FUNKY MUSIC	K	KONEPC
Yasmiinin Tuoksu	IHANUUTENI	K	KONEPC
Yes	OWNER OF A LONELY HEART	K	KONEPC
Yvonne Fair	IT SHOULD HAVE BEEN ME	K	KONEPC
Yö	HÄN TANSSI KANSSA ENKELEIDEN	K	KONEPC
Yö	IHMISEN POIKA	K	KONEPC
Yö	JOUTSENLAULU	K	KONEPC
Yö	PELKO JA RAKKAUS	K	KONEPC
Yö	PETTÄVÄLLÄ JÄÄLLÄ	K	KONEPC
Yö	RAKKAUDEN VAHVISTAMA	K	KONEPC
Yö	RAKKAUS ON LUMIVALKOINEN	K	KONEPC
Yö	SANO ETTÄ JÄÄT	K	KONEPC
Yö	SATUKIRJAN SANKARI	K	KONEPC
Yö	SE KERRAN KIRPAISEE	K	KONEPC
Yö	SYYT SYNTYJEN	K	KONEPC
Yö	SÄRKYNYT ENKELI	K	KONEPC
Yö	SÄRKYVÄÄ	K	KONEPC
Yö	TIA MARIA	K	KONEPC
Yölintu	APPELSIINILEHTOON	K	KONEPC
Yölintu	EI KITARA OO VAIENNUT	K	KONEPC
Yölintu	EN OLE PYHIMYS	K	KONEPC
Yölintu	HAAMUKIPUA	K	KONEPC
Yölintu	HAAVOITTUNEET	K	KONEPC
Yölintu	LIIAN SUURI CITY	K	KONEPC
Yölintu	MAHDUNKO MAAILMAAS	K	KONEPC
Yölintu	MENNYTTÄ MIESTÄ	K	KONEPC
Yölintu	MINNE MAAILMA KULJETTAA	K	KONEPC
Yölintu	MÄ PUTOAN	K	KONEPC
Yölintu	NOPEAT SYÖVÄT HITAAT	K	KONEPC
Yölintu	SALATTU SURU	K	KONEPC
Yölintu	SATUKIRJAN PRINSESSA	K	KONEPC
Yölintu	SITÄ SAA MITÄ TILAA	K	KONEPC
Yölintu	SULLE MUN KULTANI	K	KONEPC
Yölintu	SUURET SANAT	K	KONEPC
Yölintu	TV:N KOKOINEN HAITARI	K	KONEPC
Yölintu	TYTÖT OVAT KAUNIITA	K	KONEPC
Yölintu	TÄÄ ON RANKKAA	K	KONEPC
Yölintu	UNETON	K	KONEPC
Yölintu / Simo Silmu	IHME KERRALLAAN	K	KONEPC
Yölintu / Simo Silmu	KAIKKEA HYVÄÄ	K	KONEPC
Yölintu / Simo Silmu	KATARIINA	K	KONEPC
Yölintu / Simo Silmu	SYDÄNSÄRKYÄ	K	KONEPC
Yölintu / Simo Silmu	VAIN YKSINÄINEN	K	KONEPC
Zen Cafe	OLET PUOLISONI NYT	K	KONEPC
Zen Cafe	PIHA ILMAN SADETTAJAA	K	KONEPC
Ässät	PUNAKENKÄINEN TYTTÖ	K	KONEPC
Ässät	SALATTU RAKKAUS	K	KONEPC
Ässät	SAMAAN TAHTIIN	K	KONEPC
Anki ja Cumulus	PUUVILLAPELLOT	M	KPP30
Jenni Vartiainen	MISSÄ MURUSENI ON	M	KPP31
Jippu & Samuli Edelmann	PIMEÄ ONNI	M	KPP31
Kaija Koo	VAPAA	M	KPP31
Kymppilinja ft Mariska	MINÄ	M	KPP31
Laura Närhi	TÄMÄ ON TOTTA	M	KPP31
Mariska & Pahat Sudet	SULOINEN MYRKYNKEITTÄJÄ <==	M	KPP31
Neljänsuora	LÖYTÄJÄ SAA PITÄÄ	M	KPP31
Olli Lindholm	SURUN AIKA	M	KPP31
Pariisin Kevät	TÄMÄN KYLÄN POIKII	M	KPP31
Suvi Teräsniska	JOS MIKÄÄN EI RIITÄ	M	KPP31
Antti Kleemola	KAIKKEA HYVÄÄ	M	KPP40
Arttu Wiskari	MÖKKITIE	M	KPP40
Erin	POPEDA	M	KPP40
Erin	VANHA NAINEN HUNNINGOLLA	M	KPP40
Haloo Helsinki!	MAAILMAN TOISELLA PUOLEN	M	KPP40
Juha Tapio	EN MITÄÄN EN KETÄÄN	M	KPP40
Jukka Poika	SILKKII	M	KPP40
Lauri Tähkä	SYYSKUUN KYY	M	KPP40
Topi Sorsakoski	LUOTU LÄHTEMÄÄN	M	KPP40
Vesterinen Yhtyeineen	KILJUT RIEMUSTA	M	KPP40
Ann-Christine	PLAYBOY	M	KSF1z
Beat	FRI	M	KSF1z
Boulevard	NAURAVAT SILMÄT MUISTETAAN	M	KSF1z
Carita Holmsröm	ÄLÄ MENE POIS	M	KSF1z
Edea	AAVA	M	KSF1z
Fredi	VARJOON SUOJAAN	M	KSF1z
Hanna Pakarinen	LEAVE ME ALONE	M	KSF1z
Jari Sillanpää	TAKES 2 TO TANGO	M	KSF1z
Juice Leskinen	EI ELÄMÄSTÄ SELVIÄ HENGISSÄ	M	KSF1z
Juice Leskinen	ILOMANTSI	M	KSF1z
Juice Leskinen	JYRKI BOY	M	KSF1z
Juice Leskinen	MIDAS	M	KSF1z
Juice Leskinen	MYRKYTYKSEN OIREET	M	KSF1z
Juice Leskinen	NAPOLEONIN MOPO	M	KSF1z
Juice Leskinen	PIENESTÄ PITÄEN	M	KSF1z
Juice Leskinen	PILVEE PILVEE	M	KSF1z
Juice Leskinen	SYYS	M	KSF1z
Kari Kuivalainen	PÄIVÄ KAHDEN IHMISEN	M	KSF1z
Kojo	NUKU POMMIIN	M	KSF1z
Kristiina Hautala	KUN KELLO KÄY	M	KSF1z
Laila Halme	MUISTOJEN LAULU	M	KSF1z
Leevi and The Leavings	ELINA MITÄ MÄ TEEN	M	KSF1z
Leevi and The Leavings	KYLLIKKI	M	KSF1z
Leevi and The Leavings	LAURA JENNA ELLINOORA ALEXANDRA CAMILLA JURVANEN	M	KSF1z
Leevi and The Leavings	MIELETÖN MELINDA	M	KSF1z
Leevi and The Leavings	MITÄ SÄ MEINAAT	M	KSF1z
Leevi and The Leavings	POHJOISEN TAIVAAN ALLA	M	KSF1z
Leevi and The Leavings	SOPIVASTI LIHAVA	M	KSF1z
Leevi and The Leavings	UNELMIA JA TOIMISTOHOMMIA	M	KSF1z
Leevi and The Leavings	VAKOSAMETTIHOUSUINEN MIES	M	KSF1z
Leevi and The Leavings	VASARA JA NAULOJA	M	KSF1z
Leevi and The Leavings	VIISAS TALONMIES	M	KSF1z
Markku Aro & Koivistolaiset	TIE UUTEEN PÄIVÄÄN	M	KSF1z
Nightwish	SLEEPWALKER	M	KSF1z
Nina Åström	A LITTLE BIT	M	KSF1z
Nylon Beat	UNN MA MA	M	KSF1z
Pave Maijanen	YAMMA YAMMA	M	KSF1z
Pihasoittajat	VIULU UKKO	M	KSF1z
Seija Simola	ANNA RAKKAUDELLE TILAISUUS	M	KSF1z
Vesa-Matti Loiri	HUILUMIES	M	KSF1z
Anna Abreu	MÄ ANNAN SUT POIS	M	LK23
Anna Abreu	OHIKIITÄVÄÄ	M	LK23
Arttu Wiskari ft Ulpu	SIRPA	M	LK23
Aurora	SE SOI	M	LK23
Elastinen	NAURAVA KULKURI	M	LK23
Elastinen	PEGGY	M	LK23
Haloo Helsinki!	CARPE DIEM	M	LK23
Haloo Helsinki!	LÄHTÖVALMIINA	M	LK23
J Karjalainen	RIISINJYVÄ	M	LK23
J Karjalainen	SYDÄNLUPAUS	M	LK23
Juha Tapio	AITO RAKKAUS	M	LK23
Juha Tapio	KAKSI PUUTA	M	LK23
Juha Tapio	MEILLÄ ON AIKAA	M	LK23
Juha Tapio	OHIKIITÄVÄÄ	M	LK23
Jukka Poika	LAINEET	M	LK23
Jukka Poika	LAUTALLA	M	LK23
JVG	VOITOLLA YÖHÖN	M	LK23
Kaija Koo	SUPERNAISET	M	LK23
Kasmir	VADELMAVENE	M	LK23
Laura Närhi	MÄ ANNAN SUT POIS	M	LK23
Laura Närhi (Kolmas Nainen)	SIIPEEN JOS SAIN	M	LK23
Laura Voutilainen	KARUN MAAN KUKKA	M	LK23
Maarit Hurmerinta	KAKSI PUUTA	M	LK23
Mitra Kaislaranta	ÄKKISYVÄÄ	M	LK23
PistePiste	VILJAA	M	LK23
PMMP	KORKEASAARI II	M	LK23
Robin	ONNELLINEN	M	LK23
Robin ft Mikael Gabriel Uniikki	BOOM KAH	M	LK23
Samuli Edelmann	PEGGY	M	LK23
Sanni	2080 LUVULLA	M	LK23
Sanni	DEMENTIA	M	LK23
Suvi Teräsniska	VAIETTU RAKKAUS	M	LK23
Traditional	PALJON ONNEA VAAN (Happy Birthday To You)	M	LK23
Tuomas Kauhanen	MIKSI NAISET RAKASTUU RENTTUIHIN	M	LK23
Aurora	EILISEN AURINKO	M	LK24
Diandra	PAHA POIKA	M	LK24
Elastinen	OO SIELLÄ JOSSAIN MUN	M	LK24
Ellinoora	SELLAINEN MIES	M	LK24
Haloo Helsinki!	BEIBI	M	LK24
Haloo Helsinki!	KIITOS EI OLE KIROSANA	M	LK24
Haloo Helsinki!	KUUSSA TUULEE	M	LK24
Haloo Helsinki!	VIHAAN KYLLÄSTYNYT	M	LK24
Happoradio	SINÄ JA HÄN	M	LK24
itta	MAAILMA LOPPUU TÄNÄÄN	M	LK24
Jari Sillanpää	SINÄ ANSAITSET KULTAA	M	LK24
Jenni Vartiainen	MINÄ SINUA VAAN	M	LK24
Juha Tapio	COPACABANA JA IPANEMA	M	LK24
Juha Tapio ja Anna Puu	PLANEETAT ENKELIT JA KUU	M	LK24
Juju	ONNELLISEKSI	M	LK24
Jukka Poika	BRAND NEW IHANUUS	M	LK24
Kaija Koo	AJOIN KOKO YÖN	M	LK24
Kaija Koo	EN PELKÄÄ PIMEÄÄ	M	LK24
Kaija Koo	SURULAPSI	M	LK24
Kasmir	IHOLLA	M	LK24
Kuningasidea	POHJOLAN TUULET	M	LK24
Mitra Kaislaranta	KUKKA KAIPAA VALOA	M	LK24
Nopsajalka ft Erin	SEURAAVA	M	LK24
Olavi Uusivirta	OLLAANKO TÄMÄ KESÄ NÄIN	M	LK24
Pate Mustajärvi	JUKEBOXIN LUONA	M	LK24
Paula Vesala	MITEN JA MIKSI	M	LK24
Paula Vesala	SUA VASTEN AINA PAINAUTUISIN	M	LK24
Pertti Kurikan nimipäivät	AINA MUN PITÄÄ	M	LK24
Samuli Edelmann	MAHDOLLISUUS	M	LK24
Samuli Edelmann	VÄLIAIKAINEN	M	LK24
Sanni ft Tippa-T	POJAT	M	LK24
Stig	ROY ORBISON	M	LK24
Stig	VIHELTELEN	M	LK24
Suvi Teräsniska	HEI MUMMO	M	LK24
Suvi Teräsniska	JOS OLISIN MUN MIES	M	LK24
Tuomas Kauhanen ft Väinöväinö	ENKELI	M	LK24
Anna Abreu	BANDANA	M	LK25
Anna Puu	KOHTA VAPAITA	M	LK25
Anna Puu	ME OLLAAN RUNO	M	LK25
Antti Tuisku	KEINUTAAN	M	LK25
Antti Tuisku	SATA SALAMAA	M	LK25
Antti Tuisku ft Nikke Ankara	PARTY (Papiidipaadi)	M	LK25
Arttu Wiskari	KAHVIMAITO	M	LK25
Arttu Wiskari	KUN ME DISKOSSA SUUDELTIIN	M	LK25
Aurora	KAIKKI MITÄ NÄÄT	M	LK25
Aurora ft Keko Salata	SÄ HIFFAAT	M	LK25
Chisu	IHANA	M	LK25
Chisu	TUU MUA VASTAAN	M	LK25
Ellinoora	CARRIE	M	LK25
Ellinoora	LEIJONAKUNINGAS	M	LK25
Haloo Helsinki!	PULP FICTION	M	LK25
Johanna Kurkela	KUOLEVAINEN	M	LK25
Juha Tapio	ELÄKÖÖN	M	LK25
Juha Tapio	SINUN VUOROSI LOISTAA	M	LK25
JVG	PALUU TULEVAISUUTEEN	M	LK25
JVG	TARKENEE	M	LK25
Kasmir ft Saara	VAUVOJA	M	LK25
Laura Voutilainen	OLET MULLE ENEMMÄN	M	LK25
Pate Mustajärvi	KYYNELSILMIN KUUTAMOLLA	M	LK25
Robin	SUA VARTEN	M	LK25
Roope Salminen & Koirat ft Ida Paula	MADAFAKIN DARRA	M	LK25
Samuli Edelmann	JOKAINEN TEKO	M	LK25
Sanni	ETTÄ MITÄHÄN VITTUA	M	LK25
Sanni	LAUANTAI ILTANA	M	LK25
Sanni	SUPERNOVA	M	LK25
Suvi Teräsniska	UUSI AAMUNKOI	M	LK25
Teflon Brothers	MARADONA (KESÄ 86)	M	LK25
Teflon Brothers ft Ilari Sahamies	PÄMPPÄÄ	M	LK25
Teflon Brothers ft Tango Teemu	AY AY AY	M	LK25
Valovuosi	AURINKOKUNINGATAR	M	LK25
Vesala	TEQUILA	M	LK25
Vesala	TYTÖT EI SOITA KITARAA	M	LK25
Yö	MINNE TUULET VIE	M	LK25
A Aallon Rytmiorkesteri	NAHKAROTSI	M	M60's
Alwari Tuohitorvi	ROKATAAN VAAN	M	M60's
Alwari Tuohitorvi	ÄLÄ ISKE TUIJAA	M	M60's
Anki Lindqvist	PAHA TYTTÖ	M	M60's
Arto Sotavalta	EI MAITOA TÄNÄÄN	M	M60's
Badding Rockers	ROCK'N ROLL KEIJUKAINEN	M	M60's
Danny	VAAKSA VAARAA VAIN	M	M60's
Dick Dynamite & His Hot Lips	OLI KUU OLI ILTA	M	M60's
Eero & Jussi	LIISAN KOIRA	M	M60's
Eero ja Jussi & The Boys	TAHDON SAAREN	M	M60's
Esa Pakarinen	ROKKI ON POIKAA	M	M60's
Hector	AKE MAKE PERA JA MÄ	M	M60's
Hector	TAKATAAN ROOS	M	M60's
Hullujussi & Viktor Kalborrek	FRIDUNA SKIKUNA	M	M60's
Johnny	REHTORIN LUISEVA SALLI	M	M60's
Johnny	TUTTI FRUTTI	M	M60's
Juice Leskinen	ELÄMÄSSÄ PITÄÄ OLLA RUNKKUA	M	M60's
Jussi & The Boys	METSÄMÖKIN TONTTU	M	M60's
Jussi & The Boys	MURTUNEEN SYDÄMEN HOTELLI	M	M60's
Jussi & The Boys	MÄ OON ROCK KUNINGAS	M	M60's
Jussi Raittinen	NO NIIN MARY LOU	M	M60's
Jussi Raittinen	OLET PAHA	M	M60's
Kake Singers	KAKEROCK	M	M60's
Kari Peitsamo	JYTÄORKESTERI TULEE TAAS	M	M60's
Kari Peitsamo	KAUPPAOPISTON NAISET	M	M60's
Kari Peitsamo	ROCK'N ROLL	M	M60's
Karma	ROCK'N ROLL TAAS SOI	M	M60's
Kirka	KULMAN KUNDIT	M	M60's
Kirka	KUN ALKAA ROCK'N ROLL	M	M60's
Kirka & Islanders	ROCK'N ROLL HOOCIE KOO	M	M60's
Kontra	MUUMI MUUMI	M	M60's
Kontra	SUURET PALLIT TULESSA	M	M60's
Manifest	PUITA KAMINAAN	M	M60's
Muska	KIRJOITA POSTIKORTTIIN	M	M60's
Muska	KROKOTIILIROCK	M	M60's
Muska	PAHA TYTTÖ	M	M60's
Muska	TÄÄ SE PÄIVÄ ON	M	M60's
Rauli Badding Somerjoki	JYKEVÄÄ ON RAKKAUS	M	M60's
Rauli Badding Somerjoki	KAIKKI HYVIN MAMA	M	M60's
Rauli Badding Somerjoki	LUUT KASAAN BEETHOVEN	M	M60's
Rauli Badding Somerjoki	MUN SORMUKSEIN	M	M60's
Rock-Ola	MITÄ VAAN	M	M60's
Sleepy Sleepers	KUKA MITÄ HÄH	M	M60's
Tapani Kansa	ROKKIVAARI HOTANEN	M	M60's
Tapani Kansa	SVENGI MARY	M	M60's
The Hounds	KUN HÄNET NÄHDÄ SAIN	M	M60's
Topmost	NÄEN MUSTAA VAIN	M	M60's
Vesa Enne	NUORI RYTMI	M	M60's
Volde Waldemar Punnala	NAULAAN JA NAPUTAN	M	M60's
Алла Пугачёва (Alla Pugacheva)	ПОЗОВИ МЕНЯ С СОБОЙ (Soita minulle kanssas) (rus)	C_U	MCRPOY2
Алла Пугачёва (Alla Pukacheva)	АЙСБЕРГ (Jäävuori) (rus)	C_U	MCRPOY2
Алла Пугачёва (Alla Pukacheva)	БЕЗ МЕНЯ (Ilman minua) (rus)	C_U	MCRPOY2
Анна Герман (Anna Germa)	НАДЕЖДА (Toivo)  (rus)	C_U	MCRPOY2
Браво (Bravo)	ЧЁРНЫЙ КОТ (Musta kissa) (rus)	C_U	MCRPOY2
Виктор Цой (Vktor Tsoi)	ЗВЕЗДА ПО ИМЕНИ СОЛНЦЕ (Tähti nimeltä aurinko) (rus)	C_U	MCRPOY2
Виктор Цой КИНО (Vkror Tsoi Kno)	ГРУППА КРОВИ НА РУКАВЕ (Veriryhmä hihassa) (rus)	C_U	MCRPOY2
Григорий Лепс (Grgory Leps)	РЮМКА ВОДКИ НА СТОЛ (Lasi Vodkaa pöydällä) (rus)	C_U	MCRPOY2
Земляне (Maan asukkaat)	ТРАВА У ДОМА (Ruohoa talon vieressä) (rus)	C_U	MCRPOY2
Любэ (Lyube)	КОМБАТ (Taistelu) (rus)	C_U	MCRPOY2
Магомаев Муслим (Magomajev)	СИНЯЯ ВЕЧНОСТЬ (Sininen ikusuus) (rus)	C_U	MCRPOY2
Михаил Круг(Mikhal Krug)	ВЛАДИМИРСКИЙ ЦЕНТРАЛ (Vladmirsky Central) (rus)	C_U	MCRPOY2
Нэнси (Nancy)	ДЫМ СИГАРЕТ С МЕНТОЛОМ (Mentholitupakansavu) (rus)	C_U	MCRPOY2
Фристаил (Freestyle)	АХ КАКАЯ ЖЕНЩИНА (Voi mkä nainen) (rus)	C_U	MCRPOY2
Юрий Шатунов (Juri Shatunov)	НЕ БОЙСЯ (Älä pelkää) (rus)	C_U	MCRPOY2
Anna Eriksson	ILTA YÖHÖN KULJETTAA	M	MDV06
Anneli Pasanen	RAKASTAN JOKAISTA PÄIVÄÄ	M	MDV06
Antti Huovila	MUUTTOLINNUT	M	MDV06
Arja Havakka	NOVGORODIN RUUSU	M	MDV06
Charlies	KUINKA SINUA MÄ KAIPAAN	M	MDV06
Charlies	VANHA RIIMU	M	MDV06
Hector	KUINKA VOIT VÄITTÄÄ	M	MDV06
Janne Tulkki	VALKEA MAA	M	MDV06
Juha Vainio	YKSINÄINEN SAARNIPUU	M	MDV06
Juhamatti	FANNY FANNY	M	MDV06
Kari Tapio	TANSSI LOPPUUN RAKKAUDEN	M	MDV06
Kaseva	PENA	M	MDV06
Katri Helena	MISSÄ OOT	M	MDV06
Leevi and The Leavings	POHJOIS KARJALA	M	MDV06
Mamba	LAUANTAI ILTA <==	M	MDV06
Marita Taavitsainen	KURKKIJA	M	MDV06
Marita Taavitsainen	PUUTERILUNTA	M	MDV06
Marjatta Leppänen	ONNI	M	MDV06
Maukka Perusjätkä	VAATTEET	M	MDV06
Mauno Kuusisto	PALAJA SORRENTOON	M	MDV06
Olavi Virta	MAMBO ITALIANO	M	MDV06
Ragni Malmsten	RIEPUMATTO	M	MDV06
Sanna Pietiäinen	TAIKAYÖ	M	MDV06
Seppo Närhi	PRINSESSA 65	M	MDV06
Tapani Kansa	MELINA	M	MDV06
Tapio Heinonen	VANHA TIE	M	MDV06
Tauno Palo	RUUSU ON PUNAINEN	M	MDV06
Tomi Markkola	LAGO MAGGIORE	M	MDV06
Umberto Marcato	MARJA LEENA	M	MDV06
Yölintu	PIENEN POJAN HAAVEET	M	MDV06
Aki Sirkesalo	SEKSUAALISTA HÄIRINTÄÄ	M	MDV08
Anna Eriksson	OOT VOIMANI MUN	M	MDV08
Anna Hanski	MINÄ TAHDON SINUT	M	MDV08
Anneli Saaristo	TÄMÄ YÖ	M	MDV08
Arto Sotavalta	KAUNIS SUNNUNTAI	M	MDV08
Arttu Suuntala	JUOMARIN LAULU	M	MDV08
Berit	SATTUMA KULJETTAA	M	MDV08
Berit	SINÄ OLET HÄN	M	MDV08
Brita Koivunen	SUCU SUCU	M	MDV08
Hector	JOS SÄ TAHDOT NIIN	M	MDV08
Hector	NOSTALGIA	M	MDV08
Irmeli Mäkelä	VIRRAN VIEMÄÄ	M	MDV08
Janne Hurme	POSTIKORTTI	M	MDV08
Juhani Markola	ÄITI	M	MDV08
Kari Tapio	SOITTAJAN VAIMO	M	MDV08
Karma	WIG WAM BAM	M	MDV08
Kisu	KULJEN PUISTOON PÄIN	M	MDV08
Marita Taavitsainen	KUN KOSKET MUA	M	MDV08
Meiju Suvas	PURE MUA	M	MDV08
Metro-tytöt	ÄIDIN SYNTYMÄPÄIVÄ	M	MDV08
Mimmi Mustakallio	VARKAAT KULKURIT	M	MDV08
Neloset	MATKAMIES	M	MDV08
Pirkko Mannola	KUMIPALLO	M	MDV08
Rauli Badding Somerjoki	SUUKKO VAIN	M	MDV08
Reijo Taipale	MEREN RANNALLA	M	MDV08
Seija Karpiomaa	TANGO NOTTURNO	M	MDV08
Tomas Ledin	KESÄ LYHYT ON	M	MDV08
Turo's Hevi Gee	SIIDERIHAI (Tiikerihai)	M	MDV08
Vieno Kekkonen	EI KOSKAAN SUNNUNTAISIN	M	MDV08
Vieno Kekkonen	KESÄN VIHREÄT LEHVÄT	M	MDV08
Anna Eriksson	RAKKAUTTA TÄÄ ON VAIN	M	MDV09
Antti Huovila	VASKIKELLOT	M	MDV09
Bablo	KAUAS VUORTEN TAA	M	MDV09
Berit	PREERIAN KELTAINEN RUUSU	M	MDV09
Brita Koivunen	SAKU SAMMAKKO	M	MDV09
Carola	RAKASTAN SAAVUTHAN	M	MDV09
Charlies	RUSKEAT SILMÄT	M	MDV09
Eero Aven	UNELMAVALSSI	M	MDV09
Eini	SUA LIIKAA RAKASTAN	M	MDV09
Frederik	KOSTAJA	M	MDV09
Hector	MANDOLIINIMIES	M	MDV09
Isto Hiltunen	MÄ VIELÄ LUOKSES TUUN	M	MDV09
Janne Hurme	KUIN YÖ	M	MDV09
Janne Hurme	NEIDONRYÖSTÖ	M	MDV09
Jope Ruonansuu	ENKELEITÄ TOISILLEMME	M	MDV09
Kari Tapio	BELLA CAPRI	M	MDV09
Kari Tapio	ÄLÄ LÄHDE POIS	M	MDV09
Karma	MANJANA	M	MDV09
Katri Helena	VIRTA VIE	M	MDV09
Kisu	ALLA POLTTAVAN AURINGON	M	MDV09
Kristiina Halkola	JOS RAKASTAT	M	MDV09
Leevi and The Leavings	ELÄMÄN MENO	M	MDV09
Maarit Peltoniemi	KUN SUUDELLAAN	M	MDV09
Pelle Miljoona	LANKA PALAA	M	MDV09
Puolikuu	MAKEAA MYRKKYÄ	M	MDV09
Samuli Edelmann & Kata Mansikka-aho	LEVOTTOMAT	M	MDV09
Simo Salminen	TENKKA TENKKA POO	M	MDV09
Taisto Tammi	ST PAULIN LYHTYJEN ALLA	M	MDV09
Tapani Kansa	KALAJOEN HIEKAT	M	MDV09
Vesa-Matti Loiri	ITKEVÄ HUILU	M	MDV09
Arja Koriseva & Ari Klem	KUN MINUUN KOSKETAT	M	MDV10
Arja Saijonmaa	SYDÄNTEN SILTA	M	MDV10
Bamboleros	TULE KANSSANI KYLPYYN	M	MDV10
Danny	VAIN KAKSI NAUHAA	M	MDV10
Dave Lindholm	ANNAN KITARAN LAULAA VAAN	M	MDV10
Eddy	KUN TYTTÖJÄ KATSELEN	M	MDV10
Eero Raittinen	OLEN YKSIN	M	MDV10
Eppu Normaali	JOKA PÄIVÄ JA JOKA IKINEN YÖ	M	MDV10
Esa Pakarinen	SUHMURAN SANTRA	M	MDV10
Frederik	STENKA RASIN	M	MDV10
Frederik	TYTTÖ KUIN TIIKERI	M	MDV10
Freeman	OSUUSKAUPAN JANE	M	MDV10
Hector	JÄÄVALSSI	M	MDV10
Irwin Goodman	MIKÄ LAULAEN TULEE	M	MDV10
Irwin Goodman	RETEESTI VAAN	M	MDV10
Jari Sillanpää	OLEN LUONASI AINA	M	MDV10
Jussi Raittinen	VALTATIE 66	M	MDV10
Kaija Koo	TINAKENKÄTYTTÖ	M	MDV10
Kari Tapio	AIKAAN TÄYSIKUUN	M	MDV10
Kari Tapio	KUKKA HIUKSISSAAN	M	MDV10
Kristiina Hautala	KENEN SYY KENEN SYY?	M	MDV10
Neumann	NAISELLENI	M	MDV10
Nylon Beat	VIHA JA RAKKAUS	M	MDV10
Pate Mustajärvi	HÄKKI HEILAHTAA	M	MDV10
Pekka Ruuska	PÄIVIEN SÄVEL	M	MDV10
Reijo Taipale	HELMENKALASTAJA	M	MDV10
Seija Simola	KUN AIKA ON	M	MDV10
Tarja Lunnas	PARATIISISAARI	M	MDV10
Ultra Bra	JÄÄTELÖAUTO	M	MDV10
Äijäenergiaa	MÄ ELÄN VIELÄKIN	M	MDV10
Anki ja Cumulus	SYYSLAULU	M	MDV11
Anna Hanski	KOTIVIINI	M	MDV11
Arja Saijonmaa	URALIN PIHLAJA	M	MDV11
Eero Raittinen	VANHA HOLVIKIRKKO	M	MDV11
Eija Sinikka	KAIKKI MUUTTUU	M	MDV11
Georg Ots	KUOLLEET LEHDET	M	MDV11
Georg Ots	MOSKOVAN VALOT	M	MDV11
Georg Ots	UNOHTUMATON ILTA	M	MDV11
Hootenanny Singers	GABRIELLE	M	MDV11
Juice Leskinen	VIIDESTOISTA YÖ	M	MDV11
Jukka Kuoppamäki	SININEN JA VALKOINEN	M	MDV11
Kari Tapio	OLEN SUOMALAINEN	M	MDV11
Kari Tapio	TÄHTI JA MERIPOIKA	M	MDV11
Kari Tapio	VIISITOISTA KESÄÄ	M	MDV11
Katri Helena	MILJOONA RUUSUA	M	MDV11
Kirka	SURUN PYYHIT SILMISTÄNI	M	MDV11
Laila Kinnunen & Ritva Kinnunen	SÄ KAUNEHIN OOT	M	MDV11
Markku Aro	MOSKIITTO	M	MDV11
Olavi Virta	HOPEINEN KUU	M	MDV11
Olavi Virta	LAZZARELLA	M	MDV11
Olavi Virta	TÄYSIKUU	M	MDV11
Paula Koivuniemi	AIKUINEN NAINEN	M	MDV11
Paula Koivuniemi	ILMAN MINUA	M	MDV11
Pirkko Jaakkola	PARIISIN TAIVAAN ALLA	M	MDV11
Rauli Badding Somerjoki	LAIVAT	M	MDV11
Reijo Salminen	TAAS ON AIKA AURINGON	M	MDV11
Reijo Taipale	SATUMAA	M	MDV11
Tauski Peltonen & Helena Miller	HAAVEMAA	M	MDV11
Tuula Ikäheimo	KAIPUUN KUKKA	M	MDV11
Tuulikki Eloranta	HYMNI RAKKAUDELLE	M	MDV11
Agents	EN ANTAA MUUTA VOI	M	MDV12
Anna Eriksson	ODOTA MUA	M	MDV12
Bablo	TAIVAS SINIVALKOINEN	M	MDV12
Eddy	PAPPA JOE	M	MDV12
Eero Raittinen	UNTA EN SAA	M	MDV12
Eppu Normaali	VOI KUINKA ME SINUA KAIVATAAN	M	MDV12
Georg Malmsten	LIISA PIEN	M	MDV12
Hector	HANNIKAISEN BAARI	M	MDV12
Heli Keinonen	RUSKIE NEITSYT VALGIE NEITSYT	M	MDV12
Juha Vainio	HERRAT HELSINGIN	M	MDV12
Jussi Raittinen	KÄY OHITSEIN	M	MDV12
Kaija Koo	TUULIKELLO	M	MDV12
Kari Tapio	JÄLKEMME HIEKALLA	M	MDV12
Katri Helena	KIRJE SULLE	M	MDV12
Leevi and The Leavings	PIMEÄ TIE MUKAVAA MATKAA	M	MDV12
Mamba	SÄ ONNENI OOT	M	MDV12
Matti ja Teppo	ENSIMMÄINEN	M	MDV12
Metro-tytöt	LOKKI	M	MDV12
Neljä Ruusua	LUOTSIVENE	M	MDV12
Ragni Malmsten	UNOHTUMATON ELMERI	M	MDV12
Reijo Taipale	JÄI YÖSTÄ MUISTO VAIN	M	MDV12
Reijo Taipale	KESÄINEN MUISTO	M	MDV12
Reijo Taipale	OLEN SAANUT ELÄÄ	M	MDV12
Reijo Taipale & Kari Tapio	ELÄMÄN VIRTA	M	MDV12
Ritva Oksanen	TULI MIES	M	MDV12
Samuli Edelmann	KAIKKI TAHTOO	M	MDV12
Seija Simola	RAKKAUS KASVOISTA KASVOIHIN	M	MDV12
Tarja Lunnas	ALLA LEHMUSTEN KULJETTIIN	M	MDV12
Tauski Peltonen	TAIVAASSA TAVANNEET	M	MDV12
Yölintu	MIES KYLMÄN MAAN	M	MDV12
Anneli Saaristo	JOS JOSKUS	M	MDV14
Antti Huovila	TUNTEMATON	M	MDV14
Carola	RAKKAUDEN JÄLKEEN	M	MDV14
Dingo	AUTIOTALO	M	MDV14
Dingo	SINÄ JA MINÄ	M	MDV14
Eero Aven	YKSINÄINEN MIES	M	MDV14
Eija Kantola	KYLMÄ KUUMA JA KAUNIS	M	MDV14
Frederik	KOLMEKYMPPINEN	M	MDV14
Freud Marx Engels & Jung	EN KOSKAAN MENE SÄNKYYN RUMAN NAISEN KANSSA	M	MDV14
Hector	LUMI TEKI ENKELIN ETEISEEN	M	MDV14
Irwin Goodman	LIEVESTUOREEN LIISA	M	MDV14
Juha Eirto	BESAME MUCHO	M	MDV14
Kai Hyttinen	DIRLANDA	M	MDV14
Katri Helena	ANTEEKSI SUO	M	MDV14
Lea Laven	NYT KUN OOT MENNYT	M	MDV14
Maarit Peltoniemi	VAIN AJAN HIEKKAA	M	MDV14
Mari Rantasila	VAIN RAKKAUS	M	MDV14
Marion	EVIVA ESPANJA	M	MDV14
Marion	OVEN AUKAISIN	M	MDV14
Markku Aro	HUNAJAISIN HUULIN	M	MDV14
Metro-tytöt	ELÄMÄÄ SUOMALAISMETSISSÄ	M	MDV14
Mikko Kuustonen	ENKELIT LENTÄÄ SUN UNIIN	M	MDV14
Petri Lehtinen & Arlene Kotala	MAJAKKA	M	MDV14
Raptori	DEBBIE GIBSON	M	MDV14
Reija Kortet	MAGNEETIT	M	MDV14
Sammy Babitzin	DAA DA DAA DA	M	MDV14
Taina Kokkonen	TAUNO JA ANSA	M	MDV14
Tapio Rautavaara	EXODUS	M	MDV14
Tarja Lunnas	KULTAKRUUNU  (loppuu kesken)	M	MDV14
Tarja Ylitalo	NELJÄ VAHVAA TUULTA	M	MDV14
Anneli Sari	KIELLETYT LEIKIT	M	MDV17
Arja Havakka	LOKKI	M	MDV17
Arja Koriseva	KULTAISET KORVARENKAAT	M	MDV17
Dingo	LEVOTON TUHKIMO	M	MDV17
Irwin Goodman	LAS PALMAS	M	MDV17
Isto Hiltunen	ALLA PINNAN	M	MDV17
Jari Sillanpää	ONNENETSIJÄ	M	MDV17
Jonna Kantola	SYYSSIIDERI	M	MDV17
Lea Laven	EI OO EI TUU	M	MDV17
Mari Rantasila	MEIDÄN MATKA	M	MDV17
Marilii	SINUN	M	MDV17
Markku Aro	HYVÄNNÄKÖINEN	M	MDV17
Marko Tuovinen	KOLME TOIVOMUSTA	M	MDV17
Matti Korkiala	YÖ KERRAN UNHOA ANNOIT	M	MDV17
Paula Koivuniemi	KAIKKEIN KAUNEINTA	M	MDV17
Pauli Räsänen	KOTKAN RUUSU	M	MDV17
Petri Laaksonen	KULTAREUNAPILVET	M	MDV17
Rainer Friman	VIRTA VIE VIRTA TUO	M	MDV17
Rauli Badding Somerjoki	PARATIISI	M	MDV17
Ressu Redford	JOS VIELÄ OOT VAPAA	M	MDV17
Saija Varjus & Antti Raiski	KUISKATEN	M	MDV17
Simo Salminen	PORNOLAULU	M	MDV17
Taiska	MOMBASA	M	MDV17
Taisto Ahlgren	PETTÄJÄN TIE	M	MDV17
Tamara Lund	SINUN OMASI	M	MDV17
Tauno Palo	ROSVO ROOPE	M	MDV17
Tavaramarkkinat	KEVÄT	M	MDV17
Tuula Amberla	LULU	M	MDV17
Yö	JOUTSENLAULU	M	MDV17
Anita Hirvonen	IHANAA ELÄMÄÄ	M	MDV20
Carola	ARMONAIKAA	M	MDV20
Eero Raittinen	RAKKAUDELTA NÄYTTÄÄ HITTO VIE	M	MDV20
Esko Rahkonen	KUKKANI LUMEN ALLA	M	MDV20
Juha Vainio	KASATSHOK	M	MDV20
Kari Tapio	ENKELEITÄ SEITSEMÄN	M	MDV20
Leevi and The Leavings	ONNELLISET	M	MDV20
Leevi and The Leavings	POIKA NIMELTÄ PÄIVI	M	MDV20
Maarit Hurmerinta	EI EILISEEN	M	MDV20
Mari Rantasila	TYTTÖNÄ OON	M	MDV20
Marko Haavisto & Poutahaukat	PAHA VAANII	M	MDV20
Markus	PEPITA	M	MDV20
Markus Törmälä & FBI Beat	JÄI SUSTA JÄLKI SYDÄMEEN	M	MDV20
Mikko Alatalo	POHJOISEN LAULU	M	MDV20
Mira Sunnari	KARAOKEKUNINGAS	M	MDV20
Nylon Beat	SOITA MULLE	M	MDV20
Pekka Roselius	KIVEN SISÄLLÄ	M	MDV20
Pekka Ruuska	KAIPUU	M	MDV20
Popeda	BEIBIN KANSSA IRLANTIIN	M	MDV20
Popeda	MUSTAA	M	MDV20
Päivi Lepistö	EN KAIPAA SUA	M	MDV20
Rainio Bros	HILJAISISSA HUONEISSA	M	MDV20
SIG	JOS SÄ RAKASTAT MUA	M	MDV20
SIG	VIIPURIPOP	M	MDV20
Suurlähettiläät	RAHAT ON LOPPU MUTTA MYYDÄÄN VOLVO	M	MDV20
Tapani Kansa	MILLOINKAAN EI ENÄÄ	M	MDV20
Tarja Lunnas	AIKA TÄYTYY UNOHTAA	M	MDV20
Tarja Lunnas	MINKÄ VUOKSI SITTEN RAKASTUTTIIN	M	MDV20
Tomi Markkola	SUA KAIVANNUT OON	M	MDV20
Vesa-Matti Loiri	SAISKOS PLUVAN	M	MDV20
Yölintu	PIENI LINTUNEN	M	MDV20
Anita Hirvonen	SYDÄN RAKASTAA	M	MDV23
Arja Koriseva	RANNALLA	M	MDV23
Danny & Armi	TAHDON OLLA SULLE HELLÄ	M	MDV23
Four Cats	SUURET SETELIT	M	MDV23
Fredi	KOLMATTA LINJAA TAKAISIN	M	MDV23
Fredi	VIPPAA MULLE VIITONEN	M	MDV23
Helena Siltala	RANSKALAISET KOROT	M	MDV23
Irwin Goodman	RENTUN RUUSU	M	MDV23
Juha Vainio	ALBATROSSI	M	MDV23
Jukka Kuoppamäki	PALJON SANOMATTA JÄÄ	M	MDV23
Jukka Raitanen	VANGIN TOIVE	M	MDV23
Kaija Koo	KUKA KEKSI RAKKAUDEN	M	MDV23
Kari Kuuva	PIKKU NINA	M	MDV23
Kari Tapio	MUN SYDÄMENI TÄNNE JÄÄ	M	MDV23
Kari Tapio	MYRSKYN JÄLKEEN	M	MDV23
Kari Tapio	VIOLETTA	M	MDV23
Katri Helena	ANNA MULLE TÄHTITAIVAS	M	MDV23
Katri Helena	KATSON AUTIOTA HIEKKARANTAA	M	MDV23
Laila Kinnunen & Ritva Kinnunen	POJAT	M	MDV23
Lea Laven	TUMMA NAINEN	M	MDV23
Mamba	VALOKUVIA	M	MDV23
Marita Taavitsainen	KUUN MORSIAN	M	MDV23
Mutkattomat	JÄTKÄN HUMPPA	M	MDV23
Paula Koivuniemi	AIKAAN SINIKELLOJEN	M	MDV23
Paula Koivuniemi	SATA KESÄÄ TUHAT YÖTÄ	M	MDV23
Petri Laaksonen	TÄÄLLÄ POHJANTÄHDEN ALLA	M	MDV23
Souvarit	LUMIPERHONEN	M	MDV23
Tapio Rautavaara	PÄIVÄNSÄDE JA MENNINKÄINEN	M	MDV23
Tapio Rautavaara	TUOPIN JÄLJET	M	MDV23
Tarja Lunnas	SEINE	M	MDV23
Anna Eriksson	JOS MULLA OLISI SYDÄN	M	MDV57
Anna Eriksson	VIIMEISEN KERRAN	M	MDV57
Annika Eklund	SHANGHAIN VALOT	M	MDV57
Arttu Wiskari	TUNTEMATON POTILAS	M	MDV57
Diandra	ONKO MARSISSA LUNTA	M	MDV57
Dingo	SATA ROHKEAA LAIVAA	M	MDV57
Eija Kantola	VANHA SWINGI	M	MDV57
Erin	ON ELÄMÄ LAINA	M	MDV57
Freeman	MATTOLAITURI	M	MDV57
Hanna Pakarinen	MAAILMAN IHANIN MIES	M	MDV57
Jani Jalkanen Orkesteri	MATKA JATKUU	M	MDV57
Janne Raappana	JOS VAIN VOISIN	M	MDV57
Janne Raappana	KAKSI ONNELLISTA	M	MDV57
Jesse Kaikuranta	VIE MUT KOTIIN	M	MDV57
Jippu	VÄÄRINPÄIN LENTÄVÄT LINNUT	M	MDV57
Johanna Kurkela	AINUTLAATUINEN	M	MDV57
Juha Metsäperä	ÄITI	M	MDV57
Jukka Poika	KYLMÄSTÄ LÄMPIMÄÄN	M	MDV57
Kaija Koo	SIETÄMÄTÖN MIES	M	MDV57
Kaija Koo	VALERIA	M	MDV57
Kaseva	MONEN VUODEN JÄLKEEN	M	MDV57
Kaseva	STRIPTEASE TANSSIJA	M	MDV57
Katri Helena	VIERAS SISAR	M	MDV57
Kristiina Brask	F32	M	MDV57
Kristiina Brask	SILMÄT SYDÄMEENI	M	MDV57
Lassi Valtonen	TUHKAA JA HIEKKAA	M	MDV57
Lemmenkipeet	HULLUMIES	M	MDV57
Mikko Kuustonen	KAKTUSVIINAA	M	MDV57
Miljoonasade	ROKKIBÄNDI WOUNDED KNEE	M	MDV57
PMMP	HELIUMPALLO	M	MDV57
Ronny and The Loafers	SE JOKIN SINULLA ON	M	MDV57
Samuli Edelmann	TÄHTIPÖLYÄ	M	MDV57
Stig	RYYPPY	M	MDV57
Suvi Teräsniska	TYHJÄSSÄ HUONEESSA	M	MDV57
Tauski Peltonen	RAKASTAN SUA	M	MDV57
Tommi Kalenius	VIELÄKÖ RAKKAUS KANTAA	M	MDV57
Topi Sorsakoski	KATU	M	MDV57
Tuure Kilpeläinen ja Kaihon Karavaani	ERÄMAA	M	MDV57
Tuure Kilpeläinen ja Kaihon Karavaani	YSTÄVÄNPÄIVÄ	M	MDV57
Vesa-Matti Loiri ja Samuli Edelmann	TUOMITTUNA KULKEMAAN	M	MDV57
Viikate	VIINA TERVA JA HAUTA	M	MDV57
Ässät	IHANUUTENI	M	MDV57
Aarne Tenkanen	HEMAISEVAN SEKSIKÄS PÖRRÖPÄÄ	M	MDV58
Apulanta	ZOMBEJA	M	MDV58
Chisu	FRANKENSTEIN	M	MDV58
Chisu	YKSINÄISEN KEIJUN TARINA	M	MDV58
Diandra	PRINSESSALLE	M	MDV58
Dingo	ADIOS ROSARIO	M	MDV58
Elonkerjuu	SURUN JA ILON KAUPUNKI	M	MDV58
Elonkerjuu	VIISTÄKÖÖN SIIPENI MAATA	M	MDV58
Erin	KOKEILE MUA	M	MDV58
Heli Kajo	ELÄMÄSI SULOISIN VIRHE	M	MDV58
Jari Sillanpää	RUUSUNOKSA JA KYYHKYNEN	M	MDV58
Jesse Kaikuranta	JÄRJETÖN RAKKAUS	M	MDV58
Johanna Kurkela	OOTHAN TÄSSÄ VIELÄ HUOMENNA	M	MDV58
Kaija Koo	PÄIVÄ KERRALLAAN	M	MDV58
Kari Tapio	SOLENZARA	M	MDV58
Laila Kinnunen	TIET	M	MDV58
Laura Närhi	TUHLARI	M	MDV58
Laura Närhi ft Erin	SISKONI	M	MDV58
Laura Voutilainen	KOKONAINEN NAINEN	M	MDV58
Mariska & Pahat Sudet	KUKKURUKUU	M	MDV58
Mikael Gabriel	TYTÖLLENI	M	MDV58
Neljänsuora ft Suvi Teräsniska	TÄÄVALSSI	M	MDV58
Olli Helenius	NYT JA AINA	M	MDV58
Paula Koivuniemi	KAIKEN ANTANUT	M	MDV58
Paula Koivuniemi	QUEEN	M	MDV58
PistePiste	ELÄN SUT UUDESTAAN	M	MDV58
Ruoska	MIES YLI LAIDAN	M	MDV58
Tuuli	SALAISUUDET	M	MDV58
Veikko Lavi	SILAKKA APAJALLA	M	MDV58
Yö	SYYT SYNTYJEN	M	MDV58
Yölintu	MINNE MAAILMA KULJETTAA	M	MDV58
Zen Cafe	OLET PUOLISONI NYT	M	MDV58
Anna Eriksson	ORJANTAPPURAN RUUSUT	M	MDV59
Anna Puu	ANTAUDUN	M	MDV59
Antti Tuisku	RAKKAUS ON	M	MDV59
Arttu Wiskari	IKUISESTI KAHDESTAAN	M	MDV59
Chisu	ETSIJÄT	M	MDV59
Edu Kettunen	LENTÄJÄN POIKA	M	MDV59
Erin	EI TAIDA TIETÄÄ TYTTÖ	M	MDV59
Finntrio	LOUNATUULEN LAULU	M	MDV59
Hanna Pakarinen	JOKAPÄIVÄINEN	M	MDV59
Jippu	KAKSI KAUNEINTA	M	MDV59
Johanna Kurkela	KAIKKI ASKELEET	M	MDV59
Johanna Kurkela	OLET UNENI KAUNEIN	M	MDV59
Juice Leskinen	VIIME YÖNÄ ENNEN KAHTA	M	MDV59
Kaija Koo	SEINÄRUUSU	M	MDV59
Kaija Koo	SEURAAVASSA ELÄMÄSSÄ	M	MDV59
Kari Tapio	AINUT MAAILMASSA	M	MDV59
Kari Tapio	LAULA KANSSAIN	M	MDV59
Kari Tapio	NAINEN	M	MDV59
Katri Helena	OLEN ELOSSA TAAS (Still Alive)	M	MDV59
Marko Ritola	POPPIKONEET SOIMAAN	M	MDV59
Mikael Gabriel ft Diandra	PÄÄSTÄ MUT POIS	M	MDV59
Neljänsuora	JULIA	M	MDV59
Paula Koivuniemi	MATKA	M	MDV59
Reijo Taipale	JAKSAA VANHAKIN TANSSIA	M	MDV59
Robin	LUUPILLA MUN KORVISSA	M	MDV59
Tabula Rasa	RAKASTATKO VIELÄ KUN ON ILTA	M	MDV59
Tapio Rautavaara	ONTUVA ERIKSSON	M	MDV59
Tauski Peltonen	TAAS NUORI OON	M	MDV59
Tommi Kalenius	GLORIA	M	MDV59
Topi Sorsakoski	LEVOTON MIELI	M	MDV59
Viikate	SE ON KIVI ISKELMÄÄ	M	MDV59
Yö	NIIN PALJON ME TEIHIN LUOTETTIIN	M	MDV59
Yölintu	APPELSIINILEHTOON	M	MDV59
Arttu Wiskari	AVAIMET KÄTEEN	M	MDV61
Cheek ft Samuli Edelmann	PAREMPI MIES	M	MDV61
Chisu	LÄHTÖ	M	MDV61
Eppu Normaali	NÄIN KULUTAN AIKAA	M	MDV61
Eppu Normaali	SUOMI ILMIÖ	M	MDV61
Erin	ÄLÄ TULE HYVÄ TYTTÖ	M	MDV61
Haloo Helsinki!	LÄHTÖVALMIINA	M	MDV61
Haloo Helsinki!	SYVÄLLE SILMIIN	M	MDV61
Hanna Pakarinen	OLIPA KERRAN ELÄMÄ	M	MDV61
Ilkka Alanko (Maarit)	NEITO JA YLIOPPILAS	M	MDV61
Irwin Goodman	ALKO PISTÄÄ PULLOON	M	MDV61
Irwin Goodman	KALTERITANGO	M	MDV61
Irwin Goodman	SILIRIMPSIS	M	MDV61
J Karjalainen	KEIHÄÄNKÄRKI	M	MDV61
J Karjalainen	LAURA HÄKKISEN SILMÄT	M	MDV61
J Karjalainen	SYDÄNLUPAUS	M	MDV61
Johanna Kurkela	KULTA PIENI	M	MDV61
Jonne Aaron	SININEN LINTU	M	MDV61
Juju	OODI	M	MDV61
Jukka Poika (Juha Tapio)	MITÄ SILMÄT EI NÄÄ	M	MDV61
Kaija Koo	SUPERNAISET	M	MDV61
Kari Tapio	KUIN LAPSENA ENNEN	M	MDV61
Kari Tapio	YÖN TUULI VAIN	M	MDV61
Laura Närhi (Kolmas Nainen)	SIIPEEN JOS SAIN	M	MDV61
Lauri Tähkä	HESSA	M	MDV61
Lauri Tähkä	ORJANRUUSU	M	MDV61
Lord Est ft Spekti	HANAT AUKI	M	MDV61
Neljänsuora	AURINKO	M	MDV61
Neljänsuora ft Stig	KESÄ VIELÄ JÄÄDÄ VOIS	M	MDV61
Pauli Hanhiniemi	MUUTKIN MOKAA	M	MDV61
Reijo Taipale	TAIVAAN KIERTOLAISET	M	MDV61
Robin	BOOM KAH	M	MDV61
Sani	VERSOAVA JUURI	M	MDV61
Sare	NÄKYMÄTÖN TYTTÖ	M	MDV61
Suvi Isotalo	UUSI	M	MDV61
Suvi Teräsniska	VAIETTU RAKKAUS	M	MDV61
Topi Sorsakoski	VOI YKSI PÄIVÄ OLLA SATA VUOTTA	M	MDV61
Vesa-Matti Loiri	RAKKAUDEN SOTILAAT	M	MDV61
Viikate	TERVASKANTO	M	MDV61
Zen Cafe	MILLOIN JÄTKÄT TULEE	M	MDV61
Arttu Wiskari	KUN ME DISKOSSA SUUDELTIIN	M	MDV63
Diandra	ONNI ON	M	MDV63
Eila Pellinen	PAKOON PAKOON	M	MDV63
Haloo Helsinki!	BEIBI	M	MDV63
Irwin Goodman	RIEMU JA RATTO	M	MDV63
Jari Sillanpää	MALAGAAN	M	MDV63
Jari Sillanpää	SINÄ ANSAITSET KULTAA	M	MDV63
Jari Sillanpää	TANSSII KUIN JOHN TRAVOLTA	M	MDV63
Jenni Vartiainen	MUISTAN KIRKKAUDEN	M	MDV63
Jonne Aaron	OTA MUT	M	MDV63
Juha Tapio	COPACABANA JA IPANEMA	M	MDV63
Juha Tapio	PLANEETAT ENKELIT JA KUU	M	MDV63
Juice Leskinen	EPÄILE VAIN	M	MDV63
Kaija Koo	AJOIN KOKO YÖN	M	MDV63
Kalle Lindroth	ANNIKA	M	MDV63
Kari Tapio	EI KOSKAAN RAKASTAA VOI LIIKAA	M	MDV63
Kari Tapio	PILVI TAIVAAN PEITTÄÄ	M	MDV63
Kasmir	IHOLLA	M	MDV63
Lasse Mårtenson	MILTÄ MENO MAISTUU	M	MDV63
Pate Mustajärvi	MAAN VALITUS	M	MDV63
Paula Vesala	MITEN JA MIKSI	M	MDV63
Pete Parkkonen	MUN	M	MDV63
Raappana	KAUAS POIS	M	MDV63
Robin	HALUAN SUN PALAAVAN	M	MDV63
Scandinavian Music Group	HÖLMÖ RAKKAUS	M	MDV63
Siru	KAKSI NAISTA	M	MDV63
Stig	ROY ORBISON	M	MDV63
Sunrise Avenue	NOTHING IS OVER	M	MDV63
Suvi Teräsniska	POHJANTUULI	M	MDV63
Tuure Kilpeläinen ja Kaihon Karavaani	HYMYILEVÄ APOLLO	M	MDV63
Yö ft Stina Girs	JÄÄN SUN VIEREEN	M	MDV63
Atomirotta	HIMA TAAS	M	MDV64
Chisu	IHANA	M	MDV64
Haloo Helsinki!	PULP FICTION	M	MDV64
Happoradio	PELASTAJA	M	MDV64
Ilkka Vainio & Timo Kiiskinen	YSTÄVÄN RISTI	M	MDV64
J Karjalainen	VIIMEINEN LAULU	M	MDV64
Janne Hurme	KOHTALO	M	MDV64
Johanna Kurkela	KUOLEVAINEN	M	MDV64
Johanna Kurkela	MUITA ENEMMÄN	M	MDV64
Jonne Aaron	KIROSANOJA	M	MDV64
Juha Tapio	SINUN VUOROSI LOISTAA	M	MDV64
Kaija Koo	MAAILMAN TUULET VIE	M	MDV64
Kari Tapio	JOS RAKAS SULLE OISIN	M	MDV64
Mikko Alatalo	KIIMINKIJOKI	M	MDV64
Neljä Ruusua	AJELEN	M	MDV64
Ressu Redford & Jussi Rainio	MEILLE JATKAMAAN	M	MDV64
Sanni	SUPERNOVA	M	MDV64
Siru	MUSTELMAT	M	MDV64
Särre ft Karri Koira	HESAN NAISET	M	MDV64
Vesterinen Yhtyeineen	ONNELLINEN MIES	M	MDV64
Apulanta	VALOT PIMEYKSIEN REUNOILLA	M	MDV65
Aurora	KAIKKI MITÄ NÄÄT	M	MDV65
Chisu	ANNA ASKELEEN VIEDÄ	M	MDV65
Chisu	SAALIIT	M	MDV65
Emma Salokoski	KIELLETTYJÄ ASIOITA	M	MDV65
Jari Sillanpää	IKUISESTI	M	MDV65
Jore Marjaranta	RAKKAUS KUULETHAN MUA	M	MDV65
Jorma Kääriäinen	SAMMUNUT NUOTIO	M	MDV65
Jorma Kääriäinen	SUURI YKSINÄINEN	M	MDV65
Juhamatti	VAIN HÄN	M	MDV65
Kaija Koo	MUUTTUNUT MIES MUUTTUNUT NAINEN	M	MDV65
Kari Tapio	LANGENNEET	M	MDV65
Maija Vilkkumaa	KISSAVIDEOITA	M	MDV65
Marja Koski	TÄNNE JÄÄN	M	MDV65
Mikael Gabriel ft Diandra	VIIMEISEN KERRAN	M	MDV65
Mikko Alatalo	TYTÖT TAHTOO PITÄÄ HAUSKAA	M	MDV65
Pate Mustajärvi	EI LUOTUJA KESTÄMÄÄN	M	MDV65
Paula Koivuniemi	RAKKAUSTARINA	M	MDV65
Samae Koskinen	KELTAISTA	M	MDV65
Suvi Teräsniska	UUSI AAMUNKOI	M	MDV65
A Aallon Rytmiorkesteri	TÄHDET MEREN YLLÄ	M	MDV66
Aki Samuli	EI KUKAAN KETÄÄN	M	MDV66
Arja Koriseva	LEIPÄÄ LEMPEE LÄMPÖÖ	M	MDV66
Danny & Armi	PELKKÄÄ HYVÄÄ	M	MDV66
Freud Marx Engels & Jung	MEIDÄN RUMIEN RAKKAUSLAULU	M	MDV66
Janne Hurme	ILLAN KAUNEIN TYTTÖ	M	MDV66
Kaija Koo	SINISET TIKKAAT	M	MDV66
Kari Tapio	ENSIRAKKAUS	M	MDV66
Kari Tapio	SYDÄMENI LYÖ	M	MDV66
Kirka	ODOTAN SINUA KOTIIN	M	MDV66
Laura Voutilainen	MIKS EI	M	MDV66
Matti Esko	TRASSELIJUSSIN SALSA	M	MDV66
Suvi Teräsniska	ONKO RIKOS RAKASTUA	M	MDV66
Tapio Rautavaara	MENEN ENKÄ MEINAA	M	MDV66
Teleks	TOMMY TABERMANN	M	MDV66
Tinni	LENTOON	M	MDV66
Tuomari Nurmio	RAHAMIES	M	MDV66
Tuure Kilpeläinen ja Kaihon Karavaani	AUTIOSAARI	M	MDV66
Ville Valo	OLET MUN KAIKULUOTAIN	M	MDV66
Yö	ERAKKO	M	MDV66
Antti Ketonen	OLISITPA SYLISSÄNI	M	MDV68
Arttu Wiskari	MEIDÄN BIISI	M	MDV68
Eero Raittinen	TUULEN VIEMÄÄ	M	MDV68
Eija Kantola	KÄY LUONAIN EILINEN	M	MDV68
Haloo Helsinki!	HULLUUDEN HIGHWAY	M	MDV68
Janna	ANNA MÄ PUHALLAN	M	MDV68
Jorma Kääriäinen	VASTUU	M	MDV68
Juha Tapio	RAKASTETTU	M	MDV68
Kari Tapio	MUISTOISSAIN	M	MDV68
Kari Tapio	TUULI KÄÄNTYKÖÖN	M	MDV68
Kikka	RAKKAUDEN TALO	M	MDV68
Mamba	PIENI LEMMENLEIKKI	M	MDV68
Matti ja Teppo	TIEDÄTHÄN SEN	M	MDV68
Pasi Vainionperä	RAKKAUDEN RIKOLLINEN	M	MDV68
Riki Sorsa	HALKI MAAILMAN	M	MDV68
Saija Tuupanen	TARTU HETKEEN	M	MDV68
Seppo Tammilehto	KUIN HELMINAUHAA	M	MDV68
Sir Elwoodin hiljaiset värit	PERUNAMAA	M	MDV68
Tuure Kilpeläinen ja Kaihon Karavaani	JÄÄHYVÄISET	M	MDV68
Vesa-Matti Loiri	NOCTURNE	M	MDV68
Anssi Kela	ILVES	M	MDV69
Antti Railio	SAMAAN MARMORIIN	M	MDV69
Antti Tuisku ft Boyat	HANURI	M	MDV69
Evelina	SUN VIKA	M	MDV69
Fagerholm ft Keijo	RAVIRETKI	M	MDV69
Hector	PIANOMIES	M	MDV69
Juha Tapio	KUKA NÄKEE SUT	M	MDV69
Kari Tapio	SAANHAN MENNÄ LUOTAS POIS	M	MDV69
Kikka	PARHAAT PUOLENI	M	MDV69
Laura Voutilainen	NIIN KUIN MEREN HIEKKAA	M	MDV69
Leevi and The Leavings	TOIVEUNTA	M	MDV69
Neljä ruusua	MUSTIA RUUSUJA	M	MDV69
Neljä Ruusua	ÄLÄ LUOVUTA	M	MDV69
Poju	KALSARIKÄNNIT	M	MDV69
Sir Elwoodin hiljaiset värit	VANHA VALOKUVA	M	MDV69
Tarja Lunnas	MEIDÄN YÖ	M	MDV69
Tuure Kilpeläinen ja Kaihon Karavaani	TÄSSÄ MENEE VIELÄ HETKI	M	MDV69
Vesala	MUITAKI IHMISII	M	MDV69
Viikate	MANTELINMAKUINEN	M	MDV69
Yö	MITÄ JOS MÄ RAKASTAN SUA	M	MDV69
Annikki Tähti	LUMIHIUTALEITA	M	MDVTAN
Annikki Tähti	UNIKUVA	M	MDVTAN
Eino Grön	IRJA TANGO	M	MDVTAN
Eino Valtanen	PIENI MURU ONNEA	M	MDVTAN
Esko Rahkonen	JOKU ODOTTAA KIRJETTÄSI	M	MDVTAN
Esko Rahkonen	MARJA	M	MDVTAN
Esko Rahkonen	TALLINNAN LAULU	M	MDVTAN
Martti Garam	EI KUKAAN TOINEN	M	MDVTAN
Olavi Virta	ILTA SANTA CRUZISSA	M	MDVTAN
Olavi Virta	KAIPAAN KAHTA SANAA	M	MDVTAN
Reijo Viita	SYKSYN SÄVEL	M	MDVTAN
Taisto Tammi	ANNA LIISA	M	MDVTAN
Taisto Tammi	EI EROSSA YHTÄÄN ILTAA	M	MDVTAN
Taisto Tammi	ILLAN KAUNEIN TYTTÖ	M	MDVTAN
Taisto Tammi	LAPIN TÄHTI	M	MDVTAN
Taisto Tammi	NAISTEN TANGO	M	MDVTAN
Taisto Tammi	PIENEN PIENI ONNI	M	MDVTAN
Taisto Tammi	SOTAPOJAN TYTTÖ	M	MDVTAN
Taisto Tammi	TANGO MANDOLINO	M	MDVTAN
Taisto Tammi	TANGO MEILLE KAHDELLE	M	MDVTAN
Taisto Tammi	TANGO SINIKALLE	M	MDVTAN
Taisto Tammi	TÄNÄ ILTANA TAHTOISIN UNOHTAA	M	MDVTAN
Frederik	TAKA TAKATA	M	MEL01z
Garbo	LADY HUHTIKUU	M	MEL01z
Helena Siltala	PIKKU MIDINETTI	M	MEL01z
Hurriganes	MY ONLY ONE	M	MEL01z
Jari Sillanpää	PARIISI HELSINKI	M	MEL01z
Jari Sillanpää	VALKEAA UNELMAA	M	MEL01z
Johnny	EI SE KESÄÄ TEE	M	MEL01z
Jorma Lyytinen	KUUTAMOTANGO	M	MEL01z
Jouko ja Kosti	KUN HÄN ON MENNYT	M	MEL01z
Juhani Markola	KUN TUULI SOI	M	MEL01z
Juice Leskinen	EESTI (ON MY MIND)	M	MEL01z
Juice Leskinen	JUANKOSKI HERE I COME	M	MEL01z
Jukka Kuoppamäki	KISKOT VIEVÄT ETELÄÄN	M	MEL01z
Jukka Kuoppamäki	VALTATIE	M	MEL01z
Kaseva	MARI	M	MEL01z
Kikka	MÄ HALUUN VIIHDYTTÄÄ	M	MEL01z
Kirka	TIE HUOMISEEN	M	MEL01z
Kisu	TOUKOKUU	M	MEL01z
Lasse Liemola	DIIVAILLEN	M	MEL01z
Mika Sundqvist	MOOTTORIPYÖRÄ ON MOOTTORIPYÖRÄ	M	MEL01z
Pasi Kaunisto	KURJET	M	MEL01z
Pasi Kaunisto	MAA MUUTTUKOON	M	MEL01z
Saija Varjus	UNOHDETTU SYDÄN	M	MEL01z
Saija Varjus	YAMBAIJAA	M	MEL01z
Taiska	VILLI VAPAUDEN KAIPUU	M	MEL01z
Tapani Perttu	NATALIE	M	MEL01z
The Sounds	KAIPAAN SUA	M	MEL01z
Tiina Räsänen	RANNALLA TUULEE	M	MEL01z
Topi Sorsakoski	EEVA	M	MEL01z
Upi Sorvali	TERYLEENIÄ	M	MEL01z
Anna Eriksson	JULIET JA JOONATAN	M	MEL02z
Annikki Tähti	VILLIT RUUSUT	M	MEL02z
Arto Tamminen	UTOPIAA	M	MEL02z
Danny	AMARILLO	M	MEL02z
Dimitri	ISÄSI SUN	M	MEL02z
Eija Kantola	SATA SUUDELMAA	M	MEL02z
Georg Malmsten	NIKKELIMARKKA	M	MEL02z
Georg Ots	KALASTAJAN LAULU	M	MEL02z
Hector	OLEN HAUTAUSMAA	M	MEL02z
Jari Sillanpää	BUM BUM BUM	M	MEL02z
Jizzo	SUN SILMISSÄ MÄ NÄÄN	M	MEL02z
Juha Vainio	KAUHEA KANKKUNEN	M	MEL02z
Juha Vainio	MÄ USKON HUOMISPÄIVÄÄN	M	MEL02z
Juice Leskinen	HAUHO	M	MEL02z
Juice Leskinen	SIKA	M	MEL02z
Jukka Kuoppamäki	KULTAA TAIKKA KUNNIAA	M	MEL02z
Jukka Kuoppamäki	PIENI MIES	M	MEL02z
Kai Hyttinen	HAVANNAN YÖT	M	MEL02z
Kaija Koo	MINUN TUULESSA SOI	M	MEL02z
Lea Laven	DR KIS KIS	M	MEL02z
Leevi and The Leavings	HUBAA HABAA	M	MEL02z
Maarit Hurmerinta	LAINAA VAIN	M	MEL02z
Marjatta & Lasse	LEIKITEN	M	MEL02z
Matti ja Teppo	KAIKEN TAKANA ON NAINEN	M	MEL02z
Paula Koivuniemi	KULKEA SAIN SATEENKAARENI PÄÄHÄN	M	MEL02z
Pepe Willberg	RÖÖPERIIN	M	MEL02z
Petri & Pettersson Brass	ANGIE	M	MEL02z
Saija Varjus	TAHDON	M	MEL02z
Samuli Edelmann & Sani	OLEN LUONASI SUN	M	MEL02z
Susanna Heikki	LENTOSUUKKO	M	MEL02z
Tapio Rautavaara	JOENSUUN ELLI	M	MEL02z
A Aallon Rytmiorkesteri	SAN BERNADINO (Sun Bernadino)	M	MEL03
Fredi	MUUKALAINEN (Starman)	M	MEL03
Georg Ots	VENEZUELA	M	MEL03
Jamppa Tuominen	JOS YSTÄVÄÄN SÄ LUOTTAA VOIT	M	MEL03
Jamppa Tuominen	YÖN SYLIIN	M	MEL03
Janne Tulkki	TULVII POHJANMAA	M	MEL03
Jari Sillanpää	AURINGON LAPSET	M	MEL03
Johnny	PIKKU BELINDA	M	MEL03
Juha Vainio	TULTA PÄIN	M	MEL03
Juice Leskinen	EILEN HÄN KERTOI	M	MEL03
Juice Leskinen	NORJALAINEN VILLAPAITA	M	MEL03
Kaija Kärkinen & Ile Kallio	TÄYSIKUU	M	MEL03
Kari Tapio	SINUT TULEN AINA MUISTAMAAN	M	MEL03
Kirka	SOITIN VAIN KUN TAAS SUA KAIPAAN	M	MEL03
Lea Laven	AAMULLA RAKKAANI NÄIN (Early Morning Rain)	M	MEL03
Maggie Reilly	MOONLIGHT SHADOW	M	MEL03
Marita Taavitsainen	ANDRE	M	MEL03
Matti ja Teppo	LÄHTÖHETKI	M	MEL03
Matti Jurva	KAUNIS VEERA	M	MEL03
Metro-tytöt	ORVOKKEJA ÄIDILLE (Violer Till Mor)	M	MEL03
Nylon Beat	VIIMEINEN	M	MEL03
Ossi Ahlapuro	AZZURRO	M	MEL03
Pihasoittajat	ELÄMÄN KUTSU	M	MEL03
Ritva Mustonen	MERIMIES KOTIMAASI ON MERI	M	MEL03
Sammy Babitzin	PIENEN POJAN NUKKESHOW	M	MEL03
Susanna Heikki	BENJAMIN	M	MEL03
Tapio Rautavaara	ANTTILAN KEVÄTHUUMAUS (Sjösalavals)	M	MEL03
Tarja Ylitalo	TÄNÄÄN HUIPULLA	M	MEL03
Topi Sorsakoski	TANGO POESIE	M	MEL03
Topi Sorsakoski	VAIN LUNTA KAIKKIALLA	M	MEL03
Anki ja Cumulus	LÄNSITUULI	M	MEL04x
Anki ja Cumulus	SÄKKIJÄRVEN POLKKA	M	MEL04x
Anna Hanski	LAMBADA	M	MEL04x
Bosse ja Robert	NELLYN PALMIKKO	M	MEL04x
Clifters (Phil Collins)	LEIKKIKALU (You Can’t Hurry Love)	M	MEL04x
Danny	HYVÄ MUN ON NIIN	M	MEL04x
Danny	KUULUMME NUORIIN	M	MEL04x
Eija Merilä	MÄ MEIDÄN MAALLE TAHDON TAKAISIN	M	MEL04x
Garbo	VIINIÄ JA RUUSUJA	M	MEL04x
Hassisen Kone	RAPPIOLLA	M	MEL04x
Heidi Kyrö	PÄIVÄNVALOON	M	MEL04x
Hootenanny Trio	ESPLANDI	M	MEL04x
Hurriganes	AN AWFUL CRIME	M	MEL04x
Jamppa Tuominen	YRITETÄÄN YHDESSÄ VIELÄ	M	MEL04x
Janne Tulkki	KULKURIN KUU	M	MEL04x
Jari Huhtasalo	LAPIN ÄIDIN KEHTOLAULU	M	MEL04x
Jari Huhtasalo	ÄIDEISTÄ PARHAIN	M	MEL04x
Juha Vainio	VANHA SALAKULJETTAJA LAITINEN	M	MEL04x
Juice Leskinen	PAPERITÄHDET	M	MEL04x
Kaija Kärkinen & Ile Kallio	VALKOISET VALHEET	M	MEL04x
Kaseva	TYHJÄÄ	M	MEL04x
Marita Taavitsainen	RAKASTAN RAKASTAN RAKASTAN	M	MEL04x
Markku Ketola	SYLI TÄYNÄ RENTUKOITA	M	MEL04x
Matti Esko	EI ITKU ENÄÄN AUTA	M	MEL04x
Mieskone	ROOSA JA KAHDEKSAN MUUTA	M	MEL04x
Sirpa Sola	VILLIT JOUTSENET	M	MEL04x
Susanna Heikki	LUONA KIOSKIN	M	MEL04x
Suurlähettiläät	KUKA PYSÄYTTÄISI KELLOT	M	MEL04x
Terhi Jokila	RIVITANSSI	M	MEL04x
The First	MENI HERMOT	M	MEL04x
Annikki Tähti	MUSTALAISVIULU	M	MEL05z
Dingo	NAHKATAKKINEN TYTTÖ	M	MEL05z
Dingo	PERJANTAI	M	MEL05z
Erkki Liikanen	MUA ÄLÄ HYLKÄÄ	M	MEL05z
Janne Tulkki	KAHDEN HENGEN NUOTIO	M	MEL05z
Janne Tulkki	TOISILLEEN LUODUT	M	MEL05z
Jari Sillanpää	KUULEEKO EERO	M	MEL05z
Jari Sillanpää	PIDÄ MINUSTA KII	M	MEL05z
Juha Vainio	ELÄMÄÄ JA EROTIIKKAA	M	MEL05z
Kari Tapio	RANNAN TAVERNASSA KERRAN	M	MEL05z
Kristiina Halkola	LAULU RAKASTAMISEN VAIKEUDESTA	M	MEL05z
Lea Laven	KAHVILAAN PIENEEN MÄ KÄYN	M	MEL05z
Mauno Kuusisto	KERTOKAA SE HÄNELLE	M	MEL05z
New Joys	MIKSET MUA HUOMAA	M	MEL05z
Olavi Virta	LIEKKI	M	MEL05z
Olavi Virta	YÖN KULKIJA	M	MEL05z
Paula Koivuniemi	JOS KONDUKTÖÖRIN NAIT	M	MEL05z
Paula Koivuniemi	ONNEN RUUSUT	M	MEL05z
Petri & Pettersson Brass	SYLVIAN ÄITI	M	MEL05z
Saija Varjus	VOIT MUA AUTTAA	M	MEL05z
Samuli Edelmann	PEGGY	M	MEL05z
Seppo Närhi	KOIVU JA TÄHTI	M	MEL05z
Stidit	PIENENÄ TYTTÖNÄ	M	MEL05z
Tapani Kansa	ANNINA	M	MEL05z
Tarja Lunnas	LEMMENPÖLYÄ	M	MEL05z
Tarja Lunnas	TURHAT KYYNELEET	M	MEL05z
Tauno Palo	YKSI RUUSU ON KASVANUT LAAKSOSSA	M	MEL05z
Tauski Peltonen	NIIN MINÄ SINULLE KUULUN	M	MEL05z
Veikko Lavi	NÄLKÄLINNA	M	MEL05z
Yö	LIKAISET LEGANDAT 1	M	MEL05z
Anna Eriksson	KESÄ YHDESSÄ	M	MEL07
Antti Huovila	FENIX LINTU	M	MEL07
Arttu Suuntala	LAPSUUDEN PIHAPUU	M	MEL07
Eino Grön	ELÄMÄNI NAINEN	M	MEL07
Finlanders	SADETANSSI	M	MEL07
Hortto Kaalo	EI KENENKÄÄN LÄHIMMÄINEN	M	MEL07
Janne Tulkki	LUMIKENTTIEN KUTSU	M	MEL07
Janne Tulkki	SISÄLTÄ KULTAA	M	MEL07
Jari Sillanpää	SHOW MUST GO ON	M	MEL07
Johanna Siekkinen	NELIAPILA	M	MEL07
Jorma Kääriäinen	MOODY RIVER	M	MEL07
Jormas	ALUSTA MÄ KAIKEN ALKAISIN	M	MEL07
Juhamatti	VOLGA	M	MEL07
Juice Leskinen	SE OLI JAUTAA	M	MEL07
Kari Tapio	PELURI	M	MEL07
Katri Helena	PALMAN MAININGIT	M	MEL07
Kisu	SUN JA MUN (Runaway)	M	MEL07
Laila Kinnunen & Jorma Kääriäinen Agents	IDÄN JA LÄNNEN TIET	M	MEL07
Metro-tytöt	LESKIÄIDIN TYTTÄRET	M	MEL07
Miljoonasade	LAPSUUDEN SANKARILLE	M	MEL07
Miljoonasade	TULITIKKU	M	MEL07
Puolikuu	OTA MINUT NYT	M	MEL07
Rauli Badding Somerjoki	MÄ JÄIN KII	M	MEL07
Sanna Pietiäinen	VILLI SYDÄN	M	MEL07
Satu Pentikäinen	NÄÄ BOOTSIT ON MUN OMAT	M	MEL07
Tamara Lund	JÄLJET HIEKASSA	M	MEL07
Tapio Heinonen	JULIAN GRIMAU	M	MEL07
Tapio Rautavaara	TUO AIKA TOUKOKUUN	M	MEL07
Tuula Amberla	TYTTÖ KAMPAA MÄRKÄÄ TUKKAA	M	MEL07
Yölintu	LIIAN SUURI CITY	M	MEL07
Aikakone	ALLA VAAHTERAPUUN	M	MEL13z
Anna Hanski	MELODIAA	M	MEL13z
Anna Hanski	SINÄ OLET KAUNIS	M	MEL13z
Anssi Kela	MIKAN FAIJAN BMW	M	MEL13z
Anssi Kela	NUMMELA	M	MEL13z
Antti Raiski	LÄHDÖN HETKI	M	MEL13z
Carola	HERROJEN KANSSA PELLON LAIDASSA	M	MEL13z
Hector	SUSANNE	M	MEL13z
Irwin Goodman	RAHA RATKAISEE	M	MEL13z
Jussi Raittinen	VANKILAROCK	M	MEL13z
Kaija Koo	TUULTEN VIEMÄÄ	M	MEL13z
Kari Tapio	ON YKSI RUUSU	M	MEL13z
Kari Tapio	OSUIT OIKEAAN	M	MEL13z
Katariina Honkanen	SILTA	M	MEL13z
Katri Helena	KAI MUISTAT SEN	M	MEL13z
Katri Helena	SUA RAKASTAN	M	MEL13z
Kisu	VÄLIÄKÖS SILLÄ SITTEN ON	M	MEL13z
Lea Laven	EN KADU MITÄÄN	M	MEL13z
Lea Laven & Kari Tapio	MUISTOJEN HEHKU	M	MEL13z
Leevi and The Leavings	MÄYRÄ	M	MEL13z
Mikko Alatalo	HYASINTTIEN AIKAAN	M	MEL13z
Mimmi Mustakallio	BORRIQUITO	M	MEL13z
Olavi Virta	OLE ARMOLLINEN	M	MEL13z
Paavo & Zephyr	AAMUÖISEEN SATEESEEN	M	MEL13z
Paula Koivuniemi	LUOTAN SYDÄMEN ÄÄNEEN	M	MEL13z
Paula Koivuniemi	SIIVET	M	MEL13z
Seija Simola	LAULU KUOLLEESTA RAKASTETUSTA	M	MEL13z
Sepi Kumpulainen	DIP PA DAI	M	MEL13z
Tarja Lunnas	NAURAEN TASSIEN	M	MEL13z
Vesa-Matti Loiri	JOKA POJALLA ON SIIVET	M	MEL13z
Anssi Kela	KAKSI SISARUSTA	M	MEL15z
Anssi Kela	PUISTOSSA	M	MEL15z
Antti Huovila	SATA KITARAA	M	MEL15z
Brita Koivunen	KASAKKAPARTIO	M	MEL15z
Brita Koivunen	MUA LEMMITKÖ VIELÄ OI KUSTAA	M	MEL15z
Heli Keinonen	AJETTIH DA TSIGANAISET	M	MEL15z
Juhamatti	LUOKSESI SUN	M	MEL15z
Kaija Koo	HANAT AUKEAA	M	MEL15z
Kaija Koo	UNIHIEKKAMYRSKY	M	MEL15z
Kari Tapio	HAAVETANGO	M	MEL15z
Kari Tapio	TYTTÖ KUIN TAIVAASTA	M	MEL15z
Lasse Mårtenson	PURJEHDUS	M	MEL15z
Leevi and The Leavings	AMALIA	M	MEL15z
Mamba	HEI PETE	M	MEL15z
Matti Jurva	SAVONMUAN HILMA	M	MEL15z
Meiju Suvas	KUN LÄHDET ARMEIJAAN	M	MEL15z
Meiju Suvas	YKSI JA AINUT	M	MEL15z
Melart	LADY YÖ	M	MEL15z
Olavi Virta	SUA LEMMIN KUIN JÄRJETÖN MÄ OISIN	M	MEL15z
Paula Koivuniemi	LÄHDETÄÄN	M	MEL15z
Paula Koivuniemi	ON HÄN NIIN YKSINÄINEN	M	MEL15z
Paula Koivuniemi	SEN SIKSI TEIN	M	MEL15z
Reijo Taipale	MUISTO	M	MEL15z
Reijo Taipale	NATALIE	M	MEL15z
Reijo Taipale	SYDÄMET LYÖVÄT SAMAAN TAHTIIN	M	MEL15z
Saija Varjus	VASTATUULEEN	M	MEL15z
Taiska	SULLE AINIAAN	M	MEL15z
Tarja Lunnas	SOITA KUN TUNNET NIIN	M	MEL15z
Yö	LAULU RAKKAUDELLE	M	MEL15z
Yölintu	SITÄ SAA MITÄ TILAA	M	MEL15z
Anna Eriksson	KUN KATSOIT MINUUN	M	MEL16z
Anna Eriksson	RAKKAUDEN SAARI	M	MEL16z
Anna Eriksson	VIERAAT HUONEET	M	MEL16z
Anneli Sari	MENIN RAITEILTAIN	M	MEL16z
Anneli Sari	OSANANI OVAT KYYNELEET	M	MEL16z
Arja Havakka	MUSTAT ENKELIT	M	MEL16z
Isto Hiltunen	SAAVATKO HE JOSKUS TOISENSA	M	MEL16z
Janne Tulkki	YKSINÄINEN PITKÄ TIE	M	MEL16z
Jarkko ja Laura	KUIN PIENI TYHMÄ	M	MEL16z
Kaija Koo	VIIMEINEN LENTO	M	MEL16z
Kaija Kärkinen & Ile Kallio	JAN	M	MEL16z
Kari Tapio	EXTRAPALLO	M	MEL16z
Kari Tapio	TÄÄ KÄSI PITÄÄ	M	MEL16z
Lea Laven	KESÄÄ VAIN RAKASTAN	M	MEL16z
Lea Laven	RAKKAUS KAUNISTAA	M	MEL16z
Leevi and The Leavings	ELÄMÄÄ	M	MEL16z
Meiju Suvas	VIET ITSEKONTROLLIN	M	MEL16z
Neloset	BARBARA	M	MEL16z
Pasi Kaunisto	SATA KELLOA	M	MEL16z
Paula Koivuniemi	BEBE	M	MEL16z
Paula Koivuniemi	MITEN VOI	M	MEL16z
Reijo Taipale	POSKI POSKEA VASTEN	M	MEL16z
Samuli Edelmann	IHANA VALO	M	MEL16z
SIG	SADAN VUODEN YKSINÄISYYS	M	MEL16z
Susanna Heikki	KULKURIN KORVARENGAS	M	MEL16z
Taiska	RANNALLA	M	MEL16z
Tarja Lunnas	OI BEIBI JÄÄ	M	MEL16z
Yö	ENKELILLE	M	MEL16z
Yö	VIE MUT MINNE VAAN	M	MEL16z
Yölintu	RAKKAUS ON SININEN	M	MEL16z
Anssi Kela	MILLA	M	MEL18z
Antti Raiski	ANGELLE	M	MEL18z
Brita Koivunen	NEITI SIEVÄNEN JA MINÄ	M	MEL18z
Irwin Goodman	SI SI SI	M	MEL18z
Jean Pierre Kusela	NAURAVA KULKURI	M	MEL18z
Kai Hyttinen	NÄKEMIIN MOSKOVA	M	MEL18z
Kaija Koo	TULE LÄHEMMÄS BEIBI	M	MEL18z
Kari Tapio	KUIN LIITO LINNUN	M	MEL18z
Kari Tapio	ON NIIN YKSIN	M	MEL18z
Kari Tapio	TOISENLAISET VEET	M	MEL18z
Kirsi Ranto	MARGARITA	M	MEL18z
Lea Laven	SANAT MURENEVAT	M	MEL18z
Lea Laven	SE ON ELÄMÄÄ	M	MEL18z
Lea Laven	SURUNHARMAUS	M	MEL18z
Leevi and The Leavings	MUOTITIETOINEN	M	MEL18z
Markus	NIIN KAUAN KUN ON AIKAA	M	MEL18z
Matti Esko	NÄIN SUOMI PYSYY PYÖRILLÄÄN	M	MEL18z
Mauno Kuusisto	EDELWEISS	M	MEL18z
Milana	KUU RIITTÄÄ	M	MEL18z
Nylon Beat	ANNA MULLE	M	MEL18z
Olavi Virta	HÄÄMUISTOJEN VALSSI	M	MEL18z
Olavi Virta	KUINKA SAATOITKAAN	M	MEL18z
Paula Koivuniemi	OLET MUN LUONANI SILLOIN	M	MEL18z
Reijo Taipale	PURISTA MUA HILJAA	M	MEL18z
SIG	VUOSISADAN RAKKAUSTARINA	M	MEL18z
Sonja Lumme	MUA JÄTTÄÄ ET SAA	M	MEL18z
Taikapeili	JOS SULLA ON TOINEN	M	MEL18z
Tapio Rautavaara	KOHTI ALASKAA	M	MEL18z
Tarja Ylitalo	MUSTANKIPPEE	M	MEL18z
Zen Cafe	MIES JONKA YMPÄRILTÄ TUOLIT VIEDÄÄN	M	MEL18z
Anna Eriksson	KEVÄTYÖ	M	MEL19z
Anna Eriksson	SUMUJEN SILTA	M	MEL19z
Arja Havakka	USKO PUOLET MITÄ NÄET	M	MEL19z
Cumulus	MARSEILLEN POIKA	M	MEL19z
Eppu Normaali	POLIISI PAMPUTTAA TAAS	M	MEL19z
Eri esittäjiä	PALJON ONNEA VAAN	M	MEL19z
Isto Hiltunen	EMMANUELLE	M	MEL19z
Kai Hyttinen	RAKASTAN ENEMMÄN SUA KUIN KETÄÄN ENNEN	M	MEL19z
Kai Hyttinen	YÖN JÄLKEEN	M	MEL19z
Kari Tapio	KAIKKI JÄIKÖ VIIME KERTAAN	M	MEL19z
Lasse Mårtenson	HEI HEI PUSSYCAT	M	MEL19z
Laura Voutilainen	EN MIELESTÄIN SUA SAA	M	MEL19z
Leevi and The Leavings	MARJO RIITTA RAHTARIN RAKKAUS	M	MEL19z
Leevi and The Leavings	RIN TIN TIN	M	MEL19z
Leevi and The Leavings	TIKAPUUT TAIVAASEEN	M	MEL19z
Maarit Hurmerinta	IHMEIDEN PÄIVÄ	M	MEL19z
Maarit Hurmerinta	LAAKSON LILJA	M	MEL19z
Markus	HÄN ON OLLUT RAKKAIN	M	MEL19z
Olavi Virta	KERRAN VIEL	M	MEL19z
Olavi Virta	YÖLINTU	M	MEL19z
Rex	BLONDIE NAM NAM	M	MEL19z
SIG	LEIJAILEN	M	MEL19z
Sir Elwoodin hiljaiset värit	ÄLÄ ITKE	M	MEL19z
Taikakuu	KAI VIELÄ JÄÄT	M	MEL19z
Tapio Rautavaara	JUOKSE SINÄ HUMMA	M	MEL19z
Tarja Lunnas	MEIDÄN HEHKUVA HIILLOS	M	MEL19z
Tarja Lunnas	OON RAKASTUNUT	M	MEL19z
Tiktak	KYYNELEET	M	MEL19z
Yö	MYSTEERI	M	MEL19z
Yö	SÄRKYVÄÄ	M	MEL19z
Yölintu	RILLUTTELE YÖ	M	MEL19z
Anne Mattila	ASFALTTIVIIDAKKO	M	MEL21z
Anne Mattila	PIENEN HETKEN	M	MEL21z
Berit	KATULYHDYT	M	MEL21z
Eini	VIE VIE VIE	M	MEL21z
Eini	XANADU	M	MEL21z
Erkki Junkkarinen	KEINUMORSIAN	M	MEL21z
Jaakko Teppo	PAMELA	M	MEL21z
Janne Tulkki	SINISEN TAIVAAN SATEENKAARI	M	MEL21z
Jore Marjaranta	MAAILMA JATKAA KULKUAAN	M	MEL21z
Jukka Raitanen	VAPAA OON	M	MEL21z
Kaija Kärkinen & Ile Kallio	SADE	M	MEL21z
Kaija Kärkinen & Ile Kallio	YÖKIITÄJÄ	M	MEL21z
Kalevi Korpi	ANASTASIA	M	MEL21z
Kari Tapio	EI TOIVETTA SEN KUMMEMPAA	M	MEL21z
Laura Närhi	KUUTAMOLLA	M	MEL21z
Leevi and The Leavings	KERRO TERVEISET LAPSILLE	M	MEL21z
Leevi and The Leavings	MATKAMUISTOJA	M	MEL21z
Mamba	VIELÄ ON KESÄÄ JÄLJELLÄ	M	MEL21z
Markku Suominen	EILEN KUN MÄ TIENNYT EN	M	MEL21z
Mikko Kilkkinen	SOITTAKAA LUJEMPAA	M	MEL21z
Neljänsuora	KESÄYÖ	M	MEL21z
Rainer Friman	ILLAN KAUNEIN TYTTÖ	M	MEL21z
Ressu Redford	LAULUSSA ON HELPPO RAKASTAA	M	MEL21z
Ressu Redford	TIEDÄN SEN TUNNEN SEN	M	MEL21z
Sakari Kuosmanen	LAULAJAN HELMI	M	MEL21z
Sakari Kuosmanen	PIENI SYDÄN	M	MEL21z
Sleepy Sleepers	KESÄMOPO	M	MEL21z
Sonja Lumme	ELÄKÖÖN ELÄMÄ	M	MEL21z
Virve Vicky Rosti	MULLA VOI MENNÄ MYÖHÄÄN	M	MEL21z
Yö	KATUJEN KUNINGATAR	M	MEL21z
Yölintu	TÄÄ ON RANKKAA	M	MEL21z
Anna Eriksson	SEURATAAN JOHTAJAA	M	MEL22x
Anne Mattila	VALOKUVA	M	MEL22x
Anneli Saaristo	KATKENNUT HELMINAUHA	M	MEL22x
Arvi Lind	HYVIÄ UUTISIA	M	MEL22x
Disco	ILKEITÄ ASIOITA	M	MEL22x
Eija Kantola	OLE SE JOTA HAIN	M	MEL22x
Garbo	SUOMALAINEN UNELMA	M	MEL22x
Heinäsirkka	RANSKALAINEN YÖ	M	MEL22x
J Karjalainen	MISSÄ SE VÄINÖ ON	M	MEL22x
J Karjalainen	VILLEJÄ LUPIINEJA	M	MEL22x
Janne Tulkki	UNTEN ERÄMAA	M	MEL22x
Jorma Lyytinen	TULIVUORI	M	MEL22x
Kari Tapio	EN ODOTA HUOMISEEN	M	MEL22x
Kari Tapio	SIELU SYDÄN JA KYYNELEET	M	MEL22x
Laila Kinnunen	KUUME	M	MEL22x
Leevi and The Leavings	RAKKAUDEN TYÖKALU	M	MEL22x
Mamba	SAA KOSKETTAA	M	MEL22x
Marita Taavitsainen	KELLOT MOSKOVAN	M	MEL22x
Pirjo Kämppi	YKSIN KULJEN SATEESEEN	M	MEL22x
Reijo Taipale	ESPERANZA	M	MEL22x
Reijo Taipale	TANSSI	M	MEL22x
SIG	METSURIN KOIRA	M	MEL22x
Simo Salminen	ROTESTILAULU	M	MEL22x
Tauno Palo	RAKKAUDEN TULI	M	MEL22x
Teleks	SIIVET	M	MEL22x
Tiktak	SATUPRINSESSA	M	MEL22x
Tuula Siponius	KOLME KELLOA	M	MEL22x
Veikko Tuomi	KOTISEUTUNI	M	MEL22x
Veikko Tuomi	MAAILMAN VALOT	M	MEL22x
Yölintu	ILTA AURINKO	M	MEL22x
Agents	ARON LEMPEÄ	M	MEL24x
Agents	KUKAT KAUNIIT	M	MEL24x
Anna Eriksson	SUN LUOKSES IKÄVÄ ON	M	MEL24x
Anna Eriksson	TIEN SELVEMMIN NÄÄN	M	MEL24x
Anneli Saaristo	LUMPEENKUKKA	M	MEL24x
Arja Havakka	MERI	M	MEL24x
Carola & The Boys	MAAILMAIN (End Of The World)	M	MEL24x
Danny	ANGELICA	M	MEL24x
Danny	YKSINÄINEN ILTA	M	MEL24x
Disco	LEVOTTOMAT TUULET	M	MEL24x
Garbo	POIKA JULMAN MAAN	M	MEL24x
Gimmel	ETSIT MUIJAA SEURAAVAA	M	MEL24x
Irina	JUULIAN TOTUUDET	M	MEL24x
Kari K Jurva	HAAVEKUVA	M	MEL24x
Kari Tapio	SINÄ SUNNUNTAINA SILLOIN	M	MEL24x
Kari Tapio	SYYS SURUMIELINEN	M	MEL24x
Marita Taavitsainen	ELOON JÄÄN	M	MEL24x
Noitalinna Huraa	PIKKUVELI	M	MEL24x
Popeda	LOLA	M	MEL24x
Popeda	SYDÄN SYRJÄLLÄÄN	M	MEL24x
Popeda	TUHKAA	M	MEL24x
Popeda	UKKOMETSO	M	MEL24x
Ritva Mustonen	KYLMÄÄ SOTAA JA RAKKAUTTA	M	MEL24x
Ritva Palukka	VAHANUKKE LAULAVA NUKKE	M	MEL24x
Seppo Tammilehto	VAIN TAIVAS YKSIN TIETÄÄ SEN	M	MEL24x
Sielun Veljet	TOISET ON LUOTUJA KULKEMAAN	M	MEL24x
Tapio Rautavaara	RALLI	M	MEL24x
Tapio Rautavaara	VAIN MERIMIES VOI TIETÄÄ	M	MEL24x
Teleks	HILJAA VIRTAA VANTAA	M	MEL24x
Tomi Metsäketo	KUU	M	MEL24x
Apulanta	HIEKKA	M	MEL25x
Clifters	HULLUNROHKEE	M	MEL25x
Danny	JUDY JUDY	M	MEL25x
Edu Kettunen	IHANAT AJAT	M	MEL25x
Garbo	PYSÄKKI	M	MEL25x
Gimmel	ROVIOLLA	M	MEL25x
Juice Leskinen	MUSTA AURINKO NOUSEE	M	MEL25x
Kari K Jurva	RUNOTAR	M	MEL25x
Lea Laven	KIITOS	M	MEL25x
M Nuorva	YKSINÄINEN ILTA	M	MEL25x
Maarit Hurmerinta	JOS TAHDOT TIETÄÄ	M	MEL25x
Maija Vilkkumaa	EI	M	MEL25x
Martti Servo & Napander	MAAILMAN SINISIN TAIVAS	M	MEL25x
Mikko Kuustonen	AINOAIN	M	MEL25x
Mikko Kuustonen	TAIKURI	M	MEL25x
Mutkattomat	LIMPERIN MUORIN HUMPPA	M	MEL25x
Neon 2	KEMIAA	M	MEL25x
Neon 2	SORRY	M	MEL25x
Pepe Willberg	HERMES	M	MEL25x
Reijo Taipale	IHAN KUIN NUO TOISET	M	MEL25x
Reijo Taipale	NAUTI ELÄMÄSTÄ	M	MEL25x
Saana	MUISTATKO	M	MEL25x
Saana	RAKKAUS LIEKKIIN SYTYTTÄÄ	M	MEL25x
Sakari Kuosmanen	OPETA MUA	M	MEL25x
Sammy Babitzin	NAINEN	M	MEL25x
Seppo Tammilehto	ONNELLISEN OLOINEN MIES	M	MEL25x
Tarja Lunnas	HAAVEIDEN MAA	M	MEL25x
Tarja Lunnas	TAKATALVI	M	MEL25x
Tiktak	JOTAIN MUUTA	M	MEL25x
Topi Sorsakoski & Agents	MAAILMA ILMAN RAKKAUTTA	M	MEL25x
Yö	RAKKAUS ON LUMIVALKOINEN	M	MEL25x
Ami Aspelund	APINAMIES	M	MEL26x
Annikki Tähti	MUISTATKO MONREPOSIN	M	MEL26x
Brita Koivunen	SUKLAASYDÄN	M	MEL26x
Danny	KAUAN	M	MEL26x
Danny	KUUSAMO	M	MEL26x
Danny & The Renegades	SALATTU SURU	M	MEL26x
Fredi	KATSON LUONTOA JA HUOMAAN	M	MEL26x
Hector	JUODAAN VIINAA	M	MEL26x
Janne Hurme	KIRJE	M	MEL26x
Jari Sillanpää	KADUILLA TUULEE	M	MEL26x
Jari Sillanpää	SATULINNA	M	MEL26x
Jouko ja Kosti	MUISTO VAIN JÄÄ	M	MEL26x
Juha Vainio	KÄYN AHON LAITAA	M	MEL26x
Juha Vainio	VANHOJA POIKIA VIIKSEKKÄITÄ	M	MEL26x
Juhani Markola	RAKKAUDEN AAMU	M	MEL26x
Katri Helena	LINTU JA LAPSI	M	MEL26x
Katri Helena	SYYSUNELMA	M	MEL26x
Lasse Mårtenson	NOUSEVAN AURINGON TALO	M	MEL26x
Leevi and The Leavings	TEUVO MAANTEIDEN KUNINGAS	M	MEL26x
Paula Koivuniemi	KUN KUUNTELEN TOMPPAA	M	MEL26x
Paula Koivuniemi	TUMMAT SILMÄT RUSKEA TUKKA	M	MEL26x
Riki Sorsa	JOKI	M	MEL26x
Tamara Lund	LAPIN TANGO	M	MEL26x
Tapani Kansa	MINUN TIENI	M	MEL26x
Tapio Rautavaara	KORTTIPAKKA	M	MEL26x
Tarja Lunnas	PARIISIN KUU	M	MEL26x
Tarja Lunnas	POHJANTÄHTI	M	MEL26x
Vesa-Matti Loiri	LAPIN KESÄ	M	MEL26x
Virve Vicky Rosti	KUN CHICAGO KUOLI	M	MEL26x
Yölintu	MAHDUNKO MAAILMAAS	M	MEL26x
Yölintu	TOSITARKOITUKSELLA	M	MEL26x
Aikakone	UUDET TUULET	M	MEL27x
Anna Eriksson	TAHDON POIS	M	MEL27x
Anna Eriksson	TANSSIN VAAN	M	MEL27x
Anssi Kela	1972	M	MEL27x
Arja Havakka	SUN LAIVAS RANTAAN JÄÄDÄ TÄYTYI	M	MEL27x
Egotrippi	ÄLÄ KOSKAAN IKINÄ	M	MEL27x
Gimmel	JOKOTAI	M	MEL27x
Jari Sillanpää	VIE TÄÄLTÄ POIS	M	MEL27x
Johanna Pakonen	ANNA YKSI YÖ	M	MEL27x
Johnny	HYMYILLEN	M	MEL27x
Jope Ruonansuu	STRESSMAN	M	MEL27x
Juice Leskinen	PYHÄ TOIMITUS	M	MEL27x
Kaija Koo	NIIN KAUNIS ON HILJAISUUS	M	MEL27x
Kari Tapio	JUNA KULKEE	M	MEL27x
Kari Tapio	POIS LÄHTEE MAAILMAIN	M	MEL27x
Kirsi Ranto	ONNEN PÄIVÄT	M	MEL27x
M Nuorva	YÖTÄ MYÖTEN	M	MEL27x
Mamba	PYYHI KYYNELEET	M	MEL27x
Mari Rantasila	ANTEEKSI	M	MEL27x
Martti Servo & Napander	MIKÄ ON KUN TAIDOT EI RIITÄ	M	MEL27x
Miina	JÄÄTYNYT MAA	M	MEL27x
Niko Ahvonen	AAVEKAUPUNKI	M	MEL27x
Nylon Beat	12 APINAA	M	MEL27x
Sakari Kuosmanen	RAKKAUDEN HAUDALLA	M	MEL27x
Sheidi	EN SANONUT NIIN	M	MEL27x
Sheidi	KETSUPPITANSSI	M	MEL27x
Tamara Lund	MÄRKÄÄ ASFALTTIA	M	MEL27x
Topi Sorsakoski & Agents	KUIN YÖ	M	MEL27x
Topi Sorsakoski & Agents	TALVEN KYLMÄT KYYNELEET	M	MEL27x
Topi Sorsakoski & Agents	VOITKO ALKAA UUDELLEEN	M	MEL27x
Olavi Virta	AAMU AIRISTOLLA	M	MEL28
Olavi Virta	AMOR AMOR AMOR	M	MEL28
Olavi Virta	ANGELIQUE	M	MEL28
Olavi Virta	ARMI	M	MEL28
Olavi Virta	ASSUNCION	M	MEL28
Olavi Virta	CARMEN SYLVA	M	MEL28
Olavi Virta	ENNEN KUOLEMAA	M	MEL28
Olavi Virta	HURMIO	M	MEL28
Olavi Virta	IKKUNAPRINSSI	M	MEL28
Olavi Virta	ILTARUSKO	M	MEL28
Olavi Virta	JOHNNY MUA MUISTATHAN	M	MEL28
Olavi Virta	KAKSI RUUSUA	M	MEL28
Olavi Virta	KEINU KANSSANI	M	MEL28
Olavi Virta	KUN ILTA EHTII	M	MEL28
Olavi Virta	KYLMÄ RAKKAUS	M	MEL28
Olavi Virta	LA CUMPARSITA	M	MEL28
Olavi Virta	LEIRINUOTIOLLA	M	MEL28
Olavi Virta	METSÄKUKKIA	M	MEL28
Olavi Virta	MUSTALAISRUHTINATAR	M	MEL28
Olavi Virta	MUSTASUKKAISUUTTA	M	MEL28
Olavi Virta	POIKA VARJOISELTA KUJALTA	M	MEL28
Olavi Virta	PUNAISET LEHDET	M	MEL28
Olavi Virta	PUNATUKKAISELLE TYTÖLLENI	M	MEL28
Olavi Virta	ROMANESCA	M	MEL28
Olavi Virta	ROMANIALAINEN KITARA	M	MEL28
Olavi Virta	SAAVUTHAN JÄLLEEN ROOMAAN	M	MEL28
Olavi Virta	SATEINEN ILTA	M	MEL28
Olavi Virta	SININEN HUVIMAJA	M	MEL28
Olavi Virta	SINUN SILMIESI TÄHDEN (älä käytä särkee)	M	MEL28
Olavi Virta	SOKERIPALA	M	MEL28
Olavi Virta	SYDÄNSURUJA	M	MEL28
Olavi Virta	TANGO DESIREE	M	MEL28
Olavi Virta	TANGO ILLUSION	M	MEL28
Olavi Virta	TOM DOOLEY	M	MEL28
Olavi Virta	TULISUUDELMA	M	MEL28
Olavi Virta	TYTTÖ METSÄSSÄ	M	MEL28
Olavi Virta	UNELMATANGO	M	MEL28
Olavi Virta	VALKOVUOKOT	M	MEL28
Olavi Virta	VIHREÄT NIITYT	M	MEL28
Olavi Virta	ÖISET KITARAT	M	MEL28
Anna Eriksson	KAIKISTA KASVOISTA	M	MEL29x
Anne Mattila	ENKELEITÄ ONKO HEITÄ	M	MEL29x
Anne Mattila	RUMMUT SOI	M	MEL29x
Annika Eklund	ON AIVAN SAMA MITEN KAUAS MEET	M	MEL29x
Antti Raiski	MAKEAA	M	MEL29x
Arja Koriseva	NAURAN JA RAKASTAN	M	MEL29x
Eija Kantola	PUOLET MINUA	M	MEL29x
Fredi	ISÄ KULJE HITAAMMIN	M	MEL29x
Gimmel	SYDÄN PLIIS SÄRKEKÄÄ	M	MEL29x
Jari Sillanpää	KAUNIS IKÄVÄ	M	MEL29x
Juhani Markola	JOS ITKEN JOS NAURAN	M	MEL29x
Jukka Kuoppamäki	VOIT KAIKEN ALKAA UUDESTAAN	M	MEL29x
Kai Hyttinen	MANDY LEENA	M	MEL29x
Kai Hyttinen	VIE VAIN	M	MEL29x
Katri Helena	MINÄ TOIVON	M	MEL29x
Markku Suominen	AMMUIN HÄNET	M	MEL29x
Matti ja Teppo	HÄNELLE	M	MEL29x
Mikko Salmi	247	M	MEL29x
Nylon Beat	PSYKEDELIAA	M	MEL29x
Paula Koivuniemi	KERRO YSTÄVÄLLE	M	MEL29x
Paula Koivuniemi	SYDÄN ITKEE IKÄVÄÄ	M	MEL29x
Petri Munck	LEVOTON PRINSSI	M	MEL29x
PMMP	RUSKETUSRAIDAT	M	MEL29x
Ragni Malmsten	TANGO RUOHIKOLLA	M	MEL29x
Sakari Kuosmanen	ENTÄ JOS	M	MEL29x
Samuli Edelmann	MUN SYDÄMELLÄ ON KYPÄRÄ	M	MEL29x
Satu Pentikäinen	JOS SE VOISI OLLA TOTTA	M	MEL29x
Suomen Idols	TUULET PUHALTAA	M	MEL29x
Tiktak	LÄHDETÄÄN TÄNÄÄN	M	MEL29x
Tomi Markkola	NIIN JOKI VIRTAA	M	MEL29x
Topi Sorsakoski & Agents	VAIN YKSIN ME KAKSI	M	MEL29x
Lasse Mårtenson	KUINKA KAUNISTA ON	M	MEL30n
Wärtzilä	LIEHUVA LIEKINVARSI	M	MEL30n
Anna Eriksson	VIE SE POIS	M	MEL30x
Anne Mattila	EI KERRO TUULI	M	MEL30x
Arto Tamminen	NELJÄN RUUHKA	M	MEL30x
Disco	TOISEEN SUUNTAAN	M	MEL30x
Egotrippi	MATKUSTAJA	M	MEL30x
Eija Sinikka	KANSSASI SUN	M	MEL30x
Finlanders	ENEMMÄN KUIN MILLOINKAAN	M	MEL30x
Finlanders	YKSIN	M	MEL30x
Frederik	EERO EROS	M	MEL30x
Frederik	KOTIINPÄIN ÄITI	M	MEL30x
Hector	SUDENKORENTO	M	MEL30x
Hortto Kaalo	JÄLLEEN KUN OLET VAPAA	M	MEL30x
Ismo Alanko	NOKIAN TAKANA	M	MEL30x
Jonna Tervomaa	ET TAHDO TIETÄÄ	M	MEL30x
Jukka Kuoppamäki	TYTTÖ PIENI	M	MEL30x
Kai Hyttinen	VOLARE	M	MEL30x
Kari Hirvonen	SANAT LEIKKIVÄT HUULILLAS	M	MEL30x
Kauko Käyhkö	REMPALLAAN	M	MEL30x
Kirsi Ranto	EI JAKSA KIINNOSTAA	M	MEL30x
Lea Laven	EN SAA SUA MIELESTÄIN	M	MEL30x
Liisa Tuhkanen	VANHA FILLARI	M	MEL30x
Matti Esko	VIISI PITKÄÄ YÖTÄ	M	MEL30x
Neljä Ruusua	POPMUSEO	M	MEL30x
Nylon Beat	COMEBACK	M	MEL30x
Petri Munck	PYSTYTKÖ LUPAAMAAN	M	MEL30x
Saija Tuupanen	NÄIN VAIN TYHJÄN TAIVAAN	M	MEL30x
Salomon	UNISATU	M	MEL30x
Tarja Lunnas	HULLUT SYDÄMET	M	MEL30x
The Renegades	CADILLAC	M	MEL30x
Tiktak	TUULEKSI TAIVAANRANTAAN	M	MEL30x
Clifters	ANGELICA	M	MEL31z
Clifters	BYE BYE	M	MEL31z
Clifters	ELEKIELTÄ	M	MEL31z
Clifters	GO GO KAKE	M	MEL31z
Clifters	HALLELUJAA	M	MEL31z
Clifters	HANOI ROCKS	M	MEL31z
Clifters	HEI PEPE	M	MEL31z
Clifters	HYVÄ BORE	M	MEL31z
Clifters	IHMEIDEN MADONNA	M	MEL31z
Clifters	JANOINEN SUU	M	MEL31z
Clifters	KASARITRENDEJÄ	M	MEL31z
Clifters	KENKÄÄ	M	MEL31z
Clifters	KREIVI	M	MEL31z
Clifters	KUN SUOMI OLI KAUNIIMPI	M	MEL31z
Clifters	LIHAKOUKKU	M	MEL31z
Clifters	MAKUUVAUNUSSA	M	MEL31z
Clifters	MISS Q	M	MEL31z
Clifters	MUA FILMATAAN	M	MEL31z
Clifters	MUT MURHAA	M	MEL31z
Clifters	MÄ POLVISTUN	M	MEL31z
Clifters	OI LOLA	M	MEL31z
Clifters	ONNELLINEN ELÄMÄ	M	MEL31z
Clifters	OON SUN AUTOS	M	MEL31z
Clifters	OU LENITA	M	MEL31z
Clifters	PARONI	M	MEL31z
Clifters	PEACE & LOVE	M	MEL31z
Clifters	PIRUN KAUNIS NAINEN	M	MEL31z
Clifters	PLIIS VIIS KALJAA	M	MEL31z
Clifters	PURKKAA	M	MEL31z
Clifters	SEXI ON IN	M	MEL31z
Clifters	SIRKKA JA RAMI	M	MEL31z
Clifters	TUIJA TAVALLINEN	M	MEL31z
Clifters	VEGAS	M	MEL31z
Clifters	YEAH MÄ SUN TYRKKYS OON	M	MEL31z
Agents & J Raittinen	C'MON EVERYBODY	M	MEL32x
Apulanta	SYÖPÄ	M	MEL32x
Apulanta	YKSI TOISENSA JÄLKEEN	M	MEL32x
Dingo	AINO	M	MEL32x
Dingo	NIMENI ON DINGO	M	MEL32x
Egotrippi	KOIVUNIEMEN HERRA	M	MEL32x
Eppu Normaali	VIHREÄN JOEN RANNALLA	M	MEL32x
Hausmylly	IKÄVÄ LOKAKUU	M	MEL32x
Hector	MULLA EI OO RAHAA	M	MEL32x
Irina	SEINÄT	M	MEL32x
Irina	VAHVA	M	MEL32x
Ismo Alanko	EXTAASIIN	M	MEL32x
Ismo Alanko	PULU	M	MEL32x
Ismo Alanko	RAKKAUS ON RUMA SANA	M	MEL32x
Ismo Alanko	TAITEILIJAELÄMÄÄ	M	MEL32x
Jussi & The Boys	HÄN KUUDENTOISTA ON	M	MEL32x
Jussi & The Boys	YYTERI TWIST	M	MEL32x
Jussi Hakulinen	VAALEANPUNAINEN MAJATALO	M	MEL32x
Kolmas Nainen	ELÄMÄN TARKOITUS	M	MEL32x
Kolmas Nainen	KARTAT MUA	M	MEL32x
Kolmas Nainen	SÄHKÖKITARA HYVÄÄ TAHTOA JA KAVEREITA	M	MEL32x
Kolmas Nainen	TOVERUKSET	M	MEL32x
Leevi and The Leavings	1963 VIISITOISTA VUOTTA MYÖHEMMIN	M	MEL32x
Lemmenkipeet	MÄ HALUUN	M	MEL32x
Maija Vilkkumaa	EI SAA SURETTAA	M	MEL32x
Maija Vilkkumaa	LASTENHOITAJA	M	MEL32x
Maija Vilkkumaa	NIIN KUIN MUUTKIN	M	MEL32x
Maj Karma	KYYNEL	M	MEL32x
Miljoonasade	KÖYHÄT	M	MEL32x
Miljoonasade	RUNOILIJA	M	MEL32x
Miljoonasade	SILMITÖN TALVI	M	MEL32x
Miljoonasade	TULKOON RAKKAUS	M	MEL32x
Moogetmoogs	KOLMEN MINUUTIN MUNA	M	MEL32x
Muska	PIDÄ KII	M	MEL32x
Muska	TÄÄ SE PÄIVÄ ON	M	MEL32x
Ne Luumäet	TUOMARI	M	MEL32x
Neljä Ruusua	ANARKIAA	M	MEL32x
Neljä Ruusua	ELÄN VAIN KERRAN	M	MEL32x
Neljä Ruusua	POPLAULAJAN VAPAAPÄIVÄ	M	MEL32x
Neljä Ruusua	TIE AJATUKSIIN	M	MEL32x
Neljä Ruusua	ÖISELLÄ RANNALLA	M	MEL32x
Nightwish	WISH I HAD AN ANGEL	M	MEL32x
Popeda	HUUMETTA	M	MEL32x
Popeda	KAKSKYTÄ SENTTIÄ	M	MEL32x
Popeda	KOVAN POJAN BLUES	M	MEL32x
Popeda	KUUMA KESÄ	M	MEL32x
Popeda	MÄÄ JA TAPPARAN MIES	M	MEL32x
Popeda	PUNAISTA JA MAKEAA	M	MEL32x
Ripsipiirakka	OTA MUT	M	MEL32x
Samuli Edelmann	PIENESTÄ KII	M	MEL32x
Tiktak	HEILUTAAN	M	MEL32x
Uniklubi	KYLMÄÄ	M	MEL32x
Uniklubi	RAKKAUTTA JA PIIKKILANKAA	M	MEL32x
Viikate	POHJOISTA VILJAA	M	MEL32x
Viikate	UNHOLAN URUT	M	MEL32x
Wärtzilä	MIKÄ MÄTTÄÄ	M	MEL32x
Yö	ANGELIQUE	M	MEL32x
Yö	PETTÄVÄLLÄ JÄÄLLÄ	M	MEL32x
Yö	RAKKAUDEN VAHVISTAMA	M	MEL32x
Yö	YHDEN ILLAN VARIETEE	M	MEL32x
Antti Tuisku	EN HALUA TIETÄÄ	M	MEL33x
Brita Koivunen	SUKIYAKI	M	MEL33x
Eero Piirto	KIRIJEEN SULLE KIRIJOOTAN	M	MEL33x
Eppu Normaali	SUOLAISTA SADETTA	M	MEL33x
Essi Wuorela	PALA TAIVASTA	M	MEL33x
Gimmel	HARMAATA LUNTA	M	MEL33x
Hector	KUUNNELLAAN VAAN TAIVASTA	M	MEL33x
Jani Wickholm	HUKUN	M	MEL33x
Janne Tulkki	KIVESTÄ VEISTETTY SYDÄN	M	MEL33x
Johanna Debreczeni	PAREMPAA	M	MEL33x
Johanna Pakonen	NIIN KIIRE RAKKAUTEEN	M	MEL33x
Jonna Tervomaa	MYÖHEMMIN	M	MEL33x
Jussi Raittinen	LENINGRAD	M	MEL33x
Kaija Koo	KYLMÄT KYYNELEET	M	MEL33x
Kaija Kärkinen & Ile Kallio	KUKA SAA KYYNELEET	M	MEL33x
Kake Randelin	RAJATON RAKKAUS	M	MEL33x
Kari Kuuva	ASFALTTIA JA SEMENTTIÄ	M	MEL33x
Kari Tapio	ELÄÄ SAIN KESÄN VAIN	M	MEL33x
Kari Tapio	HILJAISIN SIIVIN	M	MEL33x
Katariina Hänninen	KUOLEMATON	M	MEL33x
Kirsi Ranto	LONTOOSEEN	M	MEL33x
Kisu	JOKAISEEN PÄIVÄÄN NIIN PALJON MAHTUU	M	MEL33x
Lauri Tähkä & Elonkerjuu	PAPUKAIJA	M	MEL33x
Lemmenkipeet	HUOMENTA KULTA	M	MEL33x
Mikko Mäkeläinen & Myrskylyhty	ON TULLUT MONI ON MENNYT MONI	M	MEL33x
Muska	SININEN HETKI	M	MEL33x
Neljä Ruusua	POPSTARS	M	MEL33x
Samuli Edelmann	KARAVAANARI	M	MEL33x
Sanna-Mari Titov	KUKKIA JA SIDONTAA	M	MEL33x
Simo Silmu	KAIKKEA HYVÄÄ	M	MEL33x
Stella	AAMUN KUISKAUS	M	MEL33x
Tommi Soidinmäki	LAULU JOUTSENIEN	M	MEL33x
Topi Sorsakoski	MUUKALAINEN	M	MEL33x
Topi Sorsakoski	PIENI LINTU	M	MEL33x
Veikko Lavi	VÄÄRÄ VITONEN	M	MEL33x
Arja Saijonmaa	TÄNÄÄN EN VOI LUOKSES TULLA	M	MEL34n
Frederik	TSINGIS KHAN	M	MEL34n
Hanna Ekola	VILLIHEVOSIA	M	MEL34n
Kauko Käyhkö	TUNTURISATU	M	MEL34n
Pepe Willberg	TOISET MEISTÄ	M	MEL34n
Rauli Badding Somerjoki	TÄHDET TÄHDET	M	MEL34n
Virve Vicky Rosti	TUOLTA SAAPUU CHARLIE BROWN	M	MEL34n
Yölintu	TV:N KOKOINEN HAITARI	M	MEL34n
Arja Koriseva	ENKELIN SILMIN	M	MEL34z
Arja Saijonmaa	ELÄMÄÄ JUOKSUHAUDOISSA	M	MEL34z
Arja Saijonmaa	MUSTANMEREN VALSSI	M	MEL34z
Danny	AAVERATSASTAJAT	M	MEL34z
Frederik	HAFANANA	M	MEL34z
Frederik	NAKURANTAAN	M	MEL34z
Frederik	SHEIKKI ALI HASSAN	M	MEL34z
Joel Hallikainen	KUURANKUKKA	M	MEL34z
Juha Vainio	KOTKAN POIKII ILMAN SIIPII	M	MEL34z
Jussi Raittinen	KROKOTIILIROCK	M	MEL34z
Kai Hyttinen	NOSTA LIPPU SALKOON	M	MEL34z
Kake Randelin	KIELLETYT TUNTEET	M	MEL34z
Kari Tapio & Paula Koivuniemi	MISSISSIPPI	M	MEL34z
Katri Helena	EI KAUNIIMPAA	M	MEL34z
Katri Helena	KATSON SINEEN TAIVAAN	M	MEL34z
Katri Helena	LUI	M	MEL34z
Maarit Hurmerinta	JÄÄTELÖKESÄ	M	MEL34z
Markku Aro	ANNA KAIKKIEN KUKKIEN KUKKIA	M	MEL34z
Matti Esko	HYVÄÄ HUOMENTA SUOMI	M	MEL34z
Matti Esko	REKKAMIES	M	MEL34z
Matti ja Teppo	SUVIVALSSI	M	MEL34z
Paula Koivuniemi	RAKKAUDELLA SINUN	M	MEL34z
Paula Koivuniemi	SUA VASTEN AINA PAINAUTUISIN	M	MEL34z
Päivi Paunu	JOKAINEN PÄIVÄ ON LIIKAA	M	MEL34z
Rauli Badding Somerjoki	FIILATEN JA HÖYLÄTEN	M	MEL34z
Seija Simola	NÄKEMIIN	M	MEL34z
Seppo Hanski	EREHDYIN KERRAN	M	MEL34z
Sheidi	BE BOP A LULA	M	MEL34z
Tapani Kansa	R A K A S	M	MEL34z
Tomi Markkola	TAIVASKALLIOLLA	M	MEL34z
Topi Sorsakoski	KYYNELEET	M	MEL34z
Virve Vicky Rosti	MENOLIPPU	M	MEL34z
Olavi Virta	AILA PIENI	M	MEL35z
Olavi Virta	BANAANINLASTAAJAN LAULU	M	MEL35z
Olavi Virta	BEGIN THE BEGUINE	M	MEL35z
Olavi Virta	ENSIMMÄISENÄ ILTANA	M	MEL35z
Olavi Virta	ESTRELLITA	M	MEL35z
Olavi Virta	HAAVEKUVA	M	MEL35z
Olavi Virta	HERNANDON SALAISUUS	M	MEL35z
Olavi Virta	HOPEAPILVET	M	MEL35z
Olavi Virta	HYMY	M	MEL35z
Olavi Virta	ILTA PIENESSÄ KAUPUNGISSA	M	MEL35z
Olavi Virta	ILTA SANTA CRUZISSA	M	MEL35z
Olavi Virta	ISABELLA	M	MEL35z
Olavi Virta	ISTANBUL	M	MEL35z
Olavi Virta	JOEN TOISELLA PUOLELLA	M	MEL35z
Olavi Virta	JÄÄ HYVÄSTI ARMAS	M	MEL35z
Olavi Virta	KARAVAANI	M	MEL35z
Olavi Virta	KESÄLLÄ KERRAN	M	MEL35z
Olavi Virta	KEVÄT TOI TULLESSAAN	M	MEL35z
Olavi Virta	KOHTAUS	M	MEL35z
Olavi Virta	KOTIHARJUN PÄÄLLÄ	M	MEL35z
Olavi Virta	KULTAINEN TANGO	M	MEL35z
Olavi Virta	KYLLIKKI	M	MEL35z
Olavi Virta	KYYNELSILMIN	M	MEL35z
Olavi Virta	KÄYN VANHAAN KOIVULEHTOON	M	MEL35z
Olavi Virta	LAULELLEN	M	MEL35z
Olavi Virta	LIIAN NUORI	M	MEL35z
Olavi Virta	LUKITTU OVI	M	MEL35z
Olavi Virta	LULLABY OF BIRDLAND	M	MEL35z
Olavi Virta	LUONNONLAPSI	M	MEL35z
Olavi Virta	MARIANNE	M	MEL35z
Olavi Virta	MARUZELLA	M	MEL35z
Olavi Virta	MERIMIEHEN HAUDALLA EI KUKI RUUSUT	M	MEL35z
Olavi Virta	MUISTOJEN ILTA	M	MEL35z
Olavi Virta	MUISTOJEN TIELLÄ	M	MEL35z
Olavi Virta	NIIN RAKASTUNUT SINUUN	M	MEL35z
Olavi Virta	NIIN SATEINEN ON TIE	M	MEL35z
Olavi Virta	ODOTAN SUA NINA	M	MEL35z
Olavi Virta	PALAA LUOKSENI	M	MEL35z
Olavi Virta	PARIISIN NEITONEN	M	MEL35z
Olavi Virta	PERFIDIA	M	MEL35z
Olavi Virta	PORTUGALIN HUHTIKUU	M	MEL35z
Olavi Virta	PURJEHTIJAN VALSSI	M	MEL35z
Olavi Virta	RAKASTUNUT NAINEN	M	MEL35z
Olavi Virta	RAKKAUTTA EI SE OLLUTKAAN	M	MEL35z
Olavi Virta	SANA VAIN	M	MEL35z
Olavi Virta	SERENADI	M	MEL35z
Olavi Virta	SININEN TANGO	M	MEL35z
Olavi Virta	SINITAIVAS	M	MEL35z
Olavi Virta	SOI VIULU SOI	M	MEL35z
Olavi Virta	SORIA MORIA	M	MEL35z
Olavi Virta	SUUDELMATANGO	M	MEL35z
Olavi Virta	SYYSUNELMIA	M	MEL35z
Olavi Virta	TAIKATANGO	M	MEL35z
Olavi Virta	TANGO BOLERO	M	MEL35z
Olavi Virta	TULE TULE TYTTÖ	M	MEL35z
Olavi Virta	TULETHAN	M	MEL35z
Olavi Virta	TUMMANSININEN SÄVEL	M	MEL35z
Olavi Virta	VALSSI MENNEILTÄ AJOILTA	M	MEL35z
Olavi Virta	VANHAN KARTANON KEHRÄÄVÄ RUKKI	M	MEL35z
Olavi Virta	YKSINÄISYYS	M	MEL35z
Anne Mattila	UNIHIEKKAA	M	MEL36z
Anneli Mattila	TULIVUORI SISÄLLÄIN	M	MEL36z
Antti Tuisku ft Jenni	KAHDESTAAN	M	MEL36z
Apulanta	ANNA MULLE PIISKAA	M	MEL36z
Apulanta	ARMO	M	MEL36z
Dave Lindholm	TUPAKKA VIINA JA VILLIT NAISET	M	MEL36z
Essi Wuorela	MITÄ TARKOITTAA RAKAS	M	MEL36z
Hector	MONOFILHARMOONIKKO	M	MEL36z
Jani Wickholm	KAIKKI MUUTTUU	M	MEL36z
Jore Marjaranta	IKÄVÄ	M	MEL36z
Juha Vainio	MATKARAKASTAJA	M	MEL36z
Kari Tapio	ROMANELLA	M	MEL36z
Kim Floor & Päivi Paunu	MUISTATHAN	M	MEL36z
Lapinlahden Linnut	TAPASIN NAISEN	M	MEL36z
Lea Laven	HÄN MENNYT ON	M	MEL36z
Leevi and The Leavings	EN TAHDO SINUA ENÄÄ	M	MEL36z
Maija Vilkkumaa	AUTA MUA	M	MEL36z
Mamba	MEILLE VAI TEILLE	M	MEL36z
Marion	MIRJAMIN VALSSI	M	MEL36z
Pepe Willberg	RASVIS MÄ OON	M	MEL36z
Pirkka-Pekka Petelius	TRA LA LA	M	MEL36z
PMMP	PÄIVÄKOTI	M	MEL36z
Sani	KAIKKI LAULUT	M	MEL36z
Susanna Haavisto	ODOTUSTA PARIISISSA	M	MEL36z
Taikakuu	HILJAINEN ON LAULU RAKKAUDEN	M	MEL36z
Tarja Lunnas	EN KATSO TAAKSEPÄIN	M	MEL36z
Tehosekoitin	ASFALTTI POLTTAA	M	MEL36z
Teräsbetoni	METALLISYDÄN	M	MEL36z
Yö	OIKEE ENKELI	M	MEL36z
Yölintu	MÄ PUTOAN	M	MEL36z
Anne Mattila	PERUTAAN HÄÄT	M	MEL37z
Anne Mattila & Janne Tulkki	SIELU SALAMOI	M	MEL37z
Anneli Mattila	SUOJAAN	M	MEL37z
Anneli Mattila	TANSSIN PÄIVÄT TANSSIN YÖT	M	MEL37z
Antti Tuisku	TYHJÄ HUONE	M	MEL37z
Finlanders	SEIKKAILIJA	M	MEL37z
Hausmylly	SE OIS JO LIIKAA	M	MEL37z
Hector	OMASSA KOTONA	M	MEL37z
Hector	SEISOVAA ILMAA	M	MEL37z
Isto Hiltunen	TÄÄLTÄ IKUISUUTEEN	M	MEL37z
Jamppa Tuominen	JÄÄ HYVÄSTI	M	MEL37z
Jamppa Tuominen	KEVÄÄN ENSI KUKKANEN	M	MEL37z
Jamppa Tuominen	MARJA	M	MEL37z
Juha Tapio	OHIKIITÄVÄÄ	M	MEL37z
Juliet Jonesin Sydän	RAKKAUSLAULU	M	MEL37z
Kaksio	AJATTELEN SUA	M	MEL37z
Laura Voutilainen	TYHJÄÄ PUOLILLAAN	M	MEL37z
Leevi and The Leavings	PIKKU PRINSESSA	M	MEL37z
Leevi and The Leavings	POJAT TANSSIMAAN	M	MEL37z
Maija Vilkkumaa	LIIAN KAUAN	M	MEL37z
Marion & Kirka	SILLOIN	M	MEL37z
Markus Törmälä & FBI Beat	POHJOISTEN TUULTEN MAA	M	MEL37z
Martti Vainaa & Salatut Aineet	PELIMIES	M	MEL37z
Pirkka-Pekka Petelius	BUDAPESTIN YÖSSÄ	M	MEL37z
Pirkka-Pekka Petelius	KAUNIITA KESÄPÄIVIÄ	M	MEL37z
Susanna Haavisto & Hector	KANSSASI ON NIIN HYVÄ OLLA	M	MEL37z
Tapani Kansa & Sani	SALAISUUDESSAIN	M	MEL37z
Tarja Lunnas	MUN SYDÄN VILLI VALLATON	M	MEL37z
Teräsbetoni	TAIVAS LYÖ TULTA	M	MEL37z
Yö	KUIN SÄVEL OIS HÄN	M	MEL37z
Yölintu	SÄ JÄIT MUN UNIIN	M	MEL37z
Anna Eriksson	EI SE MENNYT NIIN	M	MEL38z
Anne Mattila	SÄRKYNYT SYDÄN JA PALAVA RAKKAUS	M	MEL38z
Anne Mattila	TAIVAAN KARTTA	M	MEL38z
Anneli Mattila	ETHÄN MEE	M	MEL38z
Anssi Kela	JENNIFER ANISTON	M	MEL38z
Arto Sotavalta	PÄIVÄT KUIN UNTA	M	MEL38z
Dingo	MUSTA LESKI	M	MEL38z
Eini	KESÄ JA YÖ	M	MEL38z
Eri esittäjiä	OHI ON	M	MEL38z
Idols	HAAVEESTA TOTTA	M	MEL38z
Ilkka Jääskeläinen	UNOHDA EN	M	MEL38z
Irina	ÄLÄ SANO MITÄÄN	M	MEL38z
Jani Wickholm	SUOMEN NEITO	M	MEL38z
Jari Sillanpää	VIILENNEEN	M	MEL38z
Juha Vainio	EI OLE KÖÖPENHAMINA KUIN ENNEN	M	MEL38z
Jussi & The Boys	KESÄDUUNI BLUES	M	MEL38z
Kaija Kärkinen & Ile Kallio	PAREMPAA ANNETTAVAA	M	MEL38z
Kalle Ahola	RUMAT LAPSET	M	MEL38z
Kari Tapio	EI TOISET TOIPUA VOI	M	MEL38z
Kari Tapio	VILLI NAINEN	M	MEL38z
Kent	KÄRLEKEN VÄNTAR (swe)	M_U	MEL38z
Kirka	ELÄMÄÄNI EKSYNYT	M	MEL38z
Marjorie	KORTTITALO VAAN	M	MEL38z
Marketta Joutsi & Four Cats	PAJUNKÖYTTÄ	M	MEL38z
Pasi Kaunisto	NADJA	M	MEL38z
Pate Mustajärvi	ROKKIMAKKARA	M	MEL38z
Päivi Paunu & Aarno Raninen	MOZART 40	M	MEL38z
Ressu Redford	JOKA KERTA KUN SÄ MEET	M	MEL38z
Sanna-Mari Titov	SUKELTAA SAAT	M	MEL38z
Seppo Tammilehto	VIERIVÄT KIVET	M	MEL38z
Taikakuu	KUUNTELEN	M	MEL38z
Taikakuu	PALAVAT SYDÄMET	M	MEL38z
Tanssiorkesteri Syke	VILLIT BOOTSIT	M	MEL38z
Topi Sorsakoski & Reijo Taipale	VASTATUULEEN	M	MEL38z
Yö	TIE SYDÄMEENI	M	MEL38z
Danny	ISÄ	M	MEL39x
Eini	YES SIR ALKAA POLTTAA	M	MEL39x
Eppu Normaali	BAARIKÄRPÄNEN	M	MEL39x
Eri esittäjiä	AKSELIN JA ELINAN HÄÄVALSSI	M	MEL39x
Essi Wuorela	NAIMISIIN	M	MEL39x
Frederik	TITANIC	M	MEL39x
Freeman	KAKSI LENSI YLI KÄENPESÄN	M	MEL39x
Georg Malmsten	ILTA SKANSSISSA	M	MEL39x
Hanne	HÄN ON MUN	M	MEL39x
J Karjalainen	SANKARIT	M	MEL39x
Jari Lappalainen	KAIKEN KAUNIIN RINNALLA	M	MEL39x
Jari Sillanpää	OOT TÄYDELLINEN	M	MEL39x
Juice Leskinen	RAKKAUDEN AMMATTILAINEN	M	MEL39x
Kai Hyttinen	TUIKKU MURHEESEEN	M	MEL39x
Kake Randelin	KUIN JOUTSENLAULU	M	MEL39x
Katri Helena	KUN KELLOHAME HEILAHTAA	M	MEL39x
Kikka	SUKKULA VENUKSEEN	M	MEL39x
Kirka	VARRELLA VIRRAN	M	MEL39x
Kisu	UNEEN AIKA VAIPUU	M	MEL39x
Laura Voutilainen	KERRAN	M	MEL39x
Leevi and The Leavings	ITKISITKÖ ONNESTA	M	MEL39x
Markku Aro	KESKIYÖN AIKAAN	M	MEL39x
Mona Carita	HELLI MUA HILJAA	M	MEL39x
Pate ja Paula	MÄ LÄHDEN STADIIN	M	MEL39x
Paula Koivuniemi	KUULEEKO YÖ	M	MEL39x
Pelle Miljoona	MOOTTORITIE ON KUUMA	M	MEL39x
Popeda	KERSANTTI KAROLIINA	M	MEL39x
Rauli Badding Somerjoki	JA ROKKI SOI	M	MEL39x
Ressu Redford	ÄLÄ MEE	M	MEL39x
Sauli Lehtonen	MUN AIKA MENNÄ ON	M	MEL39x
Sielun Veljet	PELTIRUMPU	M	MEL39x
Tapani Kansa	DELILAH	M	MEL39x
Tauski Peltonen	SINÄ VAIN	M	MEL39x
Tomi Markkola	KOHTALONI	M	MEL39x
Veikko Lavi	JOKAINEN IHMINEN ON LAULUN ARVOINEN	M	MEL39x
51 Koodia	PUU	M	MEL40
Anna Eriksson	LINTU	M	MEL40x
Anna Eriksson	OLEN KAUNIS	M	MEL40x
Anneli Mattila	RAKKAUDEN MUISTOMERKKI	M	MEL40x
Anssi Kela	RAKKAUS ON MURHAA	M	MEL40x
Antti Huovila	MUTSI JA FAIJA	M	MEL40x
Arja Koriseva	KUIN HÄKKILINTU	M	MEL40x
Dingo	LAKATUT VARPAANKYNNET	M	MEL40x
Egotrippi	ASFALTIN PINTA	M	MEL40x
Finlanders	OIKEESTI	M	MEL40x
Happoradio	TAVIKSET	M	MEL40x
Irmeli Mäkelä	IWAN IWANOWITCH	M	MEL40x
Jorma Kääriäinen & Agents	ILTA	M	MEL40x
Juha Metsäperä	PIENEN HETKEN	M	MEL40x
Juice Leskinen	DAISARIT	M	MEL40x
Kai Hyttinen	NAISET	M	MEL40x
Katri Helena	ALMAZ ONNEN LAPSI	M	MEL40x
Katri Helena	VIIMEINEN KUULUTUS	M	MEL40x
Lauri Tähkä & Elonkerjuu	ISTU TYTTÖ POLVELLE	M	MEL40x
Lea Laven	MISSÄ OLIT SILLOIN	M	MEL40x
Make Ankee	ÄIDIN TYTTÖ	M	MEL40x
Matti Nykänen	EHKÄ OTIN EHKÄ EN	M	MEL40x
Mikko Leppilampi	SALAISUUS	M	MEL40x
Muska	JARI JA MARI	M	MEL40x
Pate Mustajärvi & Soisalo	HEI PAULA	M	MEL40x
Popeda	JUKEBOXIN LUONA	M	MEL40x
Päivi Kautto-Niemi	EN KUITENKAAN	M	MEL40x
Päivi Kautto-Niemi	SUORAAN SUONEEN	M	MEL40x
Sanna Pietiäinen	EN HOITOO SAA	M	MEL40x
Seppo Tammilehto	JOKAINEN PÄIVÄ ON UUS	M	MEL40x
Simo Silmu	KATARIINA	M	MEL40x
Stella	SILMÄRIPSET	M	MEL40x
Tapani Kansa	NUKKUJA KAUNEIN	M	MEL40x
Teräsbetoni	KUNINKAAT	M	MEL40x
Teräsbetoni	SOTURILLE	M	MEL40x
Tiktak	SANKARITAR	M	MEL40x
Tina	VANNO MULLE	M	MEL40x
Uniklubi	HUOMENNA	M	MEL40x
Yölintu	NOPEAT SYÖVÄT HITAAT	M	MEL40x
Zen Cafe	TODELLA KAUNIS	M	MEL40x
Danny & Aikamiehet	TÄMÄ TAIVAS TÄMÄ MAA	M	MEL41z
Eino Grön	TAMMERKOSKI	M	MEL41z
Eppu Normaali	MURHEELLISTEN LAULUJEN MAA	M	MEL41z
Esko Rahkonen	KERRO KULTAINEN KUU	M	MEL41z
Freeman	AJETAAN TANDEMILLA	M	MEL41z
Georg Ots	SAARENMAAN VALSSI	M	MEL41z
J Karjalainen	DORIS	M	MEL41z
Jamppa Tuominen	AAMU TOI ILTA VEI	M	MEL41z
Johnny	IHANA AAMU	M	MEL41z
Juice Leskinen	KAKSOISELÄMÄÄ	M	MEL41z
Juice Leskinen	MARILYN	M	MEL41z
Kari Tapio	KAIPUU	M	MEL41z
Kari Tapio	PAALUPAIKKA	M	MEL41z
Katri Helena	MINNE TUULI KULJETTAA	M	MEL41z
Katri Helena	ÄÄNESI MÄ KUULEN	M	MEL41z
Kikka	TARTU TIUKASTI HANURIIN	M	MEL41z
Kirka	HENGAILLAAN	M	MEL41z
Kirka	MAMY BLUE	M	MEL41z
Kirka	TUNNETKO	M	MEL41z
Kiti Neuvonen	NUORUUSTANGO	M	MEL41z
Kontra	JERRY COTTON	M	MEL41z
Laila Kinnunen	PIENI SYDÄN	M	MEL41z
Laila Kinnunen	SOITTAJAPOIKA	M	MEL41z
Lasse Mårtenson	ON IHMEEN HYVÄ KOTIIN TULLA TAAS	M	MEL41z
Markku Aro	KÄYN UUDELLEEN EILISEEN	M	MEL41z
Neljä Ruusua	JUPPIHIPPIPUNKKARI	M	MEL41z
Paula Koivuniemi	HEI BUONA NOTTE <==	M	MEL41z
Paula Koivuniemi	KUKA PELKÄÄ PAULAA	M	MEL41z
Pekka Ruuska	RAFAELIN ENKELI	M	MEL41z
Pelle Miljoona	TAHDON RAKASTELLA SINUA	M	MEL41z
Popeda	KAASUA KOMISAARIO PEPPONE	M	MEL41z
Popeda	MATKALLA ALABAMAAN	M	MEL41z
Rauli Badding Somerjoki	BENSAA SUONISSA	M	MEL41z
Rauli Badding Somerjoki	SAANHAN VIIMEISEN TANSSIN	M	MEL41z
Riki Sorsa	HAAVEISSA VAINKO OOT MUN	M	MEL41z
Seija Simola	MARIZA	M	MEL41z
SIG	HYVÄÄ SYNTYMÄPÄIVÄÄ	M	MEL41z
Simo Silmu	SYDÄNSÄRKYÄ	M	MEL41z
Stella	PISTE	M	MEL41z
Tapio Rautavaara	KULKURI JA JOUTSEN	M	MEL41z
Tuomari Nurmio	RAMONA	M	MEL41z
Anja Piipponen	HAAREMIN RUUSU	M	MEL42z
Anna Eriksson	JÄÄ	M	MEL42z
Anne Mattila	KAIPUUNI ON USKOMATON	M	MEL42z
Charles Plogman	IKUISESTI	M	MEL42z
Charles Plogman	UNELMOIN	M	MEL42z
Dingo	HÄMÄHÄKKIMIES	M	MEL42z
Eini	ME KAKSI MATKALLA TUKHOLMAAN	M	MEL42z
Eini	MONTA MONTA YÖTÄ	M	MEL42z
Eini	OLEN NEITSYT	M	MEL42z
Eini	PIDÄ MUA KAUAN	M	MEL42z
Hector	YHTENÄ ILTANA	M	MEL42z
Jani & Jetsetters	TULVII JOKI	M	MEL42z
Jorma Kääriäinen & Agents	UHKAPELURI	M	MEL42z
Jorma Kääriäinen & Agents	UUTEEN KESÄÄN NIIN PALJON ON AIKAA	M	MEL42z
Jorma Kääriäinen & Jussi & The Boys	TAKAA AJATUSTEN VIRRAN	M	MEL42z
Kari Kuuva	SPEEDY GONZALES	M	MEL42z
Kaseva	KUN MAAILMA ELÄÄ	M	MEL42z
Katariina Hänninen	PALA TAIVASTA	M	MEL42z
Katri Helena	JIN JA JANG	M	MEL42z
Katri Helena	KAKSI MAAILMAA	M	MEL42z
Katri Helena	VALHEITA VAIN	M	MEL42z
Kikka	AITO FRENDI	M	MEL42z
Laila Kinnunen	BRIGITTE BARDOT	M	MEL42z
Laila Kinnunen	LAUANTAI	M	MEL42z
Laila Kinnunen	YÖN ÄÄNET	M	MEL42z
Lauri Tähkä & Elonkerjuu	NUAREN LIKAN ELÄMÄ	M	MEL42z
Lauri Tähkä & Elonkerjuu	RAKKAUS EI OO PYSYVÄÄ	M	MEL42z
Leo Jokela	NAINEN POLIISI JA TAKSI	M	MEL42z
Maija Vilkkumaa	HEI TIE	M	MEL42z
Pate Mustajärvi	BOULEVARD DE LA MADELEINE	M	MEL42z
Pate Mustajärvi	VERHOTKIN VEIT	M	MEL42z
Paula Koivuniemi	RAKKAUS VAIN	M	MEL42z
Paula Koivuniemi	SATA MIESTÄ	M	MEL42z
Rendez-Vous	TOINEN LUKU	M	MEL42z
Sammy Babitzin	PIKKU KALLEN PÄIVÄN HUULI	M	MEL42z
Tapio Rautavaara	VANGIN LAULU	M	MEL42z
Tarja Lunnas	SEN NYT VAIN SULLE KERTOISIN	M	MEL42z
Tiktak	PAHA SANA	M	MEL42z
Topi Sorsakoski & Agents	YKSI AINOA IKKUNA <==	M	MEL42z
Zen Cafe	PIHA ILMAN SADETTAJAA	M	MEL42z
Berit	ODESSA	M	MEL43z
Eija Sinikka	LAPIN KULTAA	M	MEL43z
Eija Sinikka	YSTÄVÄKSI JÄÄ	M	MEL43z
Eino Grön	TAMMERKOSKI	M	MEL43z
Erkki Junkkarinen	KAPPALE KAUNEINTA SUOMEA	M	MEL43z
Erkki Junkkarinen	LAPPEENRANTAAN	M	MEL43z
Erkki Junkkarinen	PIENI HETKI	M	MEL43z
Eugen Malmsten	SELLANEN OL VIIPURI	M	MEL43z
Finlanders	HUMPPAMIES	M	MEL43z
Georg Malmsten	HEILI KARJALASTA	M	MEL43z
Georg Malmsten	KATARIINAN KAMARISSA	M	MEL43z
Humppa-Veikot	ALASKA	M	MEL43z
Humppa-Veikot	KATINKA	M	MEL43z
Humppa-Veikot	KUUSAMO	M	MEL43z
Humppa-Veikot	PIENI POLKU	M	MEL43z
Humppa-Veikot	PIHAPIHLAJA	M	MEL43z
Humppa-Veikot	POHJOLA	M	MEL43z
Humppa-Veikot	PUUSEPPÄ	M	MEL43z
Humppa-Veikot	ROMANTIIKKAA RUUSUTARHASSA	M	MEL43z
Humppa-Veikot	SULAMITH	M	MEL43z
Humppa-Veikot	TULIPUNARUUSUT	M	MEL43z
Humppa-Veikot	URALIIN	M	MEL43z
Isto Hiltunen	VAAHTERANLEHTI	M	MEL43z
Jaska Mäkynen	JENISEI	M	MEL43z
Johanna Siekkinen	KAIHOMIELI JA SURUSILMÄ	M	MEL43z
Johanna Siekkinen	UNELMA	M	MEL43z
Katri Helena	BUDAPESTIN SILLAT	M	MEL43z
Katri Helena	JULISKA	M	MEL43z
Kauko Käyhkö	IRJA	M	MEL43z
Laila Kinnunen	SOITTAJAPOIKA	M	MEL43z
Lasse Hoikka & Souvarit	RAKKAUDEN KULTAHIPUT	M	MEL43z
Lasse Hoikka & Souvarit	TOPPAROIKKA TULEE	M	MEL43z
Lasse Hoikka & Souvarit	VIRTA TOI VIRTA VEI	M	MEL43z
Laulupartio Ruotukaverit	ELDANKAJÄRVEN JÄÄ	M	MEL43z
Mutkattomat	TAKAMETSIEN KAIPUU	M	MEL43z
Olavi Virta	KATUPOIKIEN LAULU	M	MEL43z
Pirkka-Pekka Petelius	BULU BULU BULU	M	MEL43z
Pirkka-Pekka Petelius	TAHITI	M	MEL43z
Raimo Piipponen & Tulipunaruusut	KARJALAN MARJAANA	M	MEL43z
Reijo Viita	OI JOSEF JOSEF	M	MEL43z
Solistiyhtye Suomi	AUTOTYTTÖ	M	MEL43z
Solistiyhtye Suomi	KAKSI KOLPAKKOA NEITI	M	MEL43z
Solistiyhtye Suomi	MAHTAVA PERÄSIN JA PULLEAT PURJEET	M	MEL43z
Tapio Rautavaara	JOS SAIS KERRAN REISSULLANSA	M	MEL43z
Teijo Joutsela ja Humppa-Veikot	SILMÄT TUMMAT KUIN YÖ	M	MEL43z
Teijo Joutsela ja Humppa-Veikot	YÖ ALTAILLA	M	MEL43z
Tippavaaran Isäntä & Humppa-Veikot	PIGALLE	M	MEL43z
Topi & Toivottomat	KARJALAN HEILI	M	MEL43z
Topi & Toivottomat	TAKAISIN PALUU	M	MEL43z
Veikko Lavi	SUKUVIKA SUKSI EI LUISTA	M	MEL43z
Anneli Mattila	LUOTTAA HUOMISEEN	M	MEL44x
Antti Huovila	ONKO SIELLÄKIN YÖ	M	MEL44x
Antti Huovila	REVONTULIHÄÄT	M	MEL44x
Antti Tuisku	ENSIMMÄINEN KERTA	M	MEL44x
Apulanta	KONEESEEN KADONNUT	M	MEL44x
Carola & The Boys	JO RIITTÄÄ	M	MEL44x
Charles Plogman	AINA AINA	M	MEL44x
Elina Vettenranta	ENSI YÖNÄ	M	MEL44x
Elina Vettenranta	SYDÄNTEN YÖ	M	MEL44x
Finlanders	MITÄ SULLE KUULUU	M	MEL44x
Finlanders	SELLAISTA RAKKAUS ON	M	MEL44x
Irina	POKKA	M	MEL44x
Isto Hiltunen	SAARA JA RON	M	MEL44x
Isto Hiltunen	TUHKAAN HAUTAUTUI POMPEIJA	M	MEL44x
J Karjalainen	MYRSKYPÄÄSKY	M	MEL44x
Jani & Jetsetters	MUSTA SULHANEN	M	MEL44x
Jani & Jetsetters	VAIN TYPERYKSET RAKASTUU	M	MEL44x
Jani Wickholm	HOPEASYDÄN	M	MEL44x
Jari Sillanpää	AURINGONNOUSU	M	MEL44x
Johanna Kurkela	HETKI HILJAA	M	MEL44x
Johanna Kurkela	SUN SÄRKYÄ ANNA MÄ EN	M	MEL44x
Juha Tapio	ANNA POIS ITKUISTA PUOLET	M	MEL44x
Kari Tapio	KUIN TAIVAISIIN	M	MEL44x
Kari Tapio	NÄIN KÄY	M	MEL44x
Kari Tapio	SE JOKIN ALKAA	M	MEL44x
Katri Helena	MIKSI ET VIEREEN JÄÄ	M	MEL44x
Kirka	SÄ VAIN	M	MEL44x
Lauri Tähkä & Elonkerjuu	PITKÄT PELLOT	M	MEL44x
Lauri Tähkä & Elonkerjuu	SURU SYRÄMMES	M	MEL44x
Marija Serifovic	RUKOILEN	M	MEL44x
Markku Aro	AINOAIN OOT SÄ VAIN	M	MEL44x
Matti Esko	VANHAT LAULUT NUO	M	MEL44x
Meiju Suvas	SYTTYMÄÄN SAAT LIEKIN	M	MEL44x
Mikko Mäkeläinen & Myrskylyhty	KOVAA JA KORKEALTA	M	MEL44x
Muska	LAULAN PIMEÄÄ POIS	M	MEL44x
Muska	YÖN ENKELI	M	MEL44x
Seitsemän Seinähullua Veljestä	KELPAISIKO SEKSI	M	MEL44x
Tarja Lunnas	ONNENTYTTÖ	M	MEL44x
Yölintu	HAAVOITTUMATON	M	MEL44x
Yölintu	PREUSSINPUNAISTA	M	MEL44x
Anna Eriksson	MITÄ JÄÄ	M	MEL45z
Arja Koriseva	NIIN	M	MEL45z
Eila Pellinen	SAIT MULTA KUKKASET TOUKOKUUN	M	MEL45z
Elina Vettenranta	ELÄMÄNTANSSI	M	MEL45z
Elina Vettenranta	TÄHDENLENTO	M	MEL45z
Heidi Kyrö	IRTIOTTO	M	MEL45z
Heikki Hela	HILLITÖN HOPEINEN KUU	M	MEL45z
Heli Ruotsalainen	KRISTIAN	M	MEL45z
Johanna Pakonen	ÄLÄ PUHU RAKKAUDESTA	M	MEL45z
Jore Marjaranta	MIES	M	MEL45z
Juha Metsäperä	OPITKO RAKASTAMAAN	M	MEL45z
Kari Tapio	EI IHME JOS JANOTTAA	M	MEL45z
Kari Tapio	JOS	M	MEL45z
Kari Tapio	TAISTELIJA	M	MEL45z
Kari Tapio	VALENTINA	M	MEL45z
Kari Tapio	VALOT	M	MEL45z
Kari Tapio	ÄITI VALVOO	M	MEL45z
Kati Fors	SIELUNI SIIVET	M	MEL45z
Katri Ylander	ONKO VIELÄ AIKAA	M	MEL45z
Kisu	LÄHDIT TAAKSE PILVIEN	M	MEL45z
Kisu	MEIDÄN ON TÄYSIKUU	M	MEL45z
Lauri Tähkä & Elonkerjuu	HETKEKSI EN SULLE RUPIA	M	MEL45z
Lauri Tähkä & Elonkerjuu	KIMPALE KULTAA	M	MEL45z
Lauri Tähkä & Elonkerjuu	PAUHAAVA SYDÄN	M	MEL45z
Maija Vilkkumaa	KATU	M	MEL45z
Matti ja Teppo	MEIDÄN LAULU	M	MEL45z
Matti ja Teppo	TAIVAS AUKEAA	M	MEL45z
Mikko Mäkeläinen & Myrskylyhty	TOISELLA TÄHDELLÄ	M	MEL45z
Nina Tapio & Mikko Leppilampi	JOTAIN JÄÄ	M	MEL45z
Nylon Beat	TEFLONLOVE	M	MEL45z
Reijo Taipale	KULKURIN KENGÄT	M	MEL45z
Reijo Taipale	SUA ILMAN	M	MEL45z
Sinitaivas	ON ERON HETKI	M	MEL45z
Teleks	TUULILASIN NURKKAAN	M	MEL45z
Tiina Pitkänen	JUULIA	M	MEL45z
Topi Sorsakoski & Agents	KELLOT SOI	M	MEL45z
Tuure Kilpeläinen ja Kaihon Karavaani	RAKKAUTTA RUTTOPUISTOSSA	M	MEL45z
Uniklubi	AIKA MUSTAA MUISTOT	M	MEL45z
Uniklubi	VARJOT	M	MEL45z
Veera Vikman	KULTAISTA HIEKKAA	M	MEL45z
Yö	DEADLINE	M	MEL45z
Anne Mattila	TYYNYYN JÄLJET JÄÄ	M	MEL46z
Arja Koriseva	YÖ SAARISTOSSA	M	MEL46z
Danny	TUULENSUOJAAN	M	MEL46z
Erkki Junkkarinen	RUUSUJA HOPEAMALJASSA	M	MEL46z
Jaakko Teppo	HILMA JA ONNI	M	MEL46z
Juice Leskinen	SYKSYN SÄVEL	M	MEL46z
Kai Hyttinen	VARPUNEN	M	MEL46z
Kari Tapio	MÄ LUULEN VAIN	M	MEL46z
Kari Tapio	REBECCA	M	MEL46z
Kari Tapio	SEN TUNNUSTAN	M	MEL46z
Katri Helena	JOHNNY BLUE	M	MEL46z
Katri Helena	KUUDENIKÄINEN	M	MEL46z
Katri Helena	NUORUUS ON SEIKKAILU	M	MEL46z
Kirka	ALKU KAIKEN KAUNIIN	M	MEL46z
Kirka	LEIJAT	M	MEL46z
Kisu	HASTA MAÑANA	M	MEL46z
Kisu	KUN PALJON ANTAA	M	MEL46z
Lea Laven	ROTUNAINEN	M	MEL46z
Marko Lämsä	ANNA ARMOA	M	MEL46z
Matti ja Teppo	CARA MIA	M	MEL46z
Matti ja Teppo	KUKA ON TUO MIES	M	MEL46z
Matti ja Teppo	NÄIN SE KESÄLOMA TOIMII	M	MEL46z
Meiju Suvas	KAUNOTAR JA KULKURI	M	MEL46z
Meiju Suvas	TAHDON SINUT	M	MEL46z
Mona Carita	RASPUTIN	M	MEL46z
Pasi Kaunisto	KOSKAAN ET MUUTTUA SAA	M	MEL46z
Pasi Kaunisto	LAKEUDEN KUTSU	M	MEL46z
Pate Mustajärvi	AJAN PÄIVIN AJAN ÖIN	M	MEL46z
Petri & Pettersson Brass	MAALAISMAISEMA	M	MEL46z
Seija Simola	ET ITKEÄ SAA ARGENTIINA	M	MEL46z
Taljanka	HUOPIKKAAT	M	MEL46z
Tapani Kansa	SATU RAKKAUDEN	M	MEL46z
Tapio Rautavaara	ISOISÄN OLKIHATTU	M	MEL46z
Tapio Rautavaara	KULKURIN ILTATÄHTI	M	MEL46z
Tapio Rautavaara	RAKOVALKEALLA	M	MEL46z
Tapio Rautavaara	YÖLINJALLA	M	MEL46z
Tarja Ylitalo	KERRASTA POIKKI	M	MEL46z
Virve Vicky Rosti	SATA SALAMAA	M	MEL46z
Yölintu	MENNYTTÄ MIESTÄ	M	MEL46z
Anna Eriksson	HUOJUVA TALO	M	MEL47z
Anna Eriksson	POHJOISEN LILJA	M	MEL47z
Anne Mattila	KATSEES KUIN TULTA	M	MEL47z
Anne Mattila	NYT VOIMME JATKAA	M	MEL47z
Apulanta	KAIVO	M	MEL47z
Charles Plogman	KAUAN ODOTIN	M	MEL47z
Dave Lindholm	PIENI JA HENTO OTE	M	MEL47z
Finlanders	KORTIT JOTKA SAIN	M	MEL47z
Finlanders	TAAS TÄSSÄ KÄVI NÄIN	M	MEL47z
Janne Raappana	ODOTA MUA	M	MEL47z
Jenni Vartiainen	KERRO MILTÄ SE TUNTUU	M	MEL47z
Jippu	ENKELTEN KAUPUNKI	M	MEL47z
Kai Lind	PUTTI PUTTI	M	MEL47z
Kaija Koo	MENTÄVÄ ON	M	MEL47z
Kaija Koo	MILTÄ SE TUNTUU	M	MEL47z
Kaija Kärkinen & Ile Kallio	TOINEN TIE	M	MEL47z
Kari Peitsamo	ROKATEN YMPÄRI MAAILMAA	M	MEL47z
Kari Tapio	POTKI POTKI SÄ VAIN	M	MEL47z
Kari Tapio	VALAISE YÖ	M	MEL47z
Katri ja Jari	VIERELLESI KAIPAAN	M	MEL47z
Kisu	HENGISSÄ	M	MEL47z
Laura Voutilainen	KOSKETA MUA	M	MEL47z
Laura Voutilainen	RAKKAUTTA EI PIILOON SAA	M	MEL47z
Lauri Tähkä & Elonkerjuu	AINOAAS	M	MEL47z
Lauri Tähkä & Elonkerjuu	TEHTAANKATU	M	MEL47z
Mareena Silander	EN VOI OLLA NAISESI SUN	M	MEL47z
Marita Taavitsainen	ET SITÄ NÄÄ	M	MEL47z
Marita Taavitsainen	TAAS ESPANJAAN	M	MEL47z
Mikko Mäkeläinen & Myrskylyhty	TYPERÄ MIES	M	MEL47z
Mikko Siltala	SANOINKO SULLE KOSKAAN	M	MEL47z
Muska	KALIFORNIAN AURINKOON	M	MEL47z
Paula Koivuniemi	AIGEIANMEREN LAULU	M	MEL47z
Paula Koivuniemi	MOSKOVA	M	MEL47z
Popeda	TAHDOTKO MUT TOSIAAN	M	MEL47z
Simo Silmu	TEIN SUSTA LAULUN	M	MEL47z
Taikakuu	SATU MEIDÄN RAKKAUDEN	M	MEL47z
Taikakuu	UUTEEN ELÄMÄÄN	M	MEL47z
Viikate	EI ENKELEITÄ	M	MEL47z
Viikate	KOULUTIE ON HILJAINEN	M	MEL47z
Yö	RAKKAUTTA VAIN	M	MEL47z
Zen Cafe	TAXI	M	MEL47z
Anneli Mattila	NE NA NA NA	M	MEL48z
Anneli Mattila	OON JUURILLAIN	M	MEL48z
Charles Plogman	LANKA JO PALAA	M	MEL48z
Charles Plogman	PIENTÄ UNELMAA	M	MEL48z
Chisu	MUN KOTI EI OO TÄÄLLÄ	M	MEL48z
Edu Kettunen	ROOMA	M	MEL48z
Eija Kantola	KIIRUHDA HILJAA	M	MEL48z
Eija Kantola	KÄÄRMETANSSI	M	MEL48z
Frederik	KUMIMIES	M	MEL48z
Haloo Helsinki!	HALOO HELSINKI	M	MEL48z
Henri Stenroth	ENSI KERRAN	M	MEL48z
Jaakko Teppo	ERONNUT POIKAMIESLESKI	M	MEL48z
Jari Sillanpää	TUNTEMATON	M	MEL48z
Jope Ruonansuu	ISÄ	M	MEL48z
Juha Tapio	KAKSI PUUTA	M	MEL48z
Juha Tapio	KELPAAT KELLE VAAN	M	MEL48z
Kaija Kärkinen & Ile Kallio	KOHTALO KULKEE	M	MEL48z
Kaija Kärkinen & Ile Kallio	MAAILMAN LAITAAN	M	MEL48z
Katra	TUONELAN SUUDELMA	M	MEL48z
Kirka	PYYDÄ VAIN	M	MEL48z
Kirka	YÖN LAPSI	M	MEL48z
Kristian Meurman	LÄPI YÖN	M	MEL48z
Laura Voutilainen	MUUTTANUT OOT MAAILMAIN	M	MEL48z
Laura Voutilainen	PALAA	M	MEL48z
Laura Voutilainen	VAARALLINEN YLLÄTYS	M	MEL48z
Matti ja Teppo	SATOI TAI PAISTOI	M	MEL48z
Meiju Suvas	OMA MAAILMA	M	MEL48z
Menneisyyden Vangit	EI OO HELPPOO OLLA NAINEN	M	MEL48z
Menneisyyden Vangit	SUA KAIPAAN NIIN	M	MEL48z
Menneisyyden Vangit	TÄHDET NÄYTTÄÄ TIEN	M	MEL48z
Minna Frimodig	ELÄVÄNÄ HAUDATTU	M	MEL48z
Movetron	EI KENENKÄÄN MAA	M	MEL48z
SFLM	KAKS SYDÄNTÄ VAIN	M	MEL48z
Simo Silmu	ELÄ VIELÄ	M	MEL48z
Sir Iivo Alone Orchestra	SATEENVARJO	M	MEL48z
Stella	KORKOKENGÄT	M	MEL48z
Suvi Teräsniska	HENTO KUISKAUS	M	MEL48z
Tea	TYTÖT TYKKÄÄ	M	MEL48z
Telma	SYDÄNMYRSKY	M	MEL48z
Topi Sorsakoski	TIE JATKUU ÄÄRETTÖMIIN	M	MEL48z
Anki ja Cumulus	PUUVILLAPELLOT	M	MEL49z
Anna Eriksson	KESÄLLÄ KERRAN	M	MEL49z
Anneli Saaristo	EVAKON LAULU	M	MEL49z
Eija Kantola	LOUIE	M	MEL49z
Eija Kantola	YÖN KUNINGATAR	M	MEL49z
Eino Grön	VAARALLISTA ONNEA	M	MEL49z
Esko Rahkonen	EROTTAMATTOMAT	M	MEL49z
Esko Rahkonen	SYVÄ KUIN MERI	M	MEL49z
Finlanders	HILJAA VAIN OLLAAN	M	MEL49z
Jani Wickholm	KUU	M	MEL49z
Janne Raappana	EI YKSINÄINEN UNTA SAA	M	MEL49z
Jari Sillanpää	OON KUKA OON	M	MEL49z
Jenna	AAMUKUUTEEN	M	MEL49z
Jenna Drey	RAJU RAKASTAJA	M	MEL49z
Jenni Vartiainen	IHMISTEN EDESSÄ	M	MEL49z
Johnny	HYMYHUULET	M	MEL49z
Jorma Kääriäinen & Agents	PÄIVIN ÖIN	M	MEL49z
Kari Tapio	KUN KAHDEN KULJETAAN	M	MEL49z
Kari Tapio	SYYS TULLA VOI VARHAIN	M	MEL49z
Katri Helena	ONNEN ONKIJA	M	MEL49z
Laura Voutilainen	MONTA MONTA	M	MEL49z
Laura Voutilainen	TIMANTTINEN TÄHTI	M	MEL49z
Lauri Tähkä & Elonkerjuu	MAAILMA ON RENKI	M	MEL49z
Markku Aro	ELÄMÄNI ON KUIN SUURI HAAVE	M	MEL49z
Markus	VIIMEINEN KEVÄT	M	MEL49z
Matti ja Teppo	KUULUT AIKAAN PARHAIMPAAN	M	MEL49z
Matti ja Teppo	YSTÄVÄN JOS MENETÄN	M	MEL49z
Mikko Mäkeläinen & Myrskylyhty	BAARIN KAUNEIN NAINEN	M	MEL49z
Mikko Siltala	JOS MEILLÄ HUOMISTA EI OIS	M	MEL49z
Mira Kunnasluoto	MIEHENI	M	MEL49z
Paula Koivuniemi	MUSTALAISNAINEN	M	MEL49z
Pepe Willberg	AAMU	M	MEL49z
Reijo Taipale	TULE SYYSKUU	M	MEL49z
Reijo Taipale & Topi Sorsakoski	SILMÄSI ODOTTAVAT MINUA	M	MEL49z
Saija Tuupanen	HIEKKAA VARPAISIIN	M	MEL49z
Tapio Rautavaara	INARINJÄRVI (I Anarjarvi)	M	MEL49z
Tauski Peltonen	LINTU PIENI	M	MEL49z
Topi Sorsakoski & Agents	AJOMIES	M	MEL49z
Tuomari Nurmio	TONNIN STIFLAT	M	MEL49z
Virve Vicky Rosti	OON VOIMISSAIN	M	MEL49z
Yö	IHMISEN POIKA	M	MEL49z
Aki Sirkesalo	PAREMPAA AIKAA	M	MEL50x
Anna Puu	C'EST LA VIE	M	MEL50x
Arja Koriseva	AVARUUS	M	MEL50x
Cheek	TUHLAAJAPOIKA	M	MEL50x
Fredi	TUULI VAPAUTTA SOI	M	MEL50x
Hassisen Kone	OIKEUS ON VOITTANUT TAAS	M	MEL50x
Ismo Alanko Säätiö	VITTU KUN VITUTTAA	M	MEL50x
Janne Hurme	IKÄVÄ	M	MEL50x
Jippu	TUONELAN KOIVUT	M	MEL50x
Juha Tapio	TOISET KAATUU ME EI MILLOINKAAN	M	MEL50x
Jukka Hallikainen	EN TEKISI TOISIN	M	MEL50x
Kaija Koo	ISÄ	M	MEL50x
Kaija Kärkinen & Ile Kallio	HULLU YÖ	M	MEL50x
Kake Randelin	TARJA	M	MEL50x
Kari Tapio	EI EKSY TAIVAAN LINTUKAAN	M	MEL50x
Kari Tapio	VIIMEISEEN PISARAAN	M	MEL50x
Klamydia	PIENEN POJAN ELÄMÄÄ	M	MEL50x
Kristian Meurman	MYRSKYLUODON MAIJA	M	MEL50x
Laura Voutilainen	ENNEN SUA	M	MEL50x
Laura Voutilainen	ROOMAAN TAI PARIISIIN	M	MEL50x
Liisa Tavi	ELÄMÄLLE KIITOS	M	MEL50x
Lord Est	SÄ TEET	M	MEL50x
Maija Vilkkumaa	PRINSESSA JÄÄ	M	MEL50x
Marko Lämsä	PÄÄTÄ JO	M	MEL50x
Mira Kunnasluoto	EN TAVOITA SINUA ENÄÄ	M	MEL50x
Neljänsuora	SIIPIRIKKO	M	MEL50x
No Mans Band	PIKKUSISKO	M	MEL50x
Paula Koivuniemi	NAINEN	M	MEL50x
Popeda	ELÄN ITSELLENI	M	MEL50x
Popeda	ONHAN PÄIVÄ VIELÄ HUOMENNAKIN	M	MEL50x
Popeda	RIO DE JANEIRO	M	MEL50x
Robin	PRINSESSA	M	MEL50x
Suvi Teräsniska	KYLMÄT ENKELIT	M	MEL50x
Tauski Peltonen ft Enzo	MITÄ JOS	M	MEL50x
Tehosekoitin	HETKEN TIE ON KEVYT	M	MEL50x
Tiktak	SAMANTEKEVÄÄ	M	MEL50x
Uniklubi	JÄÄMAISEMA	M	MEL50x
Varjokuva	HÄMÄRTYVÄ ILTA	M	MEL50x
Yö	YÖ	M	MEL50x
Yölintu	ANTEEKSI	M	MEL50x
Ami Aspelund	NUORUUTENI ON OHI	M	MEL51z
Anna Puu	LINNUTON PUU	M	MEL51z
Anne Mattila	VIILENEE	M	MEL51z
Anssi Kela	AAMU	M	MEL51z
Elastinen & Tasis	JARRUTA	M	MEL51z
Irina	ET HUOMAA	M	MEL51z
Jani & Jetsetters	LENNÄ POIS	M	MEL51z
Johanna Pakonen	JÄLKEEN KAIKEN SUUREN	M	MEL51z
Juha Metsäperä	OLEN LÄHELLÄSI	M	MEL51z
Juha Tapio	KULTAHIPPU	M	MEL51z
Juha Tapio	RAIKAS TUULI	M	MEL51z
Juhamatti	RAKASTA MUA JUURI NÄIN	M	MEL51z
Kari Tapio	JOS MINUUTIN SAAN AJASTASI	M	MEL51z
Kari Tapio	PORTOFINO	M	MEL51z
Klamydia	POHJANMAALLA	M	MEL51z
Kristian Meurman	HALLELUJA	M	MEL51z
Kristiina Brask	NYT MÄ MEEN	M	MEL51z
Laura Voutilainen	KUULTA KYSELEN	M	MEL51z
Laura Voutilainen	SALAMATAIVAS	M	MEL51z
Lauri Tähkä & Elonkerjuu	KIRVESSAARI	M	MEL51z
Lauri Tähkä & Elonkerjuu	SUUDELLAAN	M	MEL51z
Leevi and The Leavings	PALAVA RAKKAUS	M	MEL51z
Marita Taavitsainen	POHJOISEN POIKA	M	MEL51z
Matti ja Teppo	POHJAN POIKA	M	MEL51z
Menneisyyden Vangit	SAIN YÖN	M	MEL51z
No Mans Band	PELIPÖYTÄ	M	MEL51z
Paula Koivuniemi	JOS LUOJA SUO	M	MEL51z
Pave Maijanen	JOS TAHDOT	M	MEL51z
PMMP	LAUTTURI	M	MEL51z
Popeda	PAKKO SAADA BMW	M	MEL51z
Popeda	REPE JA LISSU	M	MEL51z
Scandinavian Music Group	VIELÄKÖ SOITAN BANJOA	M	MEL51z
Suvi Teräsniska	KIERTOLAINEN	M	MEL51z
Taikakuu	PIIKKILANKAA	M	MEL51z
Topi Sorsakoski	ELÄMÄÄ	M	MEL51z
Topi Sorsakoski	KUN LÄHDÖN AIKA ON	M	MEL51z
Vesa-Matti Loiri	MIKSI MÄ MAAILMALLE LAULAISIN	M	MEL51z
Viikate	YÖN SEUTU	M	MEL51z
Yö	EN SAANUT SUA PILVIIN	M	MEL51z
Yö	KIITOS JA KUNNIA	M	MEL51z
Yö	LOISTO	M	MEL51z
101	AAMUYÖ	M	MEL52x
51 Koodia	MUSTAT SYDÄMET	M	MEL52x
Aki Sirkesalo & Lisa Nilsson	MYSTEERI MYSTERIET	M	MEL52x
Anja Niskanen	KAIPUU	M	MEL52x
Anne Mattila	KAIKKI MUU VOI MENNÄ	M	MEL52x
Chisu	BADEN BADEN	M	MEL52x
Chisu	SAMA NAINEN	M	MEL52x
Danny	TEOT IHMISTEN	M	MEL52x
Frederik	KAUKANA KATJUSHA ON	M	MEL52x
Frederik	RIO	M	MEL52x
Heikki Hela	TÄHTISILMÄ	M	MEL52x
Irwin Goodman	HÄRMÄLÄINEN PERUSJUNTTI	M	MEL52x
Irwin Goodman	VIIMEINEN LAULU	M	MEL52x
Ismo Alanko	PÄÄSTÄNKÖ IRTI	M	MEL52x
Jamppa Tuominen	KERRO KUISKATEN TUNTEESI	M	MEL52x
Janne Hurme	SUUTTUMAAN	M	MEL52x
Janne Raappana	JENKKIKASSI	M	MEL52x
Juice Leskinen	LUONAS KAI OLLA SAAN	M	MEL52x
Juliet Jonesin Sydän	HELPPO ELÄMÄ	M	MEL52x
Kolmas Nainen	OI SUOMEN NUORIA	M	MEL52x
Kristiina Brask	KUIVILLA SUSTA	M	MEL52x
Laura Voutilainen	KIITOS	M	MEL52x
Laura Voutilainen	SYDÄNTUHKAA	M	MEL52x
Lauri Tähkä & Elonkerjuu	SUOJAAN KAIKELTA	M	MEL52x
Lord Est	SUN VIERES ON LÄMMIN	M	MEL52x
Mika Sundqvist	SADE	M	MEL52x
Mikael Konttinen	ELÄN ILMAN SUA	M	MEL52x
Miljoonasade	506 IKKUNAA	M	MEL52x
Pasi Vainionperä	RAKKAUDESSA SUURIA	M	MEL52x
Pate Mustajärvi	ANNI DOMINI	M	MEL52x
Pelle Miljoona	HYVÄÄ YÖTÄ MAAILMA	M	MEL52x
Ratsia	LONTOON SKIDIT	M	MEL52x
Ressu Redford & Jussi Rainio	PRINSESSA	M	MEL52x
SIG	PIDÄ KII UNELMISTAS	M	MEL52x
Stella	HÄÄVALSSI	M	MEL52x
Suvi Teräsniska	SÄRKYNEIDEN SYDÄNTEN TIE	M	MEL52x
Tehosekoitin	MAAILMA ON SUN	M	MEL52x
Vesa-Matti Loiri	HYVÄÄ PUUTA	M	MEL52x
Yö	KUOROTYTTÖ	M	MEL52x
Yölintu	PIMEÄSTÄ VALOON	M	MEL52x
Alwari Tuohitorvi	SINUN LAULUSI	M	MEL53PRO
Anita Kuusi	SEITSEMÄN PÄIVÄÄ	M	MEL53PRO
Anna Puu	RIKO MINUT	M	MEL53PRO
Anne Mattila	VOIMA RAKKAUDEN	M	MEL53PRO
Apulanta	ILONA	M	MEL53PRO
Charles Plogman	OLISITPA TÄÄLLÄ	M	MEL53PRO
Cheek	LIIKU	M	MEL53PRO
Chisu	KERRASTA POIKKI	M	MEL53PRO
Dingo	KAIKKI KAUNIS KATOAA	M	MEL53PRO
Eila Pellinen	LUOKSENI JÄÄTHÄN	M	MEL53PRO
Irina	HILJAISUUS	M	MEL53PRO
Irwin Goodman	TERVEISIÄ PERSEESTÄ	M	MEL53PRO
Jamppa Tuominen	MUUTTOLINNUN TIE	M	MEL53PRO
Jani & Jetsetters	LIIAN TYLY	M	MEL53PRO
Jenni Vartiainen	EN HALUU KUOLLA TÄNÄ YÖNÄ	M	MEL53PRO
Jenni Vartiainen	MISSÄ MURUSENI ON	M	MEL53PRO
Johanna Kurkela	RAKKAUSLAULU	M	MEL53PRO
Juice Leskinen	RISAINEN ELÄMÄ	M	MEL53PRO
Jukka Poika	MIELIHYVÄÄ	M	MEL53PRO
Kai Hyttinen	KURKI	M	MEL53PRO
Kaija Koo	MINÄ MUISTAN SINUT	M	MEL53PRO
Kaija Lustila	NÄIDEN TÄHTIEN ALLA	M	MEL53PRO
Kake Randelin	NASTA PIMU	M	MEL53PRO
Kalervo Hämäläinen	VETERAANIN ILTAHUUTO	M	MEL53PRO
Kari Tapio	KORTIT	M	MEL53PRO
Katri Metso	HYVÄSTI HUOMINEN	M	MEL53PRO
Kirka	HETKI LYÖ	M	MEL53PRO
Kolmas Nainen	ÄITI POJASTAAN PAPPIA TOIVOI	M	MEL53PRO
Kristiina Mäki	RAKKAUDEN PALAT	M	MEL53PRO
Kuunkuiskaajat	TYÖLKI ELLÄÄ	M	MEL53PRO
Leevi and The Leavings	ELINA MITÄ MÄ TEEN	M	MEL53PRO
Leevi and The Leavings	IHANASTI SANOTTU	M	MEL53PRO
Maija Vilkkumaa	LOTTOVOITTO	M	MEL53PRO
Markku Aro	SUA RAKASTAN	M	MEL53PRO
Mikael Konttinen	OTA KIINNI	M	MEL53PRO
Neljänsuora	MANSIKKAA JA VALKOAPILAA	M	MEL53PRO
Olavi Uusivirta	ON NIIN HELPPO OLLA ONNELLINEN	M	MEL53PRO
Palava	LAULUJEN LAULU	M	MEL53PRO
Pasi Vainionperä	OLE TOTTA	M	MEL53PRO
Ressu Redford	KATO MITÄ SÄ TEET	M	MEL53PRO
Sinitaivas	ALLA MUN SATEENVARJON (UMBRELLA)	M	MEL53PRO
Suvi Teräsniska	SANOJA VAAN	M	MEL53PRO
Tapani Kansa	ÄIDIN PIKKUPOIKA	M	MEL53PRO
Tapio Rautavaara	KULKURIVELJENI JAN	M	MEL53PRO
Tehosekoitin	KAIKKI NUORET TYYPIT	M	MEL53PRO
Tuure Kilpeläinen ja Kaihon Karavaani	VALON PISAROITA	M	MEL53PRO
Uniklubi	KUKKA	M	MEL53PRO
Veeti Kallio	MIEHET EI ITKE	M	MEL53PRO
Yö	KIVISET KADUT	M	MEL53PRO
Yö	PARRASVALOT	M	MEL53PRO
Aarne Tenkanen	EDESTÄ JA TAKAA	M	MEL54
Anita Pajunen	TULIVUORI	M	MEL54
Anneli Mattila	HEI PIANOMIES	M	MEL54
Antti Tuisku	HYÖKYAALTO	M	MEL54
Apulanta	PAHA IHMINEN	M	MEL54
Arttu Wiskari	MÖKKITIE	M	MEL54
Erkki Junkkarinen	IMATRAN INKERI	M	MEL54
Haloo Helsinki!	MAAILMAN TOISELLA PUOLEN	M	MEL54
Hanna Pakarinen	PAPERIMIEHEN TYTÄR	M	MEL54
Hanna Pakarinen	SE YKSI AINOA	M	MEL54
Ilkka Vainio	SIIVOUSSANKARI	M	MEL54
Irwin Goodman	HAISTAKAA PASKA KOKO VALTIOVALTA	M	MEL54
Irwin Goodman	MAAILMA ON KAUNIS	M	MEL54
Janne Hurme	TINASORMUS	M	MEL54
Jenna Bågeberg	SO WHAT	M	MEL54
Jenna Bågeberg	TATUOITU KYYNEL	M	MEL54
Jenni Vartiainen	MINÄ JA HÄN	M	MEL54
Jippu & Samuli Edelmann	PIMEÄ ONNI	M	MEL54
Jukka Poika	IKIROUTA	M	MEL54
Kai Hyttinen	PAINAN VAIN PÄÄNI	M	MEL54
Kaija Koo	KORUTON	M	MEL54
Kaija Koo	RAKKAUS ON VOIMAA	M	MEL54
Kaija Koo	VANHAA SUOLAA	M	MEL54
Kari Tapio	SYDÄNPUOLI SÄÄTÄ VASTEN	M	MEL54
Katri Ylander	VALEHDELLAAN	M	MEL54
Leevi and The Leavings	LAURA JENNA ELLINOORA ALEXANDRA CAMILLA JURVANEN	M	MEL54
Marita Taavitsainen	LUOJA YKSIN TIETÄÄ	M	MEL54
Matti Esko	TIETÄÄ SAAT VIIMEINKIN	M	MEL54
Matti Esko & Esa Eloranta	OMAN ELÄMÄNI COWBOY	M	MEL54
Matti ja Teppo	PÖYTÄ TÄYTEEN	M	MEL54
Mikko Siltala	HERÄÄ SISKO	M	MEL54
Mikko Siltala	TALVIPARATIISI	M	MEL54
Neljänsuora	LÖYTÄJÄ SAA PITÄÄ	M	MEL54
Olli Lindholm	SURUN AIKA	M	MEL54
Pate Mustajärvi	ET VOI YMMÄRTÄÄ	M	MEL54
Pate Mustajärvi	TULI POLTTAA	M	MEL54
Paula Koivuniemi	ÄLÄ SANO ETTÄ RAKASTAT MUA	M	MEL54
Puolikuu	NYT LOPPUU TODELLISUUS	M	MEL54
Rainer Friman	VALKEAT VAUNUT	M	MEL54
Suvi Teräsniska	JOS MENET POIS	M	MEL54
Suvi Teräsniska	JOS MIKÄÄN EI RIITÄ	M	MEL54
Suvi Teräsniska	KAKSI YKSINÄISTÄ	M	MEL54
Tapani Kansa	VEIKKO NIEMINEN	M	MEL54
Tauno Palo	TUOHINEN SORMUS	M	MEL54
Tauski Peltonen	HE KUULUVAT TOISILLEEN	M	MEL54
Teleks	KOTIMATKALLA	M	MEL54
Teleks	TYTTÖ JOKA KATSOO MERELLE	M	MEL54
Timo Rautiainen & Trio Niskalaukaus	SURUPUKU	M	MEL54
Tommi Soidinmäki	OOT ERILAINEN	M	MEL54
Tuure Kilpeläinen ja Kaihon Karavaani	VAELTAVA AAVE	M	MEL54
Annika Eklund	SINUSSA ON JOTAIN	M	MEL55x
Antti Tuisku	ATLANTTI	M	MEL55x
Apulanta	MAANANTAI	M	MEL55x
Armi Aavikko	ILTALOMA	M	MEL55x
Cat Cat	AURINKOTANSSIJA	M	MEL55x
Charles Plogman	NÄILLÄ KADUILLA	M	MEL55x
Chisu	VAPAA JA YKSIN	M	MEL55x
Danny	ANTEEKSI ON PYYTÄÄ VAIKEA	M	MEL55x
Edu Kettunen	ME LÄHDEMME VIELÄ	M	MEL55x
Eini	MÄ JÄÄN	M	MEL55x
Erin	VANHA NAINEN HUNNINGOLLA	M	MEL55x
Helena Kurki	SÄ OSAAT SILLÄLAILLA PEPPUA VEMPUTTAA	M	MEL55x
Iina Kangasharju	LINTU (MAAILMAAN MÄ AVARAAN)	M	MEL55x
Jani Wickholm	AIVAN ERI MIES	M	MEL55x
Jari Sillanpää	EN SE OLLA SAA	M	MEL55x
Jenna Bågeberg	SANATONTA RAKKAUTTA	M	MEL55x
Jenni Vartiainen	EIKÖ KUKAAN VOI MEITÄ PELASTAA	M	MEL55x
Juha Metsäperä	HENGITÄ IHOLLANI	M	MEL55x
Juha Tapio	MULLA ON IKÄVÄ SUA	M	MEL55x
Juha Tapio	NIIN KUIN SINÄKIN	M	MEL55x
Kaija Koo	EROTTAMATTOMAT	M	MEL55x
Kari Tapio	VIIMEINEN VALSSI	M	MEL55x
Kicke Paananen	VILLIÄINEN	M	MEL55x
Kirsi Ranto	ANNA MUN TULLA KOTIIN	M	MEL55x
Lassi Valtonen	VANHANAIKAINEN	M	MEL55x
Lauri Tähkä	ÄLÄ ÄITEE SURE	M	MEL55x
Leif Wager	ROMANSSI	M	MEL55x
Loituma	IEVAN POLKKA	M	MEL55x
Mamba	KUN SIGNAALI ON HEIKKO	M	MEL55x
Mamba	MÄ PANIN MUN SYDÄMENI JÄIHIN	M	MEL55x
Marilii	NAUTIN ELÄMÄSTÄ	M	MEL55x
Marja Koski	TAHDON MIEHEN	M	MEL55x
Marko Maunuksela	MAAILMANLOPPU	M	MEL55x
Matti Pellonpää	KEKE ROSBERG FORMULA ROCK	M	MEL55x
Mikael Gabriel	POHJOSEN POIKA	M	MEL55x
SIG	KUIKA PALJON SUA RAKASTINKAAN	M	MEL55x
Suvi Teräsniska	MINÄ TIEDÄN MITÄ SINÄ TEIT	M	MEL55x
Suvi Teräsniska	PAHALTA PIILOSSA	M	MEL55x
Tapio Rautavaara	KUUBALAINEN SERENADI	M	MEL55x
Tommi Kalenius	ME OLLAAN	M	MEL55x
Topi Sorsakoski	AIKA KIITÄÄ	M	MEL56
Topi Sorsakoski	CHERBOURGIN SATEENVARJOT	M	MEL56
Topi Sorsakoski	ELOKUUN VIIMEINEN PÄIVÄ	M	MEL56
Topi Sorsakoski	EN KOSKAAN	M	MEL56
Topi Sorsakoski	HAUTAJAISSYDÄN	M	MEL56
Topi Sorsakoski	HEI SORRY VAAN	M	MEL56
Topi Sorsakoski	HUOMISEEN	M	MEL56
Topi Sorsakoski	JÄÄN ILTAAN HILJAISEEN	M	MEL56
Topi Sorsakoski	KAIPUUN KUU	M	MEL56
Topi Sorsakoski	KAKSI KITARAA	M	MEL56
Topi Sorsakoski	KATSELEN MERELLE PÄIN	M	MEL56
Topi Sorsakoski	KAUNIS KAIPUU	M	MEL56
Topi Sorsakoski	KITARA JA MERI	M	MEL56
Topi Sorsakoski	KOTIINPÄIN	M	MEL56
Topi Sorsakoski	KUN KUU JO NOUSEE	M	MEL56
Topi Sorsakoski	KUU KULKEE TAAKSE PILVIEN	M	MEL56
Topi Sorsakoski	LUOKSESI VIE AJATUSTENI TIE	M	MEL56
Topi Sorsakoski	LUOTU LÄHTEMÄÄN	M	MEL56
Topi Sorsakoski	LYHDYN NÄÄN MÄ SYTTYVÄN	M	MEL56
Topi Sorsakoski	LÄHTÖSUUDELMA	M	MEL56
Topi Sorsakoski	MIERON TIE	M	MEL56
Topi Sorsakoski	MONA LISA	M	MEL56
Topi Sorsakoski	NE VEIVÄT SUT MULTA	M	MEL56
Topi Sorsakoski	OLET KAIKKI	M	MEL56
Topi Sorsakoski	OLET RAKKAIN	M	MEL56
Topi Sorsakoski	PÄIVÄT ILMAN SINUA	M	MEL56
Topi Sorsakoski	RAJATON KAIPAUS	M	MEL56
Topi Sorsakoski	RANTAKOIVUN ALLA	M	MEL56
Topi Sorsakoski	SALATTU SURU (HUOM! älä soita puuttuu teksti lopusta)	M	MEL56
Topi Sorsakoski	SULLE AATOKSEIN SUON	M	MEL56
Topi Sorsakoski	SURUJEN KITARA	M	MEL56
Topi Sorsakoski	SYDÄMESI TYHJÄ HUONE	M	MEL56
Topi Sorsakoski	SYLIIS SAAT MUN PURISTAA	M	MEL56
Topi Sorsakoski	TEIT MINUSTA AUTIOMAAN	M	MEL56
Topi Sorsakoski	TUULEN VIEMÄÄ	M	MEL56
Topi Sorsakoski	TYHJÄÄ	M	MEL56
Topi Sorsakoski	VAIKENEE SYDÄN	M	MEL56
Topi Sorsakoski	VAIN TUULI VALVOO	M	MEL56
Topi Sorsakoski	VIIMEISEEN KORTTIIN	M	MEL56
Topi Sorsakoski	VIRRAN RANNALLA	M	MEL56
Topi Sorsakoski	YÖLLISET KIRJEET	M	MEL56
Topi Sorsakoski	YÖN VÄISTYESSÄ	M	MEL56
Topi Sorsakoski	ÖINEN TUULI	M	MEL56
Topi Sorsakoski & Agents	HAAVEKUVA	M	MEL56
Topi Sorsakoski & Agents	KIRJE	M	MEL56
Topi Sorsakoski & Agents	KUNHAN PALAAN TAKAISIN	M	MEL56
Topi Sorsakoski & Agents	TUULI TUO TUULI VIE	M	MEL56
Topi Sorsakoski & Agents	VARJOJEN YÖ	M	MEL56
Topi Sorsakoski & Agents	VOITKO ALKAA UUDELLEEN	M	MEL56
Topi Sorsakoski & Reijo Taipale	KULKUKOIRAT	M	MEL56
Aki Sirkesalo	MULLONIKÄVÄSUA	M	MEL60
Aki Sirkesalo	PUNATUKKAINEN	M	MEL60
Antti Railio	RUOSTUNUT ANKKURI	M	MEL60
Antti Tuisku	JÄÄ TAI MEE	M	MEL60
Chisu	MIEHISTÄ VIIS	M	MEL60
Egotrippi	MESTARIPIIRROS	M	MEL60
Ellinoora	SELLAINEN MIES	M	MEL60
Frederik	GRAN CANARIA	M	MEL60
Haloo Helsinki!	VIERI VESI VIERI	M	MEL60
Haloo Helsinki! / Mokoma	KUU SAA VALTANSA AURINGOLTA	M	MEL60
Happoradio	CHE GUEVARA	M	MEL60
Heikki Kinnunen	LAULU DNJEPRILLE	M	MEL60
Jamppa Tuominen	EI KUULE KUKAAN	M	MEL60
Janos Valmunen	BUSSIPYSÄKILLÄ	M	MEL60
Jenni Vartiainen	PÄIVÄT ON TÄÄLLÄ HITAITA	M	MEL60
Jenni Vartiainen	SELVÄSTI PÄIHTYNYT	M	MEL60
Jesse Kaikuranta	VIELÄ TÄÄLLÄ	M	MEL60
Jonne Aaron	KULKURISYDÄN	M	MEL60
Juhamatti	VOITKO UNOHTAA	M	MEL60
Kari Tapio	JOS VOIT TULE LUO	M	MEL60
Kari Tapio	KESÄ KUUSKYTVIIS	M	MEL60
Kolmas nainen	LAUTALLA	M	MEL60
Lauri Tähkä	TULKOON MITÄ VAAN	M	MEL60
Mikael Gabriel	KIPUA	M	MEL60
Miljoonasade	MADE IN HONG KONG	M	MEL60
Olli Helenius	SYTYTÄT MUT	M	MEL60
Pate Mustajärvi	PATAROUVA JA ÄSSÄHAI	M	MEL60
Reijo Taipale	MAAILMANLOPUN TIE	M	MEL60
Reino Helismaa	SORSANMETSÄSTYS	M	MEL60
Robin ft Brädi	PUUTTUVA PALANEN	M	MEL60
Sanni	ME EI OLLA ENÄÄ ME	M	MEL60
SIG	LUDWIG VAN BEETHOVEN	M	MEL60
Suvi Teräsniska	HÄN TANSSI KANSSA ENKELEIDEN	M	MEL60
Suvi Teräsniska	TÄYDELLINEN ELÄMÄ	M	MEL60
Taikakuu	RAKASTAN SUA LIIKAA	M	MEL60
Taikakuu	TUNNE	M	MEL60
Topi Sorsakoski	JOS JÄTÄT MINUT	M	MEL60
Topi Sorsakoski	YKSIN OON MÄ VAIN	M	MEL60
Tuure Kilpeläinen ft Yona	TAHTOISIN TAHTOISIN	M	MEL60
Vesa-Matti Loiri	ELEGIA	M	MEL60
Aknestik	SUOMIROKKIA	M	MEL62
Arja Saijonmaa	YSTÄVÄN LAULU	M	MEL62
Danny	HILJAINEN KITARA	M	MEL62
Danny	MAANTIELTÄ TALOON	M	MEL62
Danny	TUULIVIIRI	M	MEL62
Eino Grön	SUUDELMIN SULJETUT KIRJEET	M	MEL62
Eppu Normaali	KITARA TAIVAS JA TÄHDET	M	MEL62
Eppu Normaali	TAHROJA PAPERILLA	M	MEL62
Frederik	JOS JOTAIN YRITTÄÄ (HARVA MEISTÄ ON RAUTAA)	M	MEL62
Freud Marx Engels & Jung	SÄRKYNYTSYDÄMISET (VIEKÄÄ MINUT BAARIIN)	M	MEL62
Hausmylly	JOS	M	MEL62
Irwin Goodman	RYYSYRANTA	M	MEL62
Irwin Goodman	VAIN ELÄMÄÄ	M	MEL62
J Karjalainen	KOLME COWBOYTA	M	MEL62
J Karjalainen	SEKAISIN	M	MEL62
Juha Vainio	MATKALLA POHJOISEEN	M	MEL62
Kake Randelin	KIRJE KOTIIN	M	MEL62
Katri Helena	KESÄNLAPSI	M	MEL62
Kirka	OTA LÄHELLESI	M	MEL62
Kirsi Ranto	SOITELLAAN	M	MEL62
Kolmas Nainen	VALEHTELISIN JOS VÄITTÄISIN	M	MEL62
Leevi and The Leavings	KYLLIKKI	M	MEL62
Leevi and The Leavings	SOPIVASTI LIHAVA	M	MEL62
Leevi and The Leavings	VAKOSAMETTIHOUSUINEN MIES	M	MEL62
Maija Vilkkumaa	SATUMAA TANGO	M	MEL62
Mamba	TUOLLAINEN TYTTÖ	M	MEL62
Markku Aro	ETSIN KUNNES LÖYDÄN SUN	M	MEL62
Mikko Alatalo	IHMISEN IKÄVÄ TOISEN LUO	M	MEL62
Miljoonasade	MARRASKUU	M	MEL62
Neon 2	POLKU	M	MEL62
Pave Maijanen	JANO	M	MEL62
Pepe Willberg	ELÄMÄLTÄ KAIKEN SAIN	M	MEL62
Reijo Taipale	ELÄMÄN PARKETEILLA	M	MEL62
Riki Sorsa	MUUTTOHAUKKA	M	MEL62
Samuli Edelmann	TUHAT YÖTÄ	M	MEL62
Siiri Nordin	SYDÄMENI OSUMAN SAI	M	MEL62
Tapani Kansa	AMADO MIO	M	MEL62
Tapani Kansa	TULKAA TYTÖT TAKAISIN	M	MEL62
Tuomari Nurmio	LASTEN MEHUHETKI	M	MEL62
Vilperin Perikunta	PIIRIMYYJÄ	M	MEL62
Agents	ALLA SATEEN ÖISEN	M	MEL67
Arja Havakka	TUULELLA EI OLE YSTÄVÄÄ	M	MEL67
Eero ja Jussi & The Boys	EI AIKA MENNYT KOSKAAN PALAA	M	MEL67
Eppu Normaali	AFRIKKA SARVIKUONOJEN MAA	M	MEL67
Eppu Normaali	URHEILUHULLU	M	MEL67
Hurriganes	BOURBON STREET	M	MEL67
Irwin Goodman	HÄIRIKKÖ	M	MEL67
Isto Hiltunen	TAMMENOKSAT	M	MEL67
J Karjalainen	KEHRÄÄJÄ	M	MEL67
Jope Ruonansuu	KERRAN JOS TOISENKIN	M	MEL67
Juhamatti	HILJAA VIRTAA DON	M	MEL67
Kari Tapio	TÄNÄÄN RUUSUT NÄÄ KUKKII VAIN SULLE	M	MEL67
Laila Kinnunen	MUISTOJEN BULEVARDI	M	MEL67
Rauli Badding Somerjoki	SALAINEN RAKKAUS	M	MEL67
Sakari Kuosmanen	MUUTTUVAT LAULUT	M	MEL67
Sakari Kuosmanen	ONNENMAA	M	MEL67
Sanna Mäkelä	JARNO	M	MEL67
Suvi Teräsniska	PALASET KOHDALLAAN	M	MEL67
Tommi Läntinen	SYVÄLLE SYDÄMEEN SATTUU	M	MEL67
Tommi Läntinen	VIA DOLOROSA	M	MEL67
Danny	HÄN ON LADY	M	MEL70's
Danny	TUULENSUOJAAN	M	MEL70's
Dave Lindholm	ROCK KUKKO	M	MEL70's
Eino Valtanen	NO JUSTIINSA JUU	M	MEL70's
Eppu Normaali	NJET NJET	M	MEL70's
Ernos	KESÄAIKAAN	M	MEL70's
Fredi	ELÄÄ MÄ SAIN	M	MEL70's
Hector	ASFALTTIPRINSSI	M	MEL70's
Hector	HEINÄPELLOLLA	M	MEL70's
Hector	LAPSUUDEN LOPPU	M	MEL70's
Hector	LASIKEVÄT/SURULLINEN LIISA	M	MEL70's
Hector	LOLA	M	MEL70's
Hector	PALKKASOTURI	M	MEL70's
Hector	SUOMI NEITO	M	MEL70's
Hullujussi	TYTTÖ LILLA NAKKIKIOSKILLA	M	MEL70's
Irwin Goodman	OLI SIMMARIT SAMMARIT KUMMARIT JA PIPO	M	MEL70's
Irwin Goodman	POING POING POING	M	MEL70's
Irwin Goodman	ST PAULI JA REEPERBAHN	M	MEL70's
Juice Leskinen	JYRKI BOY	M	MEL70's
Juice Leskinen	LÖYLY LÖI	M	MEL70's
Juice Leskinen	NAPOLEONIN MOPO	M	MEL70's
Karma	WIG WAM BAM	M	MEL70's
Katri Helena	KAI LAULAA SAAN	M	MEL70's
Kirka	KANELIPUUN ALLA	M	MEL70's
Kirka	PÄÄSI RINNAILLEIN PAINUU	M	MEL70's
Kirka	SILTA YLI SYNKÄN VIRRAN	M	MEL70's
Kirka	VENUS	M	MEL70's
Kirka	VIIMEISEEN MIEHEEN	M	MEL70's
Kirka & Islanders	TAAS NOUSEN JUNAAN	M	MEL70's
Kirka & Sammy	MRS ROBINSON	M	MEL70's
Kirka ja Anna	SINUT HALUAN VAIN	M	MEL70's
Kisu	ALAHAN TULLA	M	MEL70's
Kisu	ONNESTAIN ON PUOLET SINUN	M	MEL70's
Marion	SENORITA POR FAVOR	M	MEL70's
Marion ja Carola	HAVA NAGILA	M	MEL70's
Markku Aro	JESTAS SENTÄÄN	M	MEL70's
Markus	VAIN KOTKA LENTÄÄ AURINKOON	M	MEL70's
Mika Sundqvist	AURINKOLAIVA	M	MEL70's
Mikko Alatalo	ROKKLAULAJA	M	MEL70's
Mikko Alatalo	VICKY LEE	M	MEL70's
Mona Carita	KAUPUNGIN LAPSET	M	MEL70's
Pelle Miljoona	INTIAANIKESÄ	M	MEL70's
Petri & Pettersson Brass	PÄÄTTÖMÄLLÄ POLLELLA	M	MEL70's
Rauli Badding Somerjoki	IKKUNAPRINSESSA	M	MEL70's
Seitsemän Seinähullua Veljestä	BANAANIA POSKEEN	M	MEL70's
Tuomari Nurmio	HÄN ON TÄÄLLÄ TÄNÄÄN	M	MEL70's
Tuomari Nurmio	KURJUUDEN KUNINGAS	M	MEL70's
Tuomari Nurmio	VALO YÖSSÄ TWIST	M	MEL70's
Vanha Isäntä	KUUSKYTLUVUN KAUANSOIVA BLUES	M	MEL70's
Vanha Isäntä	ONKIMIEHEN BLUES	M	MEL70's
Wigwam	LUULOSAIRAS	M	MEL70's
Frank Sinatra	ALL OF ME	M	MELFRANK
Frank Sinatra	ALL THE WAY	M	MELFRANK
Frank Sinatra	AS TIMES GOES BY	M	MELFRANK
Frank Sinatra	BEGIN THE BEGUINE	M	MELFRANK
Frank Sinatra	CAN I STEAL A LITTLE LOVE	M	MELFRANK
Frank Sinatra	CHICAGO	M	MELFRANK
Frank Sinatra	COME DANCE WITH ME	M	MELFRANK
Frank Sinatra	COME FLY WITH ME	M	MELFRANK
Frank Sinatra	FLOWERS MEAN FORGIVENESS	M	MELFRANK
Frank Sinatra	FLY ME TO THE MOON	M	MELFRANK
Frank Sinatra	FOR ONCE IN MY LIFE	M	MELFRANK
Frank Sinatra	HOW INSENSITIVE	M	MELFRANK
Frank Sinatra	I GET A KICK OUT OF YOU	M	MELFRANK
Frank Sinatra	I LEFT MY HEART IN SAN FRANCISCO	M	MELFRANK
Frank Sinatra	I LOVE PARIS	M	MELFRANK
Frank Sinatra	I'LL NEVER SMILE AGAIN	M	MELFRANK
Frank Sinatra	IT WAS A VERY GOOD YEAR	M	MELFRANK
Frank Sinatra	I'VE GOT YOU UNDER MY SKIN	M	MELFRANK
Frank Sinatra	LET ME TRY AGAIN	M	MELFRANK
Frank Sinatra	LOVE AND MARRIAGE	M	MELFRANK
Frank Sinatra	LOVE ME OR LEAVE ME	M	MELFRANK
Frank Sinatra	LOVE'S BEEN GOOD TO ME	M	MELFRANK
Frank Sinatra	LUCK BE A LADY	M	MELFRANK
Frank Sinatra	ME AND MY SHADOW	M	MELFRANK
Frank Sinatra	MOONLIGHT SERENADE	M	MELFRANK
Frank Sinatra	MY WAY	M	MELFRANK
Frank Sinatra	NEW YORK NEW YORK	M	MELFRANK
Frank Sinatra	NICE N EASY	M	MELFRANK
Frank Sinatra	NIGHT AND DAY	M	MELFRANK
Frank Sinatra	ON THE SUNNY SIDE OF THE STREET	M	MELFRANK
Frank Sinatra	SOMEWHERE OVER THE RAINBOW	M	MELFRANK
Frank Sinatra	SOUTH OF THE BORDER	M	MELFRANK
Frank Sinatra	STORMY WEATHER	M	MELFRANK
Frank Sinatra	STRANGERS IN THE NIGHT	M	MELFRANK
Frank Sinatra	SUMMER WIND	M	MELFRANK
Frank Sinatra	SWINGING ON A STAR	M	MELFRANK
Frank Sinatra	TALK TO ME	M	MELFRANK
Frank Sinatra	THAT OLD BLACK MAGIC	M	MELFRANK
Frank Sinatra	THAT'S LIFE	M	MELFRANK
Frank Sinatra	THE GIRL FROM IPANEMA	M	MELFRANK
Frank Sinatra	THE HOUSE I LIVE IN	M	MELFRANK
Frank Sinatra	THE LADY IS A TRAMP	M	MELFRANK
Frank Sinatra	THE WORLD WE KNEW	M	MELFRANK
Frank Sinatra	THERE'S A SMALL HOTEL	M	MELFRANK
Frank Sinatra	TIME AFTER TIME	M	MELFRANK
Frank Sinatra	WAVE	M	MELFRANK
Frank Sinatra	WHAT ARE YOU DOING THE REST OF YOUR LIFE	M	MELFRANK
Frank Sinatra	WINNERS	M	MELFRANK
Frank Sinatra	YOU MAKE ME FEEL SO YOUNG	M	MELFRANK
Frank Sinatra	YOUNG AT HEART	M	MELFRANK
Olavi Virta	ALLA VENÄLÄISEN KUUN	M	MELOLA
Olavi Virta	ANNABELLA	M	MELOLA
Olavi Virta	CUBANCAN	M	MELOLA
Olavi Virta	DELFIINIPOIKA	M	MELOLA
Olavi Virta	ENSI SUUDELMA	M	MELOLA
Olavi Virta	ESPANJALAINEN TANGO	M	MELOLA
Olavi Virta	HYMY KUKKA JA RAKKAUS	M	MELOLA
Olavi Virta	KAUNEIN ILTAMME	M	MELOLA
Olavi Virta	KAUNIS MORSIAN	M	MELOLA
Olavi Virta	KOLME KITARAA	M	MELOLA
Olavi Virta	KYLMÄT HUULET	M	MELOLA
Olavi Virta	LAPIKASTA LATTIAAN	M	MELOLA
Olavi Virta	MYLLÄRIN IRENE	M	MELOLA
Olavi Virta	OI VILLIRUUSU	M	MELOLA
Olavi Virta	RAKKAUDEN LAULU	M	MELOLA
Olavi Virta	SAN ANTONION RUUSU	M	MELOLA
Olavi Virta	SELLAISTA ON ELÄMÄ	M	MELOLA
Olavi Virta	SONNY BOY	M	MELOLA
Olavi Virta	SULLE LAULAN MÄ HILJAA	M	MELOLA
Olavi Virta	YLI AALTOJEN	M	MELOLA
Black Sabbath	PARANOID	M	MelPlay
Aikamiehet	ILTATUULEN VIESTI	M	MELVals
Anneli Sari	VALKOAKAASIAT	M	MELVals
Berit	KENPÄ TIETÄIS SEN	M	MELVals
Chanel Four	VUOSIEN JÄLKEEN	M	MELVals
Eero Aven	ELÄMÄNTOVERI	M	MELVals
Eero Aven	HOPEARUUSU	M	MELVals
Eero Aven	SIRPALEET	M	MELVals
Eino Grön	ILTA SAIMAALLA	M	MELVals
Eino Grön	KIELON JÄÄHYVÄISET	M	MELVals
Eino Grön	LEILA	M	MELVals
Erkki Junkkarinen	KEINUMORSIAN	M	MELVals
Erkki Junkkarinen	KOSTERVALSSI	M	MELVals
Erkki Junkkarinen	PYYNIKKI VALSSI	M	MELVals
Esko Rahkonen	KOTISEUTU POHJOLASSA	M	MELVals
Esko Rahkonen	MUISTOJA KARPAATEILTA	M	MELVals
Esko Rahkonen	PIKKU SYNTINEN	M	MELVals
Esko Rahkonen	ÄÄNISEN AALLOT	M	MELVals
Georg Malmsten	SAARISTON SIRKKA	M	MELVals
Georg Ots	KYLLIKKI	M	MELVals
Henry Theel	KULTAINEN NUORUUS	M	MELVals
Henry Theel	ON ARMAS MULLE AALLON TIE	M	MELVals
Henry Theel	SEISKARIN KAUNIS SIIRI	M	MELVals
Irwin Goodman	JUHLAVALSSI	M	MELVals
Jari Lappalainen	KAIKEN KAUNIIN RINNALLA	M	MELVals
Kauko Käyhkö	KALASTAJA EEMELIN VALSSI	M	MELVals
Laila Kinnunen	LENNÄ MUN LEMPENI LAULU	M	MELVals
Matti ja Teppo	KYLLÄ MAAILMA ON IHMEELLINEN	M	MELVals
Matti ja Teppo	MINÄ RAKASTAN SUA	M	MELVals
Metro-tytöt	TAIKAYÖ	M	MELVals
Pasi Kaunisto	KOITERE KARJALAN HELMI	M	MELVals
Pekka Himanka	KALAJOKI VALSSI	M	MELVals
Pekka Himanka	KANKAAN KAUNIS KATRIINA	M	MELVals
Reijo Kallio	NIITTYKUKKASET	M	MELVals
Reijo Taipale	RUUSU JOKA VUODESTA	M	MELVals
Reijo Taipale	TONAVAN AALLOT	M	MELVals
Solistiyhtye Suomi	ARPISET HAAVAT	M	MELVals
Solistiyhtye Suomi	ERÄMAAJÄRVEN MÖKKI	M	MELVals
Solistiyhtye Suomi	JÄÄKUKKIA	M	MELVals
Solistiyhtye Suomi	KEINUSSA KESÄLLÄ KERRAN	M	MELVals
Solistiyhtye Suomi	LENTÄJÄN VALSSI	M	MELVals
Taisto Tammi	KOHTALON VALSSI	M	MELVals
Taneli Mäkelä	KAUNIS VALHE	M	MELVals
Taneli Mäkelä	OI TUNTEMATON	M	MELVals
Tapio Rautavaara	EN PÄIVÄÄKÄÄN VAIHTAISi POIS	M	MELVals
Tapio Rautavaara	HÄÄVALSSI	M	MELVals
Tapio Rautavaara	KULKURIN VALSSI	M	MELVals
Tapio Rautavaara	ORPOPOJAN VALSSI	M	MELVals
Veikko Tuomi	KAUNIS ON LUOKSESI KAIPUU	M	MELVals
Vilho Vartiainen	NUORUUSMUISTOJA	M	MELVals
Yölintu	SINUN KANSSASI	M	MELVals
Anne Mattila	KAUAN NIIN KAUAN	M	MG17
Annika Eklund	JULIA JÄI HENKIIN	M	MG17
Arja Koriseva	YÖVIERAS	M	MG17
Charles Plogman	OLISITPA TÄÄLLÄ	M	MG17
Eija Kantola	VALVOTKO VUOKSENI	M	MG17
Jani & Jetsetters	LENNÄ POIS	M	MG17
Jenna	VOITKO EDES TEESKENNELLÄ	M	MG17
Juha Metsäperä	OLEN LÄHELLÄSI	M	MG17
Juha Tapio	MINÄ OLEN SINÄ OLET	M	MG17
Jukka Hallikainen	EN TEKISI TOISIN	M	MG17
Neljänsuora	SIIPIRIKKO	M	MG17
Pasi Vainionperä	RAKKAUDESSA SUURIA	M	MG17
Paula Koivuniemi	JOS LUOJA SUO	M	MG17
Paula Koivuniemi	NAINEN	M	MG17
Saija Tuupanen	TUULTA RIITTÄÄ	M	MG17
Susanna Heikki	SIIPENSÄ POLTTANUT ENKELI	M	MG17
Syke	TUNTEIDEN TUOKSU	M	MG17
Taikakuu	PIIKKILANKAA	M	MG17
Tarja Lunnas	ON AIKA MENNYT MENOJAAN	M	MG17
Yölintu	RUNOILIJAN KYNÄ	M	MG17
A Aallon Rytmiorkesteri	KOP KOP	M	MG19
Anneli Mattila	SEITSEMÄS TAIVAS	M	MG19
Annika Eklund	MISSÄ ON MUN STRÖMSÖ	M	MG19
Antti Raiski	ONNI	M	MG19
Eija Kantola	SANO	M	MG19
Ilpo Kaikkonen	KLEINBUS	M	MG19
Jani Jalkanen Orkesteri	MATKA JATKUU	M	MG19
Jari Sillanpää	EN SE OLLA SAA	M	MG19
Jenna Bågeberg	SO WHAT	M	MG19
Juha Metsäperä	HENGITÄ IHOLLANI	M	MG19
Juha Metsäperä	ÄITI	M	MG19
Jukka Hallikainen	HERÄTÄ HENKIIN	M	MG19
Kai Jämsä	JÄTIMME OVEN RAOLLEEN	M	MG19
Kikka Laitinen	DA	M	MG19
Laura Voutilainen	KOKONAINEN NAINEN	M	MG19
Mariska & Pahat Sudet	LIEKKI	M	MG19
Paula Koivuniemi	QUEEN	M	MG19
Saija Tuupanen	MUISTINKO OIKEIN	M	MG19
Sari Hellsten	MISTÄ SUT ON TEHTY	M	MG19
Varjokuva	TANSSIT TALOLLA	M	MG19
Hurriganes	BLUE SUEDE SHOES	M	MGANES
Hurriganes	CAN'T COME HOME	M	MGANES
Hurriganes	DO YOU WANNA DANCE	M	MGANES
Hurriganes	GET ON	M	MGANES
Hurriganes	GOOD MORNING LITTLE SCHOOLGIRL	M	MGANES
Hurriganes	I WILL STAY	M	MGANES
Hurriganes	I'M READY	M	MGANES
Hurriganes	KEEP ON KNOCKING	M	MGANES
Hurriganes	MOON IS RISING	M	MGANES
Hurriganes	RIDIN RIDIN	M	MGANES
Hurriganes	ROADRUNNER	M	MGANES
Hurriganes	RUBY BABE	M	MGANES
Hurriganes	SAY MAMA	M	MGANES
Hurriganes	TALLAHASSEE LASSIE	M	MGANES
Hurriganes	TIGER	M	MGANES
Hurriganes	TOO MANY HOURS	M	MGANES
Hurriganes	TRUE FINE MAMA	M	MGANES
Hurriganes	UNTIL I SETTLE DOWN	M	MGANES
Hurriganes	WALKIN THE DOG	M	MGANES
Hurriganes	WILD IN THE STREET	M	MGANES
Ariana Grande	ONE LAST TIME	C	MICRPOY
Ariana Grande	WE CAN'T BE FRIENDS (WAIT FOR YOU LOVE)	C	MICRPOY
10CC	DREADLOCK HOLIDAY	C	MICRPOY2
10CC	I'M NOT IN LOVE	C	MICRPOY2
2 Unlimited	NO LIMIT	C	MICRPOY2
22 Pistepirkko	BIRDY	C	MICRPOY2
3 Doors Down	HERE WITHOUT YOU	C	MICRPOY2
3 Doors Down	KRYPTONITE	C	MICRPOY2
30 Seconds To Mars	THE KILL	C	MICRPOY2
38 Special	CAUGHT UP IN YOU	C	MICRPOY2
38 Special	HOLD ON LOOSELY	C	MICRPOY2
38 Special	ROCKIN' INTO THE NIGHT	C	MICRPOY2
38 Special	SECOND CHANCE	C	MICRPOY2
4 Non Blondes	WHAT'S UP	C	MICRPOY2
A Aallon Rytmiorkesteri	EXODUS	C	MICRPOY2
A Aallon Rytmiorkesteri	MAJAKKA JA MERI	C_O	MICRPOY2
A Aallon Rytmiorkesteri	SAATTUE MUURMANSKIIN	C_O	MICRPOY2
A Aallon Rytmiorkesteri	TÄHDET MEREN YLLÄ	C	MICRPOY2
A Aimo ja Dallape orkesteri	TAMMERKOSKI	C	MICRPOY2
Aarne Tenkanen	EDESTÄ JA TAKAA	C	MICRPOY2
Aarne Tenkanen	NÄILLÄ KORTEILLA MENNÄÄN	C	MICRPOY2
Aarne Tenkanen	SAAPPAAT JALASSA LÄHDETÄÄN	C	MICRPOY2
Aarno Raninen	ON HETKI	C	MICRPOY2
Aarno Raninen	ON HETKI	C_O	MICRPOY2
Aaron	TAKAISIN MUURLAAN	C_O	MICRPOY2
Abba	DANCING QUEEN	C	MICRPOY2
Abba	GIMME GIMME GIMME	C	MICRPOY2
Abba	HONEY HONEY	C	MICRPOY2
Abba	KNOWING ME KNOWING YOU	C	MICRPOY2
Abba	MAMMA MIA	C	MICRPOY2
Abba	SOS	C	MICRPOY2
Abba	SUMMER NIGHT CITY	C	MICRPOY2
Abba	THANK YOU FOR THE MUSIC	C	MICRPOY2
Abreu	TEIPILLÄ TAI RAKKAUDELLA	C	MICRPOY2
ACDC	BACK IN BLACK	C	MICRPOY2
ACDC	DIRTY DEEDS DONE CHEAP	C	MICRPOY2
ACDC	FOR THOSE ABOUT TO ROCK WE SALUTE YOU	C	MICRPOY2
ACDC	GIRLS GOT RHYTHM	C	MICRPOY2
ACDC	HAVE A DRINK ON ME	C	MICRPOY2
ACDC	HELLS BELLS	C	MICRPOY2
ACDC	HIGHWAY TO HELL	C	MICRPOY2
ACDC	IT'S A LONG WAY TO THE TOP IF YOU WANNA ROCK 'N' ROLL	C	MICRPOY2
ACDC	LET THERE BE ROCK	C	MICRPOY2
ACDC	MONEY TALKS	C	MICRPOY2
ACDC	PROBLEM CHILD	C	MICRPOY2
ACDC	RIDE ON	C	MICRPOY2
ACDC	ROCK AND ROLL AIN'T NOISE POLLUTION	C	MICRPOY2
ACDC	SHOOT TO THRILL	C	MICRPOY2
ACDC	SIN CITY	C	MICRPOY2
ACDC	SINK THE PINK	C	MICRPOY2
ACDC	STIFF UPPER LIP	C	MICRPOY2
ACDC	THUNDERSTRUCK	C	MICRPOY2
ACDC	TNT	C	MICRPOY2
ACDC	TOUCH TOO MUCH	C	MICRPOY2
ACDC	WHO MADE WHO	C	MICRPOY2
ACDC	WHOLE LOTTA ROSIE	C	MICRPOY2
ACDC	YOU SHOOK ME ALL NIGHT LONG	C	MICRPOY2
Ace	HOW LONG	C	MICRPOY2
Ace Frehley	NEW YORK GROOVE	C	MICRPOY2
Adele	HELLO	C	MICRPOY2
Adele	MAKE YOU FEEL MY LOVE	C	MICRPOY2
Adele	ROLLING IN THE DEEP ver2	C	MICRPOY2
Adele	SET FIRE TO THE RAIN	C	MICRPOY2
Adele	SKYFALL	C	MICRPOY2
Adele	SOMEONE LIKE YOU	C	MICRPOY2
Adriano Celentano	UNAFESTA SUI PRATI (ita)	C_U	MICRPOY2
Aerosmith	BACK IN THE SADDLE	C	MICRPOY2
Aerosmith	BIG TEN INCH RECORD	C	MICRPOY2
Aerosmith	CRYIN'	C	MICRPOY2
Aerosmith	DREAM ON	C	MICRPOY2
Aerosmith	I DON'T WANT TO MISS A THING	C	MICRPOY2
Aerosmith	LAST CHILD	C	MICRPOY2
Aerosmith	LOVE IN AN ELEVATOR	C	MICRPOY2
Aerosmith	SAME OLD SONG AND DANCE	C	MICRPOY2
Aerosmith	SWEET EMOTION	C	MICRPOY2
Aerosmith	TRAIN KEPT A ROLLIN'	C	MICRPOY2
Aerosmith & Run DMC	WALK THIS WAY	C	MICRPOY2
Agatino Romero Jaxomy Raffaella Carrà	PEDRO (ita)	C_U	MICRPOY2
AHa	HUNTING HIGH AND LOW	C	MICRPOY2
AHa	TAKE ON ME	C	MICRPOY2
Ahti AKE Karjalainen	KUIN JUNAN VESSA ver2	C_O	MICRPOY2
Ahti AKE Karjalainen	LAULA AKE PARANOID (Paranoid)	C_O	MICRPOY2
Ahti AKE Karjalainen	MÄ OON KUIN IRWINI	C_O	MICRPOY2
Ahti ja BEHM	TÄHDET	C	MICRPOY2
Ai Music	SINUN RINNALLA (YSTÄVÄNPÄIVÄ LAULU)	C	MICRPOY2
AI_TA	VALSSI SYDÄMELLE	C_O	MICRPOY2
AI_TA	YÖN VIIMEINEN VALSSI	C_O	MICRPOY2
Aikakone	NTI GROOVE	C	MICRPOY2
Aikakone	VUOSISADAN RAKKAUSTARINA	C	MICRPOY2
AikaPoliisi	SINÄ OLET AURINKO	C	MICRPOY2
Air Supply	COME WHAT MAY	C	MICRPOY2
Air Supply	LONELY IS THE NIGHT	C	MICRPOY2
Airbourne	BREAKIN' OUTTA HELL	C	MICRPOY2
Aki Sirkesalo	KISSANAINEN	C_O	MICRPOY2
Aki Sirkesalo	SANANSA MITTAINEN MIES	C_O	MICRPOY2
Aki Sirkesalo	TULE NYT	C_O	MICRPOY2
Aki Sirkesalo	TURISTIT	C_O	MICRPOY2
Al Stewart	YEAR OF THE CAT	C	MICRPOY2
Aladdin	SE ON KUIN YÖ	C	MICRPOY2
Alan Jackson	CHATTAHOOCHEE	C	MICRPOY2
Alan Jackson & Jimmy Buffett	IT'S FIVE O'CLOCK SOMEWHERE	C	MICRPOY2
Alan Parsons Project	SILENCE AND I	C	MICRPOY2
Alan Walker	ALONE	C	MICRPOY2
Alan Walker	FADED	C	MICRPOY2
Alanis Morissette	YOU OUGHTA KNOW	C	MICRPOY2
Alannah Myles	BLACK VELVET	C	MICRPOY2
Albert Hammond	IT NEVER RAINS SOUTHERN CALIFORNIA	C	MICRPOY2
Alexander Rybak	FAIRYTALE	C	MICRPOY2
Alexandra Burke	HALLELUJAH	C	MICRPOY2
Alexia	THE SUMMER IS CRAZY	C	MICRPOY2
Alexia	UH LA LA LA	C	MICRPOY2
Alice Cooper	BE MY LOVER	C	MICRPOY2
Alice Cooper	BILLION DOLLAR BABIES	C	MICRPOY2
Alice Cooper	ELECTED	C	MICRPOY2
Alice Cooper	FEED MY FRANKENSTEIN	C	MICRPOY2
Alice Cooper	HEY STOOPID	C	MICRPOY2
Alice Cooper	I'M EIGHTEEN	C	MICRPOY2
Alice Cooper	IT'S ME	C	MICRPOY2
Alice Cooper	LOVE'S A LOADED GUN	C	MICRPOY2
Alice Cooper	NO MORE MISTER NICE GUY	C	MICRPOY2
Alice Cooper	ONLY WOMEN BLEED	C	MICRPOY2
Alice Cooper	POISON	C	MICRPOY2
Alice Cooper	SCHOOL'S OUT	C	MICRPOY2
Alice Cooper	UNDER MY WHEELS	C	MICRPOY2
Alice Deejay	BETTER OFF ALONE	C	MICRPOY2
Alice In Chains	AGAIN	C	MICRPOY2
Alice In Chains	BLEED THE FREAK	C	MICRPOY2
Alice In Chains	MAN IN THE BOX	C	MICRPOY2
Alice In Chains	NO EXCUSES	C	MICRPOY2
Alice In Chains	WOULD	C	MICRPOY2
Alma	KARMA	C	MICRPOY2
Alphaville	FOREVER YOUNG	C	MICRPOY2
Alwari Tuohitorvi	KROMIKAUNOTAR	C_O	MICRPOY2
Alwari Tuohitorvi	SINUN LAULUSI	C_O	MICRPOY2
Amanda	HETKI LYÖ	C_O	MICRPOY2
America	A HORSE WITH NO NAME	C	MICRPOY2
America	I NEED YOU	C	MICRPOY2
America	SISTER GOLDEN HAIR	C	MICRPOY2
America	VENTURA HIGHWAY	C	MICRPOY2
Amorphis	AGAINST WINDOWS	C	MICRPOY2
Amorphis	BROTHER AND SISTER	C_O	MICRPOY2
Amorphis	HOUSE OF SLEEP	C	MICRPOY2
Amorphis	SILENT WATERS	C	MICRPOY2
Amy MacDonald	THIS IS THE LIFE	C	MICRPOY2
Amy Winehouse	BACK TO BLACK	C	MICRPOY2
Amy Winehouse	VALERIE	C	MICRPOY2
Amy Winehouse	YOU KNOW I'M NO GOOD	C	MICRPOY2
Andrea Bocelli	BESAME MUCHO (spa)	C_U	MICRPOY2
Andrea Bocelli	CON TE PARTIRÒ (ita)	C_U	MICRPOY2
Andrew WK	PARTY HARD	C	MICRPOY2
Andy Suonsilmä	KARRELLE PALANUT ENKELI	C	MICRPOY2
Andy Williams	RED ROSES FOR A BLUE LADY	C	MICRPOY2
Andy Williams	SPEAK SOFTLY LOVE	C	MICRPOY2
Ani ja Viivi	LUPAA ET SÄ LÄHET	C	MICRPOY2
Anita Hirvonen	GIMMA VIITOSTIELTÄ	C_O	MICRPOY2
Anita Ward	RING MY BELL	C	MICRPOY2
Anki ja Cumulus	PUUVILLAPELLOT (Cotton Fields)	C_O	MICRPOY2
Anna Eriksson	EI SE MENNYT NIIN	C	MICRPOY2
Anna Eriksson	HILJAA HUOKAA YÖ	C	MICRPOY2
Anna Eriksson	ISO IKÄVÄ	C_O	MICRPOY2
Anna Eriksson	JULIET JA JOONATAN	C	MICRPOY2
Anna Eriksson	KUN KATSOIT MINUUN	C	MICRPOY2
Anna Eriksson	ODOTA MUA	C	MICRPOY2
Anna HanskI	KOTIVIINi	C	MICRPOY2
Anna Hanski	LAMBADA	C	MICRPOY2
Anna Hanski	MELODIAA	C	MICRPOY2
Anna Hanski	TUNTEISIIN	C	MICRPOY2
Anna Puu	C'EST LA VIE ver2	C_O	MICRPOY2
Anna Puu	KAUNIS PÄIVÄ	C_O	MICRPOY2
Anna Puu	MATKALLA	C_O	MICRPOY2
Anna Puu	ME OLLAAN RUNO	C	MICRPOY2
Anna Puu	MELANKOLIAN RIEMUT	C_O	MICRPOY2
Anna Puu & Olavi Uusivirta	2020	C	MICRPOY2
Anne Mattila	EI KERRO TUULI	C	MICRPOY2
Anne Mattila	IHMINEN	C_O	MICRPOY2
Anne Mattila	TAIVAAN KARTTA	C	MICRPOY2
Anne Mattila & Janne Tulkki	SIELU SALAMOI	C	MICRPOY2
Anneli Mattila	ETHÄN MEE	C	MICRPOY2
Anneli Mattila	SEITSEMÄS TAIVAS	C	MICRPOY2
Anneli Saaristo	LA DOLCE VITA	C	MICRPOY2
Anniina Mattila	JOULUMAA	C	MICRPOY2
Annika Eklund	DISCO POTPURI	C_O	MICRPOY2
Annika Eklund	RAKKAUSSEIKKAILU	C	MICRPOY2
Annika Salo	ODOTAN	C_O	MICRPOY2
Annika Salo	SISÄÄNRAKENNETTU  IKÄVÄ	C_O	MICRPOY2
Anouk	NOBODY'S WIFE	C	MICRPOY2
Anssi Kela	MIKAN FAIJAN BMW	C_O	MICRPOY2
Anssi Kela	MILLA	C	MICRPOY2
Anssi Kela	NUMMELA ver2	C_O	MICRPOY2
Anssi Kela	PETRI RUUSUNEN	C_O	MICRPOY2
Anssi Kela	PUISTOSSA	C	MICRPOY2
Anssi Umpikela	HELVETIN OOPPELI (Rafaelin Enkeli)	C_O	MICRPOY2
Anthrax	ANTISOCIAL	C	MICRPOY2
Anthrax	CAUGHT IN A MOSH	C	MICRPOY2
Anthrax	GOT THE TIME	C	MICRPOY2
Anthrax	I'M THE MAN	C	MICRPOY2
Antti Ketonen	NIIN KAUNIS	C_O	MICRPOY2
Antti Ketonen	OHIMENEVÄT PÄIVÄT	C_O	MICRPOY2
Antti Paalanen	TAKATUKKA	C	MICRPOY2
Antti Railio	AVARUUS	C	MICRPOY2
Antti Railio	HALLA JA ETELÄTUULI	C	MICRPOY2
Antti Railio	MIELENRAUHAA	C	MICRPOY2
Antti Railio	VARPUNEN JOULUAAMUNA	C	MICRPOY2
Antti Raiski	LÄHDÖN HETKI	C	MICRPOY2
Antti Tuisku	KEINUTAAN	C	MICRPOY2
Antti Tuisku ft Boyat	HANURI	C	MICRPOY2
Apulanta	10	C_O	MICRPOY2
Apulanta	008 (HALLAA)	C_O	MICRPOY2
Apulanta	9 VÄÄRÄÄ KÄTTÄ ver2	C_O	MICRPOY2
Apulanta	ARMO	C	MICRPOY2
Apulanta	HEI HEI MITÄ KUULUU	C_O	MICRPOY2
Apulanta	HIEKKA	C	MICRPOY2
Apulanta	JUMALA	C_O	MICRPOY2
Apulanta	LOKIN PÄÄLLÄ LOKKI	C	MICRPOY2
Apulanta	MAANANTAI	C_O	MICRPOY2
Apulanta	PIHTIOTE	C_O	MICRPOY2
Apulanta	TOINEN JUMALA	C	MICRPOY2
Arctic Monkeys	R U MINE	C	MICRPOY2
Ares	MENESTYS ON PARAS TAPA KOSTAA	C	MICRPOY2
Argent	HOLD YOUR HEAD UP	C	MICRPOY2
Ari Klem	PIENI YSTÄVÄIN	C_O	MICRPOY2
Ariana Grande	7 Rings	C	MICRPOY2
Arja Koriseva	KOLME YÖTÄ JOULUUN	C	MICRPOY2
Arja Koriseva	SE ON RAKKAUTTA OIKEAA	C	MICRPOY2
Arja Koriseva	TUULEN VÄRIT	C_O	MICRPOY2
Arja Saijonmaa	PARTISAANIVALSSI	C	MICRPOY2
Arja Saijonmaa	PUHU MINULLE RAKKAUDESTA	C_O	MICRPOY2
Arppa	KUUSAMO	C_O	MICRPOY2
Arto Sotavalta	PÄIVÄT KUIN UNTA	C	MICRPOY2
Arto Sotavalta	ROCK & ROLL (SAIT PARHAAT VUODET)	C_O	MICRPOY2
Arto Tamminen	NELJÄN RUUHKA	C	MICRPOY2
Arttu Wiskari	AAAA	C	MICRPOY2
Arttu Wiskari	MINNA	C_O	MICRPOY2
Arttu Wiskari	MONACO	C_O	MICRPOY2
Arttu Wiskari	SYDÄMEENI JOULUN TEEN	C	MICRPOY2
Arttu Wiskari	TÄSSÄKÖ TÄÄ OLI	C	MICRPOY2
Arttu Wiskari ft Ulpu	SIRPA (mixed Pasi Lehtinen)	C	MICRPOY2
Aste ft Evelina	HIMALAJA	C_O	MICRPOY2
Aston Kalmari	AIKUISTEN ALTAASEEN	C_O	MICRPOY2
Aston Kalmari	AJAN VIRTA	C_O	MICRPOY2
Aston Kalmari	KIITOS KUN ET VALINNU MUA	C_O	MICRPOY2
Aston Kalmari	SININEN HUONE	C_O	MICRPOY2
Aston Kalmari	ÄLÄ RAKASTU MINUUN	C_O	MICRPOY2
Atlanta Rhythm Section	GEORGIA RHYTHM	C	MICRPOY2
Atomirotta	AURINKOON	C	MICRPOY2
Atomirotta	NENÄ VIE	C_O	MICRPOY2
Autopilot Off	MAKE A SOUND	C	MICRPOY2
Ava Max	KINGS & QUEENS	C	MICRPOY2
Avenged Sevenfold	ALMOST EASY	C	MICRPOY2
Avenged Sevenfold	BAT COUNTRY	C	MICRPOY2
Avicii	HEY BROTHER	C	MICRPOY2
Bablo	KAUAS VUORTEN TAA	C	MICRPOY2
Bablo	PERSEAUKISTEN KERHO	C	MICRPOY2
Bachman Turner Overdrive	TAKIN' CARE OF BUSINESS	C	MICRPOY2
Backsliders	NATIONAL NIGHTMARE ver2	C_O	MICRPOY2
Backstreet Boys	EVERYBODY	C	MICRPOY2
Backstreet Boys	I WANT IT THAT WAY	C	MICRPOY2
Backstreet Boys	SHOW ME THE MEANING OF BEING LONELY	C	MICRPOY2
Bad Boys Blue	YOU'RE A WOMAN	C	MICRPOY2
Bad Company	FEEL LIKE MAKIN' LOVE	C	MICRPOY2
Bad English	WHEN I SEE YOU SMILE	C	MICRPOY2
Bad Wolves	ZOMBIE	C	MICRPOY2
Bananarama	VENUS	C	MICRPOY2
Barathrum	LAST DAY IN HEAVEN	C	MICRPOY2
Barbra Streisand	MEMORIES (The Cats)	C	MICRPOY2
Baris Manço	BEN BILIRIM (tur)	C_U	MICRPOY2
Barry Manilow	READY TO TAKE A CHANGE AGAIN	C	MICRPOY2
Basshunter	BOTEN ANNA (swe)	C_U	MICRPOY2
Bat & Ryyd	YKÄN KONE	C	MICRPOY2
Battle Beast	KING FOR A DAY	C	MICRPOY2
Battle Beast	STROIGHT TO THE HEART	C	MICRPOY2
BB King	THE THRILL IS GONE	C	MICRPOY2
Beast in Black	BLIND AND FROZEN	C	MICRPOY2
BEE	SILKKIIN VERHOILTUNA	C	MICRPOY2
Bee	SÄ PUHUIT ENKELEISTÄ	C	MICRPOY2
BEE	TEQUILAKAHVI	C_O	MICRPOY2
BEE	VIIMEISIÄ SANOJA	C_O	MICRPOY2
BEHM	AURINGON SUUTELEMA	C_O	MICRPOY2
BEHM	ETHÄN TARKOITTANUT SITÄ	C_O	MICRPOY2
BEHM	HEI RAKAS	C	MICRPOY2
BEHM	KAIKEN ARVOINEN	C	MICRPOY2
BEHM	LUPAAN	C_O	MICRPOY2
BEHM	PÄÄSTÄ VARPAISIIN ver2	C_O	MICRPOY2
BEHM	SINÄ LÄHDET MINÄ JÄÄN	C_O	MICRPOY2
BEHM	SYNTYMÄPAIVÄ! (VIELÄ KRRAN JEE)	C_O	MICRPOY2
BEHM ft Olavi Uusivirta	VIIMEINEN TANSSI	C_O	MICRPOY2
Benjamin Enroth	SÄRKYNEET	C_O	MICRPOY2
Berit	PREERIAN KELTAINEN RUUSU	C	MICRPOY2
Berit	YSTÄVÄNI MUISTATHAN KARJALAN	C_O	MICRPOY2
BESS	AJATUSTENLUKIJA	C	MICRPOY2
BESS	RAM PAM PAM	C_O	MICRPOY2
BESS	SAMMUMATON	C	MICRPOY2
BESS ja Käärijä	KAISTAA	C_O	MICRPOY2
Bette Midler	FROM A DISTANCE	C	MICRPOY2
Beyonce	HALO	C	MICRPOY2
Beyonce	SORRY	C	MICRPOY2
Big Mountain	BABY I LOVE YOUR WAY	C	MICRPOY2
Bill Withers	AIN'T NO SUNSHINE	C	MICRPOY2
Billie Eilish	NO TIME TO DIE	C	MICRPOY2
Billy Idol	ADAM IN CHAINS	C	MICRPOY2
Billy Idol	BITTER TASTE	C	MICRPOY2
Billy Idol	BITTER TASTE (Acoustic ver) ver2	C_O	MICRPOY2
Billy Idol	CRADLE OF LOVE	C	MICRPOY2
Billy Idol	DANCING WITH MYSELF	C	MICRPOY2
Billy Idol	EYES WITHOUT A FACE	C	MICRPOY2
Billy Idol	FLESH FOR FANTASY	C	MICRPOY2
Billy Idol	JOHN WAYNE	C	MICRPOY2
Billy Idol	MONY MONY	C	MICRPOY2
Billy Idol	REBEL YELL	C	MICRPOY2
Billy Idol	SHOCK TO THE SYSTEM	C	MICRPOY2
Billy Idol	SPEED	C	MICRPOY2
Billy Idol	SWEET SIXTEEN	C	MICRPOY2
Billy Idol	WHITE WEDDING	C	MICRPOY2
Billy J Kramer & The Dakotas	BAD TO ME	C	MICRPOY2
Billy Joel	HONESTY	C	MICRPOY2
Billy Joel	JUST THE WAY YOU ARE	C	MICRPOY2
Billy Joel	PIANO MAN	C	MICRPOY2
Billy Ocean	CARIBBEAN QUEEN	C	MICRPOY2
Billy Ocean	SUDDENLY	C	MICRPOY2
Bing Crosby & The Andrews Sisters	GET YOUR KICKS ON ROUTE 66	C	MICRPOY2
Birgi	ME KAKSI	C	MICRPOY2
Birgi	OON SUN LÄHELLÄ	C	MICRPOY2
Black	WONDERFUL LIFE	C	MICRPOY2
Black Betty	RAM JAM	C	MICRPOY2
Black Sabbath	EVIL WOMAN	C	MICRPOY2
Black Sabbath	HEAVEN AND HELL	C	MICRPOY2
Black Sabbath	IRON MAN	C	MICRPOY2
Black Sabbath	NEON KNIGHTS	C	MICRPOY2
Black Sabbath	NIB	C	MICRPOY2
Black Sabbath	PARANOID	C	MICRPOY2
Black Sabbath	SNOWBLIND	C	MICRPOY2
Black Sabbath	SWEET LEAF	C	MICRPOY2
Black Sabbath	THE MOB RULES	C	MICRPOY2
Black Sabbath	WAR PIGS	C	MICRPOY2
Black Sabbath	ZERO THE HERO	C	MICRPOY2
Blink 182	STAY TOGETHER FOR THE KIDS	C	MICRPOY2
Blink 182	THE ROCK SHOW	C	MICRPOY2
Blondie	CALL ME	C	MICRPOY2
Blondie	HEART OF GLASS	C	MICRPOY2
Blondie	ONE WAY OR ANOTHER	C	MICRPOY2
Blood Sweat & Tears	SPINNING WHEEL	C	MICRPOY2
Blue Swede	HOOKED ON A FEELING	C	MICRPOY2
Blue Öyster Cult	BURNIN' FOR YOU	C	MICRPOY2
Blue Öyster Cult	DON'T FEAR THE REAPER	C	MICRPOY2
Blue Öyster Cult	GODZILLA	C	MICRPOY2
Bob Dylan	BLOWIN' IN THE WIND	C	MICRPOY2
Bob Dylan	ONE MORE CUP OF COFFEE	C	MICRPOY2
Bob Marley	COULD YOU BE LOVED	C	MICRPOY2
Bob Marley	IS THIS LOVE	C	MICRPOY2
Bob Marley	NO WOMAN NO CRY	C	MICRPOY2
Bob Marley	ONE LOVE	C	MICRPOY2
Bob Marley	TEDDY AFRO (ቴዲ አፍሮ) (amh)	C_U	MICRPOY2
Bob Seger & The Silver Bullet Band	NIGHT MOVES	C	MICRPOY2
Bob Seger & The Silver Bullet Band	OLD TIME ROCK & ROLL	C	MICRPOY2
Bob Seger & The Silver Bullet Band	STILL THE SAME	C	MICRPOY2
Bob Seger & The Silver Bullet Band	TILL IT SHINES	C	MICRPOY2
Bob Seger & The Silver Bullet Band	TURN THE PAGE	C	MICRPOY2
Bobby Yarsulik	MINECRAFT THE SONG	C	MICRPOY2
Bocart Co	PRINCESS	C_O	MICRPOY2
Bomfunk Kirkas	FREESTYLER LYÖ	C_O	MICRPOY2
Bon Jovi	BAD MEDICINE	C	MICRPOY2
Bon Jovi	BED OF ROSES	C	MICRPOY2
Bon Jovi	BORN TO BE MY BABY	C	MICRPOY2
Bon Jovi	EVERYDAY	C	MICRPOY2
Bon Jovi	IT'S MY LIFE	C	MICRPOY2
Bon Jovi	KEEP THE FAITH	C	MICRPOY2
Bon Jovi	LAY YOUR HANDS ON ME	C	MICRPOY2
Bon Jovi	LIVIN' ON A PRAYER	C	MICRPOY2
Bon Jovi	NEVER SAY GOODBYE	C	MICRPOY2
Bon Jovi	RUNAWAY	C	MICRPOY2
Bon Jovi	THIS AIN'T A LOVE SONG	C	MICRPOY2
Bon Jovi	WANTED DEAD OR ALIVE	C	MICRPOY2
Bon Jovi	YOU GIVE LOVA A BAD NAME	C	MICRPOY2
Boney M	DADDY COOL	C	MICRPOY2
Boney M	RIVERS OF BABYLON	C	MICRPOY2
Boney M	SUNNY	C	MICRPOY2
Bonnie Tyler	HOLDING OUT FOR A HERO	C	MICRPOY2
Bonnie Tyler	IT'S A HEARTACHE	C	MICRPOY2
Bonobo	WALK IN THE SKY	C	MICRPOY2
Bonobo ft Andreya Trianan	EYESDOWN	C	MICRPOY2
Bonobo ft Grey Reverend	THE FIRST FIRES	C	MICRPOY2
Boston	A MAN I'LL NEVER BE	C	MICRPOY2
Boston	MORE THAN A FEELING	C	MICRPOY2
Boston	PEACE OF MIND	C	MICRPOY2
Boyce Avenue	I WILL ALWAYS LOVE YOU	C	MICRPOY2
Boyzone	FATHER AND SON	C	MICRPOY2
Bread	EVERYTHING I OWN	C	MICRPOY2
Breaking Benjamin	FOREVER	C	MICRPOY2
Breaking Benjamin	RAIN	C	MICRPOY2
Brenda Lee	ALL ALONE AM I	C	MICRPOY2
Brenda Lee	JINGLE BELL ROCK	C	MICRPOY2
Brenda Lee	ROCKIN' AROUND THE CHRISTMAS TREE	C	MICRPOY2
Brian May	TOO MUCH LOVE WILL KILL YOU	C	MICRPOY2
Britney Spears	CRIMINAL	C	MICRPOY2
Broadcast	YOU BREAK MY HEART	C	MICRPOY2
Broadcast	YOU BREAK MY HEART ver2	C_O	MICRPOY2
Bronski Beat	SMALLTOWN BOY	C	MICRPOY2
Brooks & Dunn	LITTLE MISS HONKY TONK	C	MICRPOY2
Bruce Dickinson	MAN OF SORROWS	C	MICRPOY2
Bruce Dickinson	TEARS OF THE DRAGON	C	MICRPOY2
Bruce Springsteen	BORN TO RUN	C	MICRPOY2
Bruce Springsteen	DANCING IN THE DARK	C	MICRPOY2
Bruce Springsteen	GLORY DAYS	C	MICRPOY2
Bruce Springsteen	I'M ON FIRE	C	MICRPOY2
Bruce Springsteen	THE RIVER	C	MICRPOY2
Bruno Mars	TALKING TO THE MOON	C	MICRPOY2
Bruno Mars	WHEN I WAS YOUR MAN	C	MICRPOY2
Bryan Adams	(EVERYTHING I DO) I DO IT FOR YOU	C	MICRPOY2
Bryan Adams	HEAVEN	C	MICRPOY2
Bryan Adams	STRAIGHT FROM THE HEART	C	MICRPOY2
Bryan Adams	SUMMER OF '69	C	MICRPOY2
Bryan Adams	WE'RE GONNA WIN (Pelicans)	C_O	MICRPOY2
Buck Owens	I DON'T CARE (JUST AS LONG AS YOU LOVE ME)	C	MICRPOY2
Buddy Holly	OH BOY!	C	MICRPOY2
Bullet For My Valentine	HEARTS BURST INTO FIRE	C	MICRPOY2
Carly Rae Jepsen	CALL ME MAYBE	C	MICRPOY2
Carola	NOUSEE PÄIVÄ	C	MICRPOY2
Carola	RAKKAUDEN JÄLKEEN	C	MICRPOY2
Carola	RANSKALAISET KOROT	C	MICRPOY2
Carola & The Boys	MAAILMAIN (End Of The World)	C	MICRPOY2
Carpenters	THE END OF THE WORLD	C	MICRPOY2
Cascada	EVACUATE THE DANCEFLOOR	C	MICRPOY2
Cat Cat	AAMULLA VARHAIN	C	MICRPOY2
Cat Stevens	FATHER AND SON	C	MICRPOY2
Cat Stevens	LADY D'ARBANVILLE	C	MICRPOY2
Cat Stevens	MORNING HAS BROKEN	C	MICRPOY2
Cat Stevens	THE WIND	C	MICRPOY2
Cat Stevens	WIILD WORLD	C	MICRPOY2
Celine Dion ft The Bee Gees	IMMORTALITY	C	MICRPOY2
Chachi	CHERRY CAKE	C	MICRPOY2
Charles Plogman	KOSKETUS TUNTUU	C_O	MICRPOY2
Charlotta Saari	KUISKAUS NUKKUVALLE SYDÄMELLE	C	MICRPOY2
Charon	COLDER	C	MICRPOY2
Cheap Trick	I WANT YOU TO WANT ME	C	MICRPOY2
Cheek	VALOT SAMMUU	C	MICRPOY2
Cheek ft Jonne Aaron	ANNA MÄ MEEN	C	MICRPOY2
Cher	IF I COULD TURN BACK TIME	C	MICRPOY2
Chess	ONE NIGHT IN BANGKOK	C	MICRPOY2
Chic	LE FREAK	C	MICRPOY2
Chicago	HARD TO SAY I'M SORRY	C	MICRPOY2
Chicago	IF YOU LEAVE ME NOW	C	MICRPOY2
Children of Bodom	CHILDREN OF BODOM	C	MICRPOY2
Children of Bodom	NEEDLED 24 7	C	MICRPOY2
Children of Bodom	TOWARDS DEAD END	C	MICRPOY2
Children of Bodom	WARHEART	C	MICRPOY2
Chisu	FRANKENSTEIN	C	MICRPOY2
Chorale	ENKELIKELLO	C	MICRPOY2
Chorale	JOULUKSI KOTIIN	C	MICRPOY2
Chorale	SYDÄMEENI JOULUN TEEN	C	MICRPOY2
Chorale	SYLVIAN JOULULAULU	C	MICRPOY2
Chorale	SÄ ET OLE HULLU	C	MICRPOY2
Chorale	TAIVAS SYLISSÄNI	C	MICRPOY2
Chorale	TÄHTI TÄHDISTÄ KIRKKAIN	C	MICRPOY2
Chris de Burgh	THE LADY IN RED	C	MICRPOY2
Chris Isaak	BLUE HOTEL	C	MICRPOY2
Chris Isaak	WICKED GAME	C	MICRPOY2
Chris Rea	FOOL (IF YOU THINK IT'S OVER)	C	MICRPOY2
Chris Rea	JOSEPHINE	C	MICRPOY2
Chris Rea	ON THE BEACH	C	MICRPOY2
Chris Rea	THE BLUE CAFE	C	MICRPOY2
Chris Rea	THE ROAD TO HELL	C	MICRPOY2
Chris Stapleton & Justin Timberlake	TENNESSEE WHISKEY (Live)	C	MICRPOY2
Christie	IRON HORSE	C	MICRPOY2
Christie	SAN BERNADINO	C	MICRPOY2
Christie	YELLOW RIVER	C	MICRPOY2
Christina Aguilera	HURT	C	MICRPOY2
Christina Aguilera	NOT MYSELF TONIGHT	C	MICRPOY2
Christina Perri	A THOUSAND YEARS	C	MICRPOY2
Christina Perri	HUMAN	C	MICRPOY2
Christina Perri	JAR OF HEARTS	C	MICRPOY2
Christopher Cross	ARTHUR'S THEME (BEST THAT YOU CAN DO)	C	MICRPOY2
Chubby Checker	LET'S TWIST AGAIN	C	MICRPOY2
Chuck Berry	ROLL OVER BEETHOVEN	C	MICRPOY2
Chuck Berry	SWEET LITTLE SIXTEEN	C	MICRPOY2
Cinderella	DON'T KNOW WHAT YOU GOT	C	MICRPOY2
Cinderella	GYPSY ROAD	C	MICRPOY2
Cinderella	HEARTBREAK STATION	C	MICRPOY2
Cinderella	NOBODY'S FOOL	C	MICRPOY2
Cinderella	SHAKE ME	C	MICRPOY2
Cinderella	SOMEBODY SAVE ME	C	MICRPOY2
Cliff Richard	DANCING SHOES	C	MICRPOY2
Cliff Richard	I COULD EASILY FALL (IN LOVE WITH YOU)	C	MICRPOY2
Cliff Richard	POWER TO ALL OUR FRIEND	C	MICRPOY2
Cliff Richard	SEALED WITH A KISS	C	MICRPOY2
Cliff Richard	THE YOUNG ONES	C	MICRPOY2
CMX	KIROSÄKEET	C_O	MICRPOY2
CMX	MINUN SYDÄMENI ON SÄRKYNYT	C	MICRPOY2
CMX	PELASTA MAAILMA	C	MICRPOY2
CMX	RUOSTE	C	MICRPOY2
CMX	SAATANA	C	MICRPOY2
CMX	VALLAT JA VÄET	C	MICRPOY2
Coldplay	CLOCKS	C	MICRPOY2
Coldplay	FIX YOU	C	MICRPOY2
Coldplay	SPEED OF SOUND	C	MICRPOY2
Coldplay	THE HARDEST PART	C	MICRPOY2
Coldplay	THE SCIENTIST	C	MICRPOY2
Coldplay	VIVA LA VIDA	C	MICRPOY2
Coldplay	YELLOW	C	MICRPOY2
Collin Raye	LET IT BE ME	C	MICRPOY2
Costee	SUT TAHTOISIN	C	MICRPOY2
Costello Company	WE ARE THE KINGS (Ilves)	C_O	MICRPOY2
Costello Hautamäki	MIEHET	C_O	MICRPOY2
Costi	MAAILMAN YMPÄRI	C	MICRPOY2
Costi ft Juuna Chill	VAISTO	C	MICRPOY2
Cream	BADGE	C	MICRPOY2
Cream	CROSSROADS	C	MICRPOY2
Cream	STRANGE BREW	C	MICRPOY2
Cream	SUNSHINE OF YOUR LOVE	C	MICRPOY2
Cream	WHITE ROOM	C	MICRPOY2
Creed	HIGHER	C	MICRPOY2
Creed	WITH ARMS WIDE OPEN	C	MICRPOY2
Creedence Clearwater Revival (CCR)	BAD MOON RISING	C	MICRPOY2
Creedence Clearwater Revival (CCR)	COTTON FIELDS	C	MICRPOY2
Creedence Clearwater Revival (CCR)	DOWN ON THE CORNER	C	MICRPOY2
Creedence Clearwater Revival (CCR)	FORTUNATE SON	C	MICRPOY2
Creedence Clearwater Revival (CCR)	GREEN RIVER	C	MICRPOY2
Creedence Clearwater Revival (CCR)	HAVE YOU EVER SEEN THE RAIN	C	MICRPOY2
Creedence Clearwater Revival (CCR)	HEY TONIGHT	C	MICRPOY2
Creedence Clearwater Revival (CCR)	I PUT SPELL ON YOU	C	MICRPOY2
Creedence Clearwater Revival (CCR)	LODI	C	MICRPOY2
Creedence Clearwater Revival (CCR)	LONG AS I CAN SEE THE LIGHT	C	MICRPOY2
Creedence Clearwater Revival (CCR)	LOOKIN' OUT MY BACK DOOR	C	MICRPOY2
Creedence Clearwater Revival (CCR)	PROUD MARY	C	MICRPOY2
Creedence Clearwater Revival (CCR)	RUN THROUGH THE JUNGLE	C	MICRPOY2
Creedence Clearwater Revival (CCR)	SUSIE Q	C	MICRPOY2
Creedence Clearwater Revival (CCR)	THE MIDNIGHT SPECIAL	C	MICRPOY2
Creedence Clearwater Revival (CCR)	TRAVELIN' BAND	C	MICRPOY2
Creedence Clearwater Revival (CCR)	WHO'LL STOP THE RAIN	C	MICRPOY2
Crowded House	DON'T DREAM IT'S OVER	C	MICRPOY2
Culture Beat	MR VAIN	C	MICRPOY2
Culture Club	DO YOU REALLY WANT TO HURT ME	C	MICRPOY2
Culture Club	KARMA CHAMELEON	C	MICRPOY2
Culture Club	TIME (CLOCK OF THE HEART)	C	MICRPOY2
Cutting Crew	I JUST DIED IN YOUR ARMS	C	MICRPOY2
D_A_D	SLEEPING MY DAY AWAY	C	MICRPOY2
Daft Punk	GET LUCKY	C	MICRPOY2
Dallape	LENTÄVÄ HOLLANTILAINEN	C	MICRPOY2
Dallape	YÖ ALTAILLA	C	MICRPOY2
Damn Yankees	HIGH ENOUGH	C	MICRPOY2
Dan Hill	SOMETIMES WHEN WE TOUCH	C	MICRPOY2
Dani & Lizzy	DANCING IN THE SKY	C	MICRPOY2
Daniela Andrade	LA VIE EN ROSE (Eng) (Acoustic Ver)	C	MICRPOY2
Danny	AAVERATSASTAJAT	C	MICRPOY2
Danny	BABY	C_O	MICRPOY2
Danny	HILJAINEN KITARA	C	MICRPOY2
Danny	ISÄ	C	MICRPOY2
Danny	KESÄKATU	C	MICRPOY2
Danny	KOTIKATU	C_O	MICRPOY2
Danny	LAPSELLE	C_O	MICRPOY2
Danny	ON MERI TÄNÄÄN RAUHATON	C_O	MICRPOY2
Danny	PELKKÄÄ TULTA	C_O	MICRPOY2
Danny	SURUJEN KITARA	C	MICRPOY2
Danny	TUNTEMATON (EAST VIRGINIA)	C_O	MICRPOY2
Danny	TUULENSUOJAAN	C	MICRPOY2
Danny	TUULIVIIRI	C	MICRPOY2
Danny	TÄMÄ TAIVAS TÄMÄ MAA	C	MICRPOY2
Danny	VAIN LUNTA KAIKKIALLA	C_O	MICRPOY2
Danzig	MOTHER	C	MICRPOY2
Daryl Hall & John Oates	PRIVATE EYES	C	MICRPOY2
Daughtry	HOME	C	MICRPOY2
Dave Edmunds	I HEAR YOU KNOCKING	C	MICRPOY2
Dave Lindholm	ANNAN KITARAN LAULAA VAAN	C	MICRPOY2
David Bowie	AMSTERDAM	C	MICRPOY2
David Bowie	LADY STARDUST	C	MICRPOY2
David Bowie	LIFE ON MARS	C	MICRPOY2
David Bowie	MOONAGE DAYDREAM	C	MICRPOY2
David Bowie	ROCK'N' ROLL SUICIDE	C	MICRPOY2
David Bowie	SOUL LOVE	C	MICRPOY2
David Bowie	SPACE ODDITY	C	MICRPOY2
David Bowie	STARMAN	C	MICRPOY2
David Bowie	SUFFRAGETTE CITY	C	MICRPOY2
David Bowie	THE MAN WHO SOLD THE WORLD	C	MICRPOY2
David Bowie	TIME	C	MICRPOY2
David Bowie	ZIGGY STARDUST	C	MICRPOY2
David Guetta ft Sia	TITANIUM	C	MICRPOY2
David Lee Roth	CALIFORNIA GIRLS	C	MICRPOY2
David Lee Roth	JUST A GIGOLOI AIN'T GOT NOBODY	C	MICRPOY2
David Lee Roth	YANKEE ROSE	C	MICRPOY2
Dead Kennedys	CALIFORNIA UBER ALLES	C	MICRPOY2
Dead Kennedys	HOLIDAY IN CAMBODIA	C	MICRPOY2
Deana Carter	STRAWBERRY WINE	C	MICRPOY2
Debbie Davies	I'M SUCKER FOR LOVE	C_O	MICRPOY2
Deep Purple	BLACK NIGHT	C	MICRPOY2
Deep Purple	BURN	C	MICRPOY2
Deep Purple	CHILD IN TIME	C	MICRPOY2
Deep Purple	FIREBALL	C	MICRPOY2
Deep Purple	HIGHWAY STAR	C	MICRPOY2
Deep Purple	HUSH	C	MICRPOY2
Deep Purple	KENTUCKY WOMAN	C	MICRPOY2
Deep Purple	KNOCKING AT YOUR BACK DOOR	C	MICRPOY2
Deep Purple	MY WOMAN FROM TOKYO	C	MICRPOY2
Deep Purple	PERFECT STRANGERS	C	MICRPOY2
Deep Purple	SMOKE ON THE WATER	C	MICRPOY2
Deep Purple	SOLDIER OF FORTUNE	C	MICRPOY2
Deep Purple	SPACE TRUCKIN	C	MICRPOY2
Deep Purple	SPEED KING	C	MICRPOY2
Deep Purple	WHEN A BLIND MAN CRIES	C	MICRPOY2
Deep Purple	WOMAN FROM TOKYO	C	MICRPOY2
Def Leppard	ANIMAL	C	MICRPOY2
Def Leppard	ARMAGEDDON IT	C	MICRPOY2
Def Leppard	BRINGIN ON THE HEARTBREAK	C	MICRPOY2
Def Leppard	FOOLIN'	C	MICRPOY2
Def Leppard	HYSTERIA	C	MICRPOY2
Def Leppard	LET'S GET ROCKED	C	MICRPOY2
Def Leppard	LOVE BITES	C	MICRPOY2
Def Leppard	PHOTOGRAPH	C	MICRPOY2
Def Leppard	POUR SOME SUGAR ON ME	C	MICRPOY2
Def Leppard	PROMISES	C	MICRPOY2
Def Leppard	ROCK OF AGES	C	MICRPOY2
Def Leppard	ROCK! ROCK! (TILL YOU DROP)	C	MICRPOY2
Def Leppard	ROCKET	C	MICRPOY2
Def Leppard	TOO LATE FOR LOVE	C	MICRPOY2
Def Leppard	TWO STEPS BEHIND	C	MICRPOY2
Def Leppard	WHEN LOVE AND HATE COLLIDE	C	MICRPOY2
Def Leppard	WOMEN	C	MICRPOY2
Deftones	BACK TO SCHOOL	C	MICRPOY2
Deftones	CHANGE (IN THE HOUSE OF FLIES)	C	MICRPOY2
Deftones	DIGITAL BATH	C	MICRPOY2
Del Shannon	RUNAWAY	C	MICRPOY2
Delta Enigma	YOU & I	C_O	MICRPOY2
Depeche Mode	ENJOY THE SILENCE	C	MICRPOY2
Derek and The Dominoes	LAYLA	C	MICRPOY2
Diana Max	VIHREE MIES	C	MICRPOY2
Dick Brave and The Backbeats	TEENAGER IN LOVE	C	MICRPOY2
Dido	HERE WITH ME	C	MICRPOY2
Dimitri	ISÄSI SUN	C	MICRPOY2
Dingo	AUTIOTALO	C	MICRPOY2
Dingo	ELÄMÄNI SANKARI	C	MICRPOY2
Dingo	HÄMÄHÄKKIMIES	C_O	MICRPOY2
Dingo	JOKAINEN AAMU	C_O	MICRPOY2
Dingo	LEVOTON TUHKIMO	C	MICRPOY2
Dingo	PERJANTAI ver2	C_O	MICRPOY2
Dingo	PISTOOLISANKARI	C_O	MICRPOY2
Dingo	VALKOISET TIIKERIT	C_O	MICRPOY2
Dio	DON'T TALK TO STRANGERS	C	MICRPOY2
Dio	RAINBOW IN THE DARK	C	MICRPOY2
Dio	THE LAST IN LINE	C	MICRPOY2
Dion	THE WANDERER	C	MICRPOY2
Dionne Warwick	HEARTBREAKER	C	MICRPOY2
Dire Straits	BROTHERS IN ARMS	C	MICRPOY2
Dire Straits	HEAVY FUEL	C	MICRPOY2
Dire Straits	INDUSTRIAL DISEASE	C	MICRPOY2
Dire Straits	LADY WRITER	C	MICRPOY2
Dire Straits	MONEY FOR NOTHING	C	MICRPOY2
Dire Straits	MY PARTIES	C	MICRPOY2
Dire Straits	ONE WORLD	C	MICRPOY2
Dire Straits	RIDE ACROSS THE RIVER	C	MICRPOY2
Dire Straits	ROMEO AND JULIET	C	MICRPOY2
Dire Straits	SO FAR AWAY	C	MICRPOY2
Dire Straits	SULTANS OF SWING	C	MICRPOY2
Dire Straits	THE MANS TOO STRONG	C	MICRPOY2
Dire Straits	TUNNEL OF LOVE	C	MICRPOY2
Dire Straits	TWISTING BY THE POOL	C	MICRPOY2
Dire Straits	WALK OF LIFE	C	MICRPOY2
Dire Straits	WATER OF LOVE	C	MICRPOY2
Dire Straits	WHERE DO YOU THINK YOU'RE GOING	C	MICRPOY2
Dire Straits	WHY WORRY	C	MICRPOY2
Dire Straits	WILD WEST END	C	MICRPOY2
Dire Straits	YOUR LATEST TRICK	C	MICRPOY2
Disturbed	DOWN WITH THE SICKNESS	C	MICRPOY2
Disturbed	INSIDE THE FIRE	C	MICRPOY2
Disturbed	LAND OF CONFUSION	C	MICRPOY2
Disturbed	PRAYER	C	MICRPOY2
Disturbed	REMEMBER	C	MICRPOY2
Disturbed	STRICKEN	C	MICRPOY2
Disturbed	STUPIFY	C	MICRPOY2
Disturbed	THE NIGHT	C	MICRPOY2
Disturbed	THE SOUND OF SILENCE	C	MICRPOY2
Disturbed	VOICES	C	MICRPOY2
Divinyls	I TOUCH MYSELF	C	MICRPOY2
Dixie Chicks	COWBOY TAKE ME AWAY	C	MICRPOY2
Dixie Chicks	I HOPE	C	MICRPOY2
Dixie Chicks	THERE'S YOUR TROUBLE	C	MICRPOY2
Dixie Chicks	TRAVELLIN SOLDIER	C	MICRPOY2
Dixie Chicks	VOICE INSIDE MY HEAD	C	MICRPOY2
Dixie Chicks	WIDE OPEN SPACES	C	MICRPOY2
DJ Oku Luukkainen	ELLI MENTÄVÄ ON	C	MICRPOY2
Dokken	ALONE AGAIN	C	MICRPOY2
Dokken	BREAKING THE CHAINS	C	MICRPOY2
Dokken	DREAM WARRIORS	C	MICRPOY2
Dokken	IN MY DREAMS	C	MICRPOY2
Dokken	INTO THE FIRE	C	MICRPOY2
Dokken	IT'S NOT LOVE	C	MICRPOY2
Dokken	UNCHAIN THE NIGHT	C	MICRPOY2
Dominic Kirwan	THROUGH THE EYES OF AN IRISHMAN	C_O	MICRPOY2
Don Huonot	MUSTAT LINNUT	C	MICRPOY2
Don Huonot	PYHIMYS	C_O	MICRPOY2
Don Huonot	SEIREENI	C_O	MICRPOY2
Don Huonot	VEDÄ KÄTEEN	C_O	MICRPOY2
Don McLean	AMERICAN PIE	C	MICRPOY2
Don McLean	VINCENT	C	MICRPOY2
Dona Fagen	IGY (WHAT A BEAUTIFUL WORLD)	C	MICRPOY2
Donots	SACCHARINE SMILE	C	MICRPOY2
Doris Day	FLY ME TO THE MOON	C	MICRPOY2
Doro Pesch ft Tarja Turunen	WALKING WITH THE ANGELS	C_O	MICRPOY2
Dr Feelgood	BACK IN THE NIGHT	C	MICRPOY2
Dr Feelgood	DON'T YOU JUST KNOW	C	MICRPOY2
Dr Feelgood	DOWN AT THE DOCTORS	C	MICRPOY2
Dr Feelgood	GET YOUR KICKS ON ROUTE 66	C	MICRPOY2
Dr Feelgood	GOING BACK HOME	C	MICRPOY2
Dr Feelgood	MILK AND ALCOHOL	C	MICRPOY2
Dr Feelgood	ROUTE 66 (GET YOUR KICKS ON)	C	MICRPOY2
Dr Feelgood	ROXETTE	C	MICRPOY2
Dr Feelgood	SHE DOES IT RIGHT	C	MICRPOY2
Duffy	MERCY	C	MICRPOY2
Duffy	WARWICK AVENUE	C	MICRPOY2
Duran Duran	ORDINARY WORLD	C	MICRPOY2
Duran Duran	THE WILD BOYS	C	MICRPOY2
Dusty Springfield	YOU DON'T HAVE TO SAY YOU LOVE ME	C	MICRPOY2
Dwight Yoakam	CRAZY LITTLE THING CALLED LOVE	C	MICRPOY2
E type	ANGELS CRYING	C	MICRPOY2
Earth Wind & Fire	BOOGIE WONDERLAND	C	MICRPOY2
Earth Wind & Fire	LET'S GROOVE	C	MICRPOY2
Earth Wind & Fire	SEPTEMBER	C	MICRPOY2
Ed Sheeran	PERFECT	C	MICRPOY2
Ed Sheeran	SHAPE OF YOU	C	MICRPOY2
Eddie Cochran	SUMMERTIME BLUES	C	MICRPOY2
Edison Lighthouse	LOVE GROWS (WHERE MY ROSEMARY GOES)	C	MICRPOY2
Eero & Jussi Raittinen	KAUNIS NAINEN	C	MICRPOY2
Eero Aven	MELANCHOLY MAN (Yksinäinen mies)	C_O	MICRPOY2
Eero ja Jussi & The Boys	AAVE CADILLAC	C_O	MICRPOY2
Eero Raittinen	VANHA HOLVIKIRKKO	C	MICRPOY2
Eeva Leena Sariola	IHME JA KUMMA	C	MICRPOY2
Egotrippi	UNIHIEKKAA	C_O	MICRPOY2
Eija Kantola	MUODISSA	C_O	MICRPOY2
Eija Kantola	PULLO VIINIÄ KÄY	C_O	MICRPOY2
Eija Kantola	SATA SUUDELMAA	C	MICRPOY2
Eija Kantola	VESIPISAROIDEN LAULU	C	MICRPOY2
Eija Sinikka	KANSSASI SUN	C	MICRPOY2
Eila Pellinen	KULTAISET KORVARENKAAT	C	MICRPOY2
Eini	PIMEÄN JÄLKEEN	C_O	MICRPOY2
Eini	ÄLÄ PELKÄÄ MUA	C_O	MICRPOY2
Eini ja Portion Boys	TAIVAISIIN	C	MICRPOY2
Eino Grön	KENTIES	C	MICRPOY2
Eino Grön	KOHTALON TANGO	C	MICRPOY2
Eino Grön	MUSTALAISPRIMAS	C	MICRPOY2
Eino Grön	SAANHAN VIIMEISEN TANSSIN	C	MICRPOY2
Eino Grön	TANGO D'AMORE	C	MICRPOY2
Eino Grön	VIELÄ MÄ PALAAN	C_O	MICRPOY2
Elastinen ft Johanna Kurkela	OOTA MUA	C_O	MICRPOY2
Electric Eye	THE HELLION	C	MICRPOY2
Electric Light Orchestra (ELO)	ALL OVER THE WORLD	C	MICRPOY2
Electric Light Orchestra (ELO)	CALLING AMERICA	C	MICRPOY2
Electric Light Orchestra (ELO)	EVIL WOMAN	C	MICRPOY2
Electric Light Orchestra (ELO)	HOLD ON TIGHT	C	MICRPOY2
Electric Light Orchestra (ELO)	IT'S OVER	C	MICRPOY2
Electric Light Orchestra (ELO)	LAST TRAIN TO LONDON	C	MICRPOY2
Electric Light Orchestra (ELO)	LIVIN' THING	C	MICRPOY2
Electric Light Orchestra (ELO)	MR BLUE SKY	C	MICRPOY2
Electric Light Orchestra (ELO)	ROCKARIA	C	MICRPOY2
Electric Light Orchestra (ELO)	ROCK'N' ROLL IS KING	C	MICRPOY2
Electric Light Orchestra (ELO)	SHINE A LITTLE LOVE	C	MICRPOY2
Electric Light Orchestra (ELO)	STRANGE MAGIC	C	MICRPOY2
Electric Light Orchestra (ELO)	SWEET TALKIN' WOMAN	C	MICRPOY2
Electric Light Orchestra (ELO)	TELEPHONE LINE	C	MICRPOY2
Elias Kaskinen	MEIDÄN TÄSSÄ KUULUISI RAKASTUU	C	MICRPOY2
Elias Kaskinen	RAKASTUMISEN OIREET	C_O	MICRPOY2
Elias Kaskinen	VIIMEISET HÄÄT	C	MICRPOY2
Ella Fitzgerald	BLUE MOON	C	MICRPOY2
Ella Fitzgerald	LOVE FOR SALE	C	MICRPOY2
Ella Fitzgerald (The Beatles)	CAN'T BUY ME LOVE	C	MICRPOY2
Ella Taskinen	HUOPIKKAAT	C	MICRPOY2
Ellie Goulding	YOUR SONG	C	MICRPOY2
ELLIMEI	MUN IHMINEN	C	MICRPOY2
ELLIMEI	SUSTA LÖYSIN KODIN	C	MICRPOY2
Ellinoora	7 MINUUTTII	C	MICRPOY2
Ellinoora	AHDISTUKSEN AIKA	C	MICRPOY2
Ellinoora	AUTIOSAARI (Vain Elämää kausi 9)	C_O	MICRPOY2
Ellinoora	ELEFANTIN PAINO ver2	C_O	MICRPOY2
Ellinoora	FUNERAL SONG	C_O	MICRPOY2
Ellinoora	HEI HUOMINEN (Vain elämää kausi 14)	C	MICRPOY2
Ellinoora	KULTAINEN SUKUPOLVI	C	MICRPOY2
Ellinoora	MINÄ SUOJELEN SINUA	C	MICRPOY2
Ellinoora	NARTUT	C_O	MICRPOY2
Ellinoora	TÄLLÄ KADULLA	C_O	MICRPOY2
Ellinoora ft eetu	BÄNG BÄNG	C_O	MICRPOY2
Ellinoora ja Samuli Putro	OSUMA	C_O	MICRPOY2
Elonkerjuu	ELÄMÄNTULI	C_O	MICRPOY2
Elonkerjuu ft Vesku Jokinen	KOTKASYDÄN	C	MICRPOY2
Elton John	CAN YOU FEEL THE LOVE TONIGHT	C	MICRPOY2
Elton John	CROCODILE ROCK	C	MICRPOY2
Elton John	GOODBYE YELLOW BRICK ROAD	C	MICRPOY2
Elton John	I'M STILL STANDING	C	MICRPOY2
Elton John	ROCKET MAN	C	MICRPOY2
Elton John	SORRY SEEMS TO BE THE HARDEST WORD	C	MICRPOY2
Elton John	YOUR SONG	C	MICRPOY2
Elvis Costello & The Attractions	PUMP IT UP	C	MICRPOY2
Elvis Presley	ALWAYS ON MY MIND	C	MICRPOY2
Elvis Presley	ARE YOU LONESOME TONIGHT	C	MICRPOY2
Elvis Presley	BLUE CHRISTMAS	C	MICRPOY2
Elvis Presley	BURNING LOVE	C	MICRPOY2
Elvis Presley	CAN'T HELP FALLING IN LOVE	C	MICRPOY2
Elvis Presley	I'LL BE HOME FOR CHRISTMAS	C	MICRPOY2
Elvis Presley	LOVE ME TENDER	C	MICRPOY2
Elvis Presley	PEACE IN THE VALLEY	C	MICRPOY2
Elvis Presley	RETURN TO SENDER	C	MICRPOY2
Elvis Presley	SANTA CLAUS IS BACK IN TOWN	C	MICRPOY2
Elvis Presley	SILENT NIGHT	C	MICRPOY2
Elvis Presley	WHITE CHRISTMAS	C	MICRPOY2
Elvis Presley	WINTER WONDERLAND	C	MICRPOY2
Eläkeläiset	EHTOOPUOLELLA	C	MICRPOY2
Eläkeläiset	HULLUNA HUMPASTA	C	MICRPOY2
Eläkeläiset	HUMPPALÄHETYSTÖ	C	MICRPOY2
Eläkeläiset	HUMPPAVAMMANEN	C	MICRPOY2
Eläkeläiset	RATTOISA HUMPPA	C	MICRPOY2
Eläkeläiset	SIELUNI HUUTAA HUMPPAA	C	MICRPOY2
Eläkeläiset	VANHAN UKON HUMPPA	C	MICRPOY2
Eminem	HOUDINI	C	MICRPOY2
emma & matilda	AALTOIHIN UUPUNUT	C	MICRPOY2
emma & matilda	HUOLETON	C	MICRPOY2
emma & matilda	IKÄVÄ	C	MICRPOY2
emma & matilda	JOS MÄ OISIN REHELLINEN	C	MICRPOY2
emma & matilda	KEVÄINEN VALO	C	MICRPOY2
emma & matilda	LEVOTON TUHKIMO	C	MICRPOY2
emma & matilda	OLIVIA	C	MICRPOY2
emma & matilda	SISKO	C	MICRPOY2
emma & matilda	SUN TYTTÖ	C	MICRPOY2
emma & matilda	TOINEN VUOSI	C	MICRPOY2
emma & matilda	TRAGEDIA	C	MICRPOY2
emma & matilda	VIIMEISET HITAAT	C	MICRPOY2
Energia	ENSI KERTAA	C_O	MICRPOY2
Engelbert Humperdinck	A MAN WITHOUT LOVE	C	MICRPOY2
Engelbert Humperdinck	LOVE ME WITH ALL YOUR HEART	C	MICRPOY2
Engelbert Humperdinck	RELEASE ME	C	MICRPOY2
Engelbert Humperdinck	TEN GUITARS	C	MICRPOY2
England Dan	I'D REALLY LOVE TO SEE YOU TONIGHT	C	MICRPOY2
Ensiferum	MYRSKYLUODON MAIJA (METSÄMIEHEN LAULU)	C	MICRPOY2
Eppu Normaali	ALASTON MIES ALASTON NAINEN	C_O	MICRPOY2
Eppu Normaali	ARKUSSA VAINAAN	C_O	MICRPOY2
Eppu Normaali	ASUSTELAULU	C_O	MICRPOY2
Eppu Normaali	BAARIKÄRPÄNEN	C	MICRPOY2
Eppu Normaali	BALLADI KAIKEN TURHUUDESTA ver2	C_O	MICRPOY2
Eppu Normaali	DELIRIUM TREMENS	C_O	MICRPOY2
Eppu Normaali	ELÄMÄN TARKOITUS	C_O	MICRPOY2
Eppu Normaali	EN SAA MIELESTÄ SINUA	C_O	MICRPOY2
Eppu Normaali	HAISTAKOON VEEN	C_O	MICRPOY2
Eppu Normaali	HAUTAUSMAAROCK	C_O	MICRPOY2
Eppu Normaali	HIPIT RAUTAA	C_O	MICRPOY2
Eppu Normaali	JACKPOT	C_O	MICRPOY2
Eppu Normaali	JOHN FOGERTY	C_O	MICRPOY2
Eppu Normaali	JOKA PÄIVÄ JA JOKA IKINEN YÖ	C	MICRPOY2
Eppu Normaali	KAIKKI HÄIPYY ON VAIN NYT	C	MICRPOY2
Eppu Normaali	KITARA TAIVAS JA TÄHDET	C	MICRPOY2
Eppu Normaali	KULTAISTA SADETTA	C_O	MICRPOY2
Eppu Normaali	KUN OLET POISSA	C	MICRPOY2
Eppu Normaali	KUN OLET POISSA	C_O	MICRPOY2
Eppu Normaali	LAJINSA VIIMEINEN	C_O	MICRPOY2
Eppu Normaali	LENSIN MATALALLA 2	C_O	MICRPOY2
Eppu Normaali	MIES SOITTAA ROKKIA ver2	C_O	MICRPOY2
Eppu Normaali	MURHEELLISTEN LAULUJEN MAA	C	MICRPOY2
Eppu Normaali	NUORI POIKA	C_O	MICRPOY2
Eppu Normaali	NYT REPPU JUPISET RIIMISI RUPISET	C	MICRPOY2
Eppu Normaali	NÄINHÄN TÄÄLLÄ KÄY	C_O	MICRPOY2
Eppu Normaali	OLIN VAIN TUULI	C_O	MICRPOY2
Eppu Normaali	PANNAAN PANNAAN	C_O	MICRPOY2
Eppu Normaali	PIDETÄÄN IKÄVÄÄ	C_O	MICRPOY2
Eppu Normaali	POP POP POP	C_O	MICRPOY2
Eppu Normaali	PUHTOINEN LÄHIÖNI	C_O	MICRPOY2
Eppu Normaali	RINGO JA AKU	C_O	MICRPOY2
Eppu Normaali	ROADHOUSE BLUES (Live)	C_O	MICRPOY2
Eppu Normaali	TAHROJA PAPERILLA	C	MICRPOY2
Eppu Normaali	URHEILUHULLU	C_O	MICRPOY2
Eppu Normaali	VAHINGOSSA VAIN	C_O	MICRPOY2
Eppu Normaali	VALKOINEN KUPLA	C_O	MICRPOY2
Eppu Normaali	VANHA POIKA	C_O	MICRPOY2
Eppu Normaali	VIHREÄN JOEN RANNALLA ver2	C_O	MICRPOY2
Eppu Normaali	VOI KUINKA ME SINUA KAIVATAAN	C	MICRPOY2
Eppu Normaali	VUONNA 85	C_O	MICRPOY2
Erakossa	KESÄ AIKAA	C_O	MICRPOY2
Erakossa	NOLLAUS	C_O	MICRPOY2
Erasure	BREATH OF LIFE	C	MICRPOY2
Eri esittäjiä	MAAMME LAULU	C	MICRPOY2
Eri esittäjiä	OI KUUSIPUU	C	MICRPOY2
Eri esittäjiä	PIENET SAMMAKOT	C	MICRPOY2
Eri esittäjiä	PIIRI PIENI PYÖRII	C	MICRPOY2
Eric Clapton	AFTER MIDNIGHT	C	MICRPOY2
Eric Clapton	AUTUMN LEAVES	C	MICRPOY2
Eric Clapton	COCAINE	C	MICRPOY2
Eric Clapton	I SHOT THE SHERIFF	C	MICRPOY2
Eric Clapton	LAY DOWN SALLY	C	MICRPOY2
Eric Clapton	LAYLA	C	MICRPOY2
Eric Clapton	LAYLA (Live)	C	MICRPOY2
Eric Clapton	MY FATHER'S EYES	C	MICRPOY2
Eric Clapton	TEARS IN HEAVEN	C	MICRPOY2
Eric Clapton	WONDERFUL TONIGHT	C	MICRPOY2
Erika Vikman	CICCIOLINA	C	MICRPOY2
Erika Vikman	ICH KOMME	C	MICRPOY2
Erkki Junkkarinen	KUUSAMOON HUMPPA	C_O	MICRPOY2
Erkki Junkkarinen	RUUSUJA HOPEAMALJASSA	C	MICRPOY2
Erkki Liikanen	KOLMEN KONSTIN TIMPERMANNI ver2	C_O	MICRPOY2
Ernos	EI HÄTÄÄ	C_O	MICRPOY2
Ernos	ELÄMÄLTÄ HALUA EN ENEMPÄÄ (OBLADI OBLADA)	C_O	MICRPOY2
Ernos	MARIA LOUIZA	C_O	MICRPOY2
Eros Ramazzotti	COSE DELLA VITA	C_U	MICRPOY2
Eros Ramazzotti	LA COSA MAS BELLA (ita)	C_U	MICRPOY2
Eros Ramazzotti	PIU BELLA COSA	C_U	MICRPOY2
Esa Eloranta	POIKA JULMAN MAAN	C	MICRPOY2
Esko Rahkonen	KOTISEUTU POHJOLASSA	C	MICRPOY2
Esko Rahkonen	NIIN MÄ TEEN	C	MICRPOY2
Esko Rahkonen	ÄÄNISEN AALLOT	C	MICRPOY2
Etta	MILLION DOLLAR SMILE	C	MICRPOY2
Etta	PRINSESSA	C	MICRPOY2
Etta	VIIKONLOPPUFAIJOI	C	MICRPOY2
Etta Jones	BYE BYE BLACKBIRD	C	MICRPOY2
Eurooppa 3	UITETTU KISSANPENTU ver2	C_O	MICRPOY2
Eurooppa 3	ÄLÄ UNOHDA MINUA ver2	C_O	MICRPOY2
Europe	CARRIE	C	MICRPOY2
Europe	CHEROKEE	C	MICRPOY2
Europe	OPEN YOUR HEART	C	MICRPOY2
Europe	THE FINAL COUNTDOWN	C	MICRPOY2
Eurythmics	SWEET DREAMS (ARE MADE OF THIS)	C	MICRPOY2
Eurythmics	THORN IN MY SIDE	C	MICRPOY2
Eurythmics	WHO'S THAT GIRL	C	MICRPOY2
Evanescence	GOING UNDER	C	MICRPOY2
Evanescence	MY IMMORTAL	C	MICRPOY2
Eve	AAVIKON RUOSKA ver2.1	C_O	MICRPOY2
Eve	ALASTON KAUPUNKI ver2	C_O	MICRPOY2
Eve	HUUDA MUA	C_O	MICRPOY2
Eve	INTIAANI ver2	C_O	MICRPOY2
Eve	KAHLEETON	C_O	MICRPOY2
Eve	KALLION KATUVALOT	C_O	MICRPOY2
Eve	LIEKKI	C_O	MICRPOY2
Eve	LÖYTÖTAVARAA	C_O	MICRPOY2
Eve	ODOTA	C_O	MICRPOY2
Eve	RANKKASATEESSA ver2	C_O	MICRPOY2
Eve	THELMA & LOUIS	C_O	MICRPOY2
Evelina	KYLMII VÄREITÄ	C_O	MICRPOY2
Evelina	TORNADO	C	MICRPOY2
Express	ANNA ANNA ver2	C_O	MICRPOY2
Extreme	MORE THAN WORDS	C	MICRPOY2
Faija	MILLA MAGIA	C	MICRPOY2
Faith No More	EASY	C	MICRPOY2
Faith No More	EVIDENCE	C	MICRPOY2
Fastball	THE WAY	C	MICRPOY2
Finlanders	SHEMEIKKA	C_O	MICRPOY2
Finntrio	TUULELTA VASTAUKSEN SAAN	C	MICRPOY2
Five Finger Death Punch	THANKS FOR ASKING	C	MICRPOY2
Five Finger Death Punch	WRONG SIDE OF HEAVEN	C	MICRPOY2
Flashbacksliders	LET'S GO ROCKIN' TO NIGHT	C_O	MICRPOY2
Fleetwood Mac	DREAMS	C	MICRPOY2
Fleetwood Mac	LITTLE LIES	C	MICRPOY2
Fleetwood Mac	RIHANNON	C	MICRPOY2
Fool's Garden	LEMON TREE	C	MICRPOY2
Foreigner	DIRTY WHITE BOY	C	MICRPOY2
Foreigner	DOUBLE VISION	C	MICRPOY2
Foreigner	I WANT TO KNOW WHAT LOVE IS	C	MICRPOY2
Foreigner	WAITING FOR A GIRL LIKE YOU	C	MICRPOY2
FR David	WORDS	C	MICRPOY2
Francine	GOODBYE FOREVER ver2.1	C_O	MICRPOY2
Francine	YOU WANNA HAVE IT ALL	C_O	MICRPOY2
Frank Sinatra	FLY ME TO THE MOON (live)	C	MICRPOY2
Frank Sinatra	IT WAS A VERY GOOD YEAR	C	MICRPOY2
Frank Sinatra	LOVE AND MARRIAGE	C	MICRPOY2
Frank Sinatra	MY WAY	C	MICRPOY2
Frank Sinatra	NEW YORK NEW YORK	C	MICRPOY2
Frank Sinatra	STRANGERS IN THE NIGHT	C	MICRPOY2
Frankie Goes To Hollywood	THE POWER OF LOVE	C	MICRPOY2
Frankie Valli	GREASE	C	MICRPOY2
Franz Ferdinand	THIS FIRE	C	MICRPOY2
Frederik	AIKAA VIELÄ ON	C_O	MICRPOY2
Frederik	HAFANANA	C	MICRPOY2
Frederik	JOS JOTAIN YRITTÄÄ (HARVA MEISTÄ ON RAUTAA)	C	MICRPOY2
Frederik	KERRAN VAIN SE RIIPAISEE	C_O	MICRPOY2
Frederik	LINDA LINDA	C	MICRPOY2
Frederik	LÄHELLÄ MUTTA SILTI KAUKANA	C_O	MICRPOY2
Frederik	PETTÄVÄ NAINEN	C_O	MICRPOY2
Frederik	SANNA SANNA (BELLA BELLA)	C_O	MICRPOY2
Frederik	SANO ETTÄ PIDÄT MUSTA	C_O	MICRPOY2
Frederik	TAIVAAN VÄRIT	C_O	MICRPOY2
Frederik	TAKA TAKATA	C	MICRPOY2
Frederik	TITANIC	C	MICRPOY2
Frederik	TSINGIS KHAN	C	MICRPOY2
Frederik	TULIN NÄIN JA VOITIN	C_O	MICRPOY2
Frederik	VAIHDA JO TYYLISI ver2	C_O	MICRPOY2
Frederik	VOLGA	C	MICRPOY2
Fredi	KAIKKI TIETÄÄ SEN	C_O	MICRPOY2
Fredi	PIENI NUKKE	C	MICRPOY2
Fredi	PUHU HILJAA RAKKAUDESTA	C	MICRPOY2
Fredi	RAKKAUSTARINA	C	MICRPOY2
Fredi	YKSIN OON TIETENKIN	C	MICRPOY2
Free	ALL RIGHT NOW	C	MICRPOY2
Free	WISHING WELL	C	MICRPOY2
Freeman	AJETAAN TANDEMILLA	C	MICRPOY2
Freeman	KAKSI LENSI YLI KÄENPESÄN	C	MICRPOY2
Freeman	KÄYNTIKORTTI	C_O	MICRPOY2
Freud Marx Engels & Jung	AVIOERO	C	MICRPOY2
Freud Marx Engels & Jung	EN KOSKAAN MENE SÄNKYYN TYHJÄN PULLON KANSSA	C	MICRPOY2
Freud Marx Engels & Jung	JALOVIINAA	C	MICRPOY2
Freud Marx Engels & Jung	MYSTINEN METSÄTYÖMIES	C_O	MICRPOY2
Freud Marx Engels & Jung	NATTASIA KATSOMASSA ELI PEKUULIJENKKA TWIST	C_O	MICRPOY2
Gary Allan	RUNAWAY	C	MICRPOY2
Gary Hoey	BACK UP AGAINST THE WALL	C_O	MICRPOY2
Gary Hoey	BOOTMILL BLUES	C_O	MICRPOY2
Gary Jules ft Riverdale	MAD WORLD	C	MICRPOY2
Gary Moore	EMPTY ROOMS	C	MICRPOY2
Gary Moore	MIDNIGHT BLUES	C	MICRPOY2
Gary Moore	ONE DAY	C	MICRPOY2
Gary Moore	OVER THE HILLS AND FAR AWAY	C	MICRPOY2
Gary Moore	PRISIENNE WALKWAYS	C	MICRPOY2
Gary Moore	STILL GOT THE BLUES	C	MICRPOY2
Gary Moore & Phil Lynott	OUT IN THE FIELDS	C	MICRPOY2
Gary Puckett & The Union Gap	YOUNG GIRL	C	MICRPOY2
Gasellit	ZEN	C_O	MICRPOY2
Gazebo	I LIKE CHOPIN	C	MICRPOY2
Gene Pitney	SOMETHING'S GOTTEN HOLD OF MY HEART	C	MICRPOY2
Gene Vincent	BE BOB A LULA	C	MICRPOY2
Genesis	HOME BY THE SEA	C	MICRPOY2
Genesis	LAND OF CONFUSION	C	MICRPOY2
Genesis	MAMA	C	MICRPOY2
Georg Malmsten	ILTAPILVIÄ	C_O	MICRPOY2
Georg Malmsten	KAARINA	C_O	MICRPOY2
Georg Malmsten	MUISTELO	C	MICRPOY2
Georg Malmsten	VALKEA SISAR	C	MICRPOY2
Georg Ots	METSÄKUKKIA	C	MICRPOY2
Georg Ots	MOSKOVAN VALOT	C	MICRPOY2
Georg Ots	MUUTTUVAT LAULUT	C	MICRPOY2
George Baker Selection	LITTLE GREEN BAG	C	MICRPOY2
George Baker Selection	UNA PALOMA BLANCA	C	MICRPOY2
George Harrison	GOT MY MIND SET ON YOU	C	MICRPOY2
George Harrison	MY SWEET LORD	C	MICRPOY2
George Michael	CARELESS WHISPER	C	MICRPOY2
George Strait	ALL MY EX'S LIVE IN TEXAS	C	MICRPOY2
Gerry Ratterty	RIGHT DOWN THE LINE	C	MICRPOY2
Gettomasa	SE OIS OLLU SIIN	C	MICRPOY2
Gettomasa	SILMÄT	C	MICRPOY2
Gettomasa ft Lauri Haav	RANTATONTTI	C	MICRPOY2
GG Caravan	JUOKSULAULU	C_O	MICRPOY2
Ghost	CALL ME LITTLE SUNSHINE	C_O	MICRPOY2
Ghost	DANCE MACABRE	C	MICRPOY2
Ghost	IT'S A SIN	C	MICRPOY2
Gilbert O'Sullivan	ALONE AGAIN NATURALLY	C	MICRPOY2
Gilbert O'Sullivan	GET DOWN	C	MICRPOY2
Glee	OVER THE RAINBOW	C	MICRPOY2
Gloria Gaynor	I WILL SURVIVE	C	MICRPOY2
Gloryhammer	MAGIC DRAGON	C	MICRPOY2
Gloryhammer	SILENT TEARS OF FROZEN PRINCESS	C	MICRPOY2
Go Go's	WE GOT THE BEAT	C	MICRPOY2
Godsmack	I STAND ALONE	C	MICRPOY2
Godsmack	KEEP AWAY	C	MICRPOY2
Godsmack	SPEAK	C	MICRPOY2
Godsmack	STRAIGHT OUT OF LINE	C	MICRPOY2
Godsmack	WHATEVER	C	MICRPOY2
Golden Earring	RADAR LOVE	C	MICRPOY2
Gonal Thunder	PÄIVYSTÄN LÄPI YÖN	C	MICRPOY2
Good Charlotte	GIRLS & BOYS	C	MICRPOY2
Good Charlotte	I JUST WANNA LIVE	C	MICRPOY2
Gordon Haskell	HOW WONDERFUL YOU ARE	C	MICRPOY2
Gotye ft Kimbra	SOMEBODY THAT I USED TO KNOW (Duet)	C	MICRPOY2
Great White	DESERT MOON	C_O	MICRPOY2
Great White	ONCE BITTEN TWICE SHY	C	MICRPOY2
Great White	ROCK ME	C	MICRPOY2
Great White	ROLLIN' STONED	C	MICRPOY2
Great White	SAVE YOUR LOVE	C	MICRPOY2
Green Day	BASKET CASE	C	MICRPOY2
Green Day	BOULEVARD OF BROKEN DREAMS	C	MICRPOY2
Green Day	HOLIDAY	C	MICRPOY2
Green Day	LONGVIEW	C	MICRPOY2
Green Day	WAKE ME UP WHEN SEPTEMBER ENDS	C	MICRPOY2
Greger	HÄN ON NIIN KAUNIS	C_O	MICRPOY2
Greger	VIELÄ MUMMUNAKIN SEN MUISTAT	C_O	MICRPOY2
Guitar Slingers	BABY IT'S ALRIGHT	C_O	MICRPOY2
Guitar Slingers	BAD CASE OF LOVING YOU	C_O	MICRPOY2
Guitar Slingers	LIKE A DOG FOR THE BONE	C_O	MICRPOY2
Guns N' Roses	BACK OFF BITCH	C	MICRPOY2
Guns N' Roses	CIVIL WAR	C	MICRPOY2
Guns N' Roses	DON'T CRY	C	MICRPOY2
Guns N' Roses	KNOCKIN' ON HEAVEN'S DOOR	C	MICRPOY2
Guns N' Roses	LIVE AND LET DIE	C	MICRPOY2
Guns N' Roses	MR BROWNSTONE	C	MICRPOY2
Guns N' Roses	MY MICHELLE	C	MICRPOY2
Guns N' Roses	NOVEMBER RAIN	C	MICRPOY2
Guns N' Roses	PARADISE CITY	C	MICRPOY2
Guns N' Roses	PATIENCE	C	MICRPOY2
Guns N' Roses	SINCE I DON'T HAVE YOU	C	MICRPOY2
Guns N' Roses	SWEET CHILD O'MINE	C	MICRPOY2
Guns N' Roses	USED TO LOVE HER	C	MICRPOY2
Guns N' Roses	WELCOME TO THE JUNGLE	C	MICRPOY2
Guns N' Roses	YOU COULD BE MINE	C	MICRPOY2
Haddaway	WHAT IS LOVE	C	MICRPOY2
Haloo Helsinki!	GARDENIA	C	MICRPOY2
Haloo Helsinki!	KAIKKII PÄÄTTYY KYYNELIIN	C	MICRPOY2
Haloo Helsinki!	LADY DOMINA	C_O	MICRPOY2
Haloo Helsinki!	PIILOTAN MUN KYYNELEET	C	MICRPOY2
Haloo Helsinki!	RAKASTA MUA NYT	C	MICRPOY2
Haloo Helsinki!	REIVILUOLA	C_O	MICRPOY2
Haloo Helsinki!	VOIKO ENKELITKIN EKSYÄ	C	MICRPOY2
Haloo Helsinki! ft Cantores Minores	JOULUN KANSSAS JAAN	C	MICRPOY2
Halsey	SORRY	C	MICRPOY2
Hank Williams Sr	HEY GOOD LOOKIN <==	C	MICRPOY2
Hank Williams Sr	YOUR CHEATIN HEART	C	MICRPOY2
Hanna Pakarinen	LEAVE ME ALONE	C	MICRPOY2
Hanna Pakarinen	MIEHET	C_O	MICRPOY2
Hanoi Rocks	A DAY LATE A DOLLAR SHORT	C	MICRPOY2
Hanoi Rocks	BOULEVARD OF BROKEN DREAMS	C	MICRPOY2
Hanoi Rocks	DON'T YOU EVER LEAVE ME	C	MICRPOY2
Hanoi Rocks	UP AROUND THE BEND	C	MICRPOY2
Happoradio	CHE GUEVARA	C_O	MICRPOY2
Happoradio	HIRSIPUU	C_O	MICRPOY2
Happoradio	PUHU ÄÄNELLÄ JONKA KUULEN	C_O	MICRPOY2
Harmony Sisters	KODIN KYNTTILÄT	C	MICRPOY2
Harpo	MOVIESTAR	C	MICRPOY2
Harri Kuokkanen	VALKOINEN RUUSU	C	MICRPOY2
Harri Marstio	KALPEAAKIN KALPEEMPAA	C_O	MICRPOY2
Harri Marstio	MÄ SUA SÄ MUA	C_O	MICRPOY2
Harri Marstio	ROMANY VIOLIN	C_O	MICRPOY2
Harry Nilsson	WITHOUT YOU	C	MICRPOY2
Harry Styles	AS IT WAS	C	MICRPOY2
Hassisen Kone	KULKURIN ILTAKALJA	C_O	MICRPOY2
Hassisen Kone	LEVOTTOMAT JALAT	C_O	MICRPOY2
Hassisen Kone	OIKEUS ON VOITTANUT TAAS	C_O	MICRPOY2
Hassisen Kone	RAPPIOLLA	C	MICRPOY2
Hassisen Kone	SYÖKSYLASKIJOITA KAIKKI TYYNNI	C_O	MICRPOY2
Hassisen Kone	TÄLLÄ TIELLÄ ver2	C_O	MICRPOY2
Haukka	KUKAAN EI USKALLA TIETÄÄ	C_O	MICRPOY2
Hausmylly	IKÄVÄ LOKAKUU (taustalaululla)	C_O	MICRPOY2
Hausmylly	JOS	C	MICRPOY2
Hausmylly	MAAILMAN REUNALLA	C	MICRPOY2
Hausmylly ft Janne Hurme	AURINKO	C	MICRPOY2
Hector	AKE MAKE PERA JA MÄ	C	MICRPOY2
Hector	EI MITTÄÄN (TYÖTTÖMÄN ARKIVIISU)	C	MICRPOY2
Hector	EI SELITYKSIÄ	C_O	MICRPOY2
Hector	HERRA MIRANDOS	C_O	MICRPOY2
Hector	JATKUVUUS ver2	C_O	MICRPOY2
Hector	JUODAAN VIINAA	C	MICRPOY2
Hector	KADONNEET LAPSET	C_O	MICRPOY2
Hector	KUUNNELLAAN VAAN TAIVASTA	C	MICRPOY2
Hector	LASIKEVÄT SURULLINEN LIISA	C_O	MICRPOY2
Hector	LUMI TEKI ENKELIN ETEISEEN	C	MICRPOY2
Hector	MANDOLIINIMIES	C	MICRPOY2
Hector	PERJANTAI ON MIELESSÄIN (Friday On My Mind)	C_O	MICRPOY2
Hector	SARJAKUVAROCK	C_O	MICRPOY2
Hector	TUNTEMATON SOTILAS	C_O	MICRPOY2
Hector	YKSINÄINEN TINASOTAMIES	C_O	MICRPOY2
Heidi Kyrö	SYKSY	C	MICRPOY2
Heidi Pakarinen	TANSSIJA	C_O	MICRPOY2
Heikki Aarva	TUULELLA EI OLE YSTÄVÄÄ	C	MICRPOY2
Heikki Hela	YLI KYNNYSTEN	C	MICRPOY2
Heikki Mustonen	ROUTAINEN MAA	C	MICRPOY2
Heikki Silvennoinen	IM GONNA CHANGE MY LIFE	C_O	MICRPOY2
helmi marleena	HIUKSILLA	C	MICRPOY2
helmi marleena	KOTIVIDEOISSA	C	MICRPOY2
helmi marleena	RAKKAALLENI	C	MICRPOY2
helmi marleena	SAMANLAINEN	C	MICRPOY2
helmi marleena ft Asla Jo	SYNTYMÄMERKIT	C	MICRPOY2
Henry Theel	KÖYHÄ LAULAJA	C	MICRPOY2
Henry Theel	LILJANKUKKA	C	MICRPOY2
Henry Theel	RANTATIE	C	MICRPOY2
Henry Theel	TULE HILJAA	C	MICRPOY2
Herman's Hermits	HERMAN'S HERMITS (medley 3 songs)	C	MICRPOY2
Herman's Hermits	NO MILK TODAY	C	MICRPOY2
Hero	CHAD KROEGER FT JOSEY SCOTT	C	MICRPOY2
HesaÄijä ft Mäkki	SAUNA LÄMPEE	C	MICRPOY2
HIM	BLEED WELL	C	MICRPOY2
HIM	BURIED ALIVE BY LOVE	C	MICRPOY2
HIM	GONE WITH THE SIN	C	MICRPOY2
HIM	HEAVEN TONIGHT	C	MICRPOY2
HIM	I WILL BE THE END OF YOU	C	MICRPOY2
HIM	IN JOY AND SORROW	C	MICRPOY2
HIM	INTO THE NIGHT	C	MICRPOY2
HIM	JOIN ME IN DEATH	C	MICRPOY2
HIM	KILLING LONELINESS	C	MICRPOY2
HIM	LOSE YOU TONIGHT	C	MICRPOY2
HIM	LOVE WITHOUT TEARS	C	MICRPOY2
HIM	ODE TO SOLITUDE	C	MICRPOY2
HIM	PASSION'S KILLING FLOOR	C	MICRPOY2
HIM	POISON GIRL	C	MICRPOY2
HIM	PRETENDING	C	MICRPOY2
HIM	RIGHT HERE IN MY ARMS	C	MICRPOY2
HIM	TEARS ON TAPE	C	MICRPOY2
HIM	THE SACRAMENT	C	MICRPOY2
HIM	VAMPIRE HEART	C	MICRPOY2
HIM	WHEN LOVE AND DEATH EMBRACE	C	MICRPOY2
HIM	WICKED GAME	C	MICRPOY2
HIM	WINGS OF A BUTTERFLY	C	MICRPOY2
HIM	YOUR SWEET 666	C	MICRPOY2
Hiski Salomaa	LÄNNEN LOKARI	C	MICRPOY2
Hollywood Vampires	WHOLE LOTTA LOVE	C	MICRPOY2
Hortto Kaalo	MIKSI OVET EI AUKENE MEILLE	C	MICRPOY2
Hot Chocolate	YOU SEXY THING	C	MICRPOY2
Hullujussi	HULLU KITARA	C_O	MICRPOY2
Hurriganes	BOURBON STREET ver2	C_O	MICRPOY2
Hurriganes	FIND A LADY	C_O	MICRPOY2
Hurriganes	GET ON	C	MICRPOY2
Hurriganes	HOT WHEELS	C_O	MICRPOY2
Hurriganes	I WILL STAY	C	MICRPOY2
Hurriganes	LETS GO ROCKIN TO NIGHT ver2	C_O	MICRPOY2
Hurriganes	MY ONLY ONE	C	MICRPOY2
Hurriganes	RED HOUSE ver2	C_O	MICRPOY2
Hurriganes	SHANANDOAH	C_O	MICRPOY2
Ibrahim Tatlises	USTA (tur)	C_U	MICRPOY2
Ida Paul & Kalle Lindroth	PLANEETAT	C_O	MICRPOY2
Ida Paul & Kalle Lindroth	VUONNA NOLLA	C	MICRPOY2
Ides Of March	VEHICLE	C	MICRPOY2
Iisa	JOS SE SATTUU	C	MICRPOY2
Ikirouta	POLTETUT SILLAT	C_O	MICRPOY2
Ilkka Alanko	JOLUN TÄHTIVAIVAAN ALLA	C	MICRPOY2
Ilkka Alanko	KESÄ MEIDÄN	C	MICRPOY2
Ilkka Alanko	KULLANHUUHTOJA	C	MICRPOY2
Ilkka Alanko	ON	C	MICRPOY2
Ilkka Alanko (Laura Närhi Cover)	TÄMÄ ON TOTTA	C	MICRPOY2
Ilkka Alanko (Mikael Gagriel)	MÄ EN TIEDÄ MITÄÄN	C	MICRPOY2
Ilkka Alanko Orchestra	UUSI AIKA	C	MICRPOY2
Ilkka Hemming	OLEN KULKENUT VAIKEAN TIEN	C	MICRPOY2
Ilta	20_30	C	MICRPOY2
Ilta	EN MIETI SUA	C	MICRPOY2
Ilta	JOKAISEN HYMYN TAKANA	C	MICRPOY2
Ilta	KIIRE	C	MICRPOY2
Ilta	KUMPI SATTUU ENEMMÄN	C	MICRPOY2
Ilta	SE MENEE HYVIN TAI SE MENEE OHI	C	MICRPOY2
Ilta	TAIVAS MAAN PÄÄLLÄ	C	MICRPOY2
Ilta	TAIVAS MAAN PÄÄLLÄ ver2	C_O	MICRPOY2
Ilta	TÄSSÄ TALOSSA	C	MICRPOY2
Inner Circle	BAD BOYS	C	MICRPOY2
Irene Cara	FLASHDANCE WHAT A FEELING	C	MICRPOY2
Irina	HALUUN OLLA YKSIN	C	MICRPOY2
Irina	HILJAISUUS	C	MICRPOY2
Irina	KUURUPIILOA	C_O	MICRPOY2
Irina ft Maija Vilkkumaa	KUNNON SYY	C_O	MICRPOY2
Iron Maiden	ACES HIGH	C	MICRPOY2
Iron Maiden	CAN I PLAY WITH MADNESS	C	MICRPOY2
Iron Maiden	FEAR OF THE DARK	C	MICRPOY2
Iron Maiden	HALLOWED BE THY NAME	C	MICRPOY2
Iron Maiden	HOLY SMOKE	C	MICRPOY2
Iron Maiden	INFINITE DREAMS	C	MICRPOY2
Iron Maiden	IRON MAIDEN (Live)	C	MICRPOY2
Iron Maiden	PHANTOM OF THE OPERA	C	MICRPOY2
Iron Maiden	RUN TO THE HILLS	C	MICRPOY2
Iron Maiden	THE CLAIRVOYANT	C	MICRPOY2
Iron Maiden	THE EVIL THAT MEN DO	C	MICRPOY2
Iron Maiden	THE NUMBER OF THE BEAST	C	MICRPOY2
Iron Maiden	THE TROOPER	C	MICRPOY2
Iron Maiden	WASTED YEARS	C	MICRPOY2
Iron Maiden	WRATHCHILD	C	MICRPOY2
Irwin Goodman	EI TIPPA TAPA	C	MICRPOY2
Irwin Goodman	ELÄMÄNI PELURI	C_O	MICRPOY2
Irwin Goodman	ENNEN OLI MAAILMA MIESTEN	C_O	MICRPOY2
Irwin Goodman	HENKIPATTO	C_O	MICRPOY2
Irwin Goodman	HÄRMÄLÄINEN PERUSJUNTTI	C_O	MICRPOY2
Irwin Goodman	KOHTUUS KAIKESSA	C	MICRPOY2
Irwin Goodman	KUSESSA OLLAAN	C_O	MICRPOY2
Irwin Goodman	LAS PALMAS	C	MICRPOY2
Irwin Goodman	MAAILMA ON KAUNIS	C	MICRPOY2
Irwin Goodman	MENI RAHAHOMMAT PIELEEN	C_O	MICRPOY2
Irwin Goodman	MUTAKUONO JA LAKUPELLE	C_O	MICRPOY2
Irwin Goodman	ON SUOMI KIINNI	C_O	MICRPOY2
Irwin Goodman	PUNAPORTIN BLUES	C_O	MICRPOY2
Irwin Goodman	RENTUN RUUSU	C	MICRPOY2
Irwin Goodman	SEN KUNNIAKSI	C_O	MICRPOY2
Irwin Goodman	SEPALUS AUKI	C	MICRPOY2
Irwin Goodman	ST PAULI JA REEBERBAHN	C	MICRPOY2
Irwin Goodman	VANHA JUOPPO	C_O	MICRPOY2
Irwin Goodman	VIIMEINEN LAULU ver2	C_O	MICRPOY2
Irwin Goodman	ÄITI ÄITI	C_O	MICRPOY2
IrwinG EsaP & UrhoK Big Boom Band	SAATANAN TUNARIT	C	MICRPOY2
Isac Elliot	AI ETTÄ	C	MICRPOY2
Isac Elliot & Mirella	PALAMAAN	C	MICRPOY2
Ismo Alanko	KRIISISTÄ KRIISIIN	C	MICRPOY2
Ismo Alanko	KUN SUOMI PUTOS PUUSTA	C_O	MICRPOY2
Ismo Alanko	PUUPÄÄ	C	MICRPOY2
Ismo Alanko	TAITEILIJAELÄMÄÄ	C_O	MICRPOY2
Israel Kamakawiwo'ole	SOMEWHERE OVER THE RAINBOW	C	MICRPOY2
Isto Hiltunen	SAAVATKO HE JOSKUS TOISENSA	C	MICRPOY2
Isto Hiltunen	SADE	C_O	MICRPOY2
Isto Hiltunen	VAAHTERANLEHTI	C	MICRPOY2
Isto Hiltunen	VIE TERVEISET NAISELLENI	C_O	MICRPOY2
Izmir Özel	10 YIL MARŞI (tur)	C_U	MICRPOY2
J Karjalainen	AVARUUDEN IKKUNA	C_O	MICRPOY2
J Karjalainen	HÖLMÖ NUORI SYDÄN	C_O	MICRPOY2
J Karjalainen	KOLME COWBOYTA	C	MICRPOY2
J Karjalainen	KOLME COWBOYTA	C_O	MICRPOY2
J Karjalainen	LAULUMIES	C_O	MICRPOY2
J Karjalainen	MENNYT MIES	C	MICRPOY2
J Karjalainen	MERENNEITONI JA MINÄ	C_O	MICRPOY2
J Karjalainen	MISSÄ SE VÄINÖ ON	C_O	MICRPOY2
J Karjalainen	MÄ TAHDON OLLA LÄHELLÄ SINUA	C_O	MICRPOY2
J Karjalainen	OI MIKÄ IHANA ILTA	C_O	MICRPOY2
J Karjalainen	OULU WISCONSIN	C_O	MICRPOY2
J Karjalainen	ROCK'N ROLL MIES	C_O	MICRPOY2
J Karjalainen	SANKARIT	C	MICRPOY2
J Karjalainen	SEKAISIN	C_O	MICRPOY2
J Karjalainen	TUMMANSININEN SEURALAINEN	C_O	MICRPOY2
Jaakko Teppo	HILMA JA ONNI	C	MICRPOY2
Jaakko Teppo	PAMELA	C	MICRPOY2
Jack Jones	THE LOVE BOAT	C	MICRPOY2
Jackson Browne	REDNECK FRIEND	C	MICRPOY2
Jackson Browne	THE ROAD AND THE SKY	C_O	MICRPOY2
James Reyne	MOTORS TOO FAST	C	MICRPOY2
James Vincent McMarrow (Acoustic ver)	WICKED GAME	C	MICRPOY2
Jamie Lancaster	ALL YOU NEED IS LOVE (Jazz)	C	MICRPOY2
Jamiroquai	VIRTUAL INSANITY	C	MICRPOY2
Jamppa Tuominen	AIKA HAAVAT PARANTAA	C	MICRPOY2
Jamppa Tuominen	ELÄMÄNI PARHAINTA AIKAA	C	MICRPOY2
Jamppa Tuominen	EN HYVÄSTELLYT SUA	C	MICRPOY2
Jamppa Tuominen	KERRO KUISKATEN TUNTEESI	C	MICRPOY2
Jamppa Tuominen	KUIN LIEKKI TUULESSA	C_O	MICRPOY2
Jamppa Tuominen	KUUMAT KYYNELEET	C	MICRPOY2
Jamppa Tuominen	MEREN RANNALLA	C	MICRPOY2
Jamppa Tuominen	OLE AINA SELLAINEN	C	MICRPOY2
Jamppa Tuominen	OMASI OLLA TAHTOISIN	C	MICRPOY2
Jamppa Tuominen	SUA MINÄ ODOTAN	C	MICRPOY2
Jamppa Tuominen	VIIMEINEN HEINÄKUU	C	MICRPOY2
Jamppa Tuominen	YÖN HILJAISUUDESSA	C	MICRPOY2
Jamppa Tuominen	YÖN KUKKA	C	MICRPOY2
Jamppa Tuominen	YÖN SYLIIN	C	MICRPOY2
Jane Child	DON'T WANNA FALL IN LOVE	C	MICRPOY2
Jani Wickholm	KAVERI	C_O	MICRPOY2
Jani Wickholm	TULKOON JOULU	C	MICRPOY2
Janis Joplin	CRY CRY BABY	C	MICRPOY2
Janis Joplin	ME AND BOBBY MCGEE	C	MICRPOY2
Janis Joplin	MERCEDES BENZ	C	MICRPOY2
Janis Joplin	PIECE OF MY HEART	C	MICRPOY2
Janna	SÄ ET OLE HULLU	C	MICRPOY2
Janna	TÄMÄN TAIVAAN ALLA (Kotiteollisuus Vain elämää kausi 14)	C_O	MICRPOY2
Janna ja Tuure Kilpeläinen	SATEET	C_O	MICRPOY2
Janne Hurme	KULKIJA (Vandraren) ver2	C_O	MICRPOY2
Janne Hurme	SAATEEN JÄLKEEN	C_O	MICRPOY2
Janne Hurme	SUUTTUMAAN	C	MICRPOY2
Janne Tulkki	HIEKKATIE JA PIHAPOLKU	C_O	MICRPOY2
Janne Tulkki	KULKURIN KUU	C	MICRPOY2
Janne Tulkki	LUMIKENTTIEN KUTSU	C_O	MICRPOY2
Janne Tulkki	SINISEN TAIVAAN SATEENKAARI	C	MICRPOY2
Janne Tulkki	TULVII POHJANMAA	C	MICRPOY2
Jannika B	HUOMENNA ON KAIKKI PAREMMIN	C	MICRPOY2
Jannika B	HYMYTYTTÖ	C	MICRPOY2
Jannika B	PYYNTÖ (Vain elämää kausi 11)	C	MICRPOY2
Jannika B	VALOT PIMEYKSIEN REUNOILLA (Vain elämää kausi 11)	C	MICRPOY2
Jari Hellman	JÄÄ MULLE MUISTOT	C	MICRPOY2
Jari Lappalainen	OVI AUKI ON	C_O	MICRPOY2
Jari Sillanpää	AURINGONNOUSU	C	MICRPOY2
Jari Sillanpää	EI HUOLTA	C_O	MICRPOY2
Jari Sillanpää	KADUILLA TUULEE	C	MICRPOY2
Jari Sillanpää	KUN HÄMÄRTÄÄ	C	MICRPOY2
Jari Sillanpää	OON KUKA OON	C_O	MICRPOY2
Jari Sillanpää	OOT TÄYDELLINEN	C	MICRPOY2
Jari Sillanpää	PARIISI HELSINKI	C	MICRPOY2
Jari Sillanpää	SATULINNA	C	MICRPOY2
Jari Sillanpää	TAHDOIN TAIKKA EN	C	MICRPOY2
Jari Sillanpää	TÄHDET TIETÄVÄT SEN	C	MICRPOY2
Jarkko Ahola	(SÄ SAAT MUT) KYYNELIIN	C_O	MICRPOY2
Jarkko Honkanen	LAPIN TAIKA	C	MICRPOY2
Jarkko Honkanen	ONKO SYLIS VIELÄ LÄMPÖINEN	C	MICRPOY2
Jarkko Honkanen	SILMÄT ON SIELUN PEILI	C	MICRPOY2
Jarkko Honkanen	TUU JO TUULI	C	MICRPOY2
Jarkko Honkanen	VUODEN JOKAISEN	C	MICRPOY2
Jarkko ja Laura	KÄYMME YHDESSÄ AIN	C	MICRPOY2
Jarmo Tuomi	ON VIHDOINKIN PERJANTAI	C	MICRPOY2
Jarno Sarjanen	TAKSIKUSKI	C_O	MICRPOY2
Jaska Mäkynen	ALLA ETELÄN TAIVAAN	C	MICRPOY2
Jason Donovan's	SEALED WITH A KISS	C	MICRPOY2
Jean Sibelius	FINLANDIA	C	MICRPOY2
Jeff Beck	HI HO SILVER LINING	C	MICRPOY2
Jeff Williams ft Casey Lee Williams	HOME	C	MICRPOY2
Jeff Williams ft Casey Lee Williams	LET'S JUST LIVE	C	MICRPOY2
Jeff Williams ft Casey Lee Williams	WINGS	C	MICRPOY2
Jefferson Airplane	SOMEBODY TO LOVE	C	MICRPOY2
Jefferson Airplane	WHITE RABBIT	C	MICRPOY2
Jenni Vartiainen	EDEN	C_O	MICRPOY2
Jenni Vartiainen	IHMISTEN EDESSÄ	C	MICRPOY2
Jenni Vartiainen	MADE IN HEAVEN	C_O	MICRPOY2
Jenni Vartiainen	MALJA	C_O	MICRPOY2
Jerry Lee Lewis	GREAT BALLS OF FIRE	C	MICRPOY2
Jethro Tull	AQUALUNG	C	MICRPOY2
Jethro Tull	CROSS EYED MARY	C	MICRPOY2
Jethro Tull	LIVING IN THE PAST	C	MICRPOY2
Jethro Tull	LOCOMOTIVE BREATH	C	MICRPOY2
Jethro Tull	THICK AS A BRICK	C	MICRPOY2
Jig-saw	UJO POIKA	C_O	MICRPOY2
Jimi Hendrix	ALL ALONG THE WATCHTOWER	C	MICRPOY2
Jimi Hendrix	HEY JOE	C	MICRPOY2
Jimi Hendrix	PURPLE HAZE	C	MICRPOY2
Jippu & Samuli Edelmann	JOS SÄ TAHDOT NIIN	C	MICRPOY2
Joan Jett & The Blackhearts	BAD REPUTATION	C	MICRPOY2
Joan Jett & The Blackhearts	DO YOU WANNA TOUCH ME (OH YEAH)	C	MICRPOY2
Joan Jett & The Blackhearts	FAKE FRIENDS	C	MICRPOY2
Joan Jett & The Blackhearts	I HATE MYSELF FOR LOVING YOU	C	MICRPOY2
Joan Jett & The Blackhearts	I LOVE ROCK'N ROLL	C	MICRPOY2
Joan Jett & The Blackhearts	LIGHT OF DAY	C	MICRPOY2
Joan Osborne	ONE OF US	C	MICRPOY2
Joel Hallikainen	KUURANKUKKA	C	MICRPOY2
Joel Hallikainen	LÄHTEVIEN LAIVOJEN SATAMA	C	MICRPOY2
Johanna Kurkela	EHKÄ ENSI ELÄMÄSSÄ	C	MICRPOY2
Johanna Kurkela	SUN SÄRKYÄ ANNA MÄ EN	C	MICRPOY2
Johanna Pakonen	KULTAREUNAT	C	MICRPOY2
Johanna Pakonen	YÖT ILLAT ELOKUUN	C_O	MICRPOY2
John Cafferty	ON THE DARK SIDE	C	MICRPOY2
John Denver	ANNIE'S SONG	C	MICRPOY2
John Denver	TAKE ME HOME COUNTRY ROADS	C	MICRPOY2
John Farnham	YOU'RE THE VOICE	C	MICRPOY2
John Lee Hooker	BOOM BOOM	C	MICRPOY2
John Legend	ALL OF ME	C	MICRPOY2
John Legend	ALL OF ME (Reggae Covers)	C	MICRPOY2
John Lennon	HAPPY XMAS (WAR IS OVER)	C	MICRPOY2
John Lennon	IMAGINE	C	MICRPOY2
John Lennon	STAND BY ME	C	MICRPOY2
John Lennon	WOMAN	C	MICRPOY2
John Mayer	CALL ME THE BREEZE	C	MICRPOY2
John Mellencamp	I SAW MOMMY KISSING SANTA CLAUS	C	MICRPOY2
Johnny	HYMYHUULET	C	MICRPOY2
Johnny	TOSIYSTÄVÄ	C_O	MICRPOY2
Johnny & The Dodgers	VIITOSTIE	C_O	MICRPOY2
Johnny Cash	FOLSOM PRISON BLUES	C	MICRPOY2
Johnny Cash	GHOST RIDERS IN THE SKY	C	MICRPOY2
Johnny Cash	HURT	C	MICRPOY2
Johnny Cash	I WALK THE LINE	C	MICRPOY2
Johnny Cash	ONE	C	MICRPOY2
Johnny Cash	RING OF FIRE	C	MICRPOY2
Johnny Cash	SOLITARY MAN	C	MICRPOY2
Johnny Cash	SUNDAY MORNING COMING DOWN	C	MICRPOY2
Johnny Cash	THE GENERAL LEE	C	MICRPOY2
Johnny Kidd & The Pirates	SHAKIN' ALL OVER	C	MICRPOY2
Johnny Logan	WHAT'S ANOTHER YEAR	C	MICRPOY2
Johnny Rivers	SECRET AGENT MAN	C	MICRPOY2
Johnny Tillotson	POETRY IN MOTION	C	MICRPOY2
Johny Cash	MAN IN BLACK	C	MICRPOY2
Jon Bon Jovi	BLAZE OF GLORY	C	MICRPOY2
Jonna Tervomaa	RAKKAUDEN HAUDALLA	C	MICRPOY2
Jope Ruonansuu	ENKELEITÄ TOISILLEMME	C	MICRPOY2
Jope Ruonansuu	KAUKO	C_O	MICRPOY2
Jope Ruonansuu	KUKA KEKSI KARPPAUKSEN	C	MICRPOY2
Jope Ruonansuu	OMENAN KOKOINEN DIAPAM	C_O	MICRPOY2
Jope Ruonansuu	PONUTEHTAAN JENKKA ver2.1	C_O	MICRPOY2
Jope Ruonansuu	TONTTU JA ENKELI	C	MICRPOY2
Jorma Kääriäinen & Agents	EMIGRANTIN LAULU	C_O	MICRPOY2
Jorma Kääriäinen & Agents	JOKERI	C_O	MICRPOY2
Jorma Kääriäinen & Agents	KAUPUNGIN ILLASSA YKSIN ver2	C_O	MICRPOY2
Jorma Kääriäinen & Agents	OLEN SYYTÖN	C_O	MICRPOY2
Jorma Kääriäinen & Agents	UHKAPELURI	C_O	MICRPOY2
Jorma Kääriäinen & Agents	UNOHTUMATON ILTA	C	MICRPOY2
Jorma Kääriäinen & Jussi & The Boys	TAKAA AJATUSTEN VIRRAN	C_O	MICRPOY2
Jorma Lintala	EREHDYS	C	MICRPOY2
Josén Pimeä Puoli	MARTY MCFLY	C_O	MICRPOY2
Josh Turner	YOUR MAN	C	MICRPOY2
Jouko ja Kosti	MUISTO VAIN JÄÄ	C	MICRPOY2
Jouko ja Kosti	SISÄINEN KAUNEUS	C_O	MICRPOY2
Jouni Apajainen	ERI VUOROON	C_O	MICRPOY2
Jouni Apajainen	SUVI SULOINEN	C_O	MICRPOY2
Journey	ANY WAY YOU WANT IT	C	MICRPOY2
Journey	ASK THE LONELY	C	MICRPOY2
Journey	BE GOOD TO YOURSELF	C	MICRPOY2
Journey	DON'T STOP BELIEVIN'	C	MICRPOY2
Journey	FAITHFULLY	C	MICRPOY2
Journey	LIGHTS	C	MICRPOY2
Journey	LOVIN' TOUCHIN' SQUEEZIN'	C	MICRPOY2
Journey	OPEN ARMS	C	MICRPOY2
Journey	SEND HER MY LOVE	C	MICRPOY2
Journey	SEPARATE WAYS (WORLDS APART)	C	MICRPOY2
Journey	STILL THEY RIDE	C	MICRPOY2
Journey	STONE IN LOVE	C	MICRPOY2
Journey	WHEEL IN THE SKY	C	MICRPOY2
Journey	WHO'S CRYING NOW	C	MICRPOY2
Joy Division	LOVE WILL TEAR US APART	C	MICRPOY2
JP Harris	WHEN I QUIT DRINKING	C_O	MICRPOY2
Juanes	A DIOS LE PIDO	C_U	MICRPOY2
Juanes	LA CAMISA NEGRA (spa)	C_U	MICRPOY2
Jubël	ON THE BEACH (remix)	C	MICRPOY2
Judas Priest	BREAKING THE LAW	C	MICRPOY2
Judas Priest	DIAMONDS AND RUST	C	MICRPOY2
Judas Priest	ELECTRIC EYE	C	MICRPOY2
Judas Priest	HEADING OUT TO THE HIGHWAY	C	MICRPOY2
Judas Priest	HELL BENT FOR LEATHER	C	MICRPOY2
Judas Priest	JOHNNY B GOODE	C	MICRPOY2
Judas Priest	LIVING AFTER MIDNIGHT	C	MICRPOY2
Judas Priest	LIVING AFTER MIDNIGHT (Live)	C	MICRPOY2
Judas Priest	REVOLUTION	C	MICRPOY2
Judas Priest	SCREAMING FOR VENGEANCE	C	MICRPOY2
Judas Priest	THE GREEN MANALISHI WITH THE TWO PRONGED CROWN	C	MICRPOY2
Judas Priest	TURBO LOVER	C	MICRPOY2
Judas Priest	YOU'VE GOT ANOTHER THING COMIN'	C	MICRPOY2
Juha Hilden	KAUKAINEN MAA	C	MICRPOY2
Juha Tapio	COPACABANA JA IPANEMA	C	MICRPOY2
Juha Tapio	JOHN	C_O	MICRPOY2
Juha Tapio	JOTAIN NIIN OIKEAA	C_O	MICRPOY2
Juha Tapio	JOULUYÖ JUHLAYÖ	C	MICRPOY2
Juha Tapio	KAKSI PUUTA	C	MICRPOY2
Juha Tapio	KOSKA SINÄ	C	MICRPOY2
Juha Tapio	MINÄ OLEN SINÄ OLET	C	MICRPOY2
Juha Tapio	MITÄ SILMÄT EI NÄÄ	C	MICRPOY2
Juha Tapio	PERHOSEFEKTI	C_O	MICRPOY2
Juha Tapio	PÄIVÄNI ILMAN SINUA	C	MICRPOY2
Juha Tapio	TSNEH (TYKKÄÄN SUSTA NIIN ETTÄ HALKEEN)	C	MICRPOY2
Juha Tapio	VARPUNEN JOULUAAMUNA	C	MICRPOY2
Juha Vainio	AINA MIELESSÄ (Pahojen Poikien Laulut K18)	C	MICRPOY2
Juha Vainio	JUHANNUSTANSSIT	C	MICRPOY2
Juha Vainio	KALLE KUSTAA (Pahojen Poikien Laulut K18)	C	MICRPOY2
Juha Vainio	KAUHEA KANKKUNEN	C	MICRPOY2
Juha Vainio	KERSANTTI (Pahojen Poikien Laulut K18)	C	MICRPOY2
Juha Vainio	KOTKAN POIKII ILMAN SIIPII	C	MICRPOY2
Juha Vainio	KUMI ROOPE (Pahojen Poikien Laulut K18)	C	MICRPOY2
Juha Vainio	LAIHIAN KEIKKA	C	MICRPOY2
Juha Vainio	LEHTIMIEHEN MORAALI (Pahojen Poikien Laulut K18)	C	MICRPOY2
Juha Vainio	MÄ EN MUISTA MITÄÄN	C_O	MICRPOY2
Juha Vainio	NOUSEE LASKEE (Pahojen Poikien Laulut K18)	C	MICRPOY2
Juha Vainio	PILLUROCK (Pahojen Poikien Laulut K18)	C	MICRPOY2
Juha Vainio	SAARNAMIES HÄSSIKÄINEN	C	MICRPOY2
Juha Vainio	SANNA	C	MICRPOY2
Juha Vainio	VANHOJA POIKIA VIIKSEKKÄITÄ	C	MICRPOY2
Juhamatti	KYYHKYNEN (La Paloma)	C	MICRPOY2
Juhana Haukkala	MARKKINA-ARVO	C	MICRPOY2
Juhana Haukkala	PILLIPIIPARI	C	MICRPOY2
Juhani Hakopuro	ETSIN	C	MICRPOY2
Juhani Hakopuro	ISOVELI	C	MICRPOY2
Juice & Mikko	KLOVNI HEITTÄÄ VEIVIN ver2.3	C_O	MICRPOY2
Juice Leskinen	3.30	C_O	MICRPOY2
Juice Leskinen	DEEP SEA DIVER (Syvänmerensukeltaja)	C_O	MICRPOY2
Juice Leskinen	DOKUMENTTI ver2	C_O	MICRPOY2
Juice Leskinen	EESTI (ON MY MIND)	C	MICRPOY2
Juice Leskinen	EKSÄ PESE SITÄ KOSKAAN	C_O	MICRPOY2
Juice Leskinen	EN OO KÄYNY IRLANNISSA	C_O	MICRPOY2
Juice Leskinen	HAITARIBUSSI	C_O	MICRPOY2
Juice Leskinen	HEINOLASSA JYRÄÄ	C	MICRPOY2
Juice Leskinen	IISALMEN DISCOSSA	C_O	MICRPOY2
Juice Leskinen	ISOISÄN HINTTIPUSSI	C_O	MICRPOY2
Juice Leskinen	JYRKI BOY	C	MICRPOY2
Juice Leskinen	KONE	C_O	MICRPOY2
Juice Leskinen	KUOPIO TANSSII JA SOI ver2	C_O	MICRPOY2
Juice Leskinen	KUUMAA TUHKAA	C	MICRPOY2
Juice Leskinen	LUONAS KAI OLLA SAAN	C_O	MICRPOY2
Juice Leskinen	LÖYLY LÖI	C_O	MICRPOY2
Juice Leskinen	MENE KOTIIN	C_O	MICRPOY2
Juice Leskinen	MIDAS	C_O	MICRPOY2
Juice Leskinen	MIES JOKA RAKASTAA ITSEÄÄN	C_O	MICRPOY2
Juice Leskinen	MIMOSAN HIPIÄ	C	MICRPOY2
Juice Leskinen	MUSTA AURINKO NOUSEE	C	MICRPOY2
Juice Leskinen	NORJALAINEN VILLAPAITA	C	MICRPOY2
Juice Leskinen	ODYSSEUS ver2	C_O	MICRPOY2
Juice Leskinen	OLIPA KERRAN	C_O	MICRPOY2
Juice Leskinen	OLLAAN IHMISIKSI ver2.1	C_O	MICRPOY2
Juice Leskinen	OULUNKYLÄ ÅGGELBY	C_O	MICRPOY2
Juice Leskinen	OUTOON VALOON	C_O	MICRPOY2
Juice Leskinen	PANOMIES	C_O	MICRPOY2
Juice Leskinen	PAPERITÄHDET	C	MICRPOY2
Juice Leskinen	PIENESTÄ PITÄEN	C_O	MICRPOY2
Juice Leskinen	PIRU VIE	C_O	MICRPOY2
Juice Leskinen	PUHELINPYLVÄÄN HENKINEN ELÄMÄ ver2	C_O	MICRPOY2
Juice Leskinen	PYHÄ TOIMITUS	C_O	MICRPOY2
Juice Leskinen	RAKKAUDEN AMMATTILAINEN	C	MICRPOY2
Juice Leskinen	SINIRISTILOPPUMME	C_O	MICRPOY2
Juice Leskinen	TAIVAAN TUULIIN	C_O	MICRPOY2
Juice Leskinen	VALSSAAJA KONEPAJALLA	C_O	MICRPOY2
Juice Leskinen	VIIDESTOISTA YÖ	C	MICRPOY2
Juice Leskinen	VOI JOSPA JOSTAIN	C	MICRPOY2
Juice Leskinen	YÖLENTO	C_O	MICRPOY2
Jukka Kuoppamäki	KULTAA TAIKKA KUNNIAA	C	MICRPOY2
Jukka Kuoppamäki	SININEN JA VALKOINEN	C	MICRPOY2
Jukka Lampela	CIAO AMICI CIAO	C	MICRPOY2
Jukka Raitanen	KERRAN SAAVUN TAKAISIN	C	MICRPOY2
Jukka Raitanen	KUKA ON VIATON	C	MICRPOY2
Jukka Raitanen	KULKURIN KITARA	C	MICRPOY2
Jukka Raitanen	LIIAN KAUKANA	C_O	MICRPOY2
Jukka Raitanen	ON KYYNELEET TURHIA	C_O	MICRPOY2
Juliet Jonesin Sydän	HELPPO ELÄMÄ	C_O	MICRPOY2
Juliet Jonesin Sydän	PERJANTAI ILTA	C_O	MICRPOY2
Jussi Raittinen	VALTATIE 66 (Route 66)	C	MICRPOY2
Justimusfilms	SAUNALAULU	C	MICRPOY2
Justin Bieber	SORRY	C	MICRPOY2
JVG	JÄÄPÄHÄN	C_O	MICRPOY2
JVG	REHELLISESTI	C_O	MICRPOY2
Kaarlo Kytö ja Parlophon Orkesteri	SUURSAARI	C_O	MICRPOY2
Kaartin Soittokunta	MAAMME	C	MICRPOY2
Kai Hyttinen	DIRLANDA	C	MICRPOY2
Kai Hyttinen	KURKI	C	MICRPOY2
Kaija Koo	KUKA KEKSI RAKKAUDEN	C	MICRPOY2
Kaija Koo	MIKÄÄN EI RIITÄ	C	MICRPOY2
Kaija Koo	MUN SYDÄN	C	MICRPOY2
Kaija Koo	NIIN KAUNIS ON HILJAISUUS	C	MICRPOY2
Kaija Koo	VEDET VIRTAILEE	C_O	MICRPOY2
Kaija Koo & Isac Elliot	LATU ON AUKI	C_O	MICRPOY2
Kaija Lustila	SELLAISET SILMÄT	C	MICRPOY2
Kaija Pohjola	TUOL ON MUN KULTANI	C	MICRPOY2
Kaikkien aikojen lastenlaulut	TAO TAO	C	MICRPOY2
KAJ	BARA BADA BASTU	C_O	MICRPOY2
Kake Randelin	HYVÄ  JYTÄ HARASOO	C_O	MICRPOY2
Kake Randelin	KESÄKSI KOTIIN	C_O	MICRPOY2
Kake Randelin	KIRJE KOTIIN	C	MICRPOY2
Kake Randelin	KUIN JOUTSENLAULU	C	MICRPOY2
Kake Randelin	NEITONEN	C	MICRPOY2
Kake Randelin	PÄIVI HEI ver2	C_O	MICRPOY2
Kake Randelin	ÄSSÄHAI	C_O	MICRPOY2
Kake Singers	NORSUJA NAPAJÄÄLLÄ	C_O	MICRPOY2
Kake Singers	OLLAAN KAHDEN LÄLLÄLLÄÄ	C_O	MICRPOY2
Kalle Fält Band	SAARI	C_O	MICRPOY2
Kalle Päätalo	LOOTUSASENTOON	C_O	MICRPOY2
Kansas	CARRY ON WAYWARD SON	C	MICRPOY2
Kansas	DUST IN THE WIND	C	MICRPOY2
Kari Kuuva	GO GO SYLVI	C_O	MICRPOY2
Kari Kuuva	RUPSAHDA RAUHASSA RAKKAANI	C	MICRPOY2
Kari Kuuva	TANGO PELARGONIA	C	MICRPOY2
Kari Peitsamo	KAUPPAOPISTON NAISET	C	MICRPOY2
Kari Tapio	AAVERATSASTAJAT	C	MICRPOY2
Kari Tapio	ATLANTIS	C_O	MICRPOY2
Kari Tapio	EI EKSY TAIVAAN LINTUKAAN	C_O	MICRPOY2
Kari Tapio	EXTRAPALLO	C_O	MICRPOY2
Kari Tapio	HEINILLÄ HÄRKIEN KAUKALON	C	MICRPOY2
Kari Tapio	JOULU ENSIMMÄINEN	C	MICRPOY2
Kari Tapio	JOULUN TARINA	C	MICRPOY2
Kari Tapio	KELLOT SOI	C	MICRPOY2
Kari Tapio	KESÄ KUUSKYTVIIS	C	MICRPOY2
Kari Tapio	KORTIT NÄÄ	C_O	MICRPOY2
Kari Tapio	KUIN TAIVAISIIN	C	MICRPOY2
Kari Tapio	LUOKSEIN SUA KAIPAAN	C_O	MICRPOY2
Kari Tapio	MAAILMAN VALOT	C	MICRPOY2
Kari Tapio	MARIA DOLORES	C	MICRPOY2
Kari Tapio	MUA PAINA SYLEILYYS	C_O	MICRPOY2
Kari Tapio	MYRSKYN JÄLKEEN <==	C	MICRPOY2
Kari Tapio	OLEN KUULLUT ON KAUPUNKI TUOLLA	C	MICRPOY2
Kari Tapio	ON NIIN YKSIN	C	MICRPOY2
Kari Tapio	ONNETTAREN POIKA ver2	C_O	MICRPOY2
Kari Tapio	OP EH OP ver2	C_O	MICRPOY2
Kari Tapio	PYHÄ LUCIA	C	MICRPOY2
Kari Tapio	PÄIVIN ILLOIN ver2	C_O	MICRPOY2
Kari Tapio	SINUT TULEN AINA MUISTAMAAN	C	MICRPOY2
Kari Tapio	SYDÄMESI MUUKALAINEN	C_O	MICRPOY2
Kari Tapio	SYYS SURUMIELINEN	C	MICRPOY2
Kari Tapio	TAISTELIJA	C_O	MICRPOY2
Kari Tapio	TALVEN YLI	C_O	MICRPOY2
Kari Tapio	TANSSI LOPPUUN RAKKAUDEN	C	MICRPOY2
Kari Tapio	VALAISE YÖ	C	MICRPOY2
Kari Tapio	VALOON PÄIN	C_O	MICRPOY2
Kari Tapio	ÄITI VALVOO	C	MICRPOY2
Karu	PITKÄÄN POISSA	C	MICRPOY2
Kaseva	HYVÄÄ HUOMENTA SUOMI	C	MICRPOY2
Kaseva	IKÄVÄ	C_O	MICRPOY2
Katja Kätkä	HYVÄÄ ILTAA	C	MICRPOY2
Katja Kätkä	HÄÄMATKA	C	MICRPOY2
Katja Kätkä	TUONNE TAAKSE METSÄMAAN	C	MICRPOY2
Katja Lukin	HERRA KÄDELLÄSI	C	MICRPOY2
Katri Helena	ALMAZ ONNEN LAPSI	C	MICRPOY2
Katri Helena	ANNA MULLE TÄHTITAIVAS	C	MICRPOY2
Katri Helena	AURINKOON	C_O	MICRPOY2
Katri Helena	KATSON SINEEN TAIVAAN	C	MICRPOY2
Katri Helena	KUN KELLOHAME HEILAHTAA	C	MICRPOY2
Katri Helena	LUI	C	MICRPOY2
Katri Helena	MILJOONA RUUSUA (Million Roz)	C	MICRPOY2
Katri Helena	NUORUUS ON SEIKKAILU	C_O	MICRPOY2
Katri Helena	PUHELINLANGAT LAULAA	C	MICRPOY2
Katri Helena	SYDÄNTANGO	C_O	MICRPOY2
Katri Helena	UNTEN ERÄMAA	C	MICRPOY2
Katri Ylander	AAMUAURINKOON	C_O	MICRPOY2
Katy Perry	I KISSED A GIRL	C	MICRPOY2
Katy Perry ft Timbaland	IF WE EVER MEET AGAIN	C	MICRPOY2
Kauko Käyhkö	IRJA	C	MICRPOY2
Kauko Käyhkö	KULJEN YKSIN AUTIOLLA TIELLÄ	C	MICRPOY2
Kauko Käyhkö	REMPALLAAN	C_O	MICRPOY2
Kauko Käyhkö	TUNTURISATU	C	MICRPOY2
Keane	IS IT ANY WONDER	C	MICRPOY2
Keane	SOMEWHERE ONLY WE KNOW	C	MICRPOY2
Keijo Minerva	SAMAA KEHÄÄ KÄYN	C_O	MICRPOY2
Keko Salata	MINÄ JA MUN AJATUKSET	C	MICRPOY2
Kemopetrol	CHILD IS MY NAME	C	MICRPOY2
Kenny Rogers	LADY	C	MICRPOY2
Kenny Rogers	THE GAMBLER	C	MICRPOY2
Kentucky Headhunters	OH LONESOME ME	C	MICRPOY2
Kesha	TIK TOK	C	MICRPOY2
Kid Rock	BAWITDABA	C	MICRPOY2
Kid Rock	COWBOY	C	MICRPOY2
Kid Rock ft Sheryl Crow	PICTURE	C	MICRPOY2
Kids Karaoke	WHAT SHALL WE DO WITH THE DRUNKEN SAILOR	C	MICRPOY2
Kikka	ANNA RAKAS RAJU HETKI	C_O	MICRPOY2
Kikka	KAIKKI LÄHTEE AIKANAAN	C	MICRPOY2
Kim Carnes	BETTE DAVIS EYES	C	MICRPOY2
Kim Lönnholm	LAINATUT LAUSEET ver2	C_O	MICRPOY2
Kim Lönnholm	MINÄ OLEN MUISTANUT	C	MICRPOY2
Kings of Leon	SEX ON FIRE	C	MICRPOY2
Kingston Wall	AND I HEAR YOU CALL	C_O	MICRPOY2
Kingston Wall	FIRE	C_O	MICRPOY2
Kingston Wall	I'M NOT THE ONE	C_O	MICRPOY2
Kingston Wall	SHINE ON ME	C	MICRPOY2
Kingston Wall	SHINE ON ME	C_O	MICRPOY2
Kingston Wall	USED TO FEEL BEFORE	C_O	MICRPOY2
Kingston Wall	WITH MY MIND	C_O	MICRPOY2
Kipparikvartetti	SAIMAAN VALSSI	C	MICRPOY2
Kirka	DANIEL	C_O	MICRPOY2
Kirka	EI RAKKAUS YÖTÄ PELKÄÄ	C_O	MICRPOY2
Kirka	HENGAILLAAN	C	MICRPOY2
Kirka	HETKEN UNTA VAIN ver2	C_O	MICRPOY2
Kirka	HETKI LYÖ	C	MICRPOY2
Kirka	I'LL BE YOURS	C_O	MICRPOY2
Kirka	IN MY DREAMS	C_O	MICRPOY2
Kirka	KYYNELEET	C_O	MICRPOY2
Kirka	LADY TÄÄ ON ELÄMÄÄ	C_O	MICRPOY2
Kirka	LEIJAT	C_O	MICRPOY2
Kirka	MAGGIE MAY	C_O	MICRPOY2
Kirka	MUISTOJA MUISTOJA VAIN	C_O	MICRPOY2
Kirka	PÄÄSKYNEN ver2	C_O	MICRPOY2
Kirka	R O C K	C_O	MICRPOY2
Kirka	SATEINEN PÄIVÄ ver2	C_O	MICRPOY2
Kirka	SISKOSEIN	C_O	MICRPOY2
Kirka	STRANGERS IN THE NIGHT	C_O	MICRPOY2
Kirka	SURUN PYYHIT SILMISTÄNI	C	MICRPOY2
Kirka	VARRELLA VIRRAN	C	MICRPOY2
Kiss	BLACK DIAMOND	C	MICRPOY2
Kiss	CALLING DR LOVE	C	MICRPOY2
Kiss	COLD GIN	C	MICRPOY2
Kiss	CRAZY CRAZY NIGHTS	C	MICRPOY2
Kiss	CREATURES OF THE NIGHT	C	MICRPOY2
Kiss	DETROIT ROCK CITY	C	MICRPOY2
Kiss	DEUCE	C	MICRPOY2
Kiss	FIREHOUSE	C	MICRPOY2
Kiss	GOD GAVE ROCK 'N' ROLL TO YOU II	C	MICRPOY2
Kiss	GOD OF THUNDER	C	MICRPOY2
Kiss	GOIN' BLIND	C	MICRPOY2
Kiss	HARD LUCK WOMAN	C	MICRPOY2
Kiss	HEAVEN'S ON FIRE	C	MICRPOY2
Kiss	I LOVE IT LOUD	C	MICRPOY2
Kiss	I WAS MADE FOR LOVING YOU	C	MICRPOY2
Kiss	LICK IT UP	C	MICRPOY2
Kiss	LOVE GUN	C	MICRPOY2
Kiss	PLASTER CASTER	C	MICRPOY2
Kiss	PSYCHO CIRCUS	C	MICRPOY2
Kiss	ROCK AND ROLL ALL NITE	C	MICRPOY2
Kiss	SHOUT IT OUT LOUD	C	MICRPOY2
Kiss	STRUTTER	C	MICRPOY2
Kiss	SURE KNOW SOMETHING	C	MICRPOY2
Kiss	TEARS ARE FALLING	C	MICRPOY2
Kiss	YOU WANTED THE BEST	C	MICRPOY2
Kisu	KUN PALJON ANTAA	C	MICRPOY2
Kisu	MIHIN IKINÄ SÄ MEET	C_O	MICRPOY2
Kisu	SINUN RAKKAUTESI ver2	C_O	MICRPOY2
Kisu	STOP THE MUSIC	C_O	MICRPOY2
Kisu	UNEEN AIKA VAIPUU	C	MICRPOY2
Kisu	VIIKONLOPPU	C_O	MICRPOY2
Klamydia	AKU ANKKA LAULU	C_O	MICRPOY2
Klamydia	KAUNEHIN OOT	C_O	MICRPOY2
Klamydia	KOOMIKON KYYNELEET	C	MICRPOY2
Klamydia	KRAPULA TULEE (MINÄ MÄÄRÄÄN PÄIVÄN)	C_O	MICRPOY2
Klamydia	KÄNNI ÄÄLIÖN PALUU	C	MICRPOY2
Klamydia	KÄNNI ÄÄLIÖN PALUU	C_O	MICRPOY2
Klamydia	LIEKKI PALAA	C_O	MICRPOY2
Klamydia	MILJOONAN KILSAN TENNARIT	C_O	MICRPOY2
Klamydia	MÄ LÄHDEN HIMAAN <==	C_O	MICRPOY2
Klamydia	OOKKO TEHNY LENKKIÄ (PYÖRÄLLÄ ILMAN PENKKIÄ)	C	MICRPOY2
Klamydia	OTA VAATTEET POIS	C_O	MICRPOY2
Klamydia	PALA RAUHAA	C	MICRPOY2
Klamydia	PERSEESEEN	C	MICRPOY2
Klamydia	PIENEN POJAN ELÄMÄÄ	C	MICRPOY2
Klamydia	PIENI SUURI ELÄMÄ	C_O	MICRPOY2
Klamydia	PILKE SILMÄKULMASSA	C	MICRPOY2
Klamydia	PILKE SILMÄKULMASSA	C_O	MICRPOY2
Klamydia	POHJANMAALLA	C_O	MICRPOY2
Klamydia	PYYNTÖ	C_O	MICRPOY2
Klamydia	RAKAS HULLU	C	MICRPOY2
Klamydia	SUOMALAINEN TARINA	C	MICRPOY2
Klamydia	SUOMI ON SUN	C	MICRPOY2
Klamydia	SYDÄMESSÄ MUKANA	C_O	MICRPOY2
Klamydia	TYÖTÖN ELVIS	C	MICRPOY2
Klamydia	VANHA HOLVIKIRKKO	C	MICRPOY2
Klamydia	VOIMAA!	C	MICRPOY2
Kollaa Kestää	JÄÄHYVÄISET ASEILLE	C_O	MICRPOY2
Kolmas Nainen	ASSERIN KAPAKKAAN	C_O	MICRPOY2
Kolmas Nainen	MAANANTAI ver2	C_O	MICRPOY2
Kolmas Nainen	ME OLLAAN NE	C_O	MICRPOY2
Kolmas Nainen	TÄSTÄ ASTI AIKAA	C	MICRPOY2
Kolmas Nainen	VALEHTELISIN JOS VÄITTÄISIN	C	MICRPOY2
Komiat	KAIHOSIELU	C	MICRPOY2
Komiat	LULULAI	C	MICRPOY2
Komiat	MINÄHÄN VIEN	C_O	MICRPOY2
Komiat	PAKKA SEKAISIN	C_O	MICRPOY2
Komodo	(I JUST) DIED IN YOUR ARMS	C_O	MICRPOY2
Korn	COMING UNDONE	C	MICRPOY2
Korn	FALLING AWAY FROM ME	C	MICRPOY2
Korn	FREAK ON A LEASH	C	MICRPOY2
Korn	GOT THE LIFE	C	MICRPOY2
Korn	HERE TO STAY	C	MICRPOY2
Korn	MAKE ME BAD	C	MICRPOY2
Korn	SOMEBODY SOMEONE	C	MICRPOY2
Korn	TWISTED TRANSISTOR	C	MICRPOY2
Korpiklaani	METSÄMIES	C_O	MICRPOY2
Korpiklaani	WOODEN PINTS	C	MICRPOY2
Korroosio	HEI HEI HEI HEI	C_O	MICRPOY2
Korsuorkesteri	ELÄMÄÄ JUOKSUHAUDOISSA	C	MICRPOY2
Kosti ja Telelaitos	LAULU LAPSELLE (HIRVIÖ) ver2	C_O	MICRPOY2
Kotiteollisuus	TUONELAN KOIVUT	C_O	MICRPOY2
Kristian	TOISET VAAN KATSOO	C_O	MICRPOY2
Kristian	VAARAA	C_O	MICRPOY2
Kristian Meurman	HALLELUJA	C	MICRPOY2
Krokus	EAT THE RICH	C	MICRPOY2
Krokus	MIDNITE MANIAC	C	MICRPOY2
Krokus	SCREAMING IN THE NIGHT	C	MICRPOY2
Kube	100	C	MICRPOY2
Kube	CLEAN	C	MICRPOY2
Kube	PURPPURA	C	MICRPOY2
Kummeli	JUMANKAUTA JUU NÄÄS PÄIVÄÄ	C	MICRPOY2
Kuumaa	LUOTAN TULEVAAN	C	MICRPOY2
Kuumaa	SATAMA	C	MICRPOY2
Kuumaa	TULIPALO	C	MICRPOY2
Kuumaa	VALOA VARTEN	C	MICRPOY2
Kuumaa	VALOA VARTEN	C_O	MICRPOY2
Kuumaa	YLIVOIMAINEN	C	MICRPOY2
Kyösti Allan	ANNA MUN SYDÄMENI OLLA	C_O	MICRPOY2
Kyösti Mäkimattila	JOS SIELUSI LÖYDÄT	C	MICRPOY2
Käärijä	CHA CHA CHA	C	MICRPOY2
LA Guns	THE BALLAD OF JAYNE	C	MICRPOY2
Lady Antebellum	NEED YOU NOW	C	MICRPOY2
Lady Gaga	ALWAYS REMEMBER US THIS WAY	C	MICRPOY2
Lady Gaga	BAD ROMANCE	C	MICRPOY2
Lady Gaga	LOVE GAME	C	MICRPOY2
Lady Gaga	MILLION REASONS	C	MICRPOY2
Lady Gaga	POKER FACE	C	MICRPOY2
Lady Gaga	YOU AND I	C	MICRPOY2
Lady Gaga and Bradley Cooper	SHALLOW	C	MICRPOY2
Lady Gaga ft Beyonce	TELEPHONE	C	MICRPOY2
Laid Back	SUNSHINE REGGAE	C	MICRPOY2
Laila Kinnunen	LENNÄ MUN LEMPENI LAULU	C	MICRPOY2
Laila Kinnunen	MANTSURIAN KUKKULOILLA	C	MICRPOY2
Laila Kinnunen	PIKKU PIKKU BIKINISSÄ	C	MICRPOY2
Laila Kinnunen	SÄ MUISTATKO METSÄTIEN	C	MICRPOY2
Laila Kinnunen & Ritva Kinnunen	POJAT	C	MICRPOY2
Lapinlahden Linnut	SE EI KÄY	C_O	MICRPOY2
Lapinlahden Linnut	VANHA SUOMALAISTEN POIKAIN VITUTUSLAULU	C_O	MICRPOY2
Lapinlahden Linnut	VIHTAASI ON KUSTU	C	MICRPOY2
Lara Fabian	JE SUIS MALADE (fra)	C_U	MICRPOY2
Lasse Havu	KANTAVAA MAATA	C_O	MICRPOY2
Lasse Hoikka	YÖN KYLMÄT KYYNELEET	C	MICRPOY2
Lasse Mårtenson	ON IHMEEN HYVÄ KOTIIN TULLA TAAS	C	MICRPOY2
Lasten karaoke	JÄNÖJUSSIN MÄENLASKU	C_O	MICRPOY2
Laura Branigan	GLORIA	C	MICRPOY2
Laura Branigan	SELF CONTROL	C	MICRPOY2
Laura Närhi	SUPERSANKARI	C_O	MICRPOY2
Laura Voutilainen	EN MIELESTÄIN SUA SAA	C_O	MICRPOY2
Laura Voutilainen	LILJANKUKKA	C_O	MICRPOY2
Laura Voutilainen	MONTA MONTA	C	MICRPOY2
Laura Voutilainen	TEIN EILEN SEN	C_O	MICRPOY2
Laura Voutilainen	TOINEN SINÄ	C_O	MICRPOY2
Lauri	HEAVY	C_O	MICRPOY2
Lauri Tähkä	BLAABLAA	C	MICRPOY2
Lauri Tähkä	HETKEKSI EN SULLE RUPIA	C	MICRPOY2
Lauri Tähkä	JUOMARIPOIKA	C	MICRPOY2
Lauri Tähkä	MAAILMA ON RENKI	C	MICRPOY2
Lauri Tähkä	MINUN SUOMENI	C_O	MICRPOY2
Lauri Tähkä	MUSTAHERUKAN TUOKSUINEN TYTTÖ	C_O	MICRPOY2
Lauri Tähkä	RAKKAUS EI OO PYSYVÄÄ	C	MICRPOY2
Lauri Tähkä	SANOIT ETTÄ MINÄKIN	C	MICRPOY2
Lauri Tähkä	SINÄ OLET MINUN	C	MICRPOY2
Lauri Tähkä	SUUDELLAAN	C	MICRPOY2
Lauri Tähkä	TAHDON ELÄÄ	C_O	MICRPOY2
Lauri Tähkä & Elonkerjuu	TYTTÖRUKKA	C	MICRPOY2
Lea Laven	KRIMINAL TANGO	C	MICRPOY2
Lea Laven	TUMMA NAINEN	C	MICRPOY2
Led Zeppelin	ALL MY LOVE	C	MICRPOY2
Led Zeppelin	BABE I'M GONNA LEAVE YOU	C	MICRPOY2
Led Zeppelin	BLACK DOG	C	MICRPOY2
Led Zeppelin	BRING IT ON HOME	C	MICRPOY2
Led Zeppelin	CELEBRATION DAY	C	MICRPOY2
Led Zeppelin	COMMUNICATION BREAKDOWN	C	MICRPOY2
Led Zeppelin	CUSTARD PIE	C	MICRPOY2
Led Zeppelin	DANCING DAYS	C	MICRPOY2
Led Zeppelin	FOOL IN THE RAIN	C	MICRPOY2
Led Zeppelin	GOING TO CALIFORNIA	C	MICRPOY2
Led Zeppelin	GOOD TIMES BAD TIMES	C	MICRPOY2
Led Zeppelin	HEY HEY WHAT CAN I DO	C	MICRPOY2
Led Zeppelin	HOUSES OF THE HOLY	C	MICRPOY2
Led Zeppelin	HOW MANY MORE TIMES	C	MICRPOY2
Led Zeppelin	I CAN'T QUIT YOU BABY	C	MICRPOY2
Led Zeppelin	IMMIGRANT SONG	C	MICRPOY2
Led Zeppelin	LIVING LOVING MAID (SHE'S JUST A WOMAN)	C	MICRPOY2
Led Zeppelin	MISTY MOUNTAIN HOP	C	MICRPOY2
Led Zeppelin	OUT ON THE TILES	C	MICRPOY2
Led Zeppelin	OVER THE HILLS AND FAR AWAY	C	MICRPOY2
Led Zeppelin	RAMBLE ON	C	MICRPOY2
Led Zeppelin	ROCK AND ROLL	C	MICRPOY2
Led Zeppelin	SINCE I´VE BEEN LOVING YOU	C	MICRPOY2
Led Zeppelin	STAIRWAY TO HEAVEN	C	MICRPOY2
Led Zeppelin	THANK YOU	C	MICRPOY2
Led Zeppelin	THE CRUNGE	C	MICRPOY2
Led Zeppelin	THE OCEAN	C	MICRPOY2
Led Zeppelin	WHAT IS AND WHAT SHOULD NEVER BE	C	MICRPOY2
Led Zeppelin	WHOLE LOTTA LOVE	C	MICRPOY2
Led Zeppelin	YOUR TIME IS GONNA COME	C	MICRPOY2
Leevi and The Leavings	ELÄMÄ IKKUNAN TAKANA	C	MICRPOY2
Leevi and The Leavings	EN TAHDO SINUA ENÄÄ	C	MICRPOY2
Leevi and The Leavings	HUOMENNA ON JOULU	C	MICRPOY2
Leevi and The Leavings	ITKISITKÖ ONNESTA	C	MICRPOY2
Leevi and The Leavings	JOSSAIN ON KAI VIELÄ JOULU	C	MICRPOY2
Leevi and The Leavings	JOULUKERTOMUS	C	MICRPOY2
Leevi and The Leavings	LAINEEN PIA	C	MICRPOY2
Leevi and The Leavings	LAURA JENNA ELLINOORA ALEXANDRA CAMILLA JURVANEN	C	MICRPOY2
Leevi and The Leavings	LAURA JENNA ELLINOORA ALEXANDRA CAMILLA JURVANEN	C_O	MICRPOY2
Leevi and The Leavings	MIELETÖN MELINDA	C	MICRPOY2
Leevi and The Leavings	MUOTITIETOINEN	C	MICRPOY2
Leevi and The Leavings	OIKEIN SURULLISTA JOULUA	C	MICRPOY2
Leevi and The Leavings	PIHLAJANKUKKA	C	MICRPOY2
Leevi and The Leavings	POHJOISEN TAIVAAN ALLA	C	MICRPOY2
Leevi and The Leavings	RAPARPERITAIVAS	C	MICRPOY2
Leevi and The Leavings	RIN TIN TIN	C	MICRPOY2
Leevi and The Leavings	SINISILMÄ MANSIKKASUU	C	MICRPOY2
Leevi and The Leavings	SOIVA JOULUYLLÄTYS	C	MICRPOY2
Leevi and The Leavings	TEUVO MAANTEIDEN KUNINGAS	C	MICRPOY2
Leevi and The Leavings	TURKMENIALAINEN TYTTÖYSTÄVÄ	C	MICRPOY2
Leevi and The Leavings	UNELMIA JA TOIMISTOHOMMIA	C	MICRPOY2
Leevi and The Leavings	UNELMIA JA TOIMISTOHOMMIA	C_O	MICRPOY2
Leevi and The Leavings	VASARA JA NAULOJA	C	MICRPOY2
Lehtivihreät	AURINKO LASKEE	C_O	MICRPOY2
Lehtivihreät	POIKA POHJOISEN	C_O	MICRPOY2
Leidit	HITTIPUTKI	C_O	MICRPOY2
Leif Wager	ROMANSSI	C	MICRPOY2
Lemon	NAINEN TUMMISSA	C	MICRPOY2
Lena Mayer	SATELLITE	C	MICRPOY2
Leningrad Cowboys	LENINGRAD	C_O	MICRPOY2
Leningrad Cowboys	THOSE WERE THE DAYS	C	MICRPOY2
Leo Luoto	AHAA AHAA	C_O	MICRPOY2
Leo Luoto	RANTAREGEE	C_O	MICRPOY2
Leo Luoto	VILLI YÖ (LIVE IS LIFE)	C_O	MICRPOY2
Leo Moracchioli	THE HOUSE OF THE RISING SUN (Metal Cover)	C_O	MICRPOY2
Leo Moracchioli	WHAT'S UP (Metal Cover)	C_O	MICRPOY2
Leo Moracchioli ft Mary Spender	SULTANS OF SWING (Metal Cover)	C_O	MICRPOY2
Leo Sayer	WHEN I NEED YOU	C	MICRPOY2
Leona Lewis	RUN	C	MICRPOY2
Leonard Cohen	DANCE ME TO THE END OF LOVE	C	MICRPOY2
Leonard Cohen	SUZANNE	C	MICRPOY2
Level 42	RUNNING IN THE FAMILY	C	MICRPOY2
Lilli	VEKSIN ENKELI	C	MICRPOY2
Lily Allen	SOMEWHERE ONLY WE KNOW	C	MICRPOY2
Limp Bizkit	BEHIND BLUE EYES	C	MICRPOY2
Limp Bizkit	BREAK STUFF	C	MICRPOY2
Limp Bizkit	MY GENERATION	C	MICRPOY2
Limp Bizkit	NOOKIE	C	MICRPOY2
Limp Bizkit	ROLLIN	C	MICRPOY2
Limp Bizkit	TAKE A LOOK AROUND	C	MICRPOY2
Linda Lampenius ja Pete Parkkonen	LIEKINHEITIN	C	MICRPOY2
Linkin Park	CRAWLING	C	MICRPOY2
Linkin Park	IN THE END	C	MICRPOY2
Lionel Richie	HELLO	C	MICRPOY2
Lipa Liukkonen & Laitakadun kulkijat	ASUN LAHDESSA ver2	C_O	MICRPOY2
Lipps Inc	FUNKYTOWN	C	MICRPOY2
Lita Ford	BACK TO THE CAVE	C	MICRPOY2
Lita Ford	KISS ME DEADLY	C	MICRPOY2
Lita Ford	SHOT OF POISON	C	MICRPOY2
Live	LIGHTNING CRASHES	C	MICRPOY2
Lloyd Price (John Lennon)	JUST BECAUSE	C	MICRPOY2
Lobo	I'D LOVE YOU TO WANT ME	C	MICRPOY2
London Beat	I'VE BEEN THINKING ABOUT YOU	C	MICRPOY2
Lordi	HARD ROCK HALLELUJAH	C	MICRPOY2
Lordi	TOM TOM TOM (Vain elämää kausi 16)	C_O	MICRPOY2
Lordi	WOULD YOU LOVE A MONSTERMAN	C	MICRPOY2
Loren Allred	NEVER ENOUGH	C	MICRPOY2
Los Lobos	BEAUTIFUL MARIA OF MY SOUL	C	MICRPOY2
Lost Frequencies ft Calum Scott	WHERE ARE YOU NOW	C	MICRPOY2
Lou Rawls	YOU'LL NEVER FIND ANOTHER LOVE LIKE MINE	C	MICRPOY2
Lou Reed	PERFECT DAY	C	MICRPOY2
Lou Reed	WALK ON THE WILD SIDE	C	MICRPOY2
Louis Armstrong	WHAT A WONDERFUL WORLD	C	MICRPOY2
Louis Armstrong	WHEN THE SAINTS GO MARCHING IN	C	MICRPOY2
Loverboy	THE KID IS HOT TONITE	C	MICRPOY2
Loverboy	WORKING FOR THE WEEKEND	C	MICRPOY2
Luis Fonsi ft Daddy Yankee	DESPACITO (spa)	C_U	MICRPOY2
Lynyrd Skynyrd	CALL ME THE BREEZE	C	MICRPOY2
Lynyrd Skynyrd	FREE BIRD	C	MICRPOY2
Lynyrd Skynyrd	I NEED YOU	C	MICRPOY2
Lynyrd Skynyrd	SIMPLE MAN	C	MICRPOY2
Lynyrd Skynyrd	SWEET HOME ALABAMA	C	MICRPOY2
Lynyrd Skynyrd	THE BALLAD OF CURTIS LOEW	C	MICRPOY2
Lynyrd Skynyrd	THE BALLAD OF CURTIS LOEW	C	MICRPOY2
MA Numminen	KOTIHARJUN PÄÄLLÄ	C_O	MICRPOY2
Maarit Hurmerinta	JÄÄTELÖKESÄ	C	MICRPOY2
Maarit Hurmerinta	SIIVET SAAN	C_O	MICRPOY2
Maddie Zahm	FAT FUNNY FRIEND	C	MICRPOY2
Madonna	AMERICAN PIE	C	MICRPOY2
Madonna	FROZEN	C	MICRPOY2
Madonna	LIVE TO TELL	C	MICRPOY2
Madonna	OPEN YOUR HEART	C	MICRPOY2
Madonna	PAPA DON'T PREACH	C	MICRPOY2
Madonna	YOU'LL SEE	C	MICRPOY2
Maija Hapuoja	SOI VIENOSTI MURHEENI SOITTO	C	MICRPOY2
Maija Hapuoja & Jukka Välipakka	ONNELLISET	C	MICRPOY2
Maija Salo ja Lapsikuoro	KÄY MUUMILAAKSOON	C	MICRPOY2
Maj Karma	UKKONEN	C_O	MICRPOY2
Make Tommila	AURINGONNOUSUSTA AURINGONLASKUUN	C_O	MICRPOY2
Mamba	31055	C_O	MICRPOY2
Mamba	KULKUSET	C	MICRPOY2
Mamba	MITÄ YHDESTÄ SÄRKYNEESTÄ SYDÄMESTÄ ver2	C_O	MICRPOY2
Mamba	PYYHI KYYNELEET	C	MICRPOY2
Mamba	SAA KOSKETTAA ver2.1	C_O	MICRPOY2
Mamba	VIELÄ ON KESÄÄ JÄLJELLÄ	C	MICRPOY2
Man Man	HEAD ON (HOLD ON TO YOUR HEART)	C	MICRPOY2
Manowar	WARRIORS OF THE WORLD	C	MICRPOY2
Marc Almond & Gene Pitney	SOMETHING'S GOTTEN HOLD OF MY HEART (piano)	C	MICRPOY2
Mari Rantasila	NÄKEMIIN RAKKAANI	C_O	MICRPOY2
Maria Jose Quintanilla	FUE DIFICIL (spa)	C_U	MICRPOY2
Maria Lund	SURUPUKU	C	MICRPOY2
Marilyn Manson	DISPOSABLE TEENS	C	MICRPOY2
Marilyn Manson	SWEET DREAMS	C	MICRPOY2
Marilyn Manson	SWEET DREAMS (ARE MADE OF THIS)	C	MICRPOY2
Marilyn Manson	TAINTED LOVE	C	MICRPOY2
Marilyn Manson	THIS IS HALLOWEEN	C	MICRPOY2
Marion	EL BIMBO	C	MICRPOY2
Marion	JOULUPUKIN MAA	C	MICRPOY2
Marion	KULKUSET	C	MICRPOY2
Marion	RAKKAIN (I'D LOVE YOU TO WANT ME)	C_O	MICRPOY2
Mariska	ITSERAKKAUSJUTTUU	C_O	MICRPOY2
Mariska	KIITOS	C	MICRPOY2
Mariska	MINÄ LIITYIN SINUUN	C_O	MICRPOY2
Mariska & Pahat Sudet	KUKKURUKUU	C	MICRPOY2
Marita Taavitsainen	ANDRE	C	MICRPOY2
Marita Taavitsainen	RAKASTAA EI RAKASTA	C	MICRPOY2
Marjatta Leppänen	SYDÄMESI TYHJÄ HUONE	C	MICRPOY2
Mark mOoN	ONNETON	C	MICRPOY2
Mark Ronson ft Bruno Mars	UPTOWN FUNK	C	MICRPOY2
Markku Aro	AINA LIIAN MYÖHÄÄN	C_O	MICRPOY2
Markku Aro	ALLA TUTTUJEN TUULIEN	C_O	MICRPOY2
Markku Aro	HEINÄKUUSSA VUOSI SITTEN	C_O	MICRPOY2
Markku Aro	KAIKKI TIET LUOKSES JOHTAA	C_O	MICRPOY2
Markku Aro	KAKSI RAKKAINTA	C	MICRPOY2
Markku Aro	KESTÄN MITÄ VAAN	C_O	MICRPOY2
Markku Aro	KÄYN UUDELLEEN EILISEEN	C	MICRPOY2
Markku Aro	MIES JA SKITTA	C_O	MICRPOY2
Markku Aro	NIIN ONNELLINEN OON	C_O	MICRPOY2
Markku Aro	TAIVAANSINISET SILMÄT	C_O	MICRPOY2
Markku Aro	ÄLÄ LÄHDE RAKKAIN	C_O	MICRPOY2
Markku Suominen	MISSÄ MUN RAKKAANI ON	C_O	MICRPOY2
Markku Suominen	TYHJÄT PÄIVÄT	C_O	MICRPOY2
Marko Haavisto & Poutahaukat	ELÄMÄÄN TARKOITUSTA	C_O	MICRPOY2
Marko Haavisto & Poutahaukat	ENSIMMÄINEN KESÄ	C_O	MICRPOY2
Marko Haavisto & Poutahaukat	MYRSKYN KESKELLÄ	C_O	MICRPOY2
Marko Haavisto & Poutahaukat	NIIN KUIN LUMI (JOKA SATAA HILJALLEEN)	C_O	MICRPOY2
Marko Haavisto & Poutahaukat	PAHA VAANII	C	MICRPOY2
Marko Haavisto & Poutahaukat	TOUKOKUUN ENSIMMÄINEN	C_O	MICRPOY2
Marko Lämsä	IKUISESTI SINUN	C	MICRPOY2
Markus	VAIN KOTKA LENTÄÄ AURINKOON	C	MICRPOY2
Markus Allan	MUSTALAISVIULU	C	MICRPOY2
Maroon 5	THIS LOVE	C	MICRPOY2
Martina McBride	HAVE YOURSELF A MERRY LITTLE CHRISTMAS	C	MICRPOY2
Martti Servo & Napander	AUTOTIE	C	MICRPOY2
Martti Servo & Napander	HYVÄLTÄ NÄYTTÄÄ	C	MICRPOY2
Martti Servo & Napander	NYT NAPPAA	C_O	MICRPOY2
Martti Servo & Napander	UFO TARJOSI KAAKAON	C_O	MICRPOY2
Martti Servo & Napander	VIIKONLOPPU	C_O	MICRPOY2
Martti Suosalo	YÖTÖN YÖ	C	MICRPOY2
Mascara	TYYLILYYLI	C_O	MICRPOY2
Matchbox	ROCKABILLY REBEL	C	MICRPOY2
Matti Esko	KEIKKA OULUUN ver2	C_O	MICRPOY2
Matti Esko	LÄMMIN HELLÄ PEHMOINEN	C	MICRPOY2
Matti Esko	NÄIN SUOMI PYSYY PYÖRILLÄÄN	C	MICRPOY2
Matti Esko	REKKAMIES	C_O	MICRPOY2
Matti Esko	TULEN KUUSAMOON	C_O	MICRPOY2
Matti Esko	VIISI PITKÄÄ YÖTÄ	C	MICRPOY2
Matti Esko A Wiskari P Parkkonen Stig	VIIKSIMIES	C_O	MICRPOY2
Matti Heinivaho	LÄNNEN TIE	C	MICRPOY2
Matti Isoperkkiö	MÄ HAJOAN	C	MICRPOY2
Matti ja Teppo	HILJAISUUDEN ÄÄNET (Sound of Silence)	C_O	MICRPOY2
Matti ja Teppo	HÄNELLE	C	MICRPOY2
Matti ja Teppo	JOULUMAA	C	MICRPOY2
Matti ja Teppo	LÄHTÖHETKI	C	MICRPOY2
Matti ja Teppo	MEIDÄN LAULU	C	MICRPOY2
Matti ja Teppo	MY LOVE	C_O	MICRPOY2
Matti ja Teppo	NÄIN SE KESÄLOMA TOIMII	C	MICRPOY2
Matti ja Teppo	PIDÄ ITSESTÄSI HUOLTA	C	MICRPOY2
Matti ja Teppo	SATOI TAI PAISTOI	C_O	MICRPOY2
Matti ja Teppo	SUVIVALSSI	C	MICRPOY2
Matti ja Teppo	TAIVAS AUKEAA	C	MICRPOY2
Matti ja Teppo	TIEDÄTHÄN SEN	C_O	MICRPOY2
Matti ja Teppo	TÄÄ ME OSATAAN	C_O	MICRPOY2
Matti ja Teppo	VAUHTI KIIHTYY	C_O	MICRPOY2
Matti Nykänen	SAMAA NAUHAA	C	MICRPOY2
Maukka Perusjätkä	SÄPINÄÄ	C_O	MICRPOY2
Maukka Perusjätkä & Vallilan Vangit	OLETKO KOSKAAN NÄHNYT TRAKTORIA	C_O	MICRPOY2
Mauno Kuusisto	KERTOKAA SE HÄNELLE	C	MICRPOY2
Maustetytöt	JOS MULLA EI OIS SUA MULLA EI OIS MITÄÄN	C	MICRPOY2
Maustetytöt	TALVI TALVIKIN KANSSA	C	MICRPOY2
Maustetytöt	TEIN KAI LOTTORIVINI VÄÄRIN	C	MICRPOY2
Maustetytöt	VIIDESTOISTA PÄIVÄ	C_O	MICRPOY2
Mavericks	THE LOSING SIDE OF ME	C	MICRPOY2
Maxi Priest	WILD WORLD	C	MICRPOY2
Maxx	GET A WAY	C	MICRPOY2
Meat Loaf	BAT OUT OF HELL	C	MICRPOY2
Megadeth	A TOUT LE MONDE	C	MICRPOY2
Megadeth	ANGRY AGAIN	C	MICRPOY2
Megadeth	PEACE SELLS	C	MICRPOY2
Megadeth	SWEATING BULLETS	C	MICRPOY2
Megadeth	SYMPHONY OF DESTRUCTION	C	MICRPOY2
Megadeth	SYMPHONY OF DESTRUCTION	C	MICRPOY2
Meiju Suvas	OOT PAHA	C	MICRPOY2
Meiju Suvas	OTA KII (You’re My Heart You’re My Soul)	C_O	MICRPOY2
Meiju Suvas	TAHDON SINUT_ ver2.1	C_O	MICRPOY2
Meiju Suvas	TÄÄ ONNEA ON	C_O	MICRPOY2
Mel C	I TURN TO YOU (Remix)	C	MICRPOY2
Melanie Fiona	MONDAY MORNING	C	MICRPOY2
Melissa Etheridge	COME TO MY WINDOW	C	MICRPOY2
Melissa Etheridge	I'M THE ONLY ONE	C	MICRPOY2
Melrose	RICH LITTLE BITCH ver2	C_O	MICRPOY2
Men at Work	DOWN UNDER	C	MICRPOY2
Merja Rantamäki	VEIT SYDÄMEIN	C_O	MICRPOY2
Merja Rantamäki ja Pasi Kaunisto	KELTAISET LEHDET	C_O	MICRPOY2
Merja Raski	AAMUYÖ	C	MICRPOY2
Mervi Ala Tuhero ja Jorma Kovanen	NUHA LÄHTEE NUSSIMALLA	C	MICRPOY2
Metallica	AND JUSTICE FOR ALL	C	MICRPOY2
Metallica	BATTERY	C	MICRPOY2
Metallica	BLACKENED	C	MICRPOY2
Metallica	DIE DIE MY DARLING	C	MICRPOY2
Metallica	DISPOSABLE HEROES	C	MICRPOY2
Metallica	ENTER SANDMAN	C	MICRPOY2
Metallica	FADE TO BLACK	C	MICRPOY2
Metallica	FOR WHOM THE BELL TOLLS	C	MICRPOY2
Metallica	FUEL	C	MICRPOY2
Metallica	HERO OF THE DAY	C	MICRPOY2
Metallica	I DISPPEAR	C	MICRPOY2
Metallica	KING NOTHING	C	MICRPOY2
Metallica	MASTER OF PUPPETS	C	MICRPOY2
Metallica	NO LEAF CLOVER	C	MICRPOY2
Metallica	NOTHING ELSE MATTERS	C	MICRPOY2
Metallica	ONE	C	MICRPOY2
Metallica	RIDE THE LIGHTNING	C	MICRPOY2
Metallica	SAD BUT TRUE	C	MICRPOY2
Metallica	SEEK AND DESTROY	C	MICRPOY2
Metallica	STONE COLD CRAZY	C	MICRPOY2
Metallica	THE MEMORY REMAINS	C	MICRPOY2
Metallica	THE SHORTEST STRAW	C	MICRPOY2
Metallica	THE UNFORGIVEN	C	MICRPOY2
Metallica	THE UNFORGIVEN II	C	MICRPOY2
Metallica	THE UNFORGIVEN III	C	MICRPOY2
Metallica	THE UNNAMED FEELING	C	MICRPOY2
Metallica	TURN THE PAGE	C	MICRPOY2
Metallica	UNTIL IT SLEEPS	C	MICRPOY2
Metallica	WELCOME HOME (Sanitarium)	C	MICRPOY2
Metallica	WHEREVER I MAY ROAM	C	MICRPOY2
Metallica	WHISKEY IN THE JAR	C	MICRPOY2
Metallica	WHISKEY IN THE JAR	C	MICRPOY2
Michael Bolton	GO THE DISTANCE	C	MICRPOY2
Michael Jackson	BAD	C	MICRPOY2
Michael Jackson	BILLIE JEAN	C	MICRPOY2
Michael Jackson	THRILLER	C	MICRPOY2
Mick Clarke	CRAZY 'BOUT A WOMAN	C_O	MICRPOY2
Midnight Oil	BEDS ARE BURNING	C	MICRPOY2
Mieskone	KULKIJAPOIKA ver2	C_O	MICRPOY2
Mika ja Turkka Mali	ANTEEKS' NIEMINEN	C_O	MICRPOY2
Mika ja Turkka Mali	ONHAN VIELÄ KAIKKI ENNALLAAN	C	MICRPOY2
Mika ja Turkka Mali	RONKELI PUMPULIENKELI	C_O	MICRPOY2
Mika ja Turkka Mali	RÖNNIN EETU	C_O	MICRPOY2
Mika ja Turkka Mali	VELJENI TUULI	C_O	MICRPOY2
Mika Pohjonen	RAKKAUSTARINA	C_O	MICRPOY2
Mika Sundqvist	HORMOONIHIIRET ver2	C_O	MICRPOY2
Mika Sundqvist	MOOTTORIPYÖRÄ ON MOOTTORIPYÖRÄ	C	MICRPOY2
Mika Sundqvist	ON IHMEEN HYVÄ KOTIIN TULLA TAAS	C_O	MICRPOY2
Mika Sundqvist	VOE VOE KU HAETARI VUOTAA ver2	C_O	MICRPOY2
Mikael Gabriel ja Isac Elliot	LIIKAA SUSSA KII	C	MICRPOY2
Mike Oldfield	MOONLIGHT SHADOW	C	MICRPOY2
Mikko Alatalo	AINO	C_O	MICRPOY2
Mikko Alatalo	HÄN HYMYILEE KUIN LAPSI	C	MICRPOY2
Mikko Alatalo	IHMISEN IKÄVÄ TOISEN LUO	C	MICRPOY2
Mikko Alatalo	KULTA ETKÖ TULIS HAKEMAAN MUA KOTIIN	C_O	MICRPOY2
Mikko Alatalo	MAALAISPOIKA OON	C	MICRPOY2
Mikko Alatalo	SE ON ELDANKAA	C_O	MICRPOY2
Mikko Alatalo	SUOJELUSENKELI	C_O	MICRPOY2
Mikko Alatalo	VESILASI VESSANAVAIN HEINIÄ PAALI ver2	C_O	MICRPOY2
Mikko Harju	ANNA MENNÄ LENNÄ	C	MICRPOY2
Mikko Harju	HENGITÄ	C	MICRPOY2
Mikko Harju	MÄ NÄÄN SUT	C	MICRPOY2
Mikko Harju	MÄ OLEN TÄSSÄ	C	MICRPOY2
Mikko Harju	RIKAS SYDÄN	C	MICRPOY2
Mikko Harju	SINÄ OLET ELÄMÄ	C	MICRPOY2
Mikko Harju	SINÄ RIITÄT	C	MICRPOY2
Mikko Harju	TAIVAS EI OO RAJANA	C	MICRPOY2
Mikko Hirvoskoski	PIENI ENKELI ver2.1	C_O	MICRPOY2
Mikko Kuustonen	SUORAA HUUTOA	C_O	MICRPOY2
Miley Cyrus	DREAM AS ONE	C	MICRPOY2
Miley Cyrus	FLOWERS	C	MICRPOY2
Miljoonasade	OLKINAINEN	C	MICRPOY2
Miljoonasade	RYYPPYRUUSU ver2	C_O	MICRPOY2
Miljoonasade	SISKON LUO SAN DIEGOON	C	MICRPOY2
Millennium Project ft Amanda	HETKI LYÖ	C	MICRPOY2
Millennium Project ft Amanda	JOKA PÄIVÄ JA JOKA IKINEN YÖ	C	MICRPOY2
Millennium Project ft Amanda	LEIJAT	C	MICRPOY2
Millennium Project ft Amanda	TAHDON RAKASTELLA SINUA	C	MICRPOY2
Milow	AYO TECHNOLOGY	C	MICRPOY2
Minttu	EVEREST	C	MICRPOY2
Minttu	TYTTÖYSTÄVÄ	C	MICRPOY2
Mira Luoti	IHAN VAAN IHMINEN	C	MICRPOY2
Mirella	KAIKKI VIEL EDESSÄ	C	MICRPOY2
Mirella	LÖYTÄÄ MUT	C	MICRPOY2
Mirella	PAINAVA SYDÄN	C	MICRPOY2
Mirella	PAINAVA SYDÄN	C	MICRPOY2
Mirella	PARKKIS	C	MICRPOY2
Mirella	PELOTTAA	C	MICRPOY2
Mirella	SALAMA	C	MICRPOY2
Mirella	SEIREENI	C	MICRPOY2
Mirella	TIMANTTEI	C	MICRPOY2
Mirella	TYTTÖ JOKA ITKEE ILTAISIN	C	MICRPOY2
Mirella	TÄS MÄ OON	C	MICRPOY2
Mirella	UUTEEN EILISEEN	C	MICRPOY2
Mirella	VÄHÄN ENEMMÄN	C	MICRPOY2
Mirella ja Lauri Haav	LUOTATHAN	C	MICRPOY2
Misfits	ASTRO ZOMBIES	C	MICRPOY2
Misfits	HYBRID MOMENTS	C	MICRPOY2
Misfits	LAST CARESS	C	MICRPOY2
Misfits	SKULLS	C	MICRPOY2
Misfits	SOME KIND OF HATE	C	MICRPOY2
Modern Talking	BROTHER LOUIE LOUIE	C	MICRPOY2
Modern Talking	CHERI CHERI LADY	C	MICRPOY2
Modern Talking	YOU'RE MY HEART YOU'RE MY SOUL	C	MICRPOY2
Molly Hatchet	FLIRTIN WITH DISASTER	C	MICRPOY2
Mona Carita	DA DOO RON RON	C_O	MICRPOY2
Mona Carita	ME EMME LASKE VIITEEN (FAME)	C_O	MICRPOY2
Morris Albert	FEELINGS	C	MICRPOY2
Mother	DANZIG	C	MICRPOY2
Motörhead	ACE OF SPADES	C	MICRPOY2
Movetron	ALLA KOIVUPUUN	C	MICRPOY2
Movetron	KIERREPORTAAT	C	MICRPOY2
Movetron	NOUSIN KYYTIIN	C	MICRPOY2
Movetron	NÄYTÄ	C	MICRPOY2
Movetron	PAKKO LÄHTEE	C	MICRPOY2
Movetron	SATUTAT	C	MICRPOY2
Movetron	SUN SUUDELMAAN	C	MICRPOY2
Movetron	UNI	C	MICRPOY2
Movetron	VOIKUKKASEPPELE	C	MICRPOY2
Mr Big	WILD WORLD	C	MICRPOY2
Mr Mister	BROKEN WINGS	C	MICRPOY2
Mr President	COCO JAMBO	C	MICRPOY2
Mud	LONELY THIS CHRISTMAS	C	MICRPOY2
Mud	THE END OF THE WORLD	C	MICRPOY2
Mungo Jerry	IN THE SUMMERTIME	C	MICRPOY2
Muse	TIME IS RUNNING OUT	C	MICRPOY2
Mustasch	LAWBREAKER	C	MICRPOY2
Mustat Enkelit	KERRAN VIELÄ	C	MICRPOY2
Mutkattomat	JÄTKÄN HUMPPA	C	MICRPOY2
My Chemical Romance	I'M NOT OKAY I PROMISE	C	MICRPOY2
Måneskin	BEGGIN	C	MICRPOY2
Måneskin	FEEL	C	MICRPOY2
Måneskin	I WANNA BE YOUR SLAVE	C	MICRPOY2
Måneskin	MAMMAMIA	C	MICRPOY2
Måneskin	SOMEBODY TOLD ME	C	MICRPOY2
Måneskin	SUPERMODEL	C	MICRPOY2
Måneskin	TIMEZONE	C	MICRPOY2
Mäkki ft Reino Nordin	SATAMILJOONAA KERTAA	C	MICRPOY2
Mötley Crüe	DON'T GO AWAY MAD (JUST GO AWAY)	C	MICRPOY2
Mötley Crüe	DR FEELGOOD	C	MICRPOY2
Mötley Crüe	GIRLS GIRLS GIRLS	C	MICRPOY2
Mötley Crüe	HOME SWEET HOME	C	MICRPOY2
Mötley Crüe	IF I DIE TOMORROW	C	MICRPOY2
Mötley Crüe	KICKSTART MY HEART	C	MICRPOY2
Mötley Crüe	LIVE WIRE	C	MICRPOY2
Mötley Crüe	LOOKS THAT KILL	C	MICRPOY2
Mötley Crüe	PRIMAL SCREAM	C	MICRPOY2
Mötley Crüe	SAME OL SITUATION	C	MICRPOY2
Mötley Crüe	SHOUT AT THE DEVIL	C	MICRPOY2
Mötley Crüe	SMOKIN' IN THE BOYS ROOM	C	MICRPOY2
Mötley Crüe	TEN SECONDS TO LOVE	C	MICRPOY2
Mötley Crüe	TOO YOUNG TO FALL IN LOVE	C	MICRPOY2
Mötley Crüe	WILD SIDE	C	MICRPOY2
Mötley Crüe	WITHOUT YOU	C	MICRPOY2
Nat King Cole	SMILE	C	MICRPOY2
Natalie Imbruglia	TORN	C	MICRPOY2
Natasha Bedingfield	UNWRITTEN	C	MICRPOY2
Nazareth	HAIR OF THE DOG	C	MICRPOY2
Nazareth	LOVE HURTS	C	MICRPOY2
Negative	BELIEVE	C	MICRPOY2
Neil Diamond	SOLITARY MAN	C	MICRPOY2
Neil Young	HEART OF GOLD	C	MICRPOY2
Neil Young	HEY HEY MY MY (Into The Black)	C	MICRPOY2
Neil Young	MY MY HEY HEY	C	MICRPOY2
Neil Young	MY MY HEY HEY (Out Of The Blue)	C	MICRPOY2
Neil Young	ROCKIN' IN THE FREE WORLD	C	MICRPOY2
Neil Young and Stephen Stills	LONG MAY YOU RUN	C	MICRPOY2
Nek	LAURA NON C'E (ita)	C_U	MICRPOY2
Nekromantix	DEMONS ARE A GIRLS BEST FRIEND	C_O	MICRPOY2
Nekromantix	DIAL 666	C	MICRPOY2
Nekromantix	NICE DAY FOR A RESURRECTION	C_O	MICRPOY2
Nekromantix	SEA OF RED	C_O	MICRPOY2
Neljä Baritonia	POP MUSIIKKIA	C	MICRPOY2
Neljä Ruusua	1000X	C	MICRPOY2
Neljä Ruusua	80 LUVULLA	C	MICRPOY2
Neljä Ruusua	AMELIE	C	MICRPOY2
Neljä Ruusua	APOSTOLI	C	MICRPOY2
Neljä Ruusua	B & C	C	MICRPOY2
Neljä Ruusua	ELÄMÄ ON IHANAA	C	MICRPOY2
Neljä Ruusua	EN VOI	C	MICRPOY2
Neljä Ruusua	ENNEN KUOLEMAA	C	MICRPOY2
Neljä Ruusua	ENSI ILTA	C	MICRPOY2
Neljä Ruusua	ESIRIPPU	C	MICRPOY2
Neljä Ruusua	EUTANASIA	C	MICRPOY2
Neljä Ruusua	JUOVUKSISSA LIEKSASSA	C	MICRPOY2
Neljä Ruusua	JÄÄTIKKÖ SULAA	C	MICRPOY2
Neljä Ruusua	KANSANKYNTTILÄT	C	MICRPOY2
Neljä Ruusua	KARKAAN	C	MICRPOY2
Neljä Ruusua	KAUPPAKESKUSKUOLEMA	C	MICRPOY2
Neljä Ruusua	KELAAN	C	MICRPOY2
Neljä Ruusua	KENGÄT	C	MICRPOY2
Neljä Ruusua	KUKA NÄKEE	C	MICRPOY2
Neljä Ruusua	KURJUUDEN KARTANO	C	MICRPOY2
Neljä Ruusua	LEVON HETKI	C	MICRPOY2
Neljä Ruusua	LUEN	C	MICRPOY2
Neljä Ruusua	MARIANNE	C	MICRPOY2
Neljä Ruusua	MATKA ON SYVÄ	C	MICRPOY2
Neljä Ruusua	MEIDÄN MAA	C	MICRPOY2
Neljä Ruusua	MEIDÄT VIEDÄÄN POIS	C	MICRPOY2
Neljä Ruusua	MEISTÄ JOKAINEN	C	MICRPOY2
Neljä Ruusua	MUUTTOLINNUT	C	MICRPOY2
Neljä Ruusua	NEUVOSTOLIITTO	C	MICRPOY2
Neljä Ruusua	NORMCOREPROTOHIPSTERI	C	MICRPOY2
Neljä Ruusua	NUOLI JA SYDÄN	C	MICRPOY2
Neljä Ruusua	NUORI IKÄISEKSEEN	C	MICRPOY2
Neljä Ruusua	NÄHDÄÄNKÖ HUOMENNA	C	MICRPOY2
Neljä Ruusua	NÄKEMIIN	C	MICRPOY2
Neljä Ruusua	PAIKALLINEN PAAVI	C	MICRPOY2
Neljä Ruusua	PELKKIÄ YSTÄVIÄ	C	MICRPOY2
Neljä Ruusua	POPLAULAJAN VAPAAPÄIVÄ	C	MICRPOY2
Neljä Ruusua	POPMUSEO	C	MICRPOY2
Neljä Ruusua	PYHÄINMIESTENPÄIVÄ	C	MICRPOY2
Neljä Ruusua	RAKKAUDEN ERÄMAA	C	MICRPOY2
Neljä Ruusua	RAKKAUDEN JUMALA	C	MICRPOY2
Neljä Ruusua	RIEMUKAARI	C	MICRPOY2
Neljä Ruusua	SAARONIN LILJA	C	MICRPOY2
Neljä Ruusua	SEURAAN SUA	C	MICRPOY2
Neljä Ruusua	SUN TÄYTYY MENNÄ	C	MICRPOY2
Neljä Ruusua	SURUTULITUS	C	MICRPOY2
Neljä Ruusua	SUURIKSI SYNTYNEET	C	MICRPOY2
Neljä Ruusua	SYYSKUU	C	MICRPOY2
Neljä Ruusua	SÄHKÖKITARA	C	MICRPOY2
Neljä Ruusua	TAHDON	C	MICRPOY2
Neljä Ruusua	TALLINNAN AALLOT	C	MICRPOY2
Neljä Ruusua	TIE AJATUKSIIN	C	MICRPOY2
Neljä Ruusua	TOISET SAA	C	MICRPOY2
Neljä Ruusua	TÄHDELLISET	C	MICRPOY2
Neljä Ruusua	TÄHTISILMÄ	C	MICRPOY2
Neljä Ruusua	UUSI AIKA	C	MICRPOY2
Neljä Ruusua	VAAN YHDEN SAAT	C	MICRPOY2
Neljä Ruusua	VALLAN ALLA	C	MICRPOY2
Neljä Ruusua	VALOPILKKU	C	MICRPOY2
Neljä Ruusua	VARJO	C	MICRPOY2
Neljä Ruusua	VERI	C	MICRPOY2
Neljä Ruusua	VIIMEINEN VALSSI	C	MICRPOY2
Neljä Ruusua	VIIMEINKIN	C	MICRPOY2
Neljä Ruusua	ÖISELLÄ RANNALLA	C	MICRPOY2
Neljänsuora	ILMAN SINUA	C_O	MICRPOY2
Nelli Matula	HITAAMMIN HAUTAAN	C	MICRPOY2
Nelli Matula	MUN VUORO LUOVUTTAA	C	MICRPOY2
Nelli Matula	SUKUPUUTTOON	C	MICRPOY2
Nena	99 LUFTBALLONS (ger)	C_U	MICRPOY2
Neon 2	KEMIAA	C	MICRPOY2
Neon 2	MENNÄÄN JO KOTIIN	C_O	MICRPOY2
Neon 2	POLKU	C	MICRPOY2
Neumann	NAISELLENI	C	MICRPOY2
Nick Cave and Kylie Minogue	WHERE THE WILD ROSES GROW	C	MICRPOY2
Nick Lowe	CRUEL TO BE KIND	C	MICRPOY2
Nickelback	HOW YOU REMIND ME	C	MICRPOY2
Nickelback	IF TODAY WAS YOUR LAST DAY	C	MICRPOY2
Nickelback	ROCKSTAR	C	MICRPOY2
Nicki Minaj	SUPER BASS	C	MICRPOY2
Nightwish	AMARANTH	C	MICRPOY2
Nightwish	BLESS THE CHILD	C	MICRPOY2
Nightwish	DEAD TO THE WORLD	C	MICRPOY2
Nightwish	EVA	C	MICRPOY2
Nightwish	EVER DREAM	C	MICRPOY2
Nightwish	NEMO	C	MICRPOY2
Nightwish	OVER THE HILLS AND FAR AWAY	C	MICRPOY2
Nightwish	SLAYING THE DREAMER	C	MICRPOY2
Nightwish	SLEEPING SUN	C	MICRPOY2
Nightwish	THE ISLANDER	C	MICRPOY2
Nightwish	WALKING IN THE AIR	C	MICRPOY2
Nightwish	WHILE YOUR LIPS ARE STILL RED	C	MICRPOY2
Nightwish	WISH I HAD AN ANGEL	C	MICRPOY2
Nightwish	WISHMASTER	C	MICRPOY2
Niilo	ITSENI VIHOLLINEN	C_O	MICRPOY2
Niilo ft Antti	PAHA VAANII	C_O	MICRPOY2
Niina Päivänurmi	OLE PAISTEENA AURINGON	C	MICRPOY2
Nilsson	WITHOUT YOU	C	MICRPOY2
Nina Tapio	MASKIN TAA	C_O	MICRPOY2
Nine Inch Nails	CLOSER	C	MICRPOY2
Nine Inch Nails	DEEP	C	MICRPOY2
Nine Inch Nails	HEAD LIKE A HOLE	C	MICRPOY2
Nirvana	LITHIUM	C	MICRPOY2
Nirvana	POLLY	C	MICRPOY2
Nirvana	SMELLS LIKE TEEN SPIRIT	C	MICRPOY2
Nirvana	THE MAN WHO SOLD THE WORLD	C	MICRPOY2
Nirvana	WHERE DID YOU SLEEP LAST NIGHT	C	MICRPOY2
Nirvana	YOU KNOW YOU'RE RIGHT	C	MICRPOY2
No Doubt	DON'T SPEAK	C	MICRPOY2
NOCEBO	PIRJO	C_O	MICRPOY2
NOCEBO	SADISTI	C_O	MICRPOY2
Nopsajalka	LUPAAN OLLA	C_O	MICRPOY2
Norah Jones	LOVE ME TENDER	C	MICRPOY2
Nordman	VANDRAREN (swe)	C_U	MICRPOY2
Norther Kings	MY WAY	C	MICRPOY2
Nuket	ASKELEET	C_O	MICRPOY2
Nylon Beat	NAPARENGAS	C_O	MICRPOY2
Nylon Beat	RAKASTUIN MÄ LOOSERIIN	C_O	MICRPOY2
Nylon Beat	SYYTÖN	C	MICRPOY2
Nypykät	LASTENLAULU	C_O	MICRPOY2
OAKS 2024 OST	INFERNOSSA ON TUNNELMAA	C	MICRPOY2
OAKS 2024 OST	JALLUA SAUNASSA	C	MICRPOY2
OAKS 2024 OST	NORSU INFERNON A SAITILLA	C	MICRPOY2
OAKS 2024 OST	SHERIFFI	C	MICRPOY2
Oasis	CHAMPAGNE SUPERNOVA	C	MICRPOY2
Oasis	DON'T LOOK BACK IN ANGER	C	MICRPOY2
Oasis	LYLA	C	MICRPOY2
Oasis	SOME MIGHT SAY	C	MICRPOY2
Oasis	WONDERWALL	C	MICRPOY2
Olavi Uusivirta	KESÄYÖN UNI	C	MICRPOY2
Olavi Uusivirta	KULTAA HIUKSISSA ver2.1	C_O	MICRPOY2
Olavi Virta	EEVA	C	MICRPOY2
Olavi Virta	HOPEINEN KUU (Guarda Che Luna)	C	MICRPOY2
Olavi Virta	HÄÄMUISTOJEN VALSSI	C	MICRPOY2
Olavi Virta	KYLMÄ RAKKAUS	C	MICRPOY2
Olavi Virta	KYLMÄT HUULET	C	MICRPOY2
Olavi Virta	LA CUMPARSITA	C	MICRPOY2
Olavi Virta	MUSTALAISRUHTINATAR	C	MICRPOY2
Olavi Virta	POIKA VARJOISELTA KUJALTA	C	MICRPOY2
Olavi Virta	SINITAIVAS	C	MICRPOY2
Olavi Virta	SOKERIPALA	C	MICRPOY2
Olavi Virta	SUKLAASYDÄN	C	MICRPOY2
Olavi Virta	TANGO ILLUSION	C	MICRPOY2
Olavi Virta	TIIKERIHAI	C	MICRPOY2
Olavi Virta	TÄYSIKUU	C	MICRPOY2
Olavi Virta	VIHREÄT NIITYT	C	MICRPOY2
Olli Halonen	KYLÄ KESKELLÄ EI MITÄÄN	C_O	MICRPOY2
Olli Halonen	POHJOLA	C	MICRPOY2
Olli Halonen	POHJOLA	C_O	MICRPOY2
Olli Halonen	RAKASTAA JA TULLA RAKASTETUKSI	C	MICRPOY2
Olli Halonen	SUOMEN KESÄ	C	MICRPOY2
Olli Halonen	SUOMEN KESÄ	C_O	MICRPOY2
Olli Halonen	VÄHÄN RAHAA PALJON RAKKAUTTA	C	MICRPOY2
One Direction	NIGHT CHANGES	C	MICRPOY2
OneRepublic	COUNTING STARS	C	MICRPOY2
Opus	LIVE IS LIFE	C	MICRPOY2
Orchestral Manoeuvres In The Dar ft Sash	ENOLA GAY 98	C	MICRPOY2
Orchestral Manoeuvres In The Dark	ENOLA GAY	C	MICRPOY2
Oskar Lehtinen	PARAS MIES	C_O	MICRPOY2
Outlaws	CRY NO MORE	C_O	MICRPOY2
Ozzy Osbourne	BARK AT THE MOON	C	MICRPOY2
Ozzy Osbourne	CRAZY TRAIN	C	MICRPOY2
Ozzy Osbourne	DIARY OF A MADMAN	C	MICRPOY2
Ozzy Osbourne	DREAMER	C	MICRPOY2
Ozzy Osbourne	FLYING HIGH AGAIN	C	MICRPOY2
Ozzy Osbourne	GETS ME THROUGH	C	MICRPOY2
Ozzy Osbourne	I DON'T KNOW	C	MICRPOY2
Ozzy Osbourne	I DON'T WANNA STOP	C	MICRPOY2
Ozzy Osbourne	MAMA I'M COMING HOME	C	MICRPOY2
Ozzy Osbourne	MR CROWLEY	C	MICRPOY2
Ozzy Osbourne	MR TINKERTRAIN	C	MICRPOY2
Ozzy Osbourne	NO MORE TEARS	C	MICRPOY2
Ozzy Osbourne	OVER THE MOUNTAIN	C	MICRPOY2
Ozzy Osbourne	ROAD TO NOWHERE	C	MICRPOY2
Ozzy Osbourne	SHOT IN THE DARK	C	MICRPOY2
Ozzy Osbourne	YOU CAN'T KILL ROCK AND ROLL	C	MICRPOY2
Ozzy Osbourne & Lemmy K	HELLRAISER	C	MICRPOY2
Ozzy Osbourne & Lita Ford	CLOSE MY EYES FOREVER	C	MICRPOY2
Ozzy Osbourne ft Elton John	ORDINARY MAN	C	MICRPOY2
Paleface	HELSINKI   SHANGRI LA	C_O	MICRPOY2
Palkintopiha 74	ÄSSÄHAI	C_O	MICRPOY2
Pantera	5 MINUTES ALONE	C	MICRPOY2
Pantera	A NEW LEVEL	C	MICRPOY2
Pantera	BECOMING	C	MICRPOY2
Pantera	CEMETERY GATES	C	MICRPOY2
Pantera	COWBOYS FROM HELL	C	MICRPOY2
Pantera	DOMINATION	C	MICRPOY2
Pantera	FUCKING HOSTILE	C	MICRPOY2
Pantera	HOLLOW	C	MICRPOY2
Pantera	I'M BROKEN	C	MICRPOY2
Pantera	MOUTH FOR WAR	C	MICRPOY2
Pantera	THIS LOVE	C	MICRPOY2
Pantera	WALK	C	MICRPOY2
Pantera	WAR NERVE	C	MICRPOY2
Paratiisin Varkaat	AJATUKSENI HARHAILEE ver2.1	C_O	MICRPOY2
Paratiisin Varkaat	APPELSIINIRAKEITA	C_O	MICRPOY2
Paratiisin Varkaat	IHMISSUSI	C_O	MICRPOY2
Pariisin Kevät	PIMEYDEN TANGO	C_O	MICRPOY2
Parra for Cuva ft Anna Naklab	WICKED GAMES	C	MICRPOY2
Pasi Kaunisto	KOILLISMAA	C_O	MICRPOY2
Pasi Kaunisto	MAA MUUTTUKOON	C	MICRPOY2
Pasi Kaunisto	NADJA NADJA	C	MICRPOY2
Pasi Kaunisto	NELOSTIE	C_O	MICRPOY2
Pat Benatar	FIRE AND ICE	C	MICRPOY2
Pat Benatar	HEARTBREAKER	C	MICRPOY2
Pat Benatar	HELL IS FOR CHILDREN	C	MICRPOY2
Pat Benatar	HIT ME WITH YOUR BEST SHOT	C	MICRPOY2
Pat Benatar	PROMISES IN THE DARK	C	MICRPOY2
Pat Benatar	SHADOWS OF THE NIGHT	C	MICRPOY2
Pat Boone	LOVE LETTERS IN THE SAND	C	MICRPOY2
Pate Mustajärvi	AJAN PÄIVIN AJAN ÖIN	C	MICRPOY2
Pate Mustajärvi	EI VIELÄ	C_O	MICRPOY2
Pate Mustajärvi	HEI ÄIJÄ	C	MICRPOY2
Pate Mustajärvi	JUKEBOXIN LUONA	C	MICRPOY2
Pate Mustajärvi	PAHAA VERTA (Häjyt 2)	C	MICRPOY2
Pate Mustajärvi	SUURI TULEVAISUUS	C_O	MICRPOY2
Pate Mustajärvi	SYNNYIMME LÄHTEMÄÄN	C	MICRPOY2
Pate Mustajärvi	TARJOAN KIERROKSEN	C	MICRPOY2
Patti LaBelle	LADY MARMALADE	C	MICRPOY2
Patti Smith	BECAUSE THE NIGHT	C	MICRPOY2
Patu ja Sen Kaveri	SUTSURELLAA	C_O	MICRPOY2
Paul Anka	DIANA	C	MICRPOY2
Paul Anka	DIANA (Down 3 Semitones)	C	MICRPOY2
Paul Anka	PAPA	C	MICRPOY2
Paul Anka	YOU ARE MY DESTINY	C	MICRPOY2
Paul McCartney	NO MORE LONELY NIGHTS	C	MICRPOY2
Paul McCartney	YOUNG BOY	C	MICRPOY2
Paul McCartney & Wings	ANOTHER DAY	C	MICRPOY2
Paul McCartney & Wings	BAND ON THE RUN	C	MICRPOY2
Paul McCartney & Wings	LISTEN WHAT THE MAN SAID	C	MICRPOY2
Paul McCartney & Wings	LIVE AND LET DIE	C	MICRPOY2
Paul McCartney & Wings	MY LOVE	C	MICRPOY2
Paul Oxley's Unit	SPANISH BARS	C_O	MICRPOY2
Paul Oxley's Unit	TERRY'S INSIDE	C_O	MICRPOY2
Paul Revere & The Raiders	INDIAN RESERVATION	C	MICRPOY2
Paula Koivuniemi	HEI BUONANOTTE	C	MICRPOY2
Paula Koivuniemi	ILMAN MINUA	C	MICRPOY2
Paula Koivuniemi	KUULEEKO YÖ	C	MICRPOY2
Paula Koivuniemi	MOSKOVA	C	MICRPOY2
Paula Koivuniemi	MUSTA TANGO	C_O	MICRPOY2
Paula Koivuniemi	PERHONEN	C	MICRPOY2
Paula Koivuniemi	TUMMAT SILMÄT RUSKEA TUKKA	C	MICRPOY2
Paula Vesala	SINUUN MINÄ JÄÄN ver2	C_O	MICRPOY2
Pauli Hanhiniemen Perunateatteri	IRWIN JA BADDING	C_O	MICRPOY2
Pauli Räsänen	KOTKAN RUUSU	C	MICRPOY2
Pave Maijanen	LÄHTISITKÖ	C	MICRPOY2
Pearl Jam	ANIMAL	C	MICRPOY2
Pearl Jam	DAUGHTER	C	MICRPOY2
Pearl Jam	EVEN FLOW	C	MICRPOY2
Pearl Jam	JEREMY	C	MICRPOY2
Pearl Jam	LAST KISS	C	MICRPOY2
Peer Günt	I DON'T WANNA BE A ROCK'N ROLL STAR	C_O	MICRPOY2
Peer Günt	LOSING MY MIND ver2	C_O	MICRPOY2
Peer Günt	YEARS ON THE ROAD ver2	C_O	MICRPOY2
Pehmoaino	HALUUN TAKAS MUN PERHOSET	C	MICRPOY2
Pehmoaino	MAASTA TAIVAASEEN	C	MICRPOY2
Pehmoaino	SUOJELUSENKELI	C	MICRPOY2
Pehmoaino	VALSSI	C	MICRPOY2
Pekka ja Susi	KARHUN ELÄMÄÄ ver2	C_O	MICRPOY2
Pekka Ruuska	MISSÄ OLET NYT KRISTIINA	C_O	MICRPOY2
Pekka Ruuska	MÄ TAHDON SUN ELÄMÄÄN	C	MICRPOY2
Pekka Ruuska	RAFAELIN ENKELI	C	MICRPOY2
Pelle Miljoona	HEI HEI HEI (AIKA MEITÄ ODOTA EI)	C_O	MICRPOY2
Pelle Miljoona	LANKA PALAA	C	MICRPOY2
Pelle Miljoona	MOOTTORITIE ON KUUMA	C	MICRPOY2
Pelle Miljoona	OLEN KAUNIS	C_O	MICRPOY2
Pelle Miljoona	TAHDON RAKASTELLA SINUA	C	MICRPOY2
Pelle Miljoona	TAHDON RAKASTELLA SINUA	C_O	MICRPOY2
Pentti Hietanen	PALJON SANOMATTA JÄÄ	C	MICRPOY2
Pentti Hietanen	YÖ VÄISTYY	C	MICRPOY2
Pepe Willberg	AAMU	C	MICRPOY2
Pepe Willberg	HERMES ver2	C_O	MICRPOY2
Pepe Willberg	ISÄNMAA ÄIDINTAIVAS	C_O	MICRPOY2
Pepe Willberg	JOS SÄ LÄHDET POIS	C	MICRPOY2
Pepe Willberg	KAIPUU (ANGEL OF THE MORNING)	C_O	MICRPOY2
Pepe Willberg	RÖÖPERIIN	C	MICRPOY2
Pet Shop Boys	IT'S A SIN	C	MICRPOY2
Pet Shop Boys	OPPORTUNITIES	C	MICRPOY2
Pet Shop Boys	RENT	C	MICRPOY2
Pete Parkkonen	MITÄ MINÄ SANOIN	C_O	MICRPOY2
Petri Laaksonen	HYVÄÄ MATKAA	C	MICRPOY2
Petri Laaksonen	TÄÄLLÄ POHJANTÄHDEN ALLA	C	MICRPOY2
Petri Nygård	SELVÄ PÄIVÄ	C	MICRPOY2
Petrus Schroderus	RAKASTAN SINUA ELÄMÄ	C	MICRPOY2
Phil Collins	AGAINST ALL ODDS (TAKE A LOOK AT ME NOW)	C	MICRPOY2
Phil Collins	ANOTHER DAY IN PARADISE	C	MICRPOY2
Phil Collins	IN THE AIR TONIGHT	C	MICRPOY2
Phil Collins	YOU CON'T HURRY LOVE	C	MICRPOY2
Philip Bailey and Phil Collins	EASY LOVER	C	MICRPOY2
Piano Singalong	I'M FOREVER BLOWING BUBBLES	C	MICRPOY2
Pihalla	OMENAPUU	C	MICRPOY2
Pikku G ft Sophia	ROMEO JA JULIA	C	MICRPOY2
Pilvi Hämäläinen	MON CHÉRI	C_O	MICRPOY2
Pink	I DON'T BELIEVE YOU	C	MICRPOY2
Pink & Nate Ruess	JUST GIVE ME A REASON	C	MICRPOY2
Pink Floyd	ANOTHER BRICK IN THE WALL	C	MICRPOY2
Pink Floyd	BRAIN DAMAGE ECLIPSE	C	MICRPOY2
Pink Floyd	COMFORTABLY NUMB	C	MICRPOY2
Pink Floyd	COMFORTABLY NUMB (Live)	C	MICRPOY2
Pink Floyd	GOODBYE BLUE SKY	C	MICRPOY2
Pink Floyd	HAVE A CIGAR	C	MICRPOY2
Pink Floyd	HEY YOU	C	MICRPOY2
Pink Floyd	HIGH HOPES	C	MICRPOY2
Pink Floyd	LEARNING TO FLY	C	MICRPOY2
Pink Floyd	LEARNING TO FLY	C	MICRPOY2
Pink Floyd	MONEY	C	MICRPOY2
Pink Floyd	SHINE ON YOU GRAZY DIAMOND	C	MICRPOY2
Pink Floyd	TIME	C	MICRPOY2
Pink Floyd	WISH YOU WERE HERE	C	MICRPOY2
Pirkka-Pekka Petelius	KAUNIITA KESÄPÄIVIÄ	C	MICRPOY2
Pirkka-Pekka Petelius	TRA LA LA	C	MICRPOY2
PMJJ (Pekka Myllykoski ja Jytäjemmarit)	VIEKÄÄ MINUT BAARIIN TAAS	C	MICRPOY2
PMMP	JOUTSENET	C_O	MICRPOY2
PMMP	KOVEMMAT KÄDET	C	MICRPOY2
POD	SCHOOL OF HARD KNOCKS	C	MICRPOY2
Poets of the Fall	CARNIVAL OF RUST ver2	C	MICRPOY2
Poets of the Fall	DAZE	C	MICRPOY2
Poets of the Fall	ILLUSION AND DREAMS ver2	C_O	MICRPOY2
Poets of the Fall	LIFT ver2	C	MICRPOY2
Poison	EVERY ROSE HAS ITS THORN	C	MICRPOY2
Poison	FALLEN ANGEL	C	MICRPOY2
Poison	I WANT ACTION	C	MICRPOY2
Poison	I WON'T FORGET YOU	C	MICRPOY2
Poison	LOOK WHAT THE CAT DRAGGED	C	MICRPOY2
Poison	SOMETHING TO BELIEVE IN	C	MICRPOY2
Poison	TALK DIRTY TO ME	C	MICRPOY2
Poison	UNSKINNY BOP	C	MICRPOY2
Poison	YOUR MAMMA DON'T DANCE	C	MICRPOY2
Poju & Chorale	KIPPAAMAAN	C_O	MICRPOY2
Polyteknikkojen kuoro	NÄLKÄMAAN LAULU	C	MICRPOY2
Popa Chubby	WORKING CLASS BLUES	C_O	MICRPOY2
Popeda	DA DA	C_O	MICRPOY2
Popeda	ELÄINTEN VALLANKUMOUS ver2	C_O	MICRPOY2
Popeda	HULAPALOO	C	MICRPOY2
Popeda	JOHN HOLMES	C	MICRPOY2
Popeda	KAKSKYTÄ CENTTIÄ	C	MICRPOY2
Popeda	KAKSKYTÄ CENTTIÄ	C	MICRPOY2
Popeda	KERSANTTI KAROLIINA	C	MICRPOY2
Popeda	KERSANTTI KAROLIINA	C	MICRPOY2
Popeda	KULMABAARIN KANTAKUNDI	C	MICRPOY2
Popeda	KUULAT SEKAISIN	C_O	MICRPOY2
Popeda	KUUMA KESÄ	C	MICRPOY2
Popeda	KUUMA KESÄ	C	MICRPOY2
Popeda	LIIAN KILTTI MIES	C	MICRPOY2
Popeda	MATKALLA ALABAMAAN	C	MICRPOY2
Popeda	MAYDAY MAYDAY	C_O	MICRPOY2
Popeda	MUSTAA	C	MICRPOY2
Popeda	MÄÄ JA TAPPARAN MIES	C	MICRPOY2
Popeda	ONHAN PÄIVÄ VIELÄ HUOMENNAKIN	C_O	MICRPOY2
Popeda	PALLE AND THE BOYS	C	MICRPOY2
Popeda	PUNAISTA JA MAKEAA	C	MICRPOY2
Popeda	RASWAA KONEESEEN	C_O	MICRPOY2
Popeda	REINO	C	MICRPOY2
Popeda	REPE JA LISSU	C	MICRPOY2
Popeda	SEN KUNNIAKSI	C	MICRPOY2
Popeda	SUURET SETELIT ver2	C_O	MICRPOY2
Popeda	UKKOMETSO	C	MICRPOY2
Popeda	YHÄ VIRTAA DON	C	MICRPOY2
Popeda	YÖ	C	MICRPOY2
Portion Boys	ELÄMÄN ABC ver2	C_O	MICRPOY2
Portion Boys	JOULU TAKAS	C	MICRPOY2
Portion Boys	MIELENI PAHOTIN	C	MICRPOY2
Portion Boys	NÄIHIN HOMMIIN EI SYNNYTÄ	C	MICRPOY2
Portion Boys	PUMPPAA	C	MICRPOY2
Portion Boys	SÄ ET OLE YKSIN	C_O	MICRPOY2
Portion Boys	VAPPUPALLO	C	MICRPOY2
Portion Boys & Kake Randelin	JUHANNUSYÖ	C_O	MICRPOY2
Portion Boys & Matti ja Teppo	VAUHTI KIIHTYY	C	MICRPOY2
Postm Jukebox	NEVER GONNA GIVE YOU UP	C	MICRPOY2
Primus	TOO MANY PUPPIES	C	MICRPOY2
Primus	WYNONA'S BIG BROWN BEAVER	C_O	MICRPOY2
Primus	WYNONA'S BIG BROWN BEAVER <==	C	MICRPOY2
Problems	EI TÄÄ LAMA PÄÄHÄN KÄY	C_O	MICRPOY2
Problems	MAANANTAI	C_O	MICRPOY2
Procol Harum	A WHITER SHADE OF PALE	C	MICRPOY2
Protoni	TYTTÖRUKKA	C	MICRPOY2
Public Enemy ft Anthrax	BRING THA NOIZE	C	MICRPOY2
Pulkkinen	RUUSULAULU	C	MICRPOY2
Puolikuu	MAKEAA MYRKKYÄ	C	MICRPOY2
PVVMSK 1 16 AUK	TÄHÄN ON HYVÄ LOPETTAA	C	MICRPOY2
Pyhimys	JÄTTILÄINEN	C	MICRPOY2
Päivi Portaankorva	BALLADI ELOKUVASTA KLAANI	C	MICRPOY2
Pää Kii	SÄ VEIT MUN LEVYT KIRPPARILLE	C	MICRPOY2
Queen	ANOTHER ONE BITES THE DUST	C	MICRPOY2
Queen	ANOTHER ONE BITES THE DUST	C	MICRPOY2
Queen	BOHEMIAN RHAPSODY	C	MICRPOY2
Queen	BREAKTHRU	C	MICRPOY2
Queen	CRAZY LITTLE THING CALLED LOVE	C	MICRPOY2
Queen	DEATH ON TWO LEGS	C	MICRPOY2
Queen	DON'T STOP ME NOW	C	MICRPOY2
Queen	FACE IT ALONE	C	MICRPOY2
Queen	I WANT TO BREAK FREE	C	MICRPOY2
Queen	I WAS BORN TO LOVE YOU	C	MICRPOY2
Queen	I'M GOING SLIGHTLY MAD	C	MICRPOY2
Queen	IN THE LAP OF THE GODS REVISITED	C	MICRPOY2
Queen	INNUENDO	C	MICRPOY2
Queen	KILLER QUEEN	C	MICRPOY2
Queen	LAZING ON A SUNDAY AFTERNOON	C	MICRPOY2
Queen	LET ME ENTERTAIN YOU	C	MICRPOY2
Queen	LOVE OF MY LIFE	C	MICRPOY2
Queen	ONE YEAR OF LOVE	C	MICRPOY2
Queen	PRINCES OF THE UNIVERSE	C	MICRPOY2
Queen	QUEEN (medley I 2 songs)	C	MICRPOY2
Queen	QUEEN (medley II 3 songs)	C	MICRPOY2
Queen	QUEEN (medley III 3 songs)	C	MICRPOY2
Queen	RADIO GA GA	C	MICRPOY2
Queen	SOMEBODY TO LOVE	C	MICRPOY2
Queen	SPREAD YOUR WINGS	C	MICRPOY2
Queen	TEAR IT UP	C	MICRPOY2
Queen	THE SHOW MUST GO ON	C	MICRPOY2
Queen	WANT TO BREAK FREE	C	MICRPOY2
Queen	WE ARE THE CHAMPIONS	C	MICRPOY2
Queen	WE WILL ROCK YOU	C	MICRPOY2
Queen	WHO WANTS TO LIVE FOREVER	C	MICRPOY2
Queen	YOU'RE MY BEST FRIEND	C	MICRPOY2
Queensrÿche	ANOTHER RAINY NIGHT	C	MICRPOY2
Queensrÿche	DELLA BROWN	C	MICRPOY2
Queensrÿche	EMPIRE	C	MICRPOY2
Queensrÿche	EYES OF A STRANGER	C	MICRPOY2
Queensrÿche	I DON'T BELIEVE IN LOVE	C	MICRPOY2
Queensrÿche	JET CITY WOMAN	C	MICRPOY2
Queensrÿche	QUEEN OF THE REICH	C	MICRPOY2
Queensrÿche	SILENT LUCIDITY	C	MICRPOY2
Queensrÿche	TAKE HOLD OF THE FLAME	C	MICRPOY2
Quiet Riot	COME ON FEEL THE NOISE	C	MICRPOY2
Quiet Riot	MAMA WEER ALL CRAZEE NOW	C	MICRPOY2
Quiet Riot	METAL HEALTH (BANG YOUR HEAD)	C	MICRPOY2
Quiet Riot	SLICK BLACK CADILLAC	C	MICRPOY2
Raaka-aine	MIEHEN TYÖ ver2	C_O	MICRPOY2
Radio Millenium	EI ENÄÄ PELITÄ	C	MICRPOY2
Radiohead	CREEP	C	MICRPOY2
Rage Against The Machine	GUERRILLA RADIO	C	MICRPOY2
Rage Against The Machine	HOW I COULD JUST KILL A MAN	C	MICRPOY2
Rage Against The Machine	KILLING IN THE NAME	C	MICRPOY2
Rage Against The Machine	RENEGADES OF FUNK	C	MICRPOY2
Rage Against The Machine	TESTIFY	C	MICRPOY2
Raimo Piipponen & Tulipunaruusut	SILMÄT KUIN TÄHDET	C_O	MICRPOY2
Rain Paris ft Rihanna	S&M	C_O	MICRPOY2
Rainbow	CAN'T HAPPEN HERE	C	MICRPOY2
Rainbow	I SURRENDER	C	MICRPOY2
Rainbow	MAN ON THE SILVER MOUNTAIN	C	MICRPOY2
Rainbow	SINCE YOU'VE BEEN GONE	C	MICRPOY2
Rainbow	STARGAZER	C	MICRPOY2
Rainbow	STONE COLD	C	MICRPOY2
Rainbow	STREET OF DREAMS	C	MICRPOY2
Rainbow	TEMPLE OF THE KING	C	MICRPOY2
Rainer Bollström	NYT SEN TEEN	C_O	MICRPOY2
Rainer Bollström	SYTTYY JA RÄJÄHTÄÄ	C_O	MICRPOY2
Rainer Friman	LINNUT	C	MICRPOY2
Rainer Friman	SINÄ ILTANA TÄHDET	C	MICRPOY2
Rainer Friman	VIRTA VIE VIRTA TUO	C	MICRPOY2
Ralph McTell	STREETS OF LONDON	C	MICRPOY2
Rammstein	AMERIKA (ger)	C_U	MICRPOY2
Rammstein	DEUTCHLAND (ger)	C_U	MICRPOY2
Rammstein	DU HAST (English ver)	C_U	MICRPOY2
Rammstein	DU HAST (ger)	C_U	MICRPOY2
Rammstein	ENGEL (ger)	C_U	MICRPOY2
Rammstein	FEUER FREI (ger)	C_U	MICRPOY2
Rammstein	ICH WILL (ger)	C_U	MICRPOY2
Rammstein	OHNE DICH	C_U	MICRPOY2
Rammstein	SONNE (ger)	C_U	MICRPOY2
Ramones	BLITZKRIEG BOP	C	MICRPOY2
Ramones	I WANNA BE SEDATED	C	MICRPOY2
Ramones	PET SEMATARY	C	MICRPOY2
Ramones	ROCK 'N' ROLL HIGH SCHOOL	C	MICRPOY2
Ramones	SHEENA IS A PUNK ROCKER	C	MICRPOY2
Ramones	THE KKK TOOK MY BABY AWAY	C	MICRPOY2
Ramses II	VILLIELÄIN	C	MICRPOY2
Ramses II	VILLIELÄIN ver2	C_O	MICRPOY2
Raskasta Iskelmää	AJETAAN TANDEMILLA	C_O	MICRPOY2
Raskasta Iskelmää	KESÄKATU	C_O	MICRPOY2
Raskasta Iskelmää	MÄ ELÄN VIELÄKIN	C_O	MICRPOY2
Raskasta Iskelmää	RAKKAUDEN JÄLKEEN	C_O	MICRPOY2
Raskasta Iskelmää	VASTEN AURINGON SILTAA	C_O	MICRPOY2
Raskasta Joulua	TULKOON JOULU	C	MICRPOY2
Ratt	BACK FOR MORE	C	MICRPOY2
Ratt	LACK OF COMMUNICATION	C	MICRPOY2
Ratt	LAY IT DOWN	C	MICRPOY2
Ratt	ROUND AND ROUND	C	MICRPOY2
Ratt	WAY COOL JR	C	MICRPOY2
Rauli Badding Somerjoki	AAMUÖISEEN SATEESEEN	C	MICRPOY2
Rauli Badding Somerjoki	ANTAUDUN RAKKAIN	C	MICRPOY2
Rauli Badding Somerjoki	ARPISET HAAVAT	C	MICRPOY2
Rauli Badding Somerjoki	BENSAA SUONISSA	C	MICRPOY2
Rauli Badding Somerjoki	HÄMÄRÄN PRINSESSA	C_O	MICRPOY2
Rauli Badding Somerjoki	IKKUNAPRINSESSA	C	MICRPOY2
Rauli Badding Somerjoki	ILLAN VARJOON HIMMEÄÄN	C	MICRPOY2
Rauli Badding Somerjoki	JA ROKKI SOI	C	MICRPOY2
Rauli Badding Somerjoki	JYKEVÄÄ ON RAKKAUS	C	MICRPOY2
Rauli Badding Somerjoki	LAIVAT	C	MICRPOY2
Rauli Badding Somerjoki	MARI NAAPURIN HÄNEN VIIMEISIN	C_O	MICRPOY2
Rauli Badding Somerjoki	MIKSET NUKU SISKO PIENI	C_O	MICRPOY2
Rauli Badding Somerjoki	MUISTA HYVIÄ AIKOJA	C_O	MICRPOY2
Rauli Badding Somerjoki	MÄ HALUAN SUN	C_O	MICRPOY2
Rauli Badding Somerjoki	NUORI RAKKAUS	C	MICRPOY2
Rauli Badding Somerjoki	OMISTA MINUT	C_O	MICRPOY2
Rauli Badding Somerjoki	PILVET KARKAA NIIN MINÄKN	C	MICRPOY2
Rauli Badding Somerjoki	SULAMITH	C	MICRPOY2
Rauli Badding Somerjoki	SUON KULKIJA	C_O	MICRPOY2
Rauli Badding Somerjoki	SYDÄMESSÄIN	C	MICRPOY2
Rauli Badding Somerjoki	TÄHDET TÄHDET	C	MICRPOY2
Rauli Badding Somerjoki	YÖLINJALLA	C	MICRPOY2
Red Hot Chili Peppers	AEROPLANE	C	MICRPOY2
Red Hot Chili Peppers	AROUND THE WORLD	C	MICRPOY2
Red Hot Chili Peppers	BY THE WAY	C	MICRPOY2
Red Hot Chili Peppers	CABRON	C	MICRPOY2
Red Hot Chili Peppers	CALIFORNICATION	C	MICRPOY2
Red Hot Chili Peppers	DANI CALIFORNIA	C	MICRPOY2
Red Hot Chili Peppers	DARK NECESSITIES	C	MICRPOY2
Red Hot Chili Peppers	DESECRATION SMILE	C	MICRPOY2
Red Hot Chili Peppers	DOSED	C	MICRPOY2
Red Hot Chili Peppers	EASILY	C	MICRPOY2
Red Hot Chili Peppers	GO ROBOT	C	MICRPOY2
Red Hot Chili Peppers	HUMP DE BUMP	C	MICRPOY2
Red Hot Chili Peppers	I COULD HAVE LIED	C	MICRPOY2
Red Hot Chili Peppers	OTHERSIDE	C	MICRPOY2
Red Hot Chili Peppers	PORCELAIN	C	MICRPOY2
Red Hot Chili Peppers	PURPLE STAIN	C	MICRPOY2
Red Hot Chili Peppers	SCAR TISSUE	C	MICRPOY2
Red Hot Chili Peppers	SNOW (HEY OH)	C	MICRPOY2
Red Hot Chili Peppers	SOUL TO SQUEEZE	C	MICRPOY2
Red Hot Chili Peppers	STADIUM ARCADIUM	C_O	MICRPOY2
Red Hot Chili Peppers	UNDER THE BRIDGE	C	MICRPOY2
Red Peters	THE CLOSING SONG	C	MICRPOY2
Rednex	WISH YOU WERE HERE	C	MICRPOY2
Reijo Kallio	JOS TÄMÄN LAULUN KUULET	C	MICRPOY2
Reijo Kallio	LAULUNI SINULLE	C_O	MICRPOY2
Reijo Taipale	HELMENKALASTAJA	C	MICRPOY2
Reijo Taipale	HILJAINEN KYLÄTIE	C	MICRPOY2
Reijo Taipale	JÄI YÖSTÄ MUISTO VAIN	C	MICRPOY2
Reijo Taipale	KATSELEN TÄHTIMERTA	C_O	MICRPOY2
Reijo Taipale	KAUKAINEN YSTÄVÄ	C	MICRPOY2
Reijo Taipale	KUPARINEN TÄYSIKUU	C	MICRPOY2
Reijo Taipale	RAKKAUDEN SATU	C	MICRPOY2
Reijo Taipale	SAMMUNUT NUOTIO	C	MICRPOY2
Reijo Taipale	SATUMAA	C	MICRPOY2
Reijo Taipale & Kari Tapio	ELÄMÄN VIRTA	C	MICRPOY2
Reino Helismaa	MEKSIKON PIKAJUNA	C	MICRPOY2
Reino Helismaa	RAKOVALKEALLA	C	MICRPOY2
Reino Nordin	ANTAUDUN	C	MICRPOY2
REM	EVERYBODY HURTS	C	MICRPOY2
REM	LOSING MY RELIGION	C	MICRPOY2
Remontoidut iskelmät	KAIKEN TAKANA ON NAINEN	C	MICRPOY2
Remontoidut iskelmät	KUURANKUKKA	C	MICRPOY2
Remontoidut iskelmät	MENOLIPPU	C	MICRPOY2
Replay Suomi Mania	HETKI LYÖ	C	MICRPOY2
Replay Suomi Mania	KUUMA KESÄ	C	MICRPOY2
Replay Suomi Mania	LEIJAT	C	MICRPOY2
Replay Suomi Mania	LEVOTON TUHKIMO	C	MICRPOY2
Replay Suomi Mania	MINTTU SEKÄ VILLE	C	MICRPOY2
Replay Suomi Mania	MOMBASA	C	MICRPOY2
Replay Suomi Mania	MOOTTORITIE ON KUUMA	C	MICRPOY2
Replay Suomi Mania	ODOTA	C	MICRPOY2
Replay Suomi Mania	PITKÄ KUUMA KESÄ	C	MICRPOY2
Replay Suomi Mania	ROMEO JA JULIA	C	MICRPOY2
Replay Suomi Mania	TAHDON RAKASTELLA SINUA	C	MICRPOY2
Replay Suomi Mania	VOLGA	C	MICRPOY2
Ressu Redford	KUKA ON SE OIKEA	C_O	MICRPOY2
Ressu Redford	SAUMAA	C_O	MICRPOY2
Ressu Redford	ÄLÄ MEE	C	MICRPOY2
Retropop	IEVAN POLKKA	C_O	MICRPOY2
Revolution Renaissance	I DID IT MY WAY	C	MICRPOY2
Rexi	NAISEKSI MUUTUT NIIN	C_O	MICRPOY2
Rexi	PUHTAAT PURJEET	C	MICRPOY2
Richard Marx	RIGHT HERE WAITING	C	MICRPOY2
Rick Astley	NEVER GONNA GIVE YOU UP	C	MICRPOY2
Rihanna	DIAMONDS	C	MICRPOY2
Rihanna	RUDE BOY	C	MICRPOY2
Rihanna	UMBRELLA	C	MICRPOY2
Rihanna ft Jay Z	UMBRELLA	C	MICRPOY2
Rihanna ft Mikky Ekko	STAY	C	MICRPOY2
Riki Sorsa	HALKI MAAILMAN	C_O	MICRPOY2
Riki Sorsa	SILMIISI SUN	C_O	MICRPOY2
Riku Koski	SININEN ENKELI ver2	C_O	MICRPOY2
Rise Against	GIVE IT ALL	C	MICRPOY2
Ritchie Valens	LA BAMBA (spa)	C_U	MICRPOY2
Rob Zombie	DEMON SPEEDING	C	MICRPOY2
Rob Zombie	DRAGULA	C	MICRPOY2
Rob Zombie	LIVING DEAD GIRL	C	MICRPOY2
Rob Zombie	NEVER GONNA STOP	C	MICRPOY2
Robbie Williams	ANGELS	C	MICRPOY2
Robbie Williams	FEEL	C	MICRPOY2
Robbie Williams	SUPREME	C	MICRPOY2
Robert Palmer	ADDICTED TO LOVE	C	MICRPOY2
Robin Packalen	1001 TAPAA	C_O	MICRPOY2
Robin Packalen	HÄITÄ PIDELLY	C_O	MICRPOY2
Robin Packalen	IHAN HELMI	C	MICRPOY2
Rocketman (Taron Egerton)	I'M STILL STANDING	C	MICRPOY2
Rockwell	SOMEBODY'S WATCHING ME	C	MICRPOY2
Rod Stewart	DO YA THINK I'M SEXY	C	MICRPOY2
Rod Stewart	I DON'T WANT TO TALK ABOUT IT	C	MICRPOY2
Rod Stewart	I'M IN THE MOOD FOR LOVE	C	MICRPOY2
Rod Stewart	SAILING	C	MICRPOY2
Romeo Void	NEVER SAY NEVER	C	MICRPOY2
Ronnie James Dio	HOLY DIVER	C	MICRPOY2
Ronny and The Loafers	SE JOKIN SINULLA ON	C_O	MICRPOY2
Roope Salminen & Koirat ft Ellinoora	TANSSI SE ULOS	C_O	MICRPOY2
Ross Antony	YMCA	C	MICRPOY2
Roxette	FADING LIKE A FLOWER	C	MICRPOY2
Roxette	LISTEN TO YOUR HEART	C	MICRPOY2
Roxette	SLEEPING IN MY CAR	C	MICRPOY2
Roxette	THE LOOK	C	MICRPOY2
Roxy Music	AVALON	C	MICRPOY2
Roy Orbison	CALIFORNIA BLUE	C	MICRPOY2
Roy Orbison	OH PRETTY WOMAN	C	MICRPOY2
Rudi	TAIVAS SAA ODOTTAA	C_O	MICRPOY2
Rush	CLOSER TO THE HEART	C	MICRPOY2
Rush	FLY BY NIGHT	C	MICRPOY2
Rush	FREEWILL	C	MICRPOY2
Rush	LIMELIGHT	C	MICRPOY2
Rush	NEW WORLD MAN	C	MICRPOY2
Rush	RED BARCHETTA	C	MICRPOY2
Rush	SUBDIVISIONS	C	MICRPOY2
Rush	THE SPIRIT OF RADIO	C	MICRPOY2
Rush	TOM SAWYER	C	MICRPOY2
Ruusut	4321	C	MICRPOY2
Räpfaija	OMAN KYLÄN BOMBERIT	C_O	MICRPOY2
Saara Suvanto	LÄHELLÄ SYDÄNTÄNI	C_O	MICRPOY2
Sabaton	1916	C	MICRPOY2
Sabaton	40_1	C	MICRPOY2
Sabaton	ACES IN EXILE	C	MICRPOY2
Sabaton	ANGELS CALLING	C	MICRPOY2
Sabaton	BACK IN CONTROL	C	MICRPOY2
Sabaton	BISMARCK	C	MICRPOY2
Sabaton	BLOOD OF BANNOCKBURN	C	MICRPOY2
Sabaton	CAMOUFLAGE	C	MICRPOY2
Sabaton	CAROLUS REX	C	MICRPOY2
Sabaton	CHRISTMAS TRUCE	C	MICRPOY2
Sabaton	COAT OF ARMS	C	MICRPOY2
Sabaton	COUNTERSTRIKE	C	MICRPOY2
Sabaton	DEFENCE OF MOSCOW	C	MICRPOY2
Sabaton	DREADNOUGHT	C	MICRPOY2
Sabaton	FATHER	C	MICRPOY2
Sabaton	FIELDS OF VERDUN	C	MICRPOY2
Sabaton	FOR WHOM THE BELL TOLLS	C	MICRPOY2
Sabaton	GHOST DIVISION	C	MICRPOY2
Sabaton	GOT MIT UNS (English ver.)	C	MICRPOY2
Sabaton	GREAT WAR	C	MICRPOY2
Sabaton	HORDES OF KHAN	C	MICRPOY2
Sabaton	IN THE ARMY NOW	C	MICRPOY2
Sabaton	KINDOM COME	C	MICRPOY2
Sabaton	LADY OF THE DARK	C	MICRPOY2
Sabaton	LAST DYING BREATH	C	MICRPOY2
Sabaton	METAL RIPPER	C	MICRPOY2
Sabaton	NIGHT WITCHES	C	MICRPOY2
Sabaton	NO BULLETS FLY	C	MICRPOY2
Sabaton	PANZER BATTALION	C	MICRPOY2
Sabaton	PRIMO VICTORIA	C	MICRPOY2
Sabaton	RACE TO THE SEA	C	MICRPOY2
Sabaton	RORKE'S DRIFT	C	MICRPOY2
Sabaton	SARAJEVO	C	MICRPOY2
Sabaton	SHIROYAMA	C	MICRPOY2
Sabaton	SMOKING SNAKE	C	MICRPOY2
Sabaton	SOLDIER OF HEAVEN	C	MICRPOY2
Sabaton	SPARTA	C	MICRPOY2
Sabaton	STEEL COMMANDERS	C	MICRPOY2
Sabaton	STORMTROOPERS	C	MICRPOY2
Sabaton	SWEDISH PAGANS	C	MICRPOY2
Sabaton	TEMPLARS	C	MICRPOY2
Sabaton	THE ART OF WAR	C	MICRPOY2
Sabaton	THE ATTACK OF THE DEAD MEN	C	MICRPOY2
Sabaton	THE BALLAD OF BULL	C	MICRPOY2
Sabaton	THE END OF THE WAR TO END ALL WARS	C	MICRPOY2
Sabaton	THE FIRST SOLDIER	C	MICRPOY2
Sabaton	THE FUTURE OF WARFARE	C	MICRPOY2
Sabaton	THE LAST BATTLE	C	MICRPOY2
Sabaton	THE LAST STAND	C	MICRPOY2
Sabaton	THE LION FROM THE NORTH	C	MICRPOY2
Sabaton	THE LOST BATTALION	C	MICRPOY2
Sabaton	THE PRICE OF A MILE	C	MICRPOY2
Sabaton	THE RED BARON	C	MICRPOY2
Sabaton	THE UNKILLABLE SOLDIER	C	MICRPOY2
Sabaton	TO HELL AND BACK	C	MICRPOY2
Sabaton	VERSAILLES	C	MICRPOY2
Sabaton	WE BURN	C	MICRPOY2
Sabaton	WINGED HUSSARS	C	MICRPOY2
Sakari Kuosmanen	FINLANDIA	C_O	MICRPOY2
Sakari Kuosmanen	KAPPALE KAUNEINTA SUOMEA	C	MICRPOY2
Salvatore Ganacci	TAKE ME TO AMERICA	C	MICRPOY2
Sam Brown	STOP	C	MICRPOY2
Sam Smith	I'M NOT THE ONLY ONE	C	MICRPOY2
Samae Koskinen	HYVÄ PÄIVÄ	C_O	MICRPOY2
Sammy Babitzin	DAA DA DAA DA	C	MICRPOY2
Sammy Hagar	HEAVY METAL	C	MICRPOY2
Sammy Hagar	I CAN'T DRIVE 55	C	MICRPOY2
Sammy Hagar	LITTLE WHITE LIE	C	MICRPOY2
Sammy Hagar	THERE'S ONLY ONE WAY TO ROCK	C	MICRPOY2
Sammy Hagar	YOUR LOVE IS DRIVING ME CRAZY	C	MICRPOY2
Samu Haber	HILJAISUUS	C_O	MICRPOY2
Samu Haber	SYÖDÄÄN SIENIÄ	C_O	MICRPOY2
Samuli Edelmann	AVARUUS	C	MICRPOY2
Samuli Edelmann	IHANA ILTA	C_O	MICRPOY2
Samuli Edelmann	PEGGY	C	MICRPOY2
Samuli Edelmann	SIELLÄKIN ON JOULU	C	MICRPOY2
Samuli Edelmann	SINUN SILMIESI TÄHDEN	C_O	MICRPOY2
Samuli Edelmann & Kata Mansikka-aho	LEVOTTOMAT	C	MICRPOY2
Sandra	IN THE HEAT OF THE NIGHT	C	MICRPOY2
Sanna ja Lapset	PIENI MURHAPOLTTAJA	C_O	MICRPOY2
Sanni	VAHINKO	C	MICRPOY2
Santana	BLACK MAGIC WOMAN	C	MICRPOY2
Santana	EVIL WAYS	C	MICRPOY2
Santana Ft Maná	CORAZÓN ESPINADO	C_U	MICRPOY2
Sara Siipola	RAKASTA MUA RAKASTA MUA RAKASTA	C	MICRPOY2
Sara Siipola	ROHKEE SYDÄN	C_O	MICRPOY2
Sara Siipola	SANAT JOTKA JÄI SANOMATTA	C	MICRPOY2
Sara Siipola	TYHJII LUPAUKSII	C_O	MICRPOY2
Sara Siipola ft Sexmane	JUOSTAAN	C_O	MICRPOY2
Sarah Menescal	STAND BY ME	C	MICRPOY2
Sarah Vaughan	BLACK COFFEE	C	MICRPOY2
Saska Helmikallio	KAKSI VARJOA ver2	C_O	MICRPOY2
Sauli Lehtonen	MUN AIKA MENNÄ ON	C	MICRPOY2
Savatage	EDGE OF THORNS	C	MICRPOY2
Scandal (Patty Smyth)	GOODBYE TO YOU	C	MICRPOY2
Scooter	HOW MUCH IS THE FISH	C	MICRPOY2
Scooter	I'M RAVING	C	MICRPOY2
Scorpions	ALWAYS SOMEWHERE	C	MICRPOY2
Scorpions	BIG CITY NIGHTS	C	MICRPOY2
Scorpions	HOLIDAY	C	MICRPOY2
Scorpions	NO ONE LIKE YOU	C	MICRPOY2
Scorpions	ROCK YOU LIKE A HURRICANE	C	MICRPOY2
Scorpions	SEND ME AN ANGEL	C	MICRPOY2
Scorpions	STILL LOVING YOU	C	MICRPOY2
Scorpions	THE ZOO	C	MICRPOY2
Scorpions	WHEN THE SMOKE IS GOING DOWN	C	MICRPOY2
Scorpions	WIND OF CHANGE	C	MICRPOY2
Scott & Brendo	NORTHWEST	C	MICRPOY2
Scott McKenzie	SAN FRANCISCO (BE SURE TO WEAR SOME FLOWERS IN YOUR HAIR)	C	MICRPOY2
Secret Service	FLASH IN THE NIGHT	C	MICRPOY2
Seether	CARELESS WHISPER	C	MICRPOY2
Seija Simola	KUN AIKA ON	C	MICRPOY2
Seitsemän Seinähullua Veljestä	HASTA LA VISTA ver2	C_O	MICRPOY2
Seitsemän Seinähullua Veljestä	HAUSKA TAPPA VANHA TUTTU	C_O	MICRPOY2
Seitsemän Seinähullua Veljestä	LUMIKKI-JENKKA	C_O	MICRPOY2
Seitsemän Seinähullua Veljestä	MIKÄ PUSEROSSA PULLOTTAA	C_O	MICRPOY2
Sentenced	EXCUSE ME WHILE I KILL MYSELF	C	MICRPOY2
Sentenced	EXCUSE ME WHILE I KILL MYSELF	C	MICRPOY2
Sentenced	KILLING ME KILLING YOU	C	MICRPOY2
Sentenced	NOOSE	C	MICRPOY2
Sepi Kumpulainen	KÄNNISSÄ ON KIVA OLLA	C	MICRPOY2
Seppo Närhi	AINOO	C_O	MICRPOY2
Seppo Närhi	EKAN LUOKAN RANDEVUU ver2	C_O	MICRPOY2
Seppo Närhi	KUPIN KAHVIA KAI JOIS	C_O	MICRPOY2
Seppo Närhi	KUULUT TAIVAALLE VAIN	C_O	MICRPOY2
Seppo Närhi	MINÄ SEKÄ TOI KUU	C_O	MICRPOY2
Seppo Närhi	NAISEN VERRAN ver2	C_O	MICRPOY2
Seppo Närhi	TAKKI POIS ver2	C_O	MICRPOY2
Sergio Endrigo	IO CHE AMO SOLO TE (ita)	C_U	MICRPOY2
Sevendust	BLACK	C	MICRPOY2
Shakira	GYPSY	C	MICRPOY2
Shakira	SUERTE (spa)	C_U	MICRPOY2
Shakira	TE AVISO TE ANUNCIO (spa)	C_U	MICRPOY2
Shania Twain	MAN! FEEL LIKE A WOMAN!	C	MICRPOY2
Shawn Mendes and Camila Cabello	SEÑORITA	C	MICRPOY2
Sherbet	HOWZAT	C	MICRPOY2
Shocking Blue	VENUS	C	MICRPOY2
Showaddywaddy	HEARTBEAT	C	MICRPOY2
Showaddywaddy	HEY ROCK AND ROLL	C	MICRPOY2
Showaddywaddy	I WONDER WHY	C	MICRPOY2
Sia	CHANDELIER	C	MICRPOY2
Sia	MOVE YOUR BODY	C	MICRPOY2
SiameseCat	LA ISLA BONITA	C	MICRPOY2
SiameseCat	WHAT'S UP	C	MICRPOY2
Sid Vicious	MY WAY	C	MICRPOY2
Sielun Veljet	KANOOTTILAULU	C_O	MICRPOY2
Sielun Veljet	PELTIRUMPU	C	MICRPOY2
SIG	LUDWIG VAN BEETHOVEN	C_O	MICRPOY2
SIG	METSURIN KOIRA	C	MICRPOY2
SIG	TIINA MENEE NAIMISIIN	C_O	MICRPOY2
SIG	VUOSISADAN RAKKAUSTARINA	C_O	MICRPOY2
Simo Salminen	PORNOLAULU	C	MICRPOY2
Simon & Garfunkel	EL CONDOR PASA	C	MICRPOY2
Simon & Garfunkel	MRS ROBINSON	C	MICRPOY2
Simon & Garfunkel	THE BOXER	C	MICRPOY2
Simon & Garfunkel	THE SOUND OF SILENCE	C	MICRPOY2
Simon & Garfunkel	THE SOUND OF SILENCE (Slow)	C	MICRPOY2
Simple Minds	DON'T YOU (FORGET ABOUT ME)	C	MICRPOY2
Simply Red	FAIRGROUND	C	MICRPOY2
Sinead O'Connor	NOTHING COMPARES 2 U	C	MICRPOY2
Siouxsie and The Banshees	KISS THEM FOR ME	C	MICRPOY2
Sir Elwoodin hiljaiset värit	KATSO TÄHTIÄ	C_O	MICRPOY2
Sir Elwoodin hiljaiset värit	NEITI KEVÄT	C_O	MICRPOY2
Sir Elwoodin hiljaiset värit	VIIMEISELLÄ RANNALLA	C_O	MICRPOY2
Sir Elwoodin hiljaiset värit	ÄLÄ ITKE	C_O	MICRPOY2
Sir Elwoodin hiljaiset värit	ÄLÄ MEE	C_O	MICRPOY2
Skid Row	I REMEMBER YOU	C	MICRPOY2
Skid Row	MONKEY BUSINESS	C	MICRPOY2
Skid Row	WASTED TIME	C	MICRPOY2
Skid Row	YOUTH GONE WILD	C	MICRPOY2
Skin	RAG'N'BONE MAN	C	MICRPOY2
Slade	COZ I LUV YOU	C	MICRPOY2
Slade	CUM ON FEEL THE NOIZE	C	MICRPOY2
Slade	FAR FAR AWAY	C	MICRPOY2
Slade	MERRY XMAS EVERYBODY	C	MICRPOY2
Slaughter	FLY TO THE ANGELS	C	MICRPOY2
Slaughter	UP ALL NIGHT	C	MICRPOY2
Slayer	SEASONS IN THE ABYSS	C	MICRPOY2
Sleepy Sleepers	EI OO KIOSKILLA NAKKEJA (Keep On Knocking)	C_O	MICRPOY2
Sleepy Sleepers	KAKKA KEPPONEN	C_O	MICRPOY2
Sleepy Sleepers	KERRAN KOIN MÄ RAKKAUDEN (Tell Him)	C_O	MICRPOY2
Sleepy Sleepers	KUKA MITÄ HÄH	C	MICRPOY2
Sleepy Sleepers	LINDA KERRO HINTA ver2	C_O	MICRPOY2
Sleepy Sleepers	PIHIPOIKA	C_O	MICRPOY2
Sleepy Sleepers	RAPULA PLUUSI ver2	C_O	MICRPOY2
Sleepy Sleepers	URPON PALLO	C_O	MICRPOY2
Slipknot	BEFORE I FORGET	C	MICRPOY2
Slipknot	DUALITY	C	MICRPOY2
Slipknot	PSYCHOSOCIAL	C	MICRPOY2
Slipknot	SNUFF	C	MICRPOY2
Slipknot	WAIT AND BLEED	C	MICRPOY2
Smokie	DON'T PLAY YOUR ROCK'N ROLL TO ME	C	MICRPOY2
Smokie	IF YOU THINK YOU KNOW HOW TO LOVE ME	C	MICRPOY2
Smokie	LAY BACK IN THE ARMS OF SOMEONE	C	MICRPOY2
Smokie	LIVING NEXT DOOR TO ALICE	C	MICRPOY2
Softengine	YELLOW HOUSE	C	MICRPOY2
Solistiyhtye Suomi	AUTOTYTTÖ	C	MICRPOY2
Solistiyhtye Suomi	ELÄMÄN TSA TSA TSA	C_O	MICRPOY2
Solistiyhtye Suomi	LINDA LINDA	C_O	MICRPOY2
Sonata Arctica	FULLMOON	C	MICRPOY2
Sonata Arctica	LAST DROP FALLS	C	MICRPOY2
Sonata Arctica	MY LAND	C	MICRPOY2
Sonata Arctica	PAID IN FULL	C	MICRPOY2
Sonata Arctica	SHAMANDALIE (väri ei vaihdu)	C	MICRPOY2
Sonata Arctica	SHY	C	MICRPOY2
Sonata Arctica	TALLULAH	C	MICRPOY2
Sonata Arctica	THE MISERY	C	MICRPOY2
Sonata Arctica	VICTORIA'S SECRET	C	MICRPOY2
Sonja Lumme	ELÄKÖÖN ELÄMÄ	C	MICRPOY2
Soul Asylum	RUNAWAY TRAIN	C	MICRPOY2
Soundgarden	BLACK HOLE SUN	C	MICRPOY2
Soundgarden	BLOW UP THE OUTSIDE WORLD	C	MICRPOY2
Soundgarden	BURDEN IN MY HAND	C	MICRPOY2
Soundgarden	FELL ON BLACK DAYS	C	MICRPOY2
Soundgarden	PRETTY NOOSE	C	MICRPOY2
Souvarit	AMORE MIO	C	MICRPOY2
Souvarit	KUUKKELILAMPI	C_O	MICRPOY2
Souvarit	LUMIPERHONEN	C	MICRPOY2
Souvarit	PARIISEJA	C	MICRPOY2
Souvarit	POHJOISEN POLUILLA	C_O	MICRPOY2
Souvarit	SININEN HUIVI	C	MICRPOY2
Spandau Ballet	GOLD	C	MICRPOY2
Spandau Ballet	GOLD and ONLY WHEN YOU LEAVE (medley)	C	MICRPOY2
Spandau Ballet	TRUE	C	MICRPOY2
Spede Pasanen	PRONOMINIROCK	C_O	MICRPOY2
Spice Girls	WANNABE	C	MICRPOY2
Spinal Tap	BIG BOTTOM	C	MICRPOY2
Squeeze	COOL FOR CATS	C	MICRPOY2
Staind	BELIEVE	C	MICRPOY2
Staind	FOR YOU	C	MICRPOY2
Staind	IT'S BEEN AWHILE	C	MICRPOY2
Stam1Na	APNEA	C	MICRPOY2
Status Quo	DON'T STOP	C_O	MICRPOY2
Status Quo	IN THE ARMY NOW	C	MICRPOY2
Status Quo	RAVE ON	C	MICRPOY2
Status Quo	ROCKIN' ALL OVER THE WORLD	C	MICRPOY2
Status Quo	WHATEVER YOU WANT	C	MICRPOY2
Steel Dragon	STAND UP AND SHOUT	C	MICRPOY2
Steelheart	I'LL NEVER LET YOU GO ANGEL EYES	C	MICRPOY2
Steelheart	SHE'S GONE	C	MICRPOY2
Steely Dan	DO IT AGAIN	C	MICRPOY2
Steely Dan	JOSIE	C	MICRPOY2
Steely Dan	RIKKI DON'T LOSE THAT NUMBER	C	MICRPOY2
Steppenwolf	BORN TO BE WILD	C	MICRPOY2
Steppenwolf	MAGIC CARPET RIDE	C	MICRPOY2
Steve Harley & Cockney Rebel	MAKE ME SMILE (COME UP AND SEE ME)	C	MICRPOY2
Steve Miller Band	ABRACADABRA	C	MICRPOY2
Steve Miller Band	SERENADE	C	MICRPOY2
Steve Miller Band	THE JOKER	C	MICRPOY2
Steve Perry	FOOLISH HEART	C	MICRPOY2
Steve Perry	OH SHERRIE	C	MICRPOY2
Stevie Ray Vaughan	COLD SHOT	C	MICRPOY2
Stevie Ray Vaughan	MARY HAD A LITTLE LAMB	C	MICRPOY2
Stevie Ray Vaughan	MARY HAD A LITTLE LAMB	C	MICRPOY2
Stevie Ray Vaughan	PRIDE AND JOY	C	MICRPOY2
Stevie Ray Vaughan	THE HOUSE IS ROCKIN	C	MICRPOY2
Stevie Ray Vaughan	THE SKY IS CRYING	C	MICRPOY2
Stevie Wonder	I JUST CALLED TO SAY I LOVE YOU	C	MICRPOY2
Stig	LONKERONVÄRINEN TAIVAS	C_O	MICRPOY2
Sting	ENGLISHMAN IN NEW YORK	C	MICRPOY2
Sting	FIELDS OF GOLD	C	MICRPOY2
Sting	MOON OVER BOURBON STREET	C	MICRPOY2
Sting	SHAPE OF MY HEART	C	MICRPOY2
Stone Sour	BOTHER	C	MICRPOY2
Stone Sour	THROUGH GLASS	C	MICRPOY2
Stone Sour	WICKED GAME	C	MICRPOY2
Stone Temple Pilots	INTERSTATE LOVE SONG	C	MICRPOY2
Stone Temple Pilots	PLUSH	C	MICRPOY2
Stratovarius	EAGLEHEART	C	MICRPOY2
Stratovarius	FOREVER	C	MICRPOY2
Stratovarius	HUNTING HIGH AND LOW	C	MICRPOY2
Stratovarius	SPEED OF LIGHT	C	MICRPOY2
Stray Cats	ROCK THIS TOWN	C	MICRPOY2
Sturm und Drang	A MILLION NIGHTS	C_O	MICRPOY2
Sturm und Drang	INDIAN	C_O	MICRPOY2
Styx	LADY	C	MICRPOY2
Styx	TOO MUCH TIME ON MY HANDS	C	MICRPOY2
Sublime	SANTERIA	C	MICRPOY2
Sunrise Avenue	FAIRYTALE GONE BAD	C	MICRPOY2
Suomen talvisota 1939-1940	KEKKONEN ROCK	C_O	MICRPOY2
Suomineidot	KARJALAN KUNNAILLA	C	MICRPOY2
Suomineidot	KOTIMAANI OMPI SUOMI	C	MICRPOY2
Suomineidot	SOITTAJAPAIMEN	C	MICRPOY2
Suomineidot	TAIVAS ON SININEN JA VALKOINEN	C	MICRPOY2
Suomineidot	TÄÄLLÄ POHJANTÄHDEN ALLA	C	MICRPOY2
Supertramp	THE LOGICAL SONG	C	MICRPOY2
Survivor	EYE OF THE TIGER	C	MICRPOY2
Suurimaa ft Simo Silmu	ONNEN KUKKULOILLA	C	MICRPOY2
Suurlähettiläät	KUKA PYSÄYTTÄISI KELLOT	C_O	MICRPOY2
Suurlähettiläät	MAAILMAN LAIDALLA	C_O	MICRPOY2
Suurlähettiläät	PITÄÄXUNAINA	C	MICRPOY2
Suvi Teräsniska	AVARUUS	C	MICRPOY2
Suvi Teräsniska	HENTO KUISKAUS	C	MICRPOY2
Suvi Teräsniska	JOULUYÖ JUHLAYÖ	C	MICRPOY2
Suvi Teräsniska	KAIKKI JOIDEN JÄLJET SÄÄSTIN	C	MICRPOY2
Suvi Teräsniska	LINTU (MAAILMAAN MÄ AVARAAN)	C	MICRPOY2
Suvi Teräsniska	NYT JA TÄSSÄ	C_O	MICRPOY2
Suvi Teräsniska	RIKKI MUTTA RIITTÄVÄ	C	MICRPOY2
Suvi Teräsniska	ROMANSSI	C	MICRPOY2
Suvi Teräsniska	TONTTU	C	MICRPOY2
Suvi Teräsniska	TULKOON JOULU	C	MICRPOY2
Suvi Teräsniska	TÄHTI TÄHDISTÄ KIRKKAIN	C	MICRPOY2
Suvi Teräsniska	TÄMÄ MAAILMA TARVITSEE RAKKAUTTA	C	MICRPOY2
Suvi Teräsniska	VARPUNEN JOULUAAMUNA	C	MICRPOY2
Suzi Quatro	IF YOU CAN'T GIVE ME LOVE	C	MICRPOY2
Suzi Quatro & Chris Norman	STUMBLIN IN	C	MICRPOY2
Swedish House Mafia and The Weeknd	MOTH TO A FLAME	C	MICRPOY2
System Of A Down	AERIALS	C	MICRPOY2
System Of A Down	BYOB	C	MICRPOY2
System Of A Down	HYPNOTIZE	C	MICRPOY2
System Of A Down	INNERVISON	C	MICRPOY2
System Of A Down	LONELY DAY	C	MICRPOY2
System Of A Down	SUGAR	C	MICRPOY2
System Of A Down	TOXICITY	C	MICRPOY2
Taikakuu	KUUNTELEN	C	MICRPOY2
Taikakuu	PIIKKILANKAA	C	MICRPOY2
Taikakuu	TULKOON JOULU	C	MICRPOY2
Taiska	AAMULLA YKSIN (Boat On The River)	C_O	MICRPOY2
Taiska	HALTIN HÄÄT	C	MICRPOY2
Taiska	SYSTEEMI	C_O	MICRPOY2
Taiska	YHDEN KERRAN	C_O	MICRPOY2
Taisto Ahlgren	PETTÄJÄN TIE	C	MICRPOY2
Taisto Tammi	ILLAN VIIMEINEN TANGO	C	MICRPOY2
Taisto Tammi	PELKO	C_O	MICRPOY2
Taisto Tammi	RAKKAUDEN RIKKAUS	C	MICRPOY2
Taisto Tammi	TANGO MERELLÄ	C	MICRPOY2
Tamara Lund	HYVÄILE HYVÄILE VAAN	C	MICRPOY2
Tamara Lund	MUISTO (Memory)	C	MICRPOY2
Tamara Lund	USKON SYDÄMEN TOTUUTEEN	C	MICRPOY2
Tangled (Disney)	I SEE THE LIGHT	C	MICRPOY2
Tanita Tikaram	TWIST IN MY SOBRIETY	C	MICRPOY2
Tanja Manner	SUA JOS VOISIN RAKASTAA	C_O	MICRPOY2
Tapani Kansa	AKSELIN JA ELINAN HÄÄVALSSI	C	MICRPOY2
Tapani Kansa	HEILI KARJALASTA	C	MICRPOY2
Tapani Kansa	KALAJOEN HIEKAT (California Dreaming)	C	MICRPOY2
Tapani Kansa	KERTOKAA SE HÄNELLE	C	MICRPOY2
Tapani Kansa	KUINKA RAKKAUS ALKOI	C	MICRPOY2
Tapani Kansa	KULJEN TAAS KOTIIN PÄIN	C	MICRPOY2
Tapani Kansa	MUSTAA (PAINT IT BLACK)	C_O	MICRPOY2
Tapani Kansa	NAIMISIIN TAHDO EN	C_O	MICRPOY2
Tapani Kansa	PITKÄT PÄIVÄT PAKERRETAAN	C_O	MICRPOY2
Tapani Kansa	PÄÄTTYNEET ON PÄIVÄT	C	MICRPOY2
Tapani Kansa	RAJU ROCKABILLY PAUKKUU	C_O	MICRPOY2
Tapani Kansa	ROMANSSI	C	MICRPOY2
Tapani Kansa	TÄSSÄ JA NYT	C_O	MICRPOY2
Tapani Kansa	VEIKKO NIEMINEN	C	MICRPOY2
Tapani Perttu	HILJAA JUURI KUIN LAMMEN LAINE	C	MICRPOY2
Tapani Perttu	YSTÄVÄN LAULU	C	MICRPOY2
Tapio Heinonen	EILEN KUN MÄ TIENNYT EN	C	MICRPOY2
Tapio Rautavaara	EN PÄIVÄÄKÄÄN VAIHTAISI POIS	C	MICRPOY2
Tapio Rautavaara	FAIJAN BLÄDÄRI (ISOISÄN OLKIHATTU)	C_O	MICRPOY2
Tapio Rautavaara	ISOISÄN OLKIHATTU	C	MICRPOY2
Tapio Rautavaara	JUOKSE SINÄ HUMMA	C	MICRPOY2
Tapio Rautavaara	KULKURI JA JOUTSEN	C	MICRPOY2
Tapio Rautavaara	KULKURIN ILTATÄHTI	C	MICRPOY2
Tapio Rautavaara	KULTAINEN NUORUUS	C	MICRPOY2
Tapio Rautavaara	LENTÄJÄN VALSSI	C	MICRPOY2
Tapio Rautavaara	ON AIVAN SAMA	C_O	MICRPOY2
Tapio Rautavaara	POHJANTÄHDEN ALLA	C	MICRPOY2
Tapio Rautavaara	POHJOLAN YÖ	C	MICRPOY2
Tapio Rautavaara	PÄIVÄNSÄDE JA MENNINKÄINEN	C	MICRPOY2
Tapio Rautavaara	REISSUMIES JA KISSA	C	MICRPOY2
Tapio Rautavaara	REPPU JA REISSUMIES	C	MICRPOY2
Tapio Rautavaara	TAIVAS ON SININEN JA VALKOINEN	C	MICRPOY2
Tapio Rautavaara	VAIN MERIMIES VOI TIETÄÄ	C	MICRPOY2
Tapio Rautavaara	YÖLINJALLA	C	MICRPOY2
Tarja Lunnas	SEINE	C	MICRPOY2
Tarja Lunnas	SOITA KUN TUNNET NIIN	C	MICRPOY2
Tarkan	AYRILIK ZOR (tur)	C_U	MICRPOY2
Tarkan	DUDU (tur)	C_U	MICRPOY2
Tarkan	SIMARIK (KISS KISS) (tur)	C_U	MICRPOY2
Tauno Palo	YKSI RUUSU ON KASVANUT LAAKSOSSA	C	MICRPOY2
Tauski Peltonen	ETSIN KUNNES LÖYDÄN SUN	C	MICRPOY2
Tauski Peltonen	HYMY	C	MICRPOY2
Tauski Peltonen	HYVÄÄ SYNTYMÄPÄIVÄÄ	C	MICRPOY2
Tauski Peltonen	ILMAN SUA	C	MICRPOY2
Tauski Peltonen	JOS JÄÄT	C	MICRPOY2
Tauski Peltonen	KOSKAAN ET MUUTTUA SAA	C	MICRPOY2
Tauski Peltonen	KOSKAAN ET MUUTTUA SAA	C_O	MICRPOY2
Tauski Peltonen	LAPSUUDEN TOVERILLE	C	MICRPOY2
Tauski Peltonen	LENNÄN SUN LUO (I'LL FLY WITH YOU) (Radio Edit)	C	MICRPOY2
Tauski Peltonen	NIIN MINÄ SINULLE KUULUN	C	MICRPOY2
Tauski Peltonen	NOLLA MARKKAA RAKKAUDESTA	C	MICRPOY2
Tauski Peltonen	OL KAUNIS KESÄILTA	C	MICRPOY2
Tauski Peltonen	OLET NIIN KAUNIS	C	MICRPOY2
Tauski Peltonen	SINÄ ELÄT MINUN KAUNIISSA	C	MICRPOY2
Tauski Peltonen	SINÄ VAIN	C	MICRPOY2
Tauski Peltonen	YKSI RUUSU ON KASVANUT LAAKSOSSA ver2	C	MICRPOY2
Taylor Swift	THE FATE OF OPHELIA	C	MICRPOY2
Ted Nugent	CAT SCRATCH FEVER	C	MICRPOY2
Ted Nugent	FREE FOR ALL	C	MICRPOY2
Ted Nugent	HEY BABY	C	MICRPOY2
Ted Nugent	MOTOR CITY MADHOUSE	C	MICRPOY2
Ted Nugent	WANGO TANGO	C	MICRPOY2
Teddy & The Tigers	DANCIN' SHOES	C_O	MICRPOY2
Teddy Swims	LOSE CONTROL	C	MICRPOY2
Teflon Brothers	LÄHIÖUNELMII	C_O	MICRPOY2
Tehosekoitin	MAAILMA ON SUN ver2	C_O	MICRPOY2
Teijo Joutsela ja Humppa-Veikot	SILMÄT TUMMAT KUIN YÖ	C	MICRPOY2
Tekoäly	LASIN MUSTA SAKKA	C_O	MICRPOY2
Teleks	TUULILASIN NURKKAAN	C	MICRPOY2
Ten Sharp	YOU	C	MICRPOY2
Ten Years After	CHOO CHOO MAMA	C_O	MICRPOY2
Ten Years After	I'M GOING HOME	C	MICRPOY2
Ten Years After	LET THE SKY FALL	C	MICRPOY2
Teppo Ruohonen	JÄLKEENPÄIN	C_O	MICRPOY2
Terry Jacks	SEASONS IN THE SUN	C	MICRPOY2
Teräsbetoni	METALLIN VOIMA	C	MICRPOY2
Teräsbetoni	ORJATAR	C_O	MICRPOY2
Teräsbetoni	VOIMAN VARTIJAT	C	MICRPOY2
Teräsbetoni	VOITTAMATON	C	MICRPOY2
Tesla	LOVE SONG	C	MICRPOY2
Tesla	MODERN DAY COWBOY	C	MICRPOY2
Tesla	SIGNS	C	MICRPOY2
Tesla	WHAT YOU GIVE	C	MICRPOY2
The 69 Eyes	BRANDON LEE	C	MICRPOY2
The 69 Eyes	LOST BOYS	C	MICRPOY2
The 69 Eyes	NEVER SAY DIE	C	MICRPOY2
The 69 Eyes	TONIGHT	C_O	MICRPOY2
The Animals	HOUSE OF THE RISING SUN	C	MICRPOY2
The Art Company	SUSANNA	C	MICRPOY2
The Band Perry	IF I DIE YOUNG	C	MICRPOY2
The Baseballs	BLEEDING LOVE	C	MICRPOY2
The Baseballs	UMBRELLA	C	MICRPOY2
The Bay City Rollers	I ONLY WANT TO BE WITH YOU	C	MICRPOY2
The Beatles	A DAY IN THE LIFE	C	MICRPOY2
The Beatles	ALL MY LOVING	C	MICRPOY2
The Beatles	ALL YOU NEED IS LOVE	C	MICRPOY2
The Beatles	AND I LOVE HER	C	MICRPOY2
The Beatles	BACK IN THE USSR	C	MICRPOY2
The Beatles	CAN'T BUY ME LOVE	C	MICRPOY2
The Beatles	COME TOGETHER	C	MICRPOY2
The Beatles	EIGHT DAYS A WEEK	C	MICRPOY2
The Beatles	HELP!	C	MICRPOY2
The Beatles	HELTER SKELTER	C	MICRPOY2
The Beatles	HERE COMES THE SUN	C	MICRPOY2
The Beatles	HEY JUDE	C	MICRPOY2
The Beatles	I AM THE WALRUS	C	MICRPOY2
The Beatles	I FEEL FINE	C	MICRPOY2
The Beatles	I SAW HER STANDING THERE	C	MICRPOY2
The Beatles	I SHOULD HAVE KNOWN BETTER	C	MICRPOY2
The Beatles	I WANT TO HOLD YOUR HAND	C	MICRPOY2
The Beatles	IF I FELL	C	MICRPOY2
The Beatles	I'LL BE BACK	C	MICRPOY2
The Beatles	IN MY LIFE	C	MICRPOY2
The Beatles	LET IT BE	C	MICRPOY2
The Beatles	OBLADI OBLADA	C	MICRPOY2
The Beatles	PLEASE MR POSTMAN	C	MICRPOY2
The Beatles	SHE LOVES YOU	C	MICRPOY2
The Beatles	SOMETHING	C	MICRPOY2
The Beatles	THE LONG AND WINDING ROAD	C	MICRPOY2
The Beatles	TICKET TO RIDE	C	MICRPOY2
The Beatles	TWIST & SHOUT	C	MICRPOY2
The Beatles	WHILE MY GUITAR GENTLY WEEPS	C	MICRPOY2
The Beatles	YESTERDAY	C	MICRPOY2
The Bee Gees	EMOTION	C	MICRPOY2
The Bee Gees	HOW DEEP IS YOUR LOVE	C	MICRPOY2
The Bee Gees	MORE THAN A WOMAN	C	MICRPOY2
The Bee Gees	NIGHT FEVER	C	MICRPOY2
The Bee Gees	STAYIN' ALIVE	C	MICRPOY2
The Bee Gees	YOU WIN AGAIN	C	MICRPOY2
The Black Crowes	HARD TO HANDLE	C	MICRPOY2
The Blanko	ELECTRIC DESIRE	C_O	MICRPOY2
The Blasters	MARIE MARIE	C	MICRPOY2
The Blues Band	DIDDY WAH DIDDY	C_O	MICRPOY2
The Blues Brothers	6345 789	C	MICRPOY2
The Blues Brothers	EVERYBODY NEEDS SOMEBODY	C	MICRPOY2
The Blues Brothers	GIMME SOME LOVIN'	C	MICRPOY2
The Blues Brothers	HEY BARTENDER	C	MICRPOY2
The Blues Brothers	I GOT EVERYTHING I NEED ALMOST	C	MICRPOY2
The Blues Brothers	MEDLEY 1 	C	MICRPOY2
The Blues Brothers	MEDLEY 2	C	MICRPOY2
The Blues Brothers	NEW ORLEANS	C	MICRPOY2
The Blues Brothers	RAWHIDE	C	MICRPOY2
The Blues Brothers	SHAKE A TAILFATHER	C	MICRPOY2
The Blues Brothers	SHE CAUGHT THE KATY	C	MICRPOY2
The Blues Brothers	SHOTGUN BLUES (Live)	C	MICRPOY2
The Blues Brothers	SWEET HOME CHICAGO (Radio Version)	C	MICRPOY2
The Box Tops	THE LETTER	C	MICRPOY2
The Byrds	MR TAMBOURINE MAN	C	MICRPOY2
The Cars	DRIVE	C	MICRPOY2
The Cascades	RHYTHM OF THE RAIN	C	MICRPOY2
The Champs	TEQUILA	C	MICRPOY2
The Clash	BRAND NEW CADILLAC	C	MICRPOY2
The Clash	I FOUGHT THE LAW	C	MICRPOY2
The Clash	LONDON CALLING	C	MICRPOY2
The Clash	ROCK THE CASBAH	C	MICRPOY2
The Clash	SHOULD I STAY OR SHOULD I GO	C	MICRPOY2
The Commodores	EASY	C	MICRPOY2
The Cranberries	ZOMBIE	C	MICRPOY2
The Doobie Brothers	LISTEN TO THE MUSIC	C	MICRPOY2
The Doors	BREAK ON THROUGH TO THE OTHER SIDE	C	MICRPOY2
The Doors	HELLO I LOVE YOU	C	MICRPOY2
The Doors	LA WOMAN	C	MICRPOY2
The Doors	LIGHT MY FIRE	C	MICRPOY2
The Doors	PEOPLE ARE STRANGE	C	MICRPOY2
The Doors	ROADHOUSE BLUES	C	MICRPOY2
The Doors	TOUCH ME	C	MICRPOY2
The Dubliners	MOLLY MALONE	C	MICRPOY2
The Dubliners	SEVEN DRUNKEN NIGHTS	C	MICRPOY2
The Dubliners	THE BLACK VELVET BAND	C	MICRPOY2
The Dubliners	THE WILD ROVER	C	MICRPOY2
The Dubliners	WHISKEY IN THE JAR	C	MICRPOY2
The Dubliners And The Pogues	THE IRISH ROVER	C	MICRPOY2
The Eagles	ALREADY GONE	C	MICRPOY2
The Eagles	BEST OF MY LOVE	C	MICRPOY2
The Eagles	DESPERADO	C	MICRPOY2
The Eagles	HEARTACHE TONIGHT	C	MICRPOY2
The Eagles	HOTEL CALIFORNIA	C	MICRPOY2
The Eagles	HOTEL CALIFORNIA (Acoustic Guitar)	C	MICRPOY2
The Eagles	HOW LONG	C	MICRPOY2
The Eagles	I CAN'T TELL YOU WHY	C	MICRPOY2
The Eagles	IN THE CITY	C	MICRPOY2
The Eagles	LOVE WILL KEEP US ALIVE	C	MICRPOY2
The Eagles	LYIN' EYES	C	MICRPOY2
The Eagles	NEW KID IN TOWN	C	MICRPOY2
The Eagles	ONE OF THESE NIGHTS	C	MICRPOY2
The Eagles	PEACEFUL EASY FEELING	C	MICRPOY2
The Eagles	PLEASE COME HOME FOR CHRISTMAS	C	MICRPOY2
The Eagles	TAKE IT EASY	C	MICRPOY2
The Eagles	TEQUILA SUNRISE	C	MICRPOY2
The Eagles	WITCHY WOMAN	C	MICRPOY2
The Fugees	KILLING ME SOFTLY WITH HIS SONG	C	MICRPOY2
The Goo Goo Dolls	IRIS	C	MICRPOY2
The Highwayman	HIGHWAYMAN (Mä elän vieläkin)	C	MICRPOY2
The Hollies	HE AIN'T HEAVY HE'S MY BROTHER	C	MICRPOY2
The Hooters	500 MILES (AWAY FROM HOME)	C	MICRPOY2
The Hooters	JOHNNY B	C	MICRPOY2
The Killers	MR BRIGHTSIDE	C	MICRPOY2
The Kinks	SUNNY AFTERNOON	C	MICRPOY2
The Knack	MY SHARONA	C	MICRPOY2
The Living Tombstone	FIVE NIGHTS AT FREDDY'S	C	MICRPOY2
The Lumberjack	JACKYL	C	MICRPOY2
The Mamas & The Papas	CALIFORNIA DREAMIN'	C	MICRPOY2
The Monkees	DAYDREAM BELIEVER	C	MICRPOY2
The Moody Blues	MELANCHOLY MAN	C	MICRPOY2
The Moody Blues	NEW HORIZONS	C	MICRPOY2
The Moody Blues	NIGHTS IN WHITE SATIN	C	MICRPOY2
The Moody Blues	THE STORY IN YOUR EYES	C	MICRPOY2
The Motors	FORGET ABOUT YOU	C	MICRPOY2
The Nights of Iguana	DRY NANCY	C_O	MICRPOY2
The Northern Pikes	SHE AINT PRETTY	C	MICRPOY2
The Offspring	PRETTY FLY (FOR A WHITE GUY)	C	MICRPOY2
The Offspring	YOU'RE GONNA GO FAR KID	C	MICRPOY2
The Orion Experience	VAMPIRE	C	MICRPOY2
The Overtones	GAMBLER MAN	C	MICRPOY2
The Platters	ONLY YOU	C	MICRPOY2
The Platters	SMOKE GETS IN YOUR EYES	C	MICRPOY2
The Pogues	DIRTY OLD TOWN	C	MICRPOY2
The Pointer Sisters	I'M SO EXCITED (Live)	C	MICRPOY2
The Police	EVERY BREATH YOU TAKE	C	MICRPOY2
The Pretenders	MESSAGE OF LOVE	C	MICRPOY2
The Rasmus	IN THE SHADOWS	C	MICRPOY2
The Rasmus	JEZEBEL ver2	C_O	MICRPOY2
The Renegades	CADILLAC ver2.1	C_O	MICRPOY2
The Righteous Brothers	UNCHAINED MELODY	C	MICRPOY2
The Rolling Stones	ANGIE	C	MICRPOY2
The Rolling Stones	BEAST OF BURDEN	C	MICRPOY2
The Rolling Stones	BROWN SUGAR	C	MICRPOY2
The Rolling Stones	DEAD FLOWERS	C	MICRPOY2
The Rolling Stones	HONKY TONK WOMAN	C	MICRPOY2
The Rolling Stones	I CAN'T GET NO SATISFACTION	C	MICRPOY2
The Rolling Stones	IT'S ONLY ROCK AND ROLL	C	MICRPOY2
The Rolling Stones	JUMPING JACK FLASH	C	MICRPOY2
The Rolling Stones	MISS YOU	C	MICRPOY2
The Rolling Stones	MOTHERS LITTLE HELPER	C	MICRPOY2
The Rolling Stones	PAINT IT BLACK	C	MICRPOY2
The Rolling Stones	THE LAST TIME	C	MICRPOY2
The Rolling Stones	UNDER MY THUMB	C	MICRPOY2
The Rolling Stones	WAITING ON A FRIEND	C	MICRPOY2
The Ronettes	I SAW MOMMY KISSING SANTA CLAUS	C	MICRPOY2
The Streets	KESTÄÄKÖ SIIVET	C_O	MICRPOY2
The Swinging Blue Jeans	HIPPY HIPPY SHAKE	C	MICRPOY2
The Texas Tornados	A LITTLE BIT IS BETTER THAN NADA	C	MICRPOY2
The Texas Tornados	WHO WERE YOU THINKIN OF	C	MICRPOY2
The Tigers	MOVE IT	C_O	MICRPOY2
The Troggs	WILD THING	C	MICRPOY2
The Turtles	HAPPY TOGETHER	C	MICRPOY2
The Verve	THE DRUGS DON'T WORK	C	MICRPOY2
The White Stripes	SEVEN NATION ARMY	C	MICRPOY2
The Who	BEHIND BLUE EYES	C	MICRPOY2
The Who	BEHIND BLUE EYES	C	MICRPOY2
The Who	PINBALL WIZARD	C	MICRPOY2
The Who	WON'T GET FOOLED AGAIN	C	MICRPOY2
Thin Lizzy	COWBOY SONG	C	MICRPOY2
Thin Lizzy	DANCING IN THE MOONLIGHT	C	MICRPOY2
Thin Lizzy	DON'T BELIEVE A WORD	C	MICRPOY2
Thin Lizzy	JAILBREAK	C	MICRPOY2
Thin Lizzy	THE BOYS ARE BACK IN TOWN	C	MICRPOY2
Thin Lizzy	WAITING FOR AN ALIBI	C	MICRPOY2
Thin Lizzy	WHISKEY IN THE JAR	C	MICRPOY2
Thunderstone	TOOL OF THE DEVIL	C	MICRPOY2
Tiktak	HÄIRITSEN SINUA	C	MICRPOY2
Tiktak	KYYNELEET	C	MICRPOY2
Tiktak	SATUPRINSESSA	C	MICRPOY2
Tiktak	TUULEKSI TAIVAAN RANTAAN	C	MICRPOY2
Timo Koivusalo (Pekko Aikamiespoika)	TEKOVIKA	C	MICRPOY2
Timo Kosonen	WESTERLUNDI ver2	C_O	MICRPOY2
Timo Kotipelto	LENNÄ NYKÄSEN MATTI	C	MICRPOY2
Timo Kotipelto	LENNÄ NYKÄSEN MATTI	C	MICRPOY2
Timo Rautiainen & Neljäs sektori	PIRU MINUT PERIKÖÖN	C_O	MICRPOY2
Timo Rautiainen & Trio Niskalaukaus	ELEGIA	C_O	MICRPOY2
Timo Rautiainen & Trio Niskalaukaus	HÄPEÄN LÄVISTÄMÄ	C_O	MICRPOY2
Timo Rautiainen & Trio Niskalaukaus	ISÄ EI JÄTÄ	C_O	MICRPOY2
Timo Rautiainen & Trio Niskalaukaus	SURUPUKU	C	MICRPOY2
Timo Turpeinen	LIEHUVA LIEKINVARSI	C	MICRPOY2
Tina Arena	CHAINS	C	MICRPOY2
Tina Turner	PROUD MARY	C	MICRPOY2
Titta	ELÄMÄ ON NYT	C	MICRPOY2
Toby Keith	AS GOOD AS I ONCE WAS	C	MICRPOY2
Toby Keith	I LOVE THIS BAR	C	MICRPOY2
Toehider	MEET THE SLOTH	C	MICRPOY2
Tohtori Lounamo	100 LITRAA SAHTIA	C_O	MICRPOY2
Tom Cochrane	LIFE IS A HIGHWAY	C	MICRPOY2
Tom Jones	I'LL NEVER FALL IN LOVE AGAIN	C	MICRPOY2
Tom Jones	TILL	C	MICRPOY2
Tom Jones	YOU'RE MY WORLD	C	MICRPOY2
Tom Petty And The Heartbreakers	FREE FALLIN'	C	MICRPOY2
Tomas Ledin	SOMMAREN ÄR KORT (Kesä lyhyt on) (swe)	C_U	MICRPOY2
Tomi Markkola	SYDÄMENI KAHLEET	C_O	MICRPOY2
Tommi Kaukua	10 000 TUNTII	C	MICRPOY2
Tommy Alverson	UNA MAS CERVEZA	C_U	MICRPOY2
Tones & I	DANCE MONKEY	C	MICRPOY2
Toni Rossi & Sinitaivas	KATSEET KERTOVAT ver2	C_O	MICRPOY2
Tony Montana	IKÄVÄ MUN ON SUA	C_O	MICRPOY2
Tony Montana	TUULKOON TUULET	C_O	MICRPOY2
Tool	AENIMA	C	MICRPOY2
Tool	SCHISM	C	MICRPOY2
Tool	SOBER	C	MICRPOY2
Topi Sorsakoski	EEVA	C	MICRPOY2
Topi Sorsakoski	HAAVOITTUNEET	C	MICRPOY2
Topi Sorsakoski	HOPEINEN KUU	C	MICRPOY2
Topi Sorsakoski	KAKSI KITARAA	C	MICRPOY2
Topi Sorsakoski	OLET KAIKKI	C_O	MICRPOY2
Topi Sorsakoski	TEIT MINUSTA AUTIOMAAN	C	MICRPOY2
Topi Sorsakoski	VIRRAN RANNALLA	C	MICRPOY2
Topi Sorsakoski	ÖISET KITARAT	C	MICRPOY2
Topi Sorsakoski & Agents	AJOMIES	C	MICRPOY2
Topi Sorsakoski & Agents	KIRJE ver2	C_O	MICRPOY2
Topi Sorsakoski & Agents	KUNHAN PALAAN TAKAISIN	C_O	MICRPOY2
Topi Sorsakoski & Agents	LUMOTTU MERI	C_O	MICRPOY2
Topi Sorsakoski & Agents	MOODY RIVER	C_O	MICRPOY2
Topi Sorsakoski & Agents	TUULI TUO TUULI VIE	C	MICRPOY2
Topi Sorsakoski & Agents	TUULI TUO TUULI VIE ver2	C_O	MICRPOY2
Topi Sorsakoski & Agents	VAIN YKSIN ME KAKSI	C_O	MICRPOY2
Topi Sorsakoski & Agents	VARJOJEN YÖ	C	MICRPOY2
Topi Sorsakoski & Agents	YKSI AINOA IKKUNA ver2	C	MICRPOY2
Topi Sorsakoski & Agents	YKSI AINOA IKKUNA ver2	C_O	MICRPOY2
Topi Sorsakoski & Reijo Taipale	KULKUKOIRAT	C_O	MICRPOY2
Topmost	MERISAIRAAT KASVOT	C	MICRPOY2
Toto	2 HEARTS	C	MICRPOY2
Toto	99 IN	C	MICRPOY2
Toto	AFRICA	C	MICRPOY2
Toto	HOLD THE LINE	C	MICRPOY2
Toto	I WILL REMEMBER	C	MICRPOY2
Toto	ROSANNA	C	MICRPOY2
Toto Cutugno	L'ITALIANO	C_U	MICRPOY2
Traditional	HAPPY BIRTHDAY	C	MICRPOY2
TRex	20TH CENTURY BOY	C	MICRPOY2
TRex	GET IT ON	C	MICRPOY2
TRex	HOT LOVE	C	MICRPOY2
TRex	METAL GURU	C	MICRPOY2
TRex	RIDE A WHITE SWAN	C	MICRPOY2
TRex	TELEGRAM SAM	C	MICRPOY2
Triumph	LAY IT ON THE LINE	C	MICRPOY2
Tsehaye yohannes	TIND TIND HONEW (ቲን ቲን ሃው) (amh)	C_U	MICRPOY2
TT Purontaka	TÄHTITAIVAS TÄHTISILMÄT	C	MICRPOY2
Tuomari Nurmio	AAVAA PREERIAA	C_O	MICRPOY2
Tuomari Nurmio	KURJUUDEN KUNINGAS	C_O	MICRPOY2
Tuomari Nurmio	LEMMENLORUJA	C_O	MICRPOY2
Tuomari Nurmio	PUNAINEN PLANEETTA	C_O	MICRPOY2
Tuomari Nurmio	TONNIN STIFLAT	C_O	MICRPOY2
Tuomari Nurmio	VALO YÖSSÄ	C	MICRPOY2
Turo's Hevi Gee	HARLEY DAVIDSON	C	MICRPOY2
Turo's Hevi Gee	KUUSAMOON (Amarillo)	C_O	MICRPOY2
Turo's Hevi Gee	KYNTÄJÄN POIKA (Lentäjän poika)	C_O	MICRPOY2
Turo's Hevi Gee	POLIISI (Molina)	C	MICRPOY2
Turo's Hevi Gee	PORTSARIN ELÄMÄÄ (Kaksoiselämää)	C_O	MICRPOY2
Turo's Hevi Gee	PUNAISET ON SILMÄT (Jokimaa)	C_O	MICRPOY2
Turo's Hevi Gee	SHELLIN BAARIIN (Yellow River)	C	MICRPOY2
Turo's Hevi Gee	WARRELLE VIRTAA (Varrella virran)	C_O	MICRPOY2
Tuula Amberla	LULU	C	MICRPOY2
Tuuli	PALJON ONNEA VAAN	C_O	MICRPOY2
Tuure Ara	KUUBALAINEN SERENADI	C	MICRPOY2
Tuure Kilpeläinen ja Kaihon Karavaani	TORNADO (Vain elämää kausi 9)	C_O	MICRPOY2
Twisted Sister	BURN IN HELL	C	MICRPOY2
Twisted Sister	I WANNA ROCK	C	MICRPOY2
Twisted Sister	THE PRICE	C	MICRPOY2
Twisted Sister	WE'RE NOT GONNA TAKE IT	C	MICRPOY2
Type O Negative	ALL HALLOWS EVE	C	MICRPOY2
U2	ALL I WANT IS YOU	C	MICRPOY2
U2	BAD	C	MICRPOY2
U2	I STILL HAVEN'T FOUND WHAT I'M LOOKING FOR	C	MICRPOY2
U2	NEW YEARS DAY	C	MICRPOY2
U2	ONE	C	MICRPOY2
U2	PRIDE (IN THE NAME OF LOVE)	C	MICRPOY2
U2	STAY (FARAWAY SO CLOSE)	C	MICRPOY2
U2	STUCK IN A MOMENT YOU CAN'T GET OUT OF	C	MICRPOY2
U2	SUNDAY BLOODY SUNDAY	C	MICRPOY2
U2	WHERE THE STREETS HAVE NO NAME	C	MICRPOY2
U2	WITH OR WITHOUT YOU	C	MICRPOY2
UFO	DOCTOR DOCTOR	C	MICRPOY2
UFO	ONLY YOU CAN ROCK ME	C	MICRPOY2
Ugly Kid Joe	EVERYTHING ABOUT YOU	C	MICRPOY2
Ugly Kid Joe	NEIGHBOR	C	MICRPOY2
Unelmavävyt	KANSSAS KÄVELEN RANTAAN (NI UNA SOLA BALABRA)	C_O	MICRPOY2
Uniklubi	RAKKAUDESTA HULLUUTEEN	C_O	MICRPOY2
Unto Mononen	LAPIN TANGO	C	MICRPOY2
Uriah Heep	EASY LIVIN'	C	MICRPOY2
Uriah Heep	GYPSY	C	MICRPOY2
Uriah Heep	JULY MORNING	C	MICRPOY2
Uriah Heep	LADY IN BLACK	C	MICRPOY2
Uriah Heep	STEALIN'	C	MICRPOY2
Uriah Heep	SUNRISE	C	MICRPOY2
Uriah Heep	THE WIZARD	C	MICRPOY2
Uriah Heep	WHAD'YA SAY	C	MICRPOY2
Uusi Päivä & Karl Sinkkonen	TUNNEN NÄMÄ KADUT	C	MICRPOY2
Valentin	ISKELMÄPRINSSI LAULAA	C	MICRPOY2
Van Halen	AIN'T TALKIN BOUT LOVE	C	MICRPOY2
Van Halen	AND THE CRADLE WILL ROCK	C	MICRPOY2
Van Halen	BEAUTIFUL GIRLS	C	MICRPOY2
Van Halen	DANCE THE NIGHT AWAY	C	MICRPOY2
Van Halen	DON'T TELL ME (WHAT LOVE CAN DO)	C	MICRPOY2
Van Halen	DREAMS	C	MICRPOY2
Van Halen	EVERYBODY WANTS SOME	C	MICRPOY2
Van Halen	FINISH WHAT YOU STARTED	C	MICRPOY2
Van Halen	HOT FOR TEACHER	C	MICRPOY2
Van Halen	HUMANS BEING	C	MICRPOY2
Van Halen	ICE CREAM MAN	C	MICRPOY2
Van Halen	I'LL WAIT	C	MICRPOY2
Van Halen	JAMIE'S CRYIN'	C	MICRPOY2
Van Halen	JUMP	C	MICRPOY2
Van Halen	OH PRETTY WOMAN	C	MICRPOY2
Van Halen	PANAMA	C	MICRPOY2
Van Halen	POUNDCAKE	C	MICRPOY2
Van Halen	RIGHT NOW	C	MICRPOY2
Van Halen	RUNNIN' WITH THE DEVIL	C	MICRPOY2
Van Halen	TOP OF THE WORLD	C	MICRPOY2
Van Halen	UNCHAINED	C	MICRPOY2
Van Halen	WHEN IT'S LOVE	C	MICRPOY2
Van Halen	WHERE HAVE ALL THE GOOD TIMES GONE	C	MICRPOY2
Van Halen	WHY CAN'T THIS BE LOVE	C	MICRPOY2
Van Halen	WITHOUT YOU	C	MICRPOY2
Van Halen	YOU REALLY GOT ME	C	MICRPOY2
Van Morrison	AND IT STONED ME	C	MICRPOY2
Vance Joy	RIPTIDE	C	MICRPOY2
Varjokoodi	RUOSTEENPUNAINEN	C	MICRPOY2
VeePee Lehto	KUULE SIE AMIGOSKI ver3	C_O	MICRPOY2
Veikko Lavi	JOKAINEN IHMINEN ON LAULUN ARVOINEN	C	MICRPOY2
Veikko Tuomi	ERÄMAAJÄRVEN MÖKKI	C	MICRPOY2
Veikko Tuomi	MUSTA RUUSU	C	MICRPOY2
Vengaboys	BOOM BOOM BOOM BOOM	C	MICRPOY2
Vera Wall	VARO MUA	C_O	MICRPOY2
Vesala	NYT ON LÄHTÖ	C	MICRPOY2
Vesala	ÄLÄ DROPPAA MUN TUNNELMAA	C	MICRPOY2
Vesa-Matti Loiri	HYVÄÄ PUUTA	C	MICRPOY2
Vesa-Matti Loiri	ITKEVÄ HUILU	C	MICRPOY2
Vesa-Matti Loiri	JOULUYÖ JUHLAYÖ	C	MICRPOY2
Vesa-Matti Loiri	LAPIN KESÄ	C	MICRPOY2
Vesa-Matti Loiri	SYDÄMEENI JOULUN TEEN	C	MICRPOY2
Vesa-Matti Loiri	TONTTU	C	MICRPOY2
Vesa-Matti Loiri	TÄHDISTÄ KIRKKAIN	C	MICRPOY2
Vesa-Matti Loiri	VARPUNEN JOULUAAMUNA	C	MICRPOY2
Vesa-Matti Loiri ja Samuli Edelmann	TUOMITTUNA KULKEMAAN	C	MICRPOY2
Vesku Jokinen	APLODIT MULLE (Vain elämää kausi 11)	C_O	MICRPOY2
Vesta	OTA VAROVASTI	C_O	MICRPOY2
Vesterinen Yhtyeineen	FAARAO	C_O	MICRPOY2
Vesterinen Yhtyeineen	KOHTI SYDÄNPELTOJA	C_O	MICRPOY2
Vesterinen Yhtyeineen	KOLME HYVÄÄ VINKKIÄ	C_O	MICRPOY2
Vesterinen Yhtyeineen	KUKAAN EI KOSKAAN	C	MICRPOY2
Vesterinen Yhtyeineen	KUKAAN EI KOSKAAN	C_O	MICRPOY2
Vesterinen Yhtyeineen	TUMMILLA TEILLÄ	C_O	MICRPOY2
Vesterinen Yhtyeineen	TURISTI	C_O	MICRPOY2
Viikate	MIES JOKA NOLASI KOUVOLAN	C_O	MICRPOY2
Viivi	AAMUN KUISKAUS (Vain elämää kausi 16)	C	MICRPOY2
Viivi	AINA	C	MICRPOY2
Viivi	AINOA MIINUS	C	MICRPOY2
Viivi	EHDOTTOMASTI	C	MICRPOY2
Viivi	HYVÄUSKOINEN	C	MICRPOY2
Viivi	I WILL STAY	C	MICRPOY2
Viivi	ILMAN SUA	C	MICRPOY2
Viivi	KAIKKI PÄÄTTYY MEIHIN	C	MICRPOY2
Viivi	KÄVI MITÄ KÄVI SUL ON MUT	C	MICRPOY2
Viivi	LÄÄKE	C	MICRPOY2
Viivi	MITÄ NÄIL KORTEIL SAA	C	MICRPOY2
Viivi	OLEN KAUNIS (SYNTYNYT VOITTAMAAN)	C	MICRPOY2
Viivi	ONNELLINEN	C	MICRPOY2
Viivi	RAKKAUTEEN	C	MICRPOY2
Viivi	RUOSKA	C	MICRPOY2
Viivi	SUN KATU	C	MICRPOY2
Viivi	SUN KATU (Vain elämää kausi 16)	C	MICRPOY2
Viivi	TIKAPUUT	C	MICRPOY2
Viivi	TULIPALO	C	MICRPOY2
Viivi	USA	C	MICRPOY2
Viivi	VIEL YHEN KERRAN	C	MICRPOY2
Viivi	ÄLÄ KOSKAAN IKINÄ	C	MICRPOY2
Viivi & Robin Packalen	IHANA KIPU	C	MICRPOY2
Village People	CAN'T STOP THE MUSIC	C	MICRPOY2
Village People	YMCA	C	MICRPOY2
Ville Valo & Natalia Avelon	SUMMER WINE	C	MICRPOY2
Vilperin Perikunta	TURKULAINEN HELSINGIS ver2	C_O	MICRPOY2
Virtuoso	SUUREN MEREN SUOLAA (My Heart Will Go On)	C_O	MICRPOY2
Virve Rosti	YÖN HELMAAN	C	MICRPOY2
Virve Vicky Rosti	KUN CHICAGO KUOLI <==	C	MICRPOY2
Virve Vicky Rosti	MENOLIPPU	C	MICRPOY2
Virve Vicky Rosti	NÄINKÖ AINA MEILLE TÄÄLLÄ KÄY	C	MICRPOY2
Virve Vicky Rosti	SATA SALAMAA	C	MICRPOY2
Vixen	CRYIN'	C	MICRPOY2
Vixen	EDGE OF A BROKEN HEART	C	MICRPOY2
Volbeat	FOR EVIGT	C	MICRPOY2
Volbeat	LOLA MONTEZ	C	MICRPOY2
Volbeat	STILL COUNTING	C	MICRPOY2
Waldo	FEEL SO GOOD	C	MICRPOY2
Warjoton	EILISEN TULEVAISUUS HYMYILLYTTÄÄ ver2	C_O	MICRPOY2
Warjoton	HERRA HAAMU ver2	C_O	MICRPOY2
Warjoton	KEIJUKAINEN ver2	C_O	MICRPOY2
Warrant	DOWN BOYS	C	MICRPOY2
Warrant	HEAVEN	C	MICRPOY2
Warrant	I SAW RED	C	MICRPOY2
Warrant	SOMETIMES SHE CRIES	C	MICRPOY2
Warrant	UNCLE TOM'S CABIN	C	MICRPOY2
WASP	ANIMAL (F### LIKE A BEAST)	C	MICRPOY2
WASP	I WANNA BE SOMEBODY	C	MICRPOY2
Wet Wet Wet	LOVE IS ALL AROUND	C	MICRPOY2
Wham!	LAST CHRISTMAS	C	MICRPOY2
Wheatus	TEENAGE DIRTBAG	C	MICRPOY2
White Lion	WAIT	C	MICRPOY2
White Lion	WHEN THE CHILDREN CRY	C	MICRPOY2
White Zombie	MORE HUMAN THAN HUMAN	C	MICRPOY2
White Zombie	THUNDER KISS '65	C	MICRPOY2
Whitesnake	FOOL FOR YOUR LOVING	C	MICRPOY2
Whitesnake	GIVE ME ALL YOUR LOVE	C	MICRPOY2
Whitesnake	HERE I GO AGAIN	C	MICRPOY2
Whitesnake	IS THIS LOVE	C	MICRPOY2
Whitesnake	SLIDE IT IN	C	MICRPOY2
Whitesnake	SLOW AN' EASY	C	MICRPOY2
Whitesnake	STILL OF THE NIGHT	C	MICRPOY2
Will Moseley	IT'S YOU	C	MICRPOY2
Willie Nelson	ON THE ROAD AGAIN	C	MICRPOY2
Wilson Pickett	LAND OF A THOUSAND DANCES	C	MICRPOY2
Wilson Pickett	MUSTANG SALLY	C	MICRPOY2
Wind Rose	DIGGY DIGGY HOLE	C	MICRPOY2
Windows95man	NO RULES	C	MICRPOY2
Winger	HEADED FOR A HEARTBREAK	C	MICRPOY2
Winger	MILES AWAY	C	MICRPOY2
Winger	SEVENTEEN	C	MICRPOY2
Woude	ON KESÄ VASTA ALUSSA	C_O	MICRPOY2
Wärtzilä	LIEHUVA LIEKINVARSI	C_O	MICRPOY2
WÖYH!	RAPUARMEIJA	C	MICRPOY2
Y&T	MEAN STREAK	C	MICRPOY2
Y&T	SUMMERTIME GIRLS	C	MICRPOY2
Yeni Türkü	TELLİ TELLİ (tur)	C_U	MICRPOY2
Yes	OWNER OF A LONELY HEART	C	MICRPOY2
Yngwie Malmsteen	DREAMING (TELL ME)	C	MICRPOY2
Yngwie Malmsteen	HEAVEN TONIGHT	C	MICRPOY2
Yona	GHETTO	C	MICRPOY2
YUP	MEITÄ ODOTELLAAN MULLAN ALLA	C	MICRPOY2
Yö	ENKELILLE ver2	C_O	MICRPOY2
Yö	ERAKKO	C	MICRPOY2
Yö	IHMISEN POIKA	C	MICRPOY2
Yö	JOUTSENLAULU	C	MICRPOY2
Yö	KUOROTYTTÖ ver2	C_O	MICRPOY2
Yö	LAULU RAKKAUDELLE	C	MICRPOY2
Yö	MINNE TUULET VIE	C	MICRPOY2
Yö	PETTÄVÄLLÄ JÄÄLLÄ	C	MICRPOY2
Yö	PIENI IHMINEN SUURESSA MAAILMASSA	C_O	MICRPOY2
Yö	RAKKAUS ON LUMIVALKOINEN	C	MICRPOY2
Yö	TOINEN ELÄMÄ	C_O	MICRPOY2
Yö	VIE MUT MINNE VAAN	C_O	MICRPOY2
Yö	YHDEN ILLAN VARIETEE	C_O	MICRPOY2
Yö ja Päivi Lepistö	ETKÖ UNTA SAA	C_O	MICRPOY2
Yölintu	AJOPUU	C_O	MICRPOY2
Yölintu	APPELSIINILEHTOON	C	MICRPOY2
Yölintu	BEIRAN MIES	C_O	MICRPOY2
Yölintu	KUN LAKKAAN LAULAMASTA	C_O	MICRPOY2
Yölintu	MAAILMA ON KAUNEIMMILLAAN	C_O	MICRPOY2
Yölintu	MÄ PUTOAN	C	MICRPOY2
Yölintu	NE JOTKA LÄHTEE	C_O	MICRPOY2
Yölintu	PIENEN POJAN HAAVEET	C	MICRPOY2
Yölintu	POIKA	C_O	MICRPOY2
Yölintu	PREUSSINPUNAISTA	C	MICRPOY2
Yölintu	RAKASTUN UUDELLEEN	C_O	MICRPOY2
Yölintu	RAKKAUS ON SININEN	C	MICRPOY2
Yölintu	SALATTU SURU	C	MICRPOY2
Yölintu	SITÄ SAA MITÄ TILAA	C	MICRPOY2
Yölintu	SUKUVIKA SUKSI EI LUISTA	C	MICRPOY2
Yölintu	SÄ JÄIT MUN UNIIN	C	MICRPOY2
Yölintu	TOSITARKOITUKSELLA	C	MICRPOY2
Yölintu	TYTÖT OVAT KAUNIITA	C	MICRPOY2
Zen Cafe	AAMUISIN	C	MICRPOY2
Zen Cafe	AAMUISIN	C	MICRPOY2
Zen Cafe	MIES JONKA YMPÄRILTÄ TUOLIT VIEDÄÄN	C	MICRPOY2
Zen Cafe	TODELLA KAUNIS	C_O	MICRPOY2
Zepala	AKKA VIE PUOLET	C_O	MICRPOY2
Zepala	LÄHETKÖ LANDELLE	C	MICRPOY2
Zepala	VITTUMAINEN POMO	C_O	MICRPOY2
Zero Nine	BANGING ON DRUMS	C	MICRPOY2
Zero Nine	BANGING ON DRUMS	C	MICRPOY2
ZZ Top	CHEAP SUNGLASSES	C	MICRPOY2
ZZ Top	GIMME ALL YOUR LOVIN'	C	MICRPOY2
ZZ Top	I THANK YOU	C	MICRPOY2
ZZ Top	I'M BAD I'M NATIONWIDE	C	MICRPOY2
ZZ Top	JESUS JUST LEFT CHICAGO	C	MICRPOY2
ZZ Top	LA GRANGE	C	MICRPOY2
ZZ Top	LEGS	C	MICRPOY2
ZZ Top	PEARL NECKLACE	C	MICRPOY2
ZZ Top	ROUGH BOYS	C	MICRPOY2
ZZ Top	SHARP DRESSED MAN	C	MICRPOY2
ZZ Top	TUBE SNAKE BOOGIE	C	MICRPOY2
ZZ Top	TUSH	C	MICRPOY2
ZZ Top	VELCRO FLY	C	MICRPOY2
ZZ Top	WAITIN' FOR THE BUS & JESUS JUST LEFT CHICAGO	C	MICRPOY2
Äijäenergiaa	MÄ ELÄN VIELÄKIN	C	MICRPOY2
Andrii Khlyvniuk (Андрій Хливнюк)	ОЙ У ЛУЗІ ЧЕРВОНА КАЛИНА (Niityn Pun Ruusu) (ukr)	C_U	MICRPOY2
Drevo	СМАРАГДОВЕ НЕБО (SMARAGDIN VIHREÄ TAIVAS) (ukr)	C_U	MICRPOY2
LOBODA	ПО УКРАЇНСЬКИ (Ukrainaan) (ukr)	C_U	MICRPOY2
LOBODA	РОДНОЙ (Sukulaiset) (ukr)	C_U	MICRPOY2
LOBODA	СЛУЧАЙНАЯ (Vahingossa) (ukr)	C_U	MICRPOY2
Sofia Rotaru (Софія Ротару)	ЧЕРВОНА РУТА (Punainen Reitti) (ukr)	C_U	MICRPOY2
Верка Сердючка (Verka Serduchka)	DANCING LASHA TUMBAI (ТАНЦЮЮЧИЙ ЛАША ТУМБАЙ) (ukr)	C_U	MICRPOY2
Верка Сердючка (Verka Serduchka)	ДО РЕ МИ (DO RE MI) (ukr)	C_U	MICRPOY2
Верка Сердючка (Verka Serduchka)	ДОЛЬЧЕ ГАББАНА (DOLCE & GABBANA) (ukr)	C_U	MICRPOY2
Верка Сердючка (Verka Serduchka)	ПРОПОЗИЦІЯ Є (TARJOUS ON) (ukr)	C_U	MICRPOY2
Гурт Експрес (Ryhmä Express)	ОЙ У ВИШНЕВОМУ САДУ (UAn Kansallislaulu) (ukr)	C_U	MICRPOY2
Eija Kantola	ENKELIKELLO	M	MJK1
Eino Grön	HELKKÄÄ PIENET TIU'UT	M	MJK1
Elisa & kuoro Lili	ME KÄYMME JOULUN VIETTOHON	M	MJK1
Eri esittäjiä	EN ETSI VALTAA LOISTOA	M	MJK1
Eri esittäjiä	HEINILLÄ HÄRKIEN KAUKALON	M	MJK1
Eri esittäjiä	JOULUPUU ON RAKENNETTU	M	MJK1
Eri esittäjiä	JOULUYÖ JUHLAYÖ	M	MJK1
Eri esittäjiä	KILISEE KILISEE KULKUNEN	M	MJK1
Eri esittäjiä	KULKUSET	M	MJK1
Eri esittäjiä	ON HANGET KORKEAT NIETOKSET	M	MJK1
Eri esittäjiä	PETTERI PUNAKUONO	M	MJK1
Eri esittäjiä	SYLVIAN JOULULAULU	M	MJK1
Eri esittäjiä	TONTTUJEN JOULUYÖ	M	MJK1
Eri esittäjiä	TUIKKIKAA OI JOULUN TÄHTÖSET	M	MJK1
Eri esittäjiä	VALKEA JOULU	M	MJK1
Eri esittäjiä	VARPUNEN JOULUAAMUNA	M	MJK1
Finntrio	JOULUN KELLOT	M	MJK1
Finntrio	TONTTU	M	MJK1
Jope Ruonansuu	PAKOLLINEN JOULU	M	MJK1
Katri Helena	JOULUMAA	M	MJK1
Matti Esko	JOULUPUKKI MATKAAN JO KÄY	M	MJK1
Pentti Hietanen	JOULULAULU	M	MJK1
Pentti Hietanen	OI BETLEHEM SÄ PIENOINEN	M	MJK1
Pentti Hietanen	OI JOULUYÖ	M	MJK1
Susanna Heikki	TULE JOULU KULTAINEN	M	MJK1
Alvin Stardust	MY COO CA CHOO	M	MP&R1
Anastacia	HEAVY ON MY HEART	M	MP&R1
Annie Lennox	PUT A LITTLE LOVE IN YOUR HEART	M	MP&R1
Billy Idol	SWEET SIXTEEN	M	MP&R1
Brian Hyland	SEALED WITH A KISS	M	MP&R1
Bruce Springsteen	BORN IN THE USA	M	MP&R1
Buddy Holly	EVERYDAY	M	MP&R1
Cat Stevens	MORNING HAS BROKEN	M	MP&R1
Dolly Parton	I WILL ALWAYS LOVE YOU	M	MP&R1
Dolly Parton	JOLENE	M	MP&R1
Dusty Springfield	WISHIN' AND HOPIN'	M	MP&R1
Elton John	CANDLE IN THE WIND	M	MP&R1
Engelbert Humperdinck	IL MONDO	M	MP&R1
Engelbert Humperdinck	THE LAST WALTZ	M	MP&R1
Freddie Mercury	THE GREAT PRETENDER	M	MP&R1
Gipsy Kings	BAMBOLEO	M	MP&R1
Harpo	MOVIE STAR	M	MP&R1
Herman's Hermits	NO MILK TODAY	M	MP&R1
Hot Chocolate	EMMA	M	MP&R1
Hot Chocolate	I BELIVE (IN LOVE)	M	MP&R1
Human League	DON'T YOU WANT ME	M	MP&R1
John Lennon	IMAGINE	M	MP&R1
Kim Wilde	KIDS IN AMERICA	M	MP&R1
Led Zeppelin	STAIRWAY TO HEAVEN	M	MP&R1
Lionel Richie	HELLO	M	MP&R1
Lou Bega	MAMBO NRO 5	M	MP&R1
Madonna	LA ISLA BONITA	M	MP&R1
Modern Talking	YOU'RE MY HEART YOU'RE MY SOUL	M	MP&R1
Nazareth	LOVE HURTS	M	MP&R1
Pet Shop Boys	IT'S A SIN	M	MP&R1
Rednex	WHIS YOU WERE HERE	M	MP&R1
Ricchi E Poveri	COSA SEI (ita)	M	MP&R1
Ricky Martin	LIVIN LA VIDA LOCA	M	MP&R1
Ricky Martin	MARIA	M	MP&R1
Rod Stewart	SAILING	M	MP&R1
Roxette	LISTEN TO YOUR HEART	M	MP&R1
Roy Orbison	YOU GOT IT	M	MP&R1
Santana	MARIA MARIA	M	MP&R1
Sasha	IF YOU BELIVE	M	MP&R1
Scorpions	WIND OF CHANGE	M	MP&R1
Shakin' Stevens	BECAUSE I LOVE YOU	M	MP&R1
Shakira	WHENEVER WHEREVER	M	MP&R1
Sinead O'Connor	NOTHING COMPARES 2 U	M	MP&R1
Smokie	MEXICAN GIRL	M	MP&R1
Suzi Quatro	CAN THE CAN	M	MP&R1
The Hollies	HE AIN'T HEAVY HE'S MY BROTHER	M	MP&R1
The Moody Blues	NIGHTS IN WHITE SATIN	M	MP&R1
The Righteous Brothers	UNCHAINED MELODY	M	MP&R1
The Seekers	GEORGY GIRL	M	MP&R1
Tom Jones	SEX BOMB	M	MP&R1
Ace of Base	ALL THAT SHE WANTS	M	MP&R2
AHa	TAKE ON ME	M	MP&R2
Anastacia	LEFT OUTSIDE ALONE	M	MP&R2
Backstreet Boys	GET DOWN	M	MP&R2
Backstreet Boys	I'LL NEVER BREAK YOUR HEART	M	MP&R2
Backstreet Boys	QUIT PLAYING GAMES WITH MY HEART	M	MP&R2
Bangles	WALK LIKE AN EGYPTIAN	M	MP&R2
Billy Idol	HOT IN THE CITY	M	MP&R2
Billy Idol	WHITE WEDDING	M	MP&R2
Black	WONDERFUL LIFE	M	MP&R2
Blondie	HEART OF GLASS	M	MP&R2
Bon Jovi	ALWAYS	M	MP&R2
Bon Jovi	IT'S MY LIFE	M	MP&R2
Boney M	BELFAST	M	MP&R2
Bryan Adams	BACK TO YOU	M	MP&R2
Carpenters	ONLY YESTERDAY	M	MP&R2
Cher	STRONG ENOUGH	M	MP&R2
Chubby Checker	LIMBO ROCK	M	MP&R2
Cindy Lauper	TIME AFTER TIME	M	MP&R2
Cream	WHITE ROOM	M	MP&R2
Creedence Clearwater Revival (CCR)	HEY TONIGHT	M	MP&R2
David Bowie	ASHES TO ASHES	M	MP&R2
David Cassidy	ROCK ME BABY	M	MP&R2
Deep Purple	SMOKE ON THE WATER	M	MP&R2
Doris Day	SECRET LOVE	M	MP&R2
Duran Duran	HUNGRY LIKE THE WOLF	M	MP&R2
Erasure	ALWAYS	M	MP&R2
Eric Clapton	I SHOT THE SHERIFF	M	MP&R2
Europe	THE FINAL COUNTDOWN	M	MP&R2
Eurythmics	THERE MUST BE AN ANGEL	M	MP&R2
Everly Brothers	LET IT BE ME	M	MP&R2
Fool's Garden	LEMON TREE	M	MP&R2
Huey Lewis & The News	THE POWER OF LOVE	M	MP&R2
INXS	NEED YOU TONIGHT	M	MP&R2
Joe Cocker	SUMMER IN THE CITY	M	MP&R2
Kim Carnes	BETTE DAVIS EYES	M	MP&R2
Marc Anthony	YOU SANG TO ME	M	MP&R2
Nick Cave and Kylie Minogue	WHERE THE WILD ROSES GROW	M	MP&R2
Robbie Williams	FEEL	M	MP&R2
Sam Cooke	WONDERFUL WORLD	M	MP&R2
The Animals	DON'T LET ME BE UNDERSTOOD	M	MP&R2
The Bee Gees	MASSACHUSETTS	M	MP&R2
The Bee Gees	TO LOVE SOMEBODY	M	MP&R2
The Cars	DRIVE	M	MP&R2
The Commodores	NIGHTSHIFT	M	MP&R2
The Cranberries	LINGER	M	MP&R2
The Doors	LIGHT MY FIRE	M	MP&R2
The Eagles	TEQUILA SUNRISE	M	MP&R2
The Kinks	YOU REALLY GOT ME	M	MP&R2
Tina Turner	NUTBUSH CITY LIMITS	M	MP&R2
Alphaville	BIG IN JAPAN	M	MP&R3
Aneka	JAPANESE BOY	M	MP&R3
Blondie	MARIA	M	MP&R3
Britney Spears	(YOU DRIVE ME) CRAZY	M	MP&R3
Britney Spears	LUCKY	M	MP&R3
Carrapicho	TIC TIC TAC	M	MP&R3
Celine Dion	MY HEART WILL GO ON	M	MP&R3
Chris Rea	ON THE BEACH	M	MP&R3
Cindy Lauper	GIRLS JUST WANNA HAVE FUN	M	MP&R3
David Bowie	LIFE ON MARS	M	MP&R3
Dion	THE WANDERER	M	MP&R3
Dusty Springfield	I ONLY WANT TO BE WITH YOU	M	MP&R3
Electric Light Orchestra (ELO)	ROLL OVER BEETHOVEN	M	MP&R3
Electric Light Orchestra (ELO)	TELEPHONE LINE	M	MP&R3
Eurythmics	THE MIRACLE OF LOVE	M	MP&R3
Eurythmics	THORN IN MY SIDE	M	MP&R3
Gary Glitter	HELLO HELLO I'M BACK AGAIN	M	MP&R3
Green Day	BOULEVARD OF BROKEN DREAMS	M	MP&R3
Hot Chocolate	PUT YOUR LOVE IN ME	M	MP&R3
Hot Chocolate	YOU SEXY THING	M	MP&R3
Joan Jett & The Blackhearts	DO YOU WANNA TOUCH ME (OH YEAH)	M	MP&R3
Madonna	LIKE A PRAYER	M	MP&R3
Madonna	MATERIAL GIRL	M	MP&R3
Mary Hopkins	THOSE WERE THE DAYS	M	MP&R3
Modern Talking	CHERI CHERI LADY	M	MP&R3
Ottawan	DISCO	M	MP&R3
Ozzy Osbourne	DREAMER	M	MP&R3
Paul Young	EVERY TIME YOU GO AWAY	M	MP&R3
Robbie Williams	ANGELS	M	MP&R3
Roy Orbison	I DROVE ALL NIGHT	M	MP&R3
Scorpions	SEND ME AN ANGEL	M	MP&R3
Shakira	HIPS DON'T LIE	M	MP&R3
Shakira	LA TORTURA	M	MP&R3
Simply Red	STARS	M	MP&R3
Smokie	NEEDLES AND PINS	M	MP&R3
Spice Girls	WANNABE	M	MP&R3
The Doors	TOUCH ME	M	MP&R3
The Eagles	DESPERADO	M	MP&R3
The Sweet	HELL RAISER	M	MP&R3
The Tokens	THE LION SLEEPS TONIGHT	M	MP&R3
Tina Turner	THE BEST	M	MP&R3
Titiyo	COME ALONG	M	MP&R3
Toto	ROSANNA	M	MP&R3
UB40	KINGSTON TOWN	M	MP&R3
Village People	CAN'T STOP THE MUSIC	M	MP&R3
Village People	YMCA	M	MP&R3
Westlife	MY LOVE	M	MP&R3
Westlife	YOU RAISE ME UP	M	MP&R3
Yazoo	ONLY YOU	M	MP&R3
ZZ Top	LEGS	M	MP&R3
Arttu Suuntala	LAPSUUDEN PIHAPUU	M	Nyt Humpataan
Berit	KEURUSSELÄN SINI	M	Nyt Humpataan
Erkki Junkkarinen	KAPPALE KAUNEINTA SUOMEA	M	Nyt Humpataan
Erkki Junkkarinen	LAPPEENRANTAAN	M	Nyt Humpataan
Erkki Junkkarinen	PIENI HETKI	M	Nyt Humpataan
Georg Malmsten	HEILI KARJALASTA	M	Nyt Humpataan
Hanne	KELTAISET RUUSUT	M	Nyt Humpataan
Hanne	PIENI PUNAINEN MÖKKI	M	Nyt Humpataan
Humppa-Veikot	MUISTOJA KARJALASTA	M	Nyt Humpataan
Jamppa Tuominen	JOS YSTÄVÄÄN LUOTTAA VOIT	M	Nyt Humpataan
Juha Vainio	SELLANEN OL VIIPURI	M	Nyt Humpataan
Kai Hyttinen	BELLA CIAO	M	Nyt Humpataan
Kake Randelin	AVAA HAKAS	M	Nyt Humpataan
Korsuorkesteri	KANNAKSEN POIKIA	M	Nyt Humpataan
Lea Laven	SAMPANJAA	M	Nyt Humpataan
Matti ja Teppo	NÄITÄ POLKUJA TALLAAN	M	Nyt Humpataan
Matti ja Teppo	PÖYTÄ TÄYTEEN	M	Nyt Humpataan
Matti Louhivuori	PIENI POLKU	M	Nyt Humpataan
Mutkattomat	LIMPERIN MUORIN HUMPPA	M	Nyt Humpataan
Pentti Kumpulainen	SULKAVAN SOUTUHUMPPA	M	Nyt Humpataan
Raimo Piipponen & Tulipunaruusut	KARJALAN MARJAANA	M	Nyt Humpataan
Solistiyhtye Suomi	HE SOITTAVAT HUMPPAA (Kun kuuntelen Tomppaa)	M	Nyt Humpataan
Solistiyhtye Suomi	MAHTAVA PERÄSIN JA PULLEAT PURJEET	M	Nyt Humpataan
Souvarit	JÄTKÄN OMA KULTA	M	Nyt Humpataan
Tarja Ylitalo	MUSTANKIPPEE	M	Nyt Humpataan
Teijo Joutsela ja Humppa-Veikot	MATALAN TORPAN HUMPPA	M	Nyt Humpataan
Teijo Joutsela ja Humppa-Veikot	SILMÄT TUMMAT KUIN YÖ	M	Nyt Humpataan
Teijo Joutsela ja Humppa-Veikot	TULIPUNARUUSUT	M	Nyt Humpataan
Tulipunaruusut	TAMMERKOSKI	M	Nyt Humpataan
Bob Seger & The Silver Bullet Band	OLD TIME ROCK & ROLL	M	PIO005
Buddy Holly	THAT'LL BE THE DAY	M	PIO005
Elton John	CROCODILE ROCK	M	PIO005
Elton John	GOODBYE YELLOW BRICK ROAD	M	PIO005
Elvis Presley	JAILHOUSE ROCK	M	PIO005
Lesley Gore	IT'S MY PARTY	M	PIO005
Little Eva	THE LOCOMOTION	M	PIO005
Ritchie Valens	LA BAMBA (spa)	M	PIO005
The Allman Brothers Band	RAMBLIN' MAN	M	PIO005
The Beatles	GET BACK	M	PIO005
The Beatles	MONEY (THAT'S WHAT I WANT)	M	PIO005
The Beatles	TICKET TO RIDE	M	PIO005
The Crystals	DA DOO RON RON	M	PIO005
The Shangri-Las	LEADER OF THE PACK	M	PIO005
Barbra Streisand	EVERGREEN	M	PIO007
Barbra Streisand	PEOPLE	M	PIO007
Buddy Holly	IT'S SO EASY	M	PIO007
Children's Song	FARMER IN THE DELL	M	PIO007
Children's Song	MARY HAD A LITTLE LAMB	M	PIO007
Diana Krall	THE LOOK OF LOVE	M	PIO007
Doris Day	SENTIMENTAL JOURNEY	M	PIO007
Dorothy Gale	OVER THE RAINBOW	M	PIO007
Elton John	BENNIE AND THE JETS	M	PIO007
Elvis Presley	HOUND DOG	M	PIO007
Elvis Presley	RETURN TO SENDER	M	PIO007
Frank Sinatra	NEW YORK NEW YORK	M	PIO007
Frank Sinatra	STRANGERS IN THE NIGHT	M	PIO007
Glen Campbell	BY THE TIME I GET TO PHOENIX	M	PIO007
Mac Davis	I BELIEVE IN MUSIC	M	PIO007
Neil Sedaka	LOVE WILL KEEP US TOGETHER	M	PIO007
Patti Page	TENNESSEE WALTZ	M	PIO007
Queen	CRAZY LITTLE THING CALLED LOVE	M	PIO007
Ricky Nelson	HELLO MARY LOU	M	PIO007
Ringo Starr	YOU'RE SIXTEEN	M	PIO007
Roy Orbison	BLUE BAYOU	M	PIO007
The Clash	SHOULD I STAY OR SHOULD I GO	M	PIO007
The Mamas & The Papas	CALIFORNIA DREAMIN'	M	PIO007
The Police	ROXANNE	M	PIO007
The Righteous Brothers	YOU'VE LOST THAT LOVIN' FEELING	M	PIO007
Tina Turner	WHAT'S LOVE GOT TO DO WITH IT	M	PIO007
Whitney Houston	GREATEST LOVE OF ALL	M	PIO007
Air Supply	LOST IN LOVE	M	PIO018
Al Green	LET'S STAY TOGETHER	M	PIO018
Bobby McFerrin	DON'T WORRY BE HAPPY	M	PIO018
Chris de Burgh	THE LADY IN RED	M	PIO018
Eddie Rabbitt & Crystal Gayle	YOU & I	M	PIO018
Guy Mitchell	SINGING THE BLUES	M	PIO018
Irene Cara	FAME	M	PIO018
James Ingram	JUST ONCE	M	PIO018
Jim Croce	TIME IN A BOTLE	M	PIO018
Johnnie Ray	JUST WALKING IN THE RAIN	M	PIO018
Mac Davis	BABY DON'T GET HOOKED ON ME	M	PIO018
Marty Robbins	WHITE SPORT COAT (AND A PINK CARNATION)	M	PIO018
Randy Travis	FOREVER & EVER AMEN	M	PIO018
Seals & Crofts	SUMMER BREEZE	M	PIO018
Taylor Dayne	I'LL ALWAYS LOVE YOU	M	PIO018
The Animals	HOUSE OF THE RISING SUN	M	PIO018
The Beatles	CAN'T BUY ME LOVE	M	PIO018
The Beatles	HELLO GOODBYE	M	PIO018
The Beatles	I SHOULD KNOW BETTER	M	PIO018
The Captain & Tennille	DO THAT TO ME ONE MORE TIME	M	PIO018
The Equals	BABY COME BACK	M	PIO018
The Moody Blues	NIGHTS IN WHITE SATIN	M	PIO018
The Spinners	COULD IT BE I'M FALLING IN LOVE	M	PIO018
The Spinners	I'LL BE AROUND	M	PIO018
The Tokens	THE LION SLEEPS TONIGHT	M	PIO018
Three Dog Night	JOY TO THE WORLD	M	PIO018
Todd Rundgren	HELLO IT'S ME	M	PIO018
TRex	GET IT ON	M	PIO018
Blood Sweat & Tears	SPINNING WHEEL	M	PIO020
Bob Dylan	LAY LADY LAY	M	PIO020
Creedence Clearwater Revival (CCR)	PROUD MARY	M	PIO020
Crosby Stills Nash & Young	WOODSTOCK	M	PIO020
Jefferson Airplane	WHITE RABBIT	M	PIO020
Sly and The Family Stone	EVERDAY PEOPLE	M	PIO020
Sonny & Cher	I GOT YOU BABE	M	PIO020
The Beatles	LUCY I THE SKY WITH DIAMONDS	M	PIO020
The Beatles	STRAWBERRY FIELDS FOREVER	M	PIO020
The Chicks	LONG TIME GONE	M	PIO020
Carpenters	THIS MASQUERADE	M	PIO13A1
Trini Lopez	IF I HAD A HAMMER	M	PIO13A10
Willie Nelson	CRAZY ARMS	M	PIO13A11
Pebbles	MERSEDES BOY	M	PIO13A12
Whitney Houston	YOU GIVE GOOD LOVE	M	PIO13A13
Julie Andrews	I COULD HAVE DACED ALL NIGHT	M	PIO13A14
Burt Bacharach	WHAT THE WORLD NEEDS NOW IS LOVE	M	PIO13A2
Paul Davis	I GO CRAZY	M	PIO13A3
Sergio Mendes	NEVER GONNA LET YOU GO	M	PIO13A4
Atlantic Starr	ALWAYS	M	PIO13A5
Carpenters	SING	M	PIO13A6
Doris Day	QUE SERA SERA	M	PIO13A7
Madonna	MATERIAL GIRL	M	PIO13A8
Air Supply	ALL OUT OF LOVE	M	PIO13A9
The Chiffons	ONE FINE DAY	M	PIO13B1
Ritchie Valens	DONNA	M	PIO13B10
Perry Como	THEN YOU CAN TELL ME GOODBYE	M	PIO13B11
Jimmy Clanton	VENUS IN BLUE JEANS	M	PIO13B12
Carole King	YOU'VE GOT A FRIEND	M	PIO13B13
Wayne Newton	DAKE SCHOEN	M	PIO13B14
Kim Wilde	YOU KEEP ME HANGIN' ON	M	PIO13B2
Conway Twitty	ROCKY TOP	M	PIO13B3
Bobby Day	ROCKIN' ROBIN	M	PIO13B4
Engelbert Humperdinck	RELEASE ME	M	PIO13B5
Marty Robbins	HAVE I TOLD LATELY THAT I LOVE YOU	M	PIO13B6
Looking Glass	BRANDY YOU'RE A FINE GIRL	M	PIO13B7
Elvis Presley	LOVE LETTERS	M	PIO13B8
The Byrds	TURN TURN TURN	M	PIO13B9
Bill Haley & The Comets	ROCK AROUND THE CLOCK	M	PIO1A1
Carpenters	TOP OF THE WORLD	M	PIO1A10
Olivia Newton John	HOPELESSLY DEVOTED TO YOU	M	PIO1A11
Olivia Newton John	LET ME BE THERE	M	PIO1A12
Various Artist	TWINKLE TWINKLE LITTLE STAR	M	PIO1A13
Various Artist	THREE BLIND MICE	M	PIO1A14
Elvis Presley	HEARTBREAK HOTEL	M	PIO1A2
Jerry Lee Lewis	GREAT BALLS OF FIRE	M	PIO1A3
Little Richard	LONG TALL SALLY	M	PIO1A4
Bobbie Hebb	SUNNY	M	PIO1A5
Elvis Presley	I CAN'T HELP FALLING IN LOVE	M	PIO1A6
The Beatles	MICHELLE	M	PIO1A7
The Beatles	EIGHT DAYS A WEEK	M	PIO1A8
Carpenters	YESERDAY ONCE MORE	M	PIO1A9
Huey Lewis & The News	THE HEART OF ROCK'N' ROLL	M	PIO1B1
The Judas	GRANDPA	M	PIO1B1
Johnny Lee	LOOKIN' FOR LOVE	M	PIO1B11
Connie Francis	THE TWELVE DAYS OF CHRISTMAS	M	PIO1B13
Huey Lewis & The News	IF THIS IS IT	M	PIO1B2
Belinda Carlisle	MAD ABOUT YOU	M	PIO1B3
The Beach Boys	CALIFORNIA GIRLS	M	PIO1B4
Frank Sinatra	ALL THE WAY	M	PIO1B5
Perry Como	AND I LOVE YOU SO	M	PIO1B6
Andy Williams	WHERE DO I BEGIN (Theme from Love Story)	M	PIO1B7
Dean Martin	EVERYBODY LOVES SOMEBODY	M	PIO1B8
The Oak Ridge Boys	ELVIRA	M	PIO1B9
Popeda	JOHN HOLMES	M	POW25
Popeda	KAASUA KOMISAARIO PEPPONE	M	POW25
Popeda	KAKSKYTÄ CENTTIÄ	M	POW25
Popeda	KAKSKYTÄ VUOTTA SIKANA	M	POW25
Popeda	KELLOT LYÖ	M	POW25
Popeda	KERSANTTI KAROLIINA	M	POW25
Popeda	KUUMA KESÄ	M	POW25
Popeda	MATKALLA ALABAMAAN	M	POW25
Popeda	MÄÄ JA TAPPARAN MIES	M	POW25
Popeda	PALLE AND THE BOYS	M	POW25
Popeda	PUNAISTA JA MAKEAA	M	POW25
Popeda	REINO	M	POW25
Popeda	REPE JA LISSU	M	POW25
Popeda	SUKSET	M	POW25
Popeda	TAHDOTKO MUT TOSIAAN	M	POW25
Popeda	UKKOMETSO	M	POW25
Popeda	YÖ	M	POW25
Apulanta	PAHEMPI TOISTAAN	M	Power 29
Charlies (Kari Pitkä Lehtinen)	MYÖSKIN TYTTÖ ILOINEN	M	Power 29
Chisu	MUN KOTI EI OO TÄÄLLÄ	M	Power 29
Egotrippi	NÄMÄ AJAT EIVÄT OLE MEITÄ VARTEN	M	Power 29
Eppu Normaali	PIMEYDEN TANGO	M	Power 29
Happoradio	TAVIKSET	M	Power 29
Irina	HILJAISUUS	M	Power 29
Irina	KYMMENEN KIROSANAA	M	Power 29
Ismo Alanko Säätiö	VITTU KUN VITUTTAA	M	Power 29
Jenni Vartiainen	IHMISTEN EDESSÄ	M	Power 29
Jenni Vartiainen	MUSTAA KAHVIA	M	Power 29
Liisa Tuhkanen	MUSTAA JÄÄTÄ	M	Power 29
Maija Vilkkumaa	KESÄ	M	Power 29
Maija Vilkkumaa	LIIAN KAUAN	M	Power 29
Miljoonasade	VOIPALLO	M	Power 29
Olavi Uusivirta	ME EI KUOLLA KOSKAAN	M	Power 29
Stella	AAMUN KUISKAUS	M	Power 29
Stella	HÄÄVALSSI	M	Power 29
Suurlähettiläät	MITÄ KAIKKEE MIEHEN TULEE OLLA	M	Power 29
Suurlähettiläät	TYHJÄ TAULU	M	Power 29
Tiktak	SAMANTEKEVÄÄ	M	Power 29
Tiktak	SANKARITAR	M	Power 29
Uniklubi	HUOMENNA	M	Power 29
Valvomo	MIKÄ KESÄ	M	Power 29
Amulet	SUOMEN CHICAGO	M	Power 30
Asko Kamppi	POHJOLAN PIDOT	M	Power 30
Bat & Ryyd	EHTAA TAVARAA	M	Power 30
Bat & Ryyd	LENTÄVÄ PULIUKKO	M	Power 30
Eri esittäjiä	LEVANTERIN LAULU	M	Power 30
Hausmylly	SE MUSTAMIES	M	Power 30
Jaakko Teppo	PAMELA	M	Power 30
Jaakko Teppo	RAKKAUS JA METSÄRAHAT	M	Power 30
Jaakko Teppo	REKKAKUSKIN TILITYS	M	Power 30
Janne Ruuskanen	KARAVAANARI	M	Power 30
Jope Ruonansuu	HALUATKO OSTAA VOKAALIN	M	Power 30
Jope Ruonansuu	MATTI JA TEPPO	M	Power 30
Jouko Mäki-Lohiluoma	TRANSITMIES	M	Power 30
Juanes	LA CAMISA NEGRA (spa)	M_U	Power 30
Junnu Kaihomieli	KUN MÄ KUOLEN	M	Power 30
Junnu Kaihomieli	PALJAANA	M	Power 30
Junnu Kaihomieli	TURAKAINEN THAIMAASSA	M	Power 30
Kummeli	RUMAT IHMISET	M	Power 30
Leo Jokela	NAINEN POLIISI JA TAXI	M	Power 30
Pirkka-Pekka Petelius	PIMPPARAUTA	M	Power 30
Rolf Bergström & Pyhimykset	PORNOJENKKA	M	Power 30
Simo Salminen	ALLE LUJAA	M	Power 30
Simo Salminen	ROTESTILAULU	M	Power 30
Simo Salminen	TENKKA TENKKA POO	M	Power 30
Sleepy Sleepers	JÄRKEE VAI EI	M	Power 30
Sleepy Sleepers	MR DAMPAX	M	Power 30
Smurffit	SMURFFIJENGI	M	Power 30
Tommy Taberman	KIITTI VITUSTI	M	Power 30
Turo's Hevi Gee	KOTIKALJA (Kotiseutu Pohjolassa)	M	Power 30
Turo's Hevi Gee	RULLAAN JOEN RANTAAN (Proud Mary)	M	Power 30
Turo's Hevi Gee	TAMPERE (Wanderer)	M	Power 30
Meie Mees	VALGE MERSU (VALKOINEN MERSU) (est)	M_U	POY
Atomic Kitten	THE TIDE IS HIGH	M	PT1
Atomic Kitten	WHOLE AGAIN	M	PT1
Blue	ONE LOVE	M	PT1
Britney Spears	BABY ONE MORE TIME	M	PT1
Kelly Osbourne	PAPA DON'T PREACH	M	PT1
Robbie Williams	ROCK DJ	M	PT1
S-Club 7	REACH	M	PT1
Sugababes	STRONGER	M	PT1
Westlife	UPTOWN GIRL	M	PT1
Will Young	LIGHT MY FIRE	M	PT1
Don McLean	AMERICAN PIE	M	PT2
Frank Sinatra	NEW YORK NEW YORK	M	PT2
Gloria Gaynor	I WILL SURVIVE	M	PT2
John Travolta & Olivia Newton John	SUMER NIGHTS	M	PT2
Madonna	LIKE A VIRGIN	M	PT2
Neil Diamond	SWEET CAROLINE	M	PT2
Robbie Williams	ANGELS	M	PT2
The Monkees	DAYDREAM BELIEVER	M	PT2
Tom Jones	DELILAH	M	PT2
Wet Wet Wet	LOVE IS ALL AROUND	M	PT2
Anna Eriksson	EI SE MENNYT NIIN	M	PWD19
Anna Eriksson	MITÄ JÄÄ	M	PWD19
Anne Mattila	SÄRKYNYT SYDÄN JA PALAVA RAKKAUS	M	PWD19
Anne Mattila	VIIMEINEN KYYNEL	M	PWD19
Eija Kantola	SATTUMAA	M	PWD19
Eija Kantola	SYKSYN SATEESEEN	M	PWD19
Heli Ruotsalainen	ILLAN VARJOON TIEMME JOHTAA	M	PWD19
Jani Wickholm	SUOMEN NEITO	M	PWD19
Jari Sillanpää	PAREMMIN KUIN KUKAAN MUU	M	PWD19
Kari Tapio	PAALUPAIKKA	M	PWD19
Kirka	KYYNELEET	M	PWD19
Kisu	ANNA HETKEKSI SYDÄMES	M	PWD19
Laura Voutilainen	KOTIINPALAAVA	M	PWD19
Matti Esko	SUN LÄHELLÄSI	M	PWD19
Matti ja Teppo	TAIVAS AUKEAA	M	PWD19
Matti ja Teppo	VAUHTI KIIHTYY	M	PWD19
Seppo Tammilehto	KUIN HELMINAUHAA	M	PWD19
Taikakuu	KUUNTELEN	M	PWD19
Tommi Soidinmäki	MIKÄ LÄHTEE EI KOSKAAN PALAA	M	PWD19
TT Purontaka	NÄETKÖ MUN SILMISSÄ RAKKAUTTA	M	PWD19
Yölintu	TULE SILLOIN	M	PWD19
Hurriganes	AN AWFUL CRIME	M	PWD21
Hurriganes	BOURBON STREET	M	PWD21
Hurriganes	CHINATOWN	M	PWD21
Hurriganes	GET ON	M	PWD21
Hurriganes	HEY GROUPIE	M	PWD21
Hurriganes	I'LL STAY BY YOUR SIDE	M	PWD21
Hurriganes	IT AIN'T WHAT YOU DO	M	PWD21
Hurriganes	KEEP ON KNOCKING	M	PWD21
Hurriganes	MARY JANE	M	PWD21
Hurriganes	MY ONLY ONE	M	PWD21
Hurriganes	MY SWEET LILY	M	PWD21
Hurriganes	OH RACK	M	PWD21
Hurriganes	OOWEE OOHLA	M	PWD21
Hurriganes	ROADRUNNER	M	PWD21
Hurriganes	SAY MAMA	M	PWD21
Hurriganes	SHORAI SHORAI	M	PWD21
Hurriganes	TALLAHASSEE LASSIE	M	PWD21
Hurriganes	THE PHONE RANG	M	PWD21
Queen	A KIND OF MAGIC	M	QUEEN
Queen	ANOTHER ONE BITES THE DUST	M	QUEEN
Queen	BOHEMIAN RHAPSODY	M	QUEEN
Queen	I WANT TO BREAK FREE	M	QUEEN
Queen	KILLER QUEEN	M	QUEEN
Queen	RADIO GA GA	M	QUEEN
Queen	SOMEBODY TO LOVE	M	QUEEN
Queen	THESE ARE THE BEST OF OUR LIVES	M	QUEEN
Queen	WE ARE THE CHAMPIONS	M	QUEEN
Queen	WE WILL ROCK YOU	M	QUEEN
ACDC	HIGHWAY TO HELL	M	ROCK
Alice Cooper	POISON	M	ROCK
Deep Purple	HUSH	M	ROCK
Dio	HOLY DIVER	M	ROCK
Ebba Grön	800 GRADER (swe)	M_U	ROCK
Ebba Grön	STATEN OCH KAPITALET (swe)	M_U	ROCK
Electric Boys	ALL LIPS N' HIPS	M	ROCK
Europe	ROCK THE NIGHT	M	ROCK
Imperiet	DU SKA VARA PRESIDENT (swe)	M_U	ROCK
Kiss	ROCK AND ROLL ALL NITE	M	ROCK
Lambertta	BIMBO	M	ROCK
Mötley Crüe	HOME SWEET HOME	M	ROCK
Nationalteatern	LIVET ÄR EN FEST (swe)	M_U	ROCK
Sator	I WANNA GO HOME	M	ROCK
The Clash	SHOULD I STAY OR SHOULD I GO	M	ROCK
Alma Cogan	TENNESSEE WALTZ (Suomeksi)	M	SASO12
Anneli Pasanen	RAKKAUS JÄÄ (EMMANUELLE)	M	SASO12
Anneli Sari	VAIN LUNTA KAIKKIALLA	M	SASO12
Annikki Tähti	RAKKAUSKIRJEITÄ HIEKASSA	M	SASO12
Carola	JERUSALEM	M	SASO12
Eija Sinikka	VILLIRUUSU	M	SASO12
Johanna Siekkinen	NELIAPILA	M	SASO12
Kristiina Hautala	JOKAINEN HETKI	M	SASO12
Laila Kinnunen	TIETÄÄ TÄHTI JOKAINEN	M	SASO12
Maritta & Hankahumppa	ARMAANI SILMÄT	M	SASO12
Meiju Suvas	SYDÄMET ISKI KIPINÄÄ	M	SASO12
Meiju Suvas	YKSI VAIN	M	SASO12
Metro-tytöt	KOIVU VALSSI	M	SASO12
Minna Ikonen	ELKEET KUIN PEDOLLA	M	SASO12
Saija Tuupanen	ONNI YHTEINEN	M	SASO12
Saija Tuupanen	RUUSUJA JA SHAMPANJAA	M	SASO12
Saija Tuupanen	TULIT LUOKSENI	M	SASO12
Saija Tuupanen	ÄIDILLE	M	SASO12
Sound of the Clouds	MIKSI JUURI MINÄ	M	SASO12
Tarja Ylitalo	LAPIN ÄIDIN KEHTOLAULU	M	SASO12
Tiina Karhu	SINULLE	M	SASO12
Charles Plogman	KUINKA SINUA MÄ KAIPAAN	M	SAT01
Charles Plogman	MATKALLA KOTIIN	M	SAT01
Eurooppa 3	ÄLÄ UNOHDA MINUA	M	SAT01
Frederik	KASAKKAPARTIO	M	SAT01
Frederik	SEKSIPOMMI	M	SAT01
Hanna Talikainen	TAHDON VIELÄ YRITTÄÄ	M	SAT01
Irina	KYMMENEN KIROSANAA	M	SAT01
Johanna Kurkela	EHKÄ ENSI ELÄMÄSSÄ	M	SAT01
Jonna	TYYTYVÄINEN	M	SAT01
Jope Ruonansuu	EI VENÄJÄLLÄ SELIVIÄ KÄNNISTÄ	M	SAT01
Jope Ruonansuu	KALJALAULU	M	SAT01
Juha Tapio	MINÄ OLEN SINÄ OLET	M	SAT01
Kaija Lukin	VITAMIINI	M	SAT01
Kauko Röyhkä	PIKKU ENKELI	M	SAT01
Lord Est & Mariska	HELLÄ ORI	M	SAT01
Nightwish	AMARANTH	M	SAT01
Rauli Badding Somerjoki	TEINIENKELI	M	SAT01
Tiktak	MUTTA MÄ RAKASTAN SUA	M	SAT01
Tomi Markkola	NIIN JOKI VIRTAA	M	SAT01
Waldo's People	LOSE CONTROL	M	SAT01
Aki Sirkesalo	NAISPAHOLAINEN	M	SAT02
Aste	NORMIPÄIVÄ	M	SAT02
Don Huonot	HYRRÄ	M	SAT02
Don Huonot	HYVÄÄ YÖTÄ JA HUOMENTA	M	SAT02
Herra Ylppö Ja Ihmiset	POJAT EI TANSSI	M	SAT02
Kaija Koo	VAPAA	M	SAT02
Kikka	HUONE 105	M	SAT02
Mariska & Pahat Sudet	MURHA	M	SAT02
Mariska & Pahat Sudet	SULOINEN MYRKYNKEITTÄJÄ	M	SAT02
Matti Nykänen	ELÄMÄ ON LAIFFII	M	SAT02
Nauravat Nakit	LADY GAGA	M	SAT02
Pariisin Kevät	TÄMÄN KYLÄN POIKII	M	SAT02
Raaka-aine	MIEHEN TYÖ	M	SAT02
Raptori	OI BEIBI	M	SAT02
Raptori	TOSI TARTTUVA TÄYTEBIISI	M	SAT02
Tehosekoitin	KAUKAISIMMALLE RANNALLE	M	SAT02
Tiktak	MINNE VAAN	M	SAT02
Vesterinen Yhtyeineen	KUKAAN EI KOSKAAN	M	SAT02
Viikate	KUU KAAKON YLLÄ	M	SAT02
XL5	KAUNIS PETO	M	SAT02
2 Maanantai	MIXET TAHDO OLLA MUN KAA	M	SAT03
Anna Abreu	HYSTERIA	M	SAT03
Anna Puu	SINÄ OLET MINÄ	M	SAT03
Cat Cat	BYE BYE BABY	M	SAT03
Eppu Normaali	TAHDON SUT	M	SAT03
Jenni Vartiainen	DURAN DURAN	M	SAT03
Klamydia	MÄ LÄHDEN HIMAAN (HUOM! puuttuu ääni)	M	SAT03
Kummeli	ANTAKAA MÄÄKIN HUUDAN MÄÄKIN OLEN KÄNNISSÄ	M	SAT03
Laura Närhi	KAKSI IRRALLAAN	M	SAT03
Laura Närhi	MÄ ANNAN SUT POIS	M	SAT03
Laura Närhi	TÄMÄ ON TOTTA	M	SAT03
Mascara	ERITTÄIN HYVÄ (ELLEI TÄYDELLINEN)	M	SAT03
Mikael Gabriel	SÄ OLIT OIKEES	M	SAT03
Mikko Pohjola	PAIKKANI TIEDÄN	M	SAT03
Movetron	ROMEO JA JULIA	M	SAT03
Petri Nygård	SELVÄ PÄIVÄ	M	SAT03
Popeda	EROTOMANIA	M	SAT03
Reckless Love	BACK TO PARADISE	M	SAT03
Sunrise Avenue	HOLLYWOOD HILLS	M	SAT03
Tehosekoitin	C'MON BABY YEAH	M	SAT03
Anna Järvinen & Olavi Uusivirta	NUORI JA KAUNIS	M	SAT04
Antti Tuisku	YKSINÄINEN	M	SAT04
Cheek	JIPPIKAJEI	M	SAT04
Egotrippi	UNIHIEKKAA	M	SAT04
Emma Salokoski Ensemble	VEDEN ALLA	M	SAT04
Erin	POPEDA	M	SAT04
Fintelligens	EI TEKOSYITÄ	M	SAT04
Fintelligens	MIKÄ BOOGIE	M	SAT04
Hausmylly	KEHÄRAAKKEJA JA KUNINKAITA	M	SAT04
Jare & Villegalle	HÄISSÄ	M	SAT04
Jukka Poika	EN MITÄÄN EN KETÄÄN	M	SAT04
Jukka Poika	SILKKII	M	SAT04
Lauri Tähkä	SYYSKUUN KYY	M	SAT04
Lord Est ft Petri Nygård	REGGAEREKKA	M	SAT04
Martti Saarinen	SE ALKAA TAAS	M	SAT04
Poju	POIKA (SAUNOO)	M	SAT04
Ressu Redford	KUKA ON SE OIKEA	M	SAT04
Samuli Edelmann	EI MITÄÄN HÄTÄÄ	M	SAT04
Sunrise Avenue	I DON'T DANCE	M	SAT04
Ville Leinonen & Valumo	TÄHTITYTTÖ	M	SAT04
Anssi Kela	ÄLÄ MENE POIS	M	SAT05
Cat Cat	YKSIN SATEESEEN	M	SAT05
Chisu	KOHTALON OMA	M	SAT05
Chisu	SABOTAGE	M	SAT05
Erin	VANHA SYDÄN	M	SAT05
Haloo Helsinki!	KUULE MINUA	M	SAT05
Hanoi Rocks	DON'T YOU EVER LEAVE ME	M	SAT05
Happoradio	PUHU ÄÄNELLÄ JONKA KUULEN	M	SAT05
Juha Tapio	SITKEÄ SYDÄN	M	SAT05
Jukka Takalo	JOKAINEN ON VÄHÄN HOMO	M	SAT05
Kaija Koo	KAUNIS RIETAS ONNELLINEN	M	SAT05
Lauri Tähkä	POLTE (loppuu kesken melko lopussa)	M	SAT05
Lord Est ft Mikael Gabriel	VUOSI VAIHTUU	M	SAT05
Nauravat Nakit	DAVID HASSELHOFF	M	SAT05
Poju	KATSEET KENTTÄÄN	M	SAT05
Popeda	HÄÄKELLOT SOI	M	SAT05
Samuli Edelmann	SE VIIMEINEN	M	SAT05
Stina Girs	ANNA MUN MENNÄ	M	SAT05
Stina Girs	KIRJE	M	SAT05
Uniikki ft Elastinen & Spekti	POJAT ON POIKII	M	SAT05
Antti Tuisku	RUKOUS	M	SAT06
Arttu Wiskari	SORATEIDEN SANKARIT	M	SAT06
Cheek	SOKKA IRTI	M	SAT06
Chisu	MINÄ JA MUN PÄÄ	M	SAT06
Chisu	TIE	M	SAT06
Donny Olkkola	URHEILU ON IHANAA	M	SAT06
Elokuu	SAATILLA	M	SAT06
Elokuu	SOUTAA HUOPAA	M	SAT06
GG Caravan	ON SE HIENOO	M	SAT06
Haloo Helsinki!	JOS MUN POKKA PETTÄÄ	M	SAT06
Jukka Poika	ÄLÄ TYRI NYT	M	SAT06
JVG ft Freeman	KARJALA TAKASIN	M	SAT06
Maisa	RAKKAUDESTA LAULU	M	SAT06
Nimetön	KUULEEKO KUKAAN	M	SAT06
Nimetön	PEILI	M	SAT06
Olavi Uusivirta	OODI ILOLLE	M	SAT06
Pariisin Kevät	SAARI	M	SAT06
Petri Nygård	MÄRKÄÄ	M	SAT06
Stig	LAULELIJA	M	SAT06
Vesterinen Yhtyeineen	REPPANA	M	SAT06
Aamupojat	ILLAN VIIMEINEN HIDAS	M	SAT07
Cheek ft Yasmine Yamajako	SYYPÄÄ SUN HYMYYN	M	SAT07
Chisu	KOLMAS PYÖRÄ	M	SAT07
Diandra	OUTTA MY HEAD	M	SAT07
Jippu	EVA	M	SAT07
Juha Tapio	JOSSAIN TÄÄLLÄ	M	SAT07
Jukka Poika	SIIDERIPISSIS	M	SAT07
JVG ft Raappana	KRAN TURISMO	M	SAT07
Kuningasidea	ENEMMÄN DUUOO KU SOOLOO	M	SAT07
Neljä Ruusua	KATKERA KUU	M	SAT07
Neljä Ruusua	SEITSEMÄN PÄIVÄÄ SELVINPÄIN	M	SAT07
Nost3	PASKA KESÄ	M	SAT07
Pariisin Kevät	KESÄYÖ	M	SAT07
PMMP	RAKKAALLENI	M	SAT07
Poets of the Fall	CARDLED IN LOVE	M	SAT07
Stig	PUUMAA MÄ METSÄSTÄN	M	SAT07
Sturm und Drang	MOLLY THE MURDERER	M	SAT07
Tuure Kilpeläinen ja Kaihon Karavaani	ELOON	M	SAT07
Uniikki ft Hookki-Heikki Mikael Gabriel	KOTKA	M	SAT07
Yön Polte	TYTTÖ SINÄ OLET MERITÄHTI	M	SAT07
Anna Puu	KOLME PIENTÄ SANAA	M	SAT08
Anna Puu	SÄÄNNÖT RAKKAUDELLE	M	SAT08
Anssi Kela	LEVOTON TYTTÖ	M	SAT08
Anssi Kela	MITEN SYDÄMET TOIMII	M	SAT08
Antti Railio	SULAVA JÄÄ	M	SAT08
Brädi ft Illi	HAPPEE	M	SAT08
Cheek ft Jonne Aaron	ANNA MÄ MEEN	M	SAT08
Haloo Helsinki!	HUUDA!	M	SAT08
Haloo Helsinki!	VAPAUS KÄTEEN JÄÄ	M	SAT08
Irina	KOKO KUVA	M	SAT08
Jannika B	SEURAAVAAN ELÄMÄÄN	M	SAT08
Jesse Kaikuranta	NÄYTÄN SULLE RANNAN	M	SAT08
Karri Koira	LÄHE MUN KAA	M	SAT08
Laura Närhi	VIIMEINEN AAMU	M	SAT08
Mariska & Pahat Sudet	KUOLEMA ON KALAMIES	M	SAT08
Olavi Uusivirta	TIET ETÄISYYKSIIN	M	SAT08
PMMP	TYTÖT	M	SAT08
Samae Koskinen	SPOON RIVER	M	SAT08
Samuli Putro	ANNA NYT	M	SAT08
Samuli Putro	TAVALLISET HAUTAJAISET	M	SAT08
Anna Puu	NUORI LOIRI	M	SAT09
Anssi Kela	MAITOHAPOILLA	M	SAT09
Cheek	TIMANTIT ON IKUISIA	M	SAT09
Cheek ft Jukka Poika	JOSSU	M	SAT09
Elokuu	TÄNÄÄN LÄHTEE	M	SAT09
Haloo Helsinki!	MAAILMA ON TEHTY MEITÄ VARTEN	M	SAT09
Jenni Vartiainen	JUNAT JA NAISET	M	SAT09
Jesse Kaikuranta	HÄN EI ENÄÄN MIETTINYT MEITÄ	M	SAT09
Jonna Tervomaa	MINÄ TOIVON	M	SAT09
Jonne Aaron	IHANAA ELÄMÄÄ	M	SAT09
Juha Tapio	TSNEH (TYKKÄÄN SUSTA NIIN ETTÄ HALKEEN)	M	SAT09
Kerkko Koskinen Kollektiivi	LAURA PALMER	M	SAT09
Laura Närhi	SAAT SYTTYMÄÄN	M	SAT09
Neljänsuora	ILMAN SINUA	M	SAT09
Pariisin Kevät	ODOTUS	M	SAT09
PistePiste	HETKEN MAAILMA ON TÄSSÄ	M	SAT09
Sini Sabotage ft Villegalle	LEVIKSET REPEE	M	SAT09
Stig	VIHELTELEN	M	SAT09
Sunrise Avenue	FAIRYTALE GONE BAD	M	SAT09
Timo Lassy ft Anna Puu	MIELENTILAA	M	SAT09
Tuomas Kauhanen ft Väinöväinö	ENKELI	M	SAT09
Apulanta	POLTETTU KARMA	M	SAT10
Erin	TOISET MIMMIT	M	SAT10
Haloo Helsinki!	CARPE DIEM	M	SAT10
Haloo Helsinki!	RAKKAUS	M	SAT10
Jenni Vartiainen	SIVULLINEN	M	SAT10
Jonna Tervomaa	TIKAPUUT	M	SAT10
Juha Tapio	PAREMMAT PÄIVÄT	M	SAT10
Jukka Poika	LAINEET	M	SAT10
Jukka Poika	PELIMIES	M	SAT10
Krista Siegfrids	CAN YOU SEE ME	M	SAT10
Lauri Tähkä	PUOLIKAS	M	SAT10
Musta Barbaari	SALIL EKA SALIL VIKA	M	SAT10
PMMP	VALLOITTAMATON	M	SAT10
Poets of the Fall	CARNIVAL OF RUST	M	SAT10
Sanni	JOS MÄ OON OIKEE	M	SAT10
Stig	NIKS JA NAKS	M	SAT10
Sunrise Avenue	LIFESAVER	M	SAT10
Vesa-Matti Loiri ft Jenni Vartiainen	HALVALLA	M	SAT10
Von Hertzen Brothers	FLOWERS AND RUST	M	SAT10
Bomfunk Mc's	FREESTYLER	M	SAT11
Cheek	KUKA MUU MUKA	M	SAT11
Happoradio	SINÄ JA HÄN	M	SAT11
Janna	SÄ ET OLE HULLU	M	SAT11
Jenni Vartiainen	NETTIIN	M	SAT11
Jenni Vartiainen	SURU ON KUNNIAVIERAS	M	SAT11
JVG	VOITOLLA YÖHÖN	M	SAT11
Kaija Koo	KUKA SEN OPETTAA	M	SAT11
Mitra Kaislaranta	ÄKKISYVÄÄ	M	SAT11
Olavi Uusivirta	KAUNEUS SEKOITTAA MUN PÄÄN	M	SAT11
Samuli Putro	KUKA TAHANSA KELPAA	M	SAT11
Samuli Putro	ME OLLAAN NE	M	SAT11
Stina Girs	MÄ TAHDON TIETÄÄ MITÄ RAKKAUS ON	M	SAT11
Tuomas Kauhanen ft Mikko	PUMMILLA TALLINAAN	M	SAT11
Tuure Kilpeläinen ja Kaihon Karavaani	HYVÄ PAHA RUMA MIES	M	SAT11
Antti Railio	HALLA JA ETELÄTUULI	M	SAT12
Aurora	EILESEN AURINKO	M	SAT12
Cheek ft Kalle Kinos	VIHAAJAT VIIHAA	M	SAT12
Egotrippi	NOPEIMMAT JUNAT	M	SAT12
J Karjalainen	MENNYT MIES	M	SAT12
J Karjalainen	MERIPIHKAHUONE	M	SAT12
J Karjalainen	RIISINJYVÄ	M	SAT12
Janna	LÄPINÄKYVÄ	M	SAT12
Jannika B	ITSENI HERRA	M	SAT12
Jenni Vartiainen	MINÄ SINUA VAAN	M	SAT12
Jonna Tervomaa	AIKA KULTAINEN	M	SAT12
Juha Tapio	AITO RAKKAUS	M	SAT12
Juju	ONNELLISEKSI	M	SAT12
Jukka Poika	BRAND NEW IHANUUS	M	SAT12
Nopsajalka	LUPAAN OLLA	M	SAT12
Aurora	SE SOI	M	SAT13
Cheek	ÄÄRIRAJOILLE	M	SAT13
Diandra	PAHA POIKA	M	SAT13
Elonkerjuu	TANSSI POIS PAHA	M	SAT13
Happoradio	VAKAVA NAINEN	M	SAT13
Janna	TYTÖT LÄHTEE TANSSIMAAN	M	SAT13
Jenni Vartiainen	EDEN	M	SAT13
Juha Tapio	MEILLÄ ON AIKAA	M	SAT13
Juju	HULLU	M	SAT13
Kasmir	VADELMAVENE	M	SAT13
Live Aid Uusi Lastensairaala 2017	LOHTU	M	SAT13
Olavi Uusivirta	OLLAANKO TÄMÄ KESÄ NÄIN	M	SAT13
Siru	SÄ ET KULU POIS	M	SAT13
TCT ft Jontte Valosaari	RANNALLE	M	SAT13
Teflon Brothers	MARADONA (KESÄ 86)	M	SAT13
Arttu Wiskari ft Ulpu	SIRPA	M	SAT14
Aste	YHDET SILLE	M	SAT14
Atomirotta	AURINKOON	M	SAT14
Elastinen	NAURAVA KULKURI	M	SAT14
Eva & Manu	CINNAMON HEARTS	M	SAT14
Jannika B	SIVA	M	SAT14
Jonne Aaron	YKSIN	M	SAT14
Kaija Koo	SURULAPSI	M	SAT14
Kuningasidea	POHJOLAN TUULET	M	SAT14
My First Band	DON'T BREAK MY CORAZON	M	SAT14
Pauli Hanhiniemi	SELLAISTA ON C'EST LA VIE	M	SAT14
Samuli Edelmann	MAHDOLLISUUS	M	SAT14
Suvi Teräsniska	JOS OLISIN MUN MIES	M	SAT14
Tippa-T	MEHU	M	SAT14
Titta	MAAILMA LOPPUU TÄNÄÄN	M	SAT14
Anssi Kela	NOSTALGIAA	M	SAT15
Apulanta	SUN KOHDALLA	M	SAT15
Cheek ft Sanni & Villegalle	FLEXAA	M	SAT15
Elastinen	ETEEN JA YLÖS	M	SAT15
Elastinen	SUPER	M	SAT15
Jore Marjaranta	HUOMAAN VAIN SINUT	M	SAT15
Kaija Koo	EN PELKÄÄ PIMEÄÄ	M	SAT15
Maija Vilkkumaa	LISSU JA MÄ	M	SAT15
Mitra	KUKKA KAIPAA VALOA	M	SAT15
Neljä Ruusua	SININEN SUNNUNTAI	M	SAT15
Nopsajalka	NIIN KUIN MÄ	M	SAT15
Robin	PAPERILENNOKKI	M	SAT15
Samuli Edelmann	JOKAINEN TEKO	M	SAT15
Sanni	2080-LUVULLA	M	SAT15
Teflon Brothers ft Ilari Sahamies	PÄMPPÄÄ	M	SAT15
Anna Abreu	BANDANA	M	SAT16
Anna Puu	OTA MINUT TÄLLAISENA KUIN OON	M	SAT16
Antti Tuisku	BLAABLAA (EN KUULE SANAAKAAN)	M	SAT16
Arttu Wiskari	KAHVIMAITO	M	SAT16
Haloo Helsinki!	KIITOS EI OLE KIROSANA	M	SAT16
Haloo Helsinki!	KUUSSA TUULEE	M	SAT16
Kasmir ft Saara	VAUVOJA	M	SAT16
Mariska	ITSERAKKAUSJUTTUU	M	SAT16
Neljänsuora	KAKSI KAUNEINTA	M	SAT16
Robin	SUA VARTEN	M	SAT16
Roope Salminen & Koirat	MADAFAKIN DARRA	M	SAT16
Roope Salminen & Koirat	REISSUMIES	M	SAT16
Stig	LUPASIT ET KELPAAN NÄIN	M	SAT16
Tissu	TÄNÄÄN SÄ MUSTA HULLAANNUT	M	SAT16
Valovuosi	AURINKOKUNINGATAR	M	SAT16
Anna Puu	KOHTA VAPAITA	M	SAT17
Anssi Kela	PETRI RUUSUNEN	M	SAT17
Anssi Kela	PIIRRÄ MINUUN TIE	M	SAT17
Antti Tuisku	PETO ON IRTI	M	SAT17
Aurora ft Keko Salata	SÄ HIFFAAT	M	SAT17
Chisu	TUU MUA VASTAAN	M	SAT17
Ellinoora	CARRIE	M	SAT17
Jenni Vartiainen	SUSTA ENKELIT PITÄVÄT HUOLTA 2.0	M	SAT17
Juha Tapio	ELÄKÖÖN	M	SAT17
Robin ft Kasmir	MILLOIN NÄÄN SUT UUDESTAAN	M	SAT17
Roope Salminen & Koirat	PILKUN JÄLKEEN	M	SAT17
Sanni	ETTÄ MITÄHÄN VITTUA	M	SAT17
Teflon Brothers ft Tango Teemu	AY AY AY	M	SAT17
Vesala	TEQUILA	M	SAT17
Yö	MINNE TUULET VIE	M	SAT17
Antti Tuisku	PYYDÄ MULTA ANTEEKS KUNNOLLA	M	SAT18
Apulanta	MIKÄ KUULUU	M	SAT18
Apulanta	PAHEMPI TOISTAAN	M	SAT18
Chisu	TÄHDET	M	SAT18
Disco	AURINKO LASKI	M	SAT18
Ellinoora	LEIJONAKUNINGAS	M	SAT18
Erin	SYDÄNTÄ SÄRKEE	M	SAT18
Juha Tapio	JOTAIN NIIN OIKEAA	M	SAT18
Kasmir	AMEN	M	SAT18
Lauri Tähkä	MORSIAN	M	SAT18
Mira Luoti	PINNAN ALLA	M	SAT18
Nikke Ankara	ETTEI NYT VAAN SATTUIS MITÄÄN	M	SAT18
Olavi Uusivirta	TANSSIT VAIKKA ET OSAA	M	SAT18
Stig	IT-MIES	M	SAT18
Vesala	TYTÖT EI SOITA KITARAA	M	SAT18
Broadcast	YOU BREAK MY HEART	M	SATC02
J Karjalainen	MÄ KÄÄNNYN HILJAA POIS	M	SATC02
Jippu	KUKKAKAUPAN KULMALLA	M	SATC02
Kaija Koo	KYLMÄ ILMAN SUA	M	SATC02
Nelli	PIDÄ MUSTA KII	M	SATC02
Pave Maijanen	IKÄVÄ	M	SATC02
Pave Maijanen	LÄHTISITKÖ	M	SATC02
Pekka Ja Susi	KARHUN ELÄMÄÄ	M	SATC02
Sami Saari	ONNEN KYYNELEET	M	SATC02
Samuli Edelmann	SININEN SOINTU	M	SATC02
Cheek	JOS MÄ OISIN SÄ	M	SATC03
Cheek	LIEKEISSÄ	M	SATC03
Cheek	MITÄ TÄNNE JÄÄ	M	SATC03
Cheek ft Sami Saari	KYYNELEET	M	SATC03
Cheek ft Spekti	PYRKINYT VÄHENTÄÄ	M	SATC03
Elastinen	ANNA SOIDA	M	SATC03
Elastinen	OVET PAUKKUU	M	SATC03
Elastinen ft Spekti & Tasis	ROTKO	M	SATC03
Petri Nygård	LÄHEKKÖ PANEE	M	SATC03
Petri Nygård	VILLI JA VITUN VAPAA	M	SATC03
Disco	HEI ÄLÄ LUULE	M	SATC04
Irwin Goodman	LAULAJAN TESTAMENTTI	M	SATC04
J Karjalainen	ON KAIKKI NIIN KUIN ENNENKIN	M	SATC04
J Karjalainen	TELEPATIAA	M	SATC04
Mamba	MITÄ YHDESTÄ SÄRKYNEESTÄ SYDÄMESTÄ	M	SATC04
Mariska	PAINU HELVETTIIN	M	SATC04
Mikko Kuustonen	AURORA	M	SATC04
Neljä Ruusua	MISSÄ VAAN	M	SATC04
Ressu Redford	KUUSI KUUTA JA SATURNUKSEN RENKAAT	M	SATC04
Yö	KUN NUORUUS KATOAA	M	SATC04
Eppu Normaali	VUONNA 85	M	SATC1
Freeman	MITÄ SINULLE KUULUU	M	SATC1
Hauli Bros	MITÄÄN EI SAA PITÄÄ	M	SATC1
J Karjalainen	HÄN	M	SATC1
Mariska & Pahat Sudet	SUA KAIPAAN	M	SATC1
Mikko Kuustonen	JERUSALEMIIN	M	SATC1
Mikko Kuustonen	TAIVAS VARJELE	M	SATC1
Ne Luumäet	ONNELLINEN PERHE	M	SATC1
Negative	STILL ALIVE	M	SATC1
Pekka Ruuska	MÄ TAHDON SUN ELÄMÄÄN	M	SATC1
Anna Hanski	EN OLE RUBINSTEIN	M	SK1
Anne Mattila	VIELÄ YKSI ELÄMÄ	M	SK1
Chisu	POLTE	M	SK1
Hector & Cay	MARLEENA	M	SK1
Irina	HEI HEI	M	SK1
Irina	PARANE PARANE	M	SK1
Ismo Alanko	KUN SUOMI PUTOS PUUSTA	M	SK1
Jannika B	NIAGARA	M	SK1
Johanna Pakonen	TUMMIN KYYNELIN	M	SK1
Kaija Koo	HEI DJ!	M	SK1
Lauri Tähkä	SINÄ OLET MINUN	M	SK1
Mariska	ENTISELLE	M	SK1
Matti Esko	REISSUMIES	M	SK1
Pate Mustajärvi	TYYLILLÄ	M	SK1
Pauli Hanhiniemi	PÖLYÄ HIUKSIA RISUJA	M	SK1
Pauli Hanhiniemi	SURU TEKI LÄHTÖÄÄN	M	SK1
Problems	KATUPOIKIEN LAULU	M	SK1
Robin	SISKO	M	SK1
Samae Koskinen	KIITOS NAISISTA	M	SK1
Suvi Teräsniska	KAUNIS JA PELOTON	M	SK1
Yölintu	OLIT AARTEENAIN	M	SK1A1
Eija Kantola	YÖN HILJAISUUS	M	SK1A10
Heidi Kyrö	TUUT MUA RAKASTAMAAN	M	SK1A2
Tomi Markkola	KERRO KUU	M	SK1A3
Eija Kantola	TANSSI POIKA TANSSI	M	SK1A4
Kake Randelin	KUKKIA KULKURILTA	M	SK1A5
Marita Taavitsainen	RAKASTAN RAKASTAN RAKASTAN	M	SK1A6
Finlanders	BUM BUM BUM	M	SK1A7
Katri Helena	KUKAT KELLOJANI SOITTAA	M	SK1A8
Raimo Piipponen & Tulipunaruusut	ROMANTIIKKAA RUUSUTARHASSA	M	SK1A9
Aki Hietala	EI AIKAA HUOMISEEN	M	SK1B1
Paula Koivuniemi	MIELEEN JÄÄT	M	SK1B10
Katri Helena	ÄLÄ ELÄMÄÄ PELKÄÄ	M	SK1B2
Pelimannet	AMORE	M	SK1B3
Eini	AAMUTÄHDEN AIKAAN	M	SK1B4
Solistiyhtye Seiska	ONNI MIETTINEN	M	SK1B5
Niina Päivänurmi	TOTTA SÄ OOT VAIN	M	SK1B6
Kake Randelin	RENSSELIT PYKÄLÄÄN	M	SK1B7
Kirsi Ranto	CIAO ROMERO	M	SK1B8
Tomi Markkola	RAKKAUS ON IKUINEN	M	SK1B9
Aurora	TÄYDELLISET	M	SK4
Haloo Helsinki!	KEVYEMPI KANTAA	M	SK4
Haloo Helsinki!	TUNTEMATON	M	SK4
Hector	AMSTERDAM	M	SK4
Janna	TAHDON	M	SK4
Jenni Vartiainen	VÄÄRÄÄN SUUNTAAN	M	SK4
Juha Tapio	SYDÄN JOTA RAKASTAN	M	SK4
Kaija Koo ft Cheek	NÄÄ YÖT EI ANNA ARMOO	M	SK4
Kari Tapio	TOINEN SENSSI	M	SK4
Lauri Tähkä	EI KUKAAN TUU SULTA TUNTUMAAN	M	SK4
Leevi and The Leavings	MATKALLA OMIIN HAUTAJAISIIN	M	SK4
Neon 2	ITSENI KALTAINEN	M	SK4
Pate Mustajärvi	KYYNELSILMIN KUUTAMOLLA	M	SK4
Poju	ESSON BAARIIN	M	SK4
Popeda	BEIBI ON YLPEE	M	SK4
Saija Tuupanen	OTA SYVÄLLE SYLIIN	M	SK4
Samuli Edelmann	AVOIN SALAISUUS	M	SK4
Sir Elwoodin hiljaiset värit	VIIMEINKIN	M	SK4
Souvarit	TANSSIT MUN SYDÄMEENI	M	SK4
Tuure Kilpeläinen ja Kaihon karavaani	RAKKAUDELLA ON NÄLKÄ	M	SK4
Engelbert Humperdinck	A MAN WITHOUT LOVE	M	SKD603
Engelbert Humperdinck	AFTER THE LOVIN'	M	SKD603
Engelbert Humperdinck	AM I THAT EASY TO FORGET	M	SKD603
Engelbert Humperdinck	I NEVER SAID GOODBYE	M	SKD603
Engelbert Humperdinck	I'M LEAVIN' YOU	M	SKD603
Engelbert Humperdinck	LOVE ME WITH ALL YOUR HEART	M	SKD603
Engelbert Humperdinck	RELEASE ME	M	SKD603
Engelbert Humperdinck	SWEET HEART	M	SKD603
Engelbert Humperdinck	THE LAST WALTZ	M	SKD603
Engelbert Humperdinck	THERE GOES MY EVERYTHING	M	SKD603
Engelbert Humperdinck	TOO BEAUTIFUL TO LAST	M	SKD603
Engelbert Humperdinck	WHEN THERE'S NO YOU	M	SKD603
Engelbert Humperdinck	WINTER WORLD OF LOVE	M	SKD603
Tom Jones	CAN'T STOP LOVING YOU	M	SKD603
Tom Jones	DELILAH	M	SKD603
Tom Jones	DETROIT CITY	M	SKD603
Tom Jones	GREEN GREEN GRASS OF HOME	M	SKD603
Tom Jones	HELP YOURSELF	M	SKD603
Tom Jones	I WHO HAVE NOTHING	M	SKD603
Tom Jones	IF I ONLY KNEW	M	SKD603
Tom Jones	I'LL NEVER FALL IN LOVE AGAIN	M	SKD603
Tom Jones	IT'S NOT UNUSUAL	M	SKD603
Tom Jones	SHE'S A LADY	M	SKD603
Tom Jones	WHAT'S NEW PUSSY CAT	M	SKD603
Tom Jones	WITH THESE HANDS	M	SKD603
Bryan Adams	(EVERYTHING I DO) I DO IT FOR YOU	M	SKD606
Bryan Adams	DO I HAVE TO SAY THE WORDS	M	SKD606
Bryan Adams	I'LL ALWAYS BE RIGHT THERE	M	SKD606
Bryan Adams	PLEASE FORGIVE ME	M	SKD606
Bryan Adams	STRAIGHT FROM THE HEART	M	SKD606
Bryan Adams & Barbra Streisand	I FINALLY FOUND SOMEONE	M	SKD606
Celine Dion	CALL THE MAN	M	SKD606
Celine Dion	IMMORTALITY	M	SKD606
Celine Dion	LET'S TALK ABOUT LOVE	M	SKD606
Celine Dion	LOVE IS ON THE WAY	M	SKD606
Celine Dion	MILES TO GO (BEFORE I SLEEP)	M	SKD606
Celine Dion	MY HEART WILL GO ON	M	SKD606
Celine Dion	TELL HIM	M	SKD606
Celine Dion	THE REASON	M	SKD606
Celine Dion	US	M	SKD606
Celine Dion	WHEN I NEED YOU	M	SKD606
Celine Dion	WHERE IS THE LOVE	M	SKD606
Celine Dion	WHY OH WHY	M	SKD606
Rod Stewart	FOREVER YOUNG	M	SKD606
Rod Stewart	HAVE I TOLD YOU LATELY	M	SKD606
Rod Stewart	IF WE FALL IN LOVE TONIGHT	M	SKD606
Rod Stewart	REASON TO BELIVE	M	SKD606
Rod Stewart	TONIGHT IS THE NIGHT	M	SKD606
Rod Stewart & Bryan Adams & Sting	ALL FOR LOVE	M	SKD606
Anne Linnet	TUSIND STYKKER (swe)	M_U	SWE
Björn Afzelius	SÅNG TILL FRIHETEN (swe)	M_U	SWE
Cecilia Vennersten	DET VACKRASTE (swe)	M_U	SWE
Drängarna	KUNG ÖVER ÄNGARNA (swe)	M_U	SWE
Eva Dahlgren	ÄNGELN I RUMMET (swe)	M_U	SWE
Gyllene Tider	SOMMARTIDEN (swe)	M_U	SWE
Helena Sjöholm	GABRIELLAS SÅNG (swe)	M_U	SWE
Hep Stars	I NAT JAG DRÖMDE (swe)	M_U	SWE
Jill Johnsson	KÄRLEKEN ÄR (swe)	M_U	SWE
Lars Winnerbäck	ELEGI (swe)	M_U	SWE
Lars Winnerbäck & Miss Li	OM DU LÄMNADE MIG NU (swe)	M_U	SWE
Linda Bengtzing	HUR SVÅRT KAN DET VA (swe)	M_U	SWE
Lisa Nilsson	HIMLEN RUNT HORNET (swe)	M_U	SWE
Marie Fredrisson	TRO (swe)	M_U	SWE
Marie Fredrisson	ÄNNU DOFTAR KÄRLEK (swe)	M_U	SWE
Martin Stenmarck	7 MILAKLIV (swe)	M_U	SWE
Nordman	DET SISTA DU SER (swe)	M_U	SWE
Nordman	VANDRAREN (swe)	M_U	SWE
Peter Jöbäck	STOCKHOLM I NAT (swe)	M_U	SWE
Sven Ingvars	JAG VILL VARA DIN MARGARETA (swe)	M_U	SWE
Tomas Ledin	HON ÄR FLICKAN (swe)	M_U	SWE
Tommy Nilsson	DINA FÄRGER VAR BLÅ (swe)	M_U	SWE
Tommy Nilsson	ÖPPNA DIN DÖRR (swe)	M_U	SWE
Vikingarna	TIOTUSEN RÖDA ROSOR (swe)	M_U	SWE
Esko Rahkonen	BALALAIKAN SOITTO	MT	TAT02
Esko Rahkonen	HÄNELLE JOTA RAKASTAN	MT	TAT02
Esko Rahkonen	KAKSI VUOTTA RAKKAUTTA	MT	TAT02
Esko Rahkonen	KESÄN VIIMEINEN YÖ	MT	TAT02
Esko Rahkonen	KOHTALON HELMIÄ	MT	TAT02
Esko Rahkonen	KUIN PIENI KAARNAVENHO	MT	TAT02
Esko Rahkonen	LIIAN KAUAN LIIAN VÄHÄN AIKAA	MT	TAT02
Esko Rahkonen	LÄHDIT KANSSANI TANSSIMAAN	MT	TAT02
Esko Rahkonen	MAANTIE ON KULKIJALLE AVOIN	MT	TAT02
Esko Rahkonen	MARIA MARIA MARIA	MT	TAT02
Esko Rahkonen	MITÄ TUULET ETEEN KANTAA	MT	TAT02
Esko Rahkonen	ONNEN SÄVEL	MT	TAT02
Esko Rahkonen	PIENEN PIENI ENKELI	MT	TAT02
Esko Rahkonen	PIKKU SYNTINEN	MT	TAT02
Esko Rahkonen	POHJOISET TÄHDET	MT	TAT02
Esko Rahkonen	SINUUN RAKASTUNUT	MT	TAT02
Esko Rahkonen	SOITA HILJAA KITARAANI	MT	TAT02
Esko Rahkonen	TANSSIJAN TIE	MT	TAT02
Esko Rahkonen	TULEN LUOKSESI	MT	TAT02
Esko Rahkonen	TUO TIE MUA VIE	MT	TAT02
Esko Rahkonen	TUOKIOKSI LÄMPÖSI JÄÄ	MT	TAT02
Esko Rahkonen	VIIMEINEN KUKKA	MT	TAT02
Esko Rahkonen	VÄLIMEREN TYTTÖ	MT	TAT02
Jaakko Teppo	HILMA JA ONNI	M	Teppo01
Jaakko Teppo	JÄLKITAUTI	M	Teppo01
Jaakko Teppo	LENITA	M	Teppo01
Jaakko Teppo	MIKKO SIKA MALLORCALLA	M	Teppo01
Jaakko Teppo	MÄNTYPISTIÄINEN	M	Teppo01
Jaakko Teppo	ONNEN KERJÄLÄINEN	M	Teppo01
Jaakko Teppo	PAMELA	M	Teppo01
Jaakko Teppo	PILKILLÄ	M	Teppo01
Jaakko Teppo	PÖRSÄNMÄEN TANGO	M	Teppo01
Jaakko Teppo	RAKKAUS JA METSÄRAHAT	M	Teppo01
Jaakko Teppo	RANTALEIJONA	M	Teppo01
Jaakko Teppo	RAVIMATKA	M	Teppo01
Jaakko Teppo	RUIKONPERÄN ROCKTÄHTI	M	Teppo01
Jaakko Teppo	RYYNÄSEN VARTTI	M	Teppo01
Jaakko Teppo	SAMMAKKOPRINSSI	M	Teppo01
Jaakko Teppo	TUMMA MIES	M	Teppo01
Jaakko Teppo	TUUPOVAARAN YÖSSÄ	M	Teppo01
Jaakko Teppo	TYÖTTÖMÄN LAULU	M	Teppo01
Alma Cogan	TENNESSEE WALTZ	MT	TOPHIT27
Andy Williams	MOON RIVER	M	TOPHIT27
Bertie Higgins	CASABLANCA	M	TOPHIT27
Cat Stevens	MORNING HAS BROKEN	M	TOPHIT27
Cher	HALF BREED	M	TOPHIT27
Don McLean	AND I LOVE YOU SO	M	TOPHIT27
Doris Day	QUE SERA SERA	M	TOPHIT27
Elvis Presley	CRYING IN THE CHAPEL	M	TOPHIT27
Elvis Presley	SUMMER KISSES WINTER TEARS	M	TOPHIT27
Engelbert Humperdinck	RELEASE ME	M	TOPHIT27
Everly Brothers	BYE BYE LOVE	M	TOPHIT27
Frank Sinatra	MORE (Theme from Mondo Cane)	M	TOPHIT27
Freddy Fender	BEFORE THE NEXT TEARDROP FALLS	M	TOPHIT27
Harry Belafonte	TRY TO REMEMBER	M	TOPHIT27
Julie Andrews	EDELWEISS	M	TOPHIT27
Leo Sayer	MORE THAN I CAN SAY	M	TOPHIT27
Lobo	HOW CAN I TELL HER (ABOUT YOU)	M	TOPHIT27
Nancy Sinatra & Lee Hazelwood	SUMMER WINE	M	TOPHIT27
Nat King Cole	TOO YOUNG	M	TOPHIT27
Patti Page	CHANGING PARTNERS	M	TOPHIT27
Ray Charles	I CAN'T STOP LOVING YOU	M	TOPHIT27
Roberta Flack	KILLING ME SOFTLY WITH HIS SONG	M	TOPHIT27
Skeeter Davis	THE END OF THE WORLD	M	TOPHIT27
Stevie Wonder	A PLASE IN THE SUN	M	TOPHIT27
The Animals	HOUSE OF THE RISING SUN	M	TOPHIT27
The Cascades	RHYTHM OF THE RAIN	M	TOPHIT27
The Hooters	FIVE HUNDRED MILES	M	TOPHIT27
Tom Jones	GREEN GREEN GRASS OF HOME	M	TOPHIT27
Neljä Ruusua	MUSTIA RUUSUJA	C	TUOTTAJA
Samuli Edelmann	HILJAISUUDEN VALO	C	TUOTTAJA
Samuli Edelmann	KUN VIELÄ TIENNYT EN	C	TUOTTAJA
Ray Charles	AMERICA THE BEAUTIFUL	M	XTA117
Ray Charles	BUSTED	M	XTA117
Ray Charles	CRYING TIME	M	XTA117
Ray Charles	DON’T SET ME FREE	M	XTA117
Ray Charles	DROWN IN MY OWN TEARS	M	XTA117
Ray Charles	GEORGIA ON MY MIND	M	XTA117
Ray Charles	I BELIVE TO MY SOUL	M	XTA117
Ray Charles	I CAN’T STOP LOVING YOU	M	XTA117
Ray Charles	I GOTTA WOMAN	M	XTA117
Ray Charles	I LOVE HER SO HALLELUJAH	M	XTA117
Ray Charles	IT HAD TO BE YOU	M	XTA117
Ray Charles	LET’S GO GET STONED	M	XTA117
Ray Charles	MESS AROUND	M	XTA117
Ray Charles	NIGHT TIME IS THE RIGHT TIME	M	XTA117
Ray Charles	SHAKE A TAILFEATHER	M	XTA117
Ray Charles	SONG FOR YOU	M	XTA117
Ray Charles	UNCHAIN MY HEART	M	XTA117
Ray Charles	WHAT’D I SAY	M	XTA117
Ray Charles	YESTERDAY	M	XTA117
Ray Charles	YOU ARE MY SUNSHINE	M	XTA117
Ray Charles	YOU DON’T KNOW ME	M	XTA117
Ray Charles & Elton John	SORRY SEEMS TO BE THE HARDEST WORD	M	XTA117
